2026-09-01 15:47:21,437 [INFO] gz_system.main_gz: gz-transport env: GZ_PARTITION=kursad40 GZ_IP=127.0.0.1
2026-09-01 15:47:21,439 [INFO] gz_system.gz_camera_source: Gazebo kamera servisi kontrol ediliyor (topic=/world/default/model/x500_mono_cam_down_0/link/camera_link/sensor/camera/image)...
[CAMERA_SERVICE_MANAGER] Starting camera_service.py (topic=/world/default/model/x500_mono_cam_down_0/link/camera_link/sensor/camera/image, zmq=tcp://127.0.0.1:5555)...
QGC port check failed, reporting UNKNOWN: (pid=77502)
[CAMERA_SERVICE_MANAGER] gz-transport env for child: GZ_PARTITION=kursad40 GZ_IP=127.0.0.1
[CAMERA_SERVICE_MANAGER] Started (PID: 78211).
[CAMERA_CLIENT] Connecting to ZMQ publisher at tcp://127.0.0.1:5555...2026-09-01 15:47:22,453 [INFO] gz_system.gz_camera_source: Gazebo kamera istemcisi baslatildi.

[CAMERA_CLIENT] Connected. Waiting for frames...
2026-09-01 15:47:22,456 [INFO] gz_system.gz_pose_monitor: Gazebo poz izleyicisi basladi: /world/default/dynamic_pose/info
2026-09-01 15:47:22,457 [INFO] core.detection.detection_publisher: [DETECTION_PUB] tespit yayini acik: tcp://127.0.0.1:5556
2026-09-01 15:47:22,457 [INFO] core.detection.vision_runtime: [VISION] pipeline basladi (mission omru boyunca calisir).
2026-09-01 15:47:22,457 [INFO] core.mission.master_fsm: MASTER MISSION CONTROLLER BASLATILDI
2026-09-01 15:47:22,457 [WARNING] core.detection.vision_runtime: Frame grab loop hatasi (art arda 1. hata, mission etkilenmez): Gazebo kameradan kare okunamadi. Henuz kare alinmadi veya baglanti koptu.
2026-09-01 15:47:22,457 [WARNING] core.detection.vision_runtime: [VISION] detect() basarisiz (art arda 1. hata, mission etkilenmez): Gazebo kameradan kare okunamadi. Henuz kare alinmadi veya baglanti koptu.
2026-09-01 15:47:22,458 [INFO] core.mission.gorev2_orchestrator: GOREV 2 BASLIYOR
2026-09-01 15:47:22,458 [INFO] mavsdk_common.mavsdk_backend_base: Drone'a bağlanılıyor: udp://:14540
Connection using udp:// is deprecated, please use udpin:// or udpout:// (cli_arg.cpp:28)
QGC port check failed, reporting UNKNOWN: (pid=77502)
2026-09-01 15:47:23,504 [INFO] mavsdk_common.mavsdk_backend_base: Drone bağlantısı bekleniyor...
2026-09-01 15:47:23,505 [INFO] mavsdk_common.mavsdk_backend_base: Drone bağlandı!
2026-09-01 15:47:23,522 [INFO] mavsdk_common.mavsdk_backend_base: [TELEMETRY] position rate 10.0 Hz istendi.
2026-09-01 15:47:23,546 [INFO] mavsdk_common.mavsdk_backend_base: [TELEMETRY] position_velocity_ned rate 10.0 Hz istendi.
2026-09-01 15:47:23,566 [INFO] mavsdk_common.mavsdk_backend_base: [TELEMETRY] attitude_euler rate 10.0 Hz istendi.
2026-09-01 15:47:24,184 [INFO] mavsdk_common.mavsdk_backend_base: Drone arm ediliyor...
2026-09-01 15:47:24,206 [INFO] mavsdk_common.mavsdk_backend_base: Kalkış yapılıyor (Hedef: 15.0m)...
QGC port check failed, reporting UNKNOWN: (pid=77502)
2026-09-01 15:47:25,551 [INFO] core.detection.vision_runtime: [VISION] detect() calisiyor -- bu karede 0 tespit: []
2026-09-01 15:47:26,460 [INFO] gz_system.main_gz: Dashboard paint loop: 0.0 FPS (main thread)
QGC port check failed, reporting UNKNOWN: (pid=77502)
2026-09-01 15:47:28,633 [INFO] core.detection.vision_runtime: [VISION] detect() calisiyor -- bu karede 0 tespit: []
QGC port check failed, reporting UNKNOWN: (pid=77502)
QGC port check failed, reporting UNKNOWN: (pid=77502)
2026-09-01 15:47:31,469 [INFO] gz_system.main_gz: Dashboard paint loop: 0.0 FPS (main thread)
2026-09-01 15:47:31,749 [INFO] core.detection.vision_runtime: [VISION] detect() calisiyor -- bu karede 0 tespit: []
QGC port check failed, reporting UNKNOWN: (pid=77502)
2026-09-01 15:47:34,824 [INFO] core.detection.vision_runtime: [VISION] detect() calisiyor -- bu karede 0 tespit: []
QGC port check failed, reporting UNKNOWN: (pid=77502)
2026-09-01 15:47:36,487 [INFO] gz_system.main_gz: Dashboard paint loop: 0.0 FPS (main thread)
QGC port check failed, reporting UNKNOWN: (pid=77502)
2026-09-01 15:47:37,905 [INFO] core.detection.vision_runtime: [VISION] detect() calisiyor -- bu karede 0 tespit: []
QGC port check failed, reporting UNKNOWN: (pid=77502)
2026-09-01 15:47:40,801 [INFO] core.mission.gorev2_orchestrator: Start Checkpoint kaydedildi: (47.3977462, 8.5461639, 14.179000854492188)
2026-09-01 15:47:40,834 [INFO] core.mission.gorev2_orchestrator: [ROUTE_REJOIN] rota ekseni tespit edildi: sabit=lon (lat_span=0.001258, lon_span=0.000000).
2026-09-01 15:47:40,867 [INFO] core.mission.gorev2_orchestrator: [MISSION_START] Rota dogrulandi (3 item): 0:NAV_TAKEOFF, 1:NAV_WAYPOINT, 2:NAV_WAYPOINT
2026-09-01 15:47:40,867 [INFO] core.mission.gorev2_orchestrator: [MISSION_START] Baslangic indeksi: 1
2026-09-01 15:47:40,867 [INFO] core.mission.gorev2_orchestrator: [MISSION_START] 3.0s stabilizasyon bekleniyor...
2026-09-01 15:47:40,972 [INFO] core.detection.vision_runtime: [VISION] detect() calisiyor -- bu karede 0 tespit: []
QGC port check failed, reporting UNKNOWN: (pid=77502)
2026-09-01 15:47:41,506 [INFO] gz_system.main_gz: Dashboard paint loop: 0.0 FPS (main thread)
QGC port check failed, reporting UNKNOWN: (pid=77502)
2026-09-01 15:47:44,064 [INFO] core.detection.vision_runtime: [VISION] detect() calisiyor -- bu karede 0 tespit: []
2026-09-01 15:47:44,316 [INFO] core.mission.gorev2_orchestrator: [MISSION_START] PX4 mevcut gorev ogesi 1 olarak ayarlandi (seq0 NAV_TAKEOFF atlandi -- kalkis zaten yapildi).
2026-09-01 15:47:44,316 [INFO] core.mission.gorev2_orchestrator: [MISSION_START] Yuklu gorev baslatiliyor...
Received ack for not-existing command: 176! Ignoring... (mavlink_command_sender.cpp:304)
2026-09-01 15:47:45,338 [INFO] core.mission.gorev2_orchestrator: [MISSION_START] PX4 MISSION moduna gecti -- arama fazi basliyor.
QGC port check failed, reporting UNKNOWN: (pid=77502)
2026-09-01 15:47:46,522 [INFO] gz_system.main_gz: Dashboard paint loop: 0.0 FPS (main thread)
2026-09-01 15:47:47,153 [INFO] core.detection.vision_runtime: [VISION] detect() calisiyor -- bu karede 0 tespit: []
QGC port check failed, reporting UNKNOWN: (pid=77502)
QGC port check failed, reporting UNKNOWN: (pid=77185)
2026-09-01 15:47:50,265 [INFO] core.detection.vision_runtime: [VISION] detect() calisiyor -- bu karede 0 tespit: []
QGC port check failed, reporting UNKNOWN: (pid=77185)
2026-09-01 15:47:51,524 [INFO] gz_system.main_gz: Dashboard paint loop: 0.0 FPS (main thread)
2026-09-01 15:47:53,366 [INFO] core.detection.vision_runtime: [VISION] detect() calisiyor -- bu karede 0 tespit: []
QGC port check failed, reporting UNKNOWN: (pid=77185)
2026-09-01 15:47:55,172 [INFO] core.navigation.centering_controller: Mission modu durduruluyor, Offboard'a geciliyor...
2026-09-01 15:47:55,172 [INFO] mavsdk_common.mavsdk_backend_base: Mission'dan Offboard'a geçiş yapılıyor...
2026-09-01 15:47:55,192 [INFO] mavsdk_common.mavsdk_backend_base: Offboard başlatılıyor...
QGC port check failed, reporting UNKNOWN: (pid=77185)
2026-09-01 15:47:56,443 [INFO] core.detection.vision_runtime: [VISION] detect() calisiyor -- bu karede 2 tespit: ['MAVI_ALTIGEN', 'MAVI_DIKDORTGEN']
2026-09-01 15:47:56,554 [INFO] gz_system.main_gz: Dashboard paint loop: 0.0 FPS (main thread)
QGC port check failed, reporting UNKNOWN: (pid=77185)
2026-09-01 15:47:58,281 [ERROR] core.navigation.centering_controller: PX4 OFFBOARD modunu onaylamadi (timeout).
2026-09-01 15:47:58,281 [INFO] core.mission.gorev2_orchestrator: [ROUTE_REJOIN] rota hattina donuluyor (sabit eksen=lon): hedef lat=47.3982290 lon=8.5461637 (mevcut lat=47.3982290 lon=8.5461643).
2026-09-01 15:47:58,282 [INFO] core.navigation.centering_controller: Kayitli GPS konumuna gidiliyor: lat=47.398229, lon=8.5461637, alt=15.0m
2026-09-01 15:47:58,283 [INFO] mavsdk_common.mavsdk_backend_base: Offboard durduruluyor...
Received ack for not-existing command: 176! Ignoring... (mavlink_command_sender.cpp:304)
2026-09-01 15:47:58,445 [INFO] core.mission.gorev2_orchestrator: [MISSION_RESUME] rota 2. ogeden devam ettiriliyor.
Received ack for not-existing command: 176! Ignoring... (mavlink_command_sender.cpp:304)
2026-09-01 15:47:59,486 [INFO] core.detection.vision_runtime: [VISION] detect() calisiyor -- bu karede 2 tespit: ['MAVI_ALTIGEN', 'MAVI_DIKDORTGEN']
2026-09-01 15:47:59,565 [INFO] core.mission.gorev2_orchestrator: [OFFBOARD] resume sonrasi 1.9s oturma payi bekleniyor.
QGC port check failed, reporting UNKNOWN: (pid=77185)
2026-09-01 15:48:01,465 [INFO] core.navigation.centering_controller: Mission modu durduruluyor, Offboard'a geciliyor...
2026-09-01 15:48:01,466 [INFO] mavsdk_common.mavsdk_backend_base: Mission'dan Offboard'a geçiş yapılıyor...
2026-09-01 15:48:01,474 [INFO] mavsdk_common.mavsdk_backend_base: Offboard başlatılıyor...
Received ack for not-existing command: 176! Ignoring... (mavlink_command_sender.cpp:304)
Received ack for not-existing command: 176! Ignoring... (mavlink_command_sender.cpp:304)
2026-09-01 15:48:01,575 [INFO] gz_system.main_gz: Dashboard paint loop: 0.0 FPS (main thread)
QGC port check failed, reporting UNKNOWN: (pid=77185)
2026-09-01 15:48:02,301 [INFO] core.navigation.centering_controller: MAVI_ALTIGEN hedefine merkezleniyor (irtifa hedefi: 15.0m, irtifa bandi +/-0.30m)...
2026-09-01 15:48:02,301 [WARNING] core.navigation.centering_controller: [CENTERING] MAVI_ALTIGEN 1/150 hedef kayboldu (feed canli, hedef bu karede yok)
2026-09-01 15:48:02,594 [INFO] core.detection.vision_runtime: [VISION] detect() calisiyor -- bu karede 0 tespit: []
2026-09-01 15:48:02,827 [WARNING] core.navigation.centering_controller: [CENTERING] MAVI_ALTIGEN 6/150 hedef kayboldu (feed canli, hedef bu karede yok)
2026-09-01 15:48:03,411 [WARNING] core.navigation.centering_controller: [CENTERING] MAVI_ALTIGEN 11/150 hedef kayboldu (feed canli, hedef bu karede yok)
QGC port check failed, reporting UNKNOWN: (pid=77185)
2026-09-01 15:48:03,649 [INFO] core.detection.camera_intrinsics: [CAMERA] intrinsics: hfov=1.7400 rad (99.7 deg) 1280x960 -> f=539.9 px (kaynak: ../../../Tools/simulation/gz/models/mono_cam/model.sdf)
2026-09-01 15:48:03,998 [WARNING] core.navigation.centering_controller: [CENTERING] MAVI_ALTIGEN 16/150 hedef kayboldu (feed canli, hedef bu karede yok)
2026-09-01 15:48:04,583 [INFO] core.navigation.centering_controller: [CENTERING] MAVI_ALTIGEN 21/150 dx=+194px dy=+459px d=13.8m ex=+0.3031 ey=+0.9563 (tol +/-0.010) alt_err=-0.00m -> fwd=-0.60 right=+0.45 down=-0.00 m/s
2026-09-01 15:48:05,159 [INFO] core.navigation.centering_controller: [CENTERING] MAVI_ALTIGEN 26/150 dx=+172px dy=+440px d=13.1m ex=+0.2687 ey=+0.9167 (tol +/-0.010) alt_err=-0.00m -> fwd=-0.15 right=+0.15 down=-0.00 m/s
QGC port check failed, reporting UNKNOWN: (pid=77185)
2026-09-01 15:48:05,616 [INFO] core.detection.vision_runtime: [VISION] detect() calisiyor -- bu karede 1 tespit: ['MAVI_ALTIGEN']
2026-09-01 15:48:05,729 [WARNING] core.navigation.centering_controller: [CENTERING] MAVI_ALTIGEN 31/150 hedef kayboldu (feed canli, hedef bu karede yok)
2026-09-01 15:48:06,307 [INFO] core.navigation.centering_controller: [CENTERING] MAVI_ALTIGEN 36/150 dx=+153px dy=+420px d=12.4m ex=+0.2391 ey=+0.8750 (tol +/-0.010) alt_err=-0.01m -> fwd=-0.75 right=+0.36 down=-0.00 m/s
2026-09-01 15:48:06,579 [INFO] gz_system.main_gz: Dashboard paint loop: 0.0 FPS (main thread)
2026-09-01 15:48:06,836 [WARNING] core.navigation.centering_controller: [CENTERING] MAVI_ALTIGEN 40/150 hedef kayboldu (feed canli, hedef bu karede yok)
2026-09-01 15:48:07,439 [INFO] core.navigation.centering_controller: [CENTERING] MAVI_ALTIGEN 45/150 dx=+147px dy=+407px d=12.0m ex=+0.2297 ey=+0.8479 (tol +/-0.010) alt_err=-0.02m -> fwd=-1.20 right=+0.34 down=-0.01 m/s
QGC port check failed, reporting UNKNOWN: (pid=77185)
2026-09-01 15:48:07,943 [INFO] core.navigation.centering_controller: [CENTERING] MAVI_ALTIGEN 49/150 dx=+181px dy=+433px d=13.0m ex=+0.2828 ey=+0.9021 (tol +/-0.010) alt_err=-0.01m -> fwd=-1.35 right=+0.42 down=-0.01 m/s
2026-09-01 15:48:08,541 [INFO] core.navigation.centering_controller: [CENTERING] MAVI_ALTIGEN 53/150 dx=+170px dy=+393px d=11.9m ex=+0.2656 ey=+0.8187 (tol +/-0.010) alt_err=-0.02m -> fwd=-1.23 right=+0.40 down=-0.01 m/s
2026-09-01 15:48:08,659 [INFO] core.detection.vision_runtime: [VISION] detect() calisiyor -- bu karede 1 tespit: ['MAVI_ALTIGEN']
2026-09-01 15:48:09,143 [INFO] core.navigation.centering_controller: [CENTERING] MAVI_ALTIGEN 58/150 dx=+144px dy=+319px d=9.7m ex=+0.2250 ey=+0.6646 (tol +/-0.010) alt_err=-0.02m -> fwd=-1.00 right=+0.34 down=-0.01 m/s
QGC port check failed, reporting UNKNOWN: (pid=77185)
2026-09-01 15:48:09,741 [INFO] core.navigation.centering_controller: [CENTERING] MAVI_ALTIGEN 63/150 dx=+135px dy=+284px d=8.7m ex=+0.2109 ey=+0.5917 (tol +/-0.010) alt_err=-0.01m -> fwd=-0.89 right=+0.32 down=-0.01 m/s
2026-09-01 15:48:10,357 [INFO] core.navigation.centering_controller: [CENTERING] MAVI_ALTIGEN 68/150 dx=+130px dy=+268px d=8.3m ex=+0.2031 ey=+0.5583 (tol +/-0.010) alt_err=-0.03m -> fwd=-0.84 right=+0.30 down=-0.01 m/s
2026-09-01 15:48:10,952 [INFO] core.navigation.centering_controller: [CENTERING] MAVI_ALTIGEN 73/150 dx=+125px dy=+247px d=7.7m ex=+0.1953 ey=+0.5146 (tol +/-0.010) alt_err=-0.02m -> fwd=-0.77 right=+0.29 down=-0.01 m/s
2026-09-01 15:48:11,538 [INFO] core.navigation.centering_controller: [CENTERING] MAVI_ALTIGEN 78/150 dx=+119px dy=+225px d=7.1m ex=+0.1859 ey=+0.4688 (tol +/-0.010) alt_err=-0.02m -> fwd=-0.70 right=+0.28 down=-0.01 m/s
2026-09-01 15:48:11,605 [INFO] gz_system.main_gz: Dashboard paint loop: 0.0 FPS (main thread)
QGC port check failed, reporting UNKNOWN: (pid=77185)
2026-09-01 15:48:11,769 [INFO] core.detection.vision_runtime: [VISION] detect() calisiyor -- bu karede 2 tespit: ['MAVI_ALTIGEN', 'MAVI_DIKDORTGEN']
2026-09-01 15:48:12,123 [INFO] core.navigation.centering_controller: [CENTERING] MAVI_ALTIGEN 83/150 dx=+113px dy=+206px d=6.5m ex=+0.1766 ey=+0.4292 (tol +/-0.010) alt_err=-0.01m -> fwd=-0.64 right=+0.26 down=-0.00 m/s
2026-09-01 15:48:12,715 [INFO] core.navigation.centering_controller: [CENTERING] MAVI_ALTIGEN 88/150 dx=+108px dy=+188px d=6.0m ex=+0.1688 ey=+0.3917 (tol +/-0.010) alt_err=-0.00m -> fwd=-0.59 right=+0.25 down=-0.00 m/s
2026-09-01 15:48:13,301 [INFO] core.navigation.centering_controller: [CENTERING] MAVI_ALTIGEN 93/150 dx=+102px dy=+174px d=5.6m ex=+0.1594 ey=+0.3625 (tol +/-0.010) alt_err=-0.01m -> fwd=-0.54 right=+0.24 down=-0.00 m/s
QGC port check failed, reporting UNKNOWN: (pid=77185)
2026-09-01 15:48:13,897 [INFO] core.navigation.centering_controller: [CENTERING] MAVI_ALTIGEN 98/150 dx=+95px dy=+161px d=5.2m ex=+0.1484 ey=+0.3354 (tol +/-0.010) alt_err=-0.02m -> fwd=-0.50 right=+0.22 down=-0.01 m/s
2026-09-01 15:48:14,485 [INFO] core.navigation.centering_controller: [CENTERING] MAVI_ALTIGEN 103/150 dx=+91px dy=+149px d=4.8m ex=+0.1422 ey=+0.3104 (tol +/-0.010) alt_err=-0.03m -> fwd=-0.47 right=+0.21 down=-0.02 m/s
2026-09-01 15:48:14,839 [INFO] core.detection.vision_runtime: [VISION] detect() calisiyor -- bu karede 2 tespit: ['MAVI_ALTIGEN', 'MAVI_DIKDORTGEN']
2026-09-01 15:48:15,079 [INFO] core.navigation.centering_controller: [CENTERING] MAVI_ALTIGEN 108/150 dx=+87px dy=+136px d=4.5m ex=+0.1359 ey=+0.2833 (tol +/-0.010) alt_err=-0.04m -> fwd=-0.42 right=+0.20 down=-0.02 m/s
QGC port check failed, reporting UNKNOWN: (pid=77185)
2026-09-01 15:48:15,669 [INFO] core.navigation.centering_controller: [CENTERING] MAVI_ALTIGEN 113/150 dx=+81px dy=+125px d=4.1m ex=+0.1266 ey=+0.2604 (tol +/-0.010) alt_err=-0.04m -> fwd=-0.39 right=+0.19 down=-0.02 m/s
2026-09-01 15:48:16,255 [INFO] core.navigation.centering_controller: [CENTERING] MAVI_ALTIGEN 118/150 dx=+78px dy=+114px d=3.8m ex=+0.1219 ey=+0.2375 (tol +/-0.010) alt_err=-0.03m -> fwd=-0.36 right=+0.18 down=-0.02 m/s
2026-09-01 15:48:16,636 [INFO] gz_system.main_gz: Dashboard paint loop: 0.0 FPS (main thread)
2026-09-01 15:48:16,855 [INFO] core.navigation.centering_controller: [CENTERING] MAVI_ALTIGEN 123/150 dx=+75px dy=+106px d=3.6m ex=+0.1172 ey=+0.2208 (tol +/-0.010) alt_err=-0.02m -> fwd=-0.33 right=+0.18 down=-0.01 m/s
2026-09-01 15:48:17,452 [INFO] core.navigation.centering_controller: [CENTERING] MAVI_ALTIGEN 128/150 dx=+71px dy=+99px d=3.4m ex=+0.1109 ey=+0.2062 (tol +/-0.010) alt_err=-0.02m -> fwd=-0.31 right=+0.17 down=-0.01 m/s
QGC port check failed, reporting UNKNOWN: (pid=77185)
2026-09-01 15:48:17,929 [INFO] core.detection.vision_runtime: [VISION] detect() calisiyor -- bu karede 2 tespit: ['MAVI_ALTIGEN', 'MAVI_DIKDORTGEN']
2026-09-01 15:48:18,052 [INFO] core.navigation.centering_controller: [CENTERING] MAVI_ALTIGEN 133/150 dx=+68px dy=+93px d=3.2m ex=+0.1062 ey=+0.1938 (tol +/-0.010) alt_err=-0.03m -> fwd=-0.29 right=+0.16 down=-0.02 m/s
2026-09-01 15:48:18,658 [INFO] core.navigation.centering_controller: [CENTERING] MAVI_ALTIGEN 138/150 dx=+65px dy=+87px d=3.0m ex=+0.1016 ey=+0.1812 (tol +/-0.010) alt_err=-0.03m -> fwd=-0.27 right=+0.15 down=-0.02 m/s
2026-09-01 15:48:19,260 [INFO] core.navigation.centering_controller: [CENTERING] MAVI_ALTIGEN 143/150 dx=+62px dy=+80px d=2.8m ex=+0.0969 ey=+0.1667 (tol +/-0.010) alt_err=-0.02m -> fwd=-0.25 right=+0.15 down=-0.01 m/s
QGC port check failed, reporting UNKNOWN: (pid=77185)
2026-09-01 15:48:19,857 [INFO] core.navigation.centering_controller: [CENTERING] MAVI_ALTIGEN 148/150 dx=+58px dy=+77px d=2.7m ex=+0.0906 ey=+0.1604 (tol +/-0.010) alt_err=-0.01m -> fwd=-0.24 right=+0.15 down=-0.01 m/s
2026-09-01 15:48:20,211 [ERROR] core.navigation.centering_controller: Merkezleme zaman asimina ugradi! (150 deneme / 15.0s butcesi doldu)
2026-09-01 15:48:20,211 [WARNING] core.mission.gorev2_orchestrator: [RETRY_IN_PLACE] MAVI_ALTIGEN 1/3 merkezlenemedi -- 5s yerinde beklenip tekrar denenecek (hedef goruniyor, d=2.55m).
2026-09-01 15:48:20,943 [INFO] core.detection.vision_runtime: [VISION] detect() calisiyor -- bu karede 2 tespit: ['MAVI_ALTIGEN', 'MAVI_DIKDORTGEN']
2026-09-01 15:48:21,657 [INFO] gz_system.main_gz: Dashboard paint loop: 0.0 FPS (main thread)
QGC port check failed, reporting UNKNOWN: (pid=77185)
QGC port check failed, reporting UNKNOWN: (pid=77185)
2026-09-01 15:48:24,019 [INFO] core.detection.vision_runtime: [VISION] detect() calisiyor -- bu karede 2 tespit: ['MAVI_ALTIGEN', 'MAVI_DIKDORTGEN']
2026-09-01 15:48:25,315 [INFO] core.navigation.centering_controller: MAVI_ALTIGEN hedefine merkezleniyor (irtifa hedefi: 15.0m, irtifa bandi +/-0.30m)...
2026-09-01 15:48:25,319 [INFO] core.navigation.centering_controller: [CENTERING] MAVI_ALTIGEN 1/150 dx=+52px dy=+70px d=2.4m ex=+0.0813 ey=+0.1458 (tol +/-0.010) alt_err=-0.04m -> fwd=-0.15 right=+0.15 down=-0.02 m/s
QGC port check failed, reporting UNKNOWN: (pid=77185)
2026-09-01 15:48:25,930 [INFO] core.navigation.centering_controller: [CENTERING] MAVI_ALTIGEN 6/150 dx=+64px dy=+87px d=3.0m ex=+0.1000 ey=+0.1812 (tol +/-0.010) alt_err=-0.04m -> fwd=-0.27 right=+0.15 down=-0.02 m/s
2026-09-01 15:48:26,530 [INFO] core.navigation.centering_controller: [CENTERING] MAVI_ALTIGEN 11/150 dx=+53px dy=+73px d=2.5m ex=+0.0828 ey=+0.1521 (tol +/-0.010) alt_err=-0.03m -> fwd=-0.23 right=+0.15 down=-0.01 m/s
2026-09-01 15:48:26,690 [INFO] gz_system.main_gz: Dashboard paint loop: 0.0 FPS (main thread)
2026-09-01 15:48:27,139 [INFO] core.detection.vision_runtime: [VISION] detect() calisiyor -- bu karede 2 tespit: ['MAVI_ALTIGEN', 'MAVI_DIKDORTGEN']
2026-09-01 15:48:27,142 [INFO] core.navigation.centering_controller: [CENTERING] MAVI_ALTIGEN 16/150 dx=+48px dy=+60px d=2.1m ex=+0.0750 ey=+0.1250 (tol +/-0.010) alt_err=-0.02m -> fwd=-0.19 right=+0.15 down=-0.01 m/s
QGC port check failed, reporting UNKNOWN: (pid=77185)
2026-09-01 15:48:27,747 [INFO] core.navigation.centering_controller: [CENTERING] MAVI_ALTIGEN 21/150 dx=+44px dy=+56px d=2.0m ex=+0.0688 ey=+0.1167 (tol +/-0.010) alt_err=-0.02m -> fwd=-0.17 right=+0.15 down=-0.01 m/s
2026-09-01 15:48:28,357 [INFO] core.navigation.centering_controller: [CENTERING] MAVI_ALTIGEN 26/150 dx=+41px dy=+53px d=1.9m ex=+0.0641 ey=+0.1104 (tol +/-0.010) alt_err=-0.02m -> fwd=-0.17 right=+0.15 down=-0.01 m/s
2026-09-01 15:48:28,945 [INFO] core.navigation.centering_controller: [CENTERING] MAVI_ALTIGEN 31/150 dx=+37px dy=+48px d=1.7m ex=+0.0578 ey=+0.1000 (tol +/-0.010) alt_err=-0.01m -> fwd=-0.15 right=+0.15 down=-0.01 m/s
2026-09-01 15:48:29,536 [INFO] core.navigation.centering_controller: [CENTERING] MAVI_ALTIGEN 36/150 dx=+34px dy=+44px d=1.5m ex=+0.0531 ey=+0.0917 (tol +/-0.010) alt_err=-0.01m -> fwd=-0.15 right=+0.15 down=-0.00 m/s
QGC port check failed, reporting UNKNOWN: (pid=77185)
2026-09-01 15:48:30,119 [INFO] core.navigation.centering_controller: [CENTERING] MAVI_ALTIGEN 41/150 dx=+32px dy=+43px d=1.5m ex=+0.0500 ey=+0.0896 (tol +/-0.010) alt_err=-0.00m -> fwd=-0.15 right=+0.15 down=-0.00 m/s
2026-09-01 15:48:30,232 [INFO] core.detection.vision_runtime: [VISION] detect() calisiyor -- bu karede 2 tespit: ['MAVI_ALTIGEN', 'MAVI_DIKDORTGEN']
2026-09-01 15:48:30,709 [INFO] core.navigation.centering_controller: [CENTERING] MAVI_ALTIGEN 46/150 dx=+28px dy=+38px d=1.3m ex=+0.0437 ey=+0.0792 (tol +/-0.010) alt_err=-0.01m -> fwd=-0.15 right=+0.15 down=-0.01 m/s
2026-09-01 15:48:31,292 [INFO] core.navigation.centering_controller: [CENTERING] MAVI_ALTIGEN 51/150 dx=+25px dy=+35px d=1.2m ex=+0.0391 ey=+0.0729 (tol +/-0.010) alt_err=-0.01m -> fwd=-0.15 right=+0.15 down=-0.00 m/s
QGC port check failed, reporting UNKNOWN: (pid=77185)
2026-09-01 15:48:31,698 [INFO] gz_system.main_gz: Dashboard paint loop: 0.0 FPS (main thread)
2026-09-01 15:48:31,882 [INFO] core.navigation.centering_controller: [CENTERING] MAVI_ALTIGEN 56/150 dx=+22px dy=+31px d=1.1m ex=+0.0344 ey=+0.0646 (tol +/-0.010) alt_err=-0.00m -> fwd=-0.15 right=+0.15 down=-0.00 m/s
2026-09-01 15:48:32,468 [INFO] core.navigation.centering_controller: [CENTERING] MAVI_ALTIGEN 61/150 dx=+18px dy=+28px d=0.9m ex=+0.0281 ey=+0.0583 (tol +/-0.010) alt_err=-0.00m -> fwd=-0.15 right=+0.15 down=-0.00 m/s
2026-09-01 15:48:33,061 [INFO] core.navigation.centering_controller: [CENTERING] MAVI_ALTIGEN 66/150 dx=+14px dy=+24px d=0.8m ex=+0.0219 ey=+0.0500 (tol +/-0.010) alt_err=+0.01m -> fwd=-0.15 right=+0.15 down=+0.00 m/s
2026-09-01 15:48:33,294 [INFO] core.detection.vision_runtime: [VISION] detect() calisiyor -- bu karede 2 tespit: ['MAVI_ALTIGEN', 'MAVI_DIKDORTGEN']
2026-09-01 15:48:33,650 [INFO] core.navigation.centering_controller: [CENTERING] MAVI_ALTIGEN 71/150 dx=+12px dy=+21px d=0.7m ex=+0.0187 ey=+0.0437 (tol +/-0.010) alt_err=+0.01m -> fwd=-0.15 right=+0.15 down=+0.00 m/s
QGC port check failed, reporting UNKNOWN: (pid=77185)
2026-09-01 15:48:34,244 [INFO] core.navigation.centering_controller: [CENTERING] MAVI_ALTIGEN 76/150 dx=+7px dy=+18px d=0.5m ex=+0.0109 ey=+0.0375 (tol +/-0.010) alt_err=+0.00m -> fwd=-0.15 right=+0.15 down=+0.00 m/s
2026-09-01 15:48:34,830 [INFO] core.navigation.centering_controller: [CENTERING] MAVI_ALTIGEN 81/150 dx=+5px dy=+16px d=0.5m ex=+0.0078 ey=+0.0333 (tol +/-0.010) alt_err=-0.00m -> fwd=-0.15 right=+0.00 down=-0.00 m/s
2026-09-01 15:48:35,419 [INFO] core.navigation.centering_controller: [CENTERING] MAVI_ALTIGEN 86/150 dx=-11px dy=+11px d=0.4m ex=-0.0172 ey=+0.0229 (tol +/-0.010) alt_err=-0.01m -> fwd=-0.15 right=-0.15 down=-0.00 m/s
QGC port check failed, reporting UNKNOWN: (pid=77185)
2026-09-01 15:48:36,009 [INFO] core.navigation.centering_controller: [CENTERING] MAVI_ALTIGEN 91/150 dx=-6px dy=+8px d=0.3m ex=-0.0094 ey=+0.0167 (tol +/-0.010) alt_err=-0.00m -> fwd=-0.15 right=+0.00 down=-0.00 m/s
2026-09-01 15:48:36,367 [INFO] core.detection.vision_runtime: [VISION] detect() calisiyor -- bu karede 2 tespit: ['MAVI_ALTIGEN', 'MAVI_DIKDORTGEN']
2026-09-01 15:48:36,603 [INFO] core.navigation.centering_controller: [CENTERING] MAVI_ALTIGEN 96/150 dx=+18px dy=+5px d=0.5m ex=+0.0281 ey=+0.0104 (tol +/-0.010) alt_err=-0.00m -> fwd=-0.15 right=+0.15 down=-0.00 m/s
2026-09-01 15:48:36,727 [INFO] gz_system.main_gz: Dashboard paint loop: 0.0 FPS (main thread)
2026-09-01 15:48:37,194 [INFO] core.navigation.centering_controller: [CENTERING] MAVI_ALTIGEN 101/150 dx=+13px dy=-7px d=0.4m ex=+0.0203 ey=-0.0146 (tol +/-0.010) alt_err=+0.00m -> fwd=+0.15 right=+0.15 down=+0.00 m/s
QGC port check failed, reporting UNKNOWN: (pid=77185)
2026-09-01 15:48:37,782 [INFO] core.navigation.centering_controller: [CENTERING] MAVI_ALTIGEN 106/150 dx=-1px dy=-15px d=0.4m ex=-0.0016 ey=-0.0312 (tol +/-0.010) alt_err=+0.01m -> fwd=+0.15 right=+0.00 down=+0.00 m/s
2026-09-01 15:48:38,369 [INFO] core.navigation.centering_controller: [CENTERING] MAVI_ALTIGEN 111/150 dx=-18px dy=-2px d=0.5m ex=-0.0281 ey=-0.0042 (tol +/-0.010) alt_err=+0.00m -> fwd=+0.00 right=-0.15 down=+0.00 m/s
2026-09-01 15:48:38,958 [INFO] core.navigation.centering_controller: [CENTERING] MAVI_ALTIGEN 116/150 dx=-2px dy=+23px d=0.6m ex=-0.0031 ey=+0.0479 (tol +/-0.010) alt_err=+0.00m -> fwd=-0.15 right=+0.00 down=+0.00 m/s
2026-09-01 15:48:39,427 [INFO] core.detection.vision_runtime: [VISION] detect() calisiyor -- bu karede 2 tespit: ['MAVI_ALTIGEN', 'MAVI_DIKDORTGEN']
2026-09-01 15:48:39,547 [INFO] core.navigation.centering_controller: [CENTERING] MAVI_ALTIGEN 121/150 dx=+22px dy=+9px d=0.7m ex=+0.0344 ey=+0.0187 (tol +/-0.010) alt_err=+0.01m -> fwd=-0.15 right=+0.15 down=+0.01 m/s
QGC port check failed, reporting UNKNOWN: (pid=77185)
2026-09-01 15:48:40,135 [INFO] core.navigation.centering_controller: [CENTERING] MAVI_ALTIGEN 126/150 dx=+9px dy=-10px d=0.4m ex=+0.0141 ey=-0.0208 (tol +/-0.010) alt_err=+0.01m -> fwd=+0.15 right=+0.15 down=+0.01 m/s
2026-09-01 15:48:40,726 [INFO] core.navigation.centering_controller: [CENTERING] MAVI_ALTIGEN 131/150 dx=-7px dy=-18px d=0.5m ex=-0.0109 ey=-0.0375 (tol +/-0.010) alt_err=+0.01m -> fwd=+0.15 right=-0.15 down=+0.00 m/s
2026-09-01 15:48:41,320 [INFO] core.navigation.centering_controller: [CENTERING] MAVI_ALTIGEN 136/150 dx=-15px dy=-4px d=0.4m ex=-0.0234 ey=-0.0083 (tol +/-0.010) alt_err=-0.00m -> fwd=+0.00 right=-0.15 down=-0.00 m/s
QGC port check failed, reporting UNKNOWN: (pid=77185)
2026-09-01 15:48:41,758 [INFO] gz_system.main_gz: Dashboard paint loop: 0.0 FPS (main thread)
2026-09-01 15:48:41,926 [INFO] core.navigation.centering_controller: [CENTERING] MAVI_ALTIGEN 141/150 dx=+4px dy=+22px d=0.6m ex=+0.0063 ey=+0.0458 (tol +/-0.010) alt_err=+0.00m -> fwd=-0.15 right=+0.00 down=+0.00 m/s
2026-09-01 15:48:42,518 [INFO] core.detection.vision_runtime: [VISION] detect() calisiyor -- bu karede 2 tespit: ['MAVI_ALTIGEN', 'MAVI_DIKDORTGEN']
2026-09-01 15:48:42,521 [INFO] core.navigation.centering_controller: [CENTERING] MAVI_ALTIGEN 146/150 dx=+22px dy=+10px d=0.7m ex=+0.0344 ey=+0.0208 (tol +/-0.010) alt_err=+0.00m -> fwd=-0.15 right=+0.15 down=+0.00 m/s
2026-09-01 15:48:43,112 [ERROR] core.navigation.centering_controller: Merkezleme zaman asimina ugradi! (150 deneme / 15.0s butcesi doldu)
2026-09-01 15:48:43,112 [WARNING] core.mission.gorev2_orchestrator: [RETRY_IN_PLACE] MAVI_ALTIGEN 2/3 merkezlenemedi -- 5s yerinde beklenip tekrar denenecek (hedef goruniyor, d=0.24m).
QGC port check failed, reporting UNKNOWN: (pid=77185)
2026-09-01 15:48:45,596 [INFO] core.detection.vision_runtime: [VISION] detect() calisiyor -- bu karede 2 tespit: ['MAVI_ALTIGEN', 'MAVI_DIKDORTGEN']
QGC port check failed, reporting UNKNOWN: (pid=77185)
2026-09-01 15:48:46,791 [INFO] gz_system.main_gz: Dashboard paint loop: 0.0 FPS (main thread)
QGC port check failed, reporting UNKNOWN: (pid=77185)
2026-09-01 15:48:48,202 [INFO] core.navigation.centering_controller: MAVI_ALTIGEN hedefine merkezleniyor (irtifa hedefi: 15.0m, irtifa bandi +/-0.30m)...
2026-09-01 15:48:48,202 [INFO] core.navigation.centering_controller: Merkezleme tamamlandi. (attempt 1/150, dx=+0px dy=+0px ex=+0.0000 ey=+0.0000 alt_err=-0.03m)
2026-09-01 15:48:48,672 [INFO] core.detection.vision_runtime: [VISION] detect() calisiyor -- bu karede 2 tespit: ['MAVI_ALTIGEN', 'MAVI_DIKDORTGEN']
QGC port check failed, reporting UNKNOWN: (pid=77185)
2026-09-01 15:48:51,257 [INFO] core.mission.gorev2_orchestrator: [POST_LOCK_DRIFT] MAVI_ALTIGEN 3s: peak=2.2px final=2.0px (6.22cm / 5.56cm), 26 ornek, 0 kayip
2026-09-01 15:48:51,257 [INFO] core.navigation.centering_controller: 2.0 saniye hover yapiliyor (Konum dogrulama)...
2026-09-01 15:48:51,731 [INFO] core.detection.vision_runtime: [VISION] detect() calisiyor -- bu karede 2 tespit: ['MAVI_ALTIGEN', 'MAVI_DIKDORTGEN']
QGC port check failed, reporting UNKNOWN: (pid=77185)
2026-09-01 15:48:51,825 [INFO] gz_system.main_gz: Dashboard paint loop: 0.0 FPS (main thread)
2026-09-01 15:48:53,279 [INFO] core.position_log.position_store: Konum basariyla kaydedildi: MAVI_ALTIGEN (ilk)
2026-09-01 15:48:53,279 [INFO] core.mission.gorev2_orchestrator: Mavi Altigen ortalandi -- KIRMIZI yuk hemen birakiliyor.
2026-09-01 15:48:53,279 [INFO] core.mission.gorev2_fsm: PAYLOAD MISSION 1 basliyor (Mavi Altigen / RED payload)
2026-09-01 15:48:53,279 [INFO] core.navigation.centering_controller: Kayitli GPS konumuna gidiliyor: lat=47.398222499999996, lon=8.546232, alt=15.0m
2026-09-01 15:48:53,279 [INFO] core.mission.payload_release: Yük bırakma başlatılıyor: MAVI_ALTIGEN
2026-09-01 15:48:53,280 [INFO] core.navigation.centering_controller: MAVI_ALTIGEN hedefine merkezleniyor (irtifa hedefi: 10.0m, irtifa bandi +/-0.30m)...
2026-09-01 15:48:53,283 [INFO] core.navigation.centering_controller: [CENTERING] MAVI_ALTIGEN 1/200 dx=-2px dy=-1px d=0.1m ex=-0.0031 ey=-0.0021 (tol +/-0.010) alt_err=+4.98m -> fwd=+0.00 right=+0.00 down=+0.15 m/s
QGC port check failed, reporting UNKNOWN: (pid=77185)
2026-09-01 15:48:53,877 [INFO] core.navigation.centering_controller: [CENTERING] MAVI_ALTIGEN 6/200 dx=-1px dy=+0px d=0.0m ex=-0.0016 ey=+0.0000 (tol +/-0.010) alt_err=+4.80m -> fwd=+0.00 right=+0.00 down=+0.90 m/s
2026-09-01 15:48:54,415 [INFO] core.navigation.centering_controller: [CENTERING] MAVI_ALTIGEN 10/200 dx=+0px dy=+0px d=0.0m ex=+0.0000 ey=+0.0000 (tol +/-0.010) alt_err=+4.28m -> fwd=+0.00 right=+0.00 down=+1.50 m/s
2026-09-01 15:48:54,820 [INFO] core.detection.vision_runtime: [VISION] detect() calisiyor -- bu karede 2 tespit: ['MAVI_ALTIGEN', 'MAVI_DIKDORTGEN']
2026-09-01 15:48:54,957 [INFO] core.navigation.centering_controller: [CENTERING] MAVI_ALTIGEN 14/200 dx=+0px dy=-1px d=0.0m ex=+0.0000 ey=-0.0021 (tol +/-0.010) alt_err=+3.67m -> fwd=+0.00 right=+0.00 down=+1.84 m/s
2026-09-01 15:48:55,490 [INFO] core.navigation.centering_controller: [CENTERING] MAVI_ALTIGEN 18/200 dx=-1px dy=-1px d=0.0m ex=-0.0016 ey=-0.0021 (tol +/-0.010) alt_err=+2.89m -> fwd=+0.00 right=+0.00 down=+1.45 m/s
QGC port check failed, reporting UNKNOWN: (pid=77185)
2026-09-01 15:48:56,081 [INFO] core.navigation.centering_controller: [CENTERING] MAVI_ALTIGEN 23/200 dx=-1px dy=-1px d=0.0m ex=-0.0016 ey=-0.0021 (tol +/-0.010) alt_err=+2.05m -> fwd=+0.00 right=+0.00 down=+1.02 m/s
2026-09-01 15:48:56,696 [INFO] core.navigation.centering_controller: [CENTERING] MAVI_ALTIGEN 28/200 dx=-1px dy=+0px d=0.0m ex=-0.0016 ey=+0.0000 (tol +/-0.010) alt_err=+1.47m -> fwd=+0.00 right=+0.00 down=+0.74 m/s
2026-09-01 15:48:56,851 [INFO] gz_system.main_gz: Dashboard paint loop: 0.0 FPS (main thread)
2026-09-01 15:48:57,307 [INFO] core.navigation.centering_controller: [CENTERING] MAVI_ALTIGEN 33/200 dx=-1px dy=+0px d=0.0m ex=-0.0016 ey=+0.0000 (tol +/-0.010) alt_err=+1.06m -> fwd=+0.00 right=+0.00 down=+0.53 m/s
QGC port check failed, reporting UNKNOWN: (pid=77185)
2026-09-01 15:48:57,809 [INFO] core.navigation.centering_controller: [CENTERING] MAVI_ALTIGEN 37/200 dx=+0px dy=+0px d=0.0m ex=+0.0000 ey=+0.0000 (tol +/-0.010) alt_err=+0.80m -> fwd=+0.00 right=+0.00 down=+0.40 m/s
2026-09-01 15:48:57,926 [INFO] core.detection.vision_runtime: [VISION] detect() calisiyor -- bu karede 2 tespit: ['MAVI_ALTIGEN', 'MAVI_DIKDORTGEN']
2026-09-01 15:48:58,414 [INFO] core.navigation.centering_controller: [CENTERING] MAVI_ALTIGEN 42/200 dx=+0px dy=+1px d=0.0m ex=+0.0000 ey=+0.0021 (tol +/-0.010) alt_err=+0.59m -> fwd=+0.00 right=+0.00 down=+0.29 m/s
2026-09-01 15:48:59,011 [INFO] core.navigation.centering_controller: [CENTERING] MAVI_ALTIGEN 47/200 dx=-1px dy=+1px d=0.0m ex=-0.0016 ey=+0.0021 (tol +/-0.010) alt_err=+0.43m -> fwd=+0.00 right=+0.00 down=+0.22 m/s
2026-09-01 15:48:59,608 [INFO] core.navigation.centering_controller: [CENTERING] MAVI_ALTIGEN 52/200 dx=+0px dy=+1px d=0.0m ex=+0.0000 ey=+0.0021 (tol +/-0.010) alt_err=+0.31m -> fwd=+0.00 right=+0.00 down=+0.16 m/s
2026-09-01 15:48:59,721 [INFO] core.navigation.centering_controller: Merkezleme tamamlandi. (attempt 53/200, dx=+1px dy=+2px ex=+0.0016 ey=+0.0042 alt_err=+0.28m)
2026-09-01 15:48:59,723 [INFO] core.navigation.centering_controller: MAVI_ALTIGEN hedefine merkezleniyor (irtifa hedefi: 5.0m, irtifa bandi +/-0.30m)...
2026-09-01 15:48:59,724 [INFO] core.navigation.centering_controller: [CENTERING] MAVI_ALTIGEN 1/200 dx=+1px dy=+2px d=0.0m ex=+0.0016 ey=+0.0042 (tol +/-0.010) alt_err=+5.28m -> fwd=+0.00 right=+0.00 down=+0.15 m/s
QGC port check failed, reporting UNKNOWN: (pid=77185)
2026-09-01 15:49:00,302 [INFO] core.navigation.centering_controller: [CENTERING] MAVI_ALTIGEN 6/200 dx=+2px dy=+3px d=0.1m ex=+0.0031 ey=+0.0063 (tol +/-0.010) alt_err=+5.16m -> fwd=+0.00 right=+0.00 down=+0.90 m/s
2026-09-01 15:49:00,874 [INFO] core.navigation.centering_controller: [CENTERING] MAVI_ALTIGEN 11/200 dx=+3px dy=+8px d=0.2m ex=+0.0047 ey=+0.0167 (tol +/-0.010) alt_err=+4.57m -> fwd=-0.15 right=+0.00 down=+1.65 m/s
2026-09-01 15:49:00,986 [INFO] core.detection.vision_runtime: [VISION] detect() calisiyor -- bu karede 1 tespit: ['MAVI_ALTIGEN']
2026-09-01 15:49:01,450 [INFO] core.navigation.centering_controller: [CENTERING] MAVI_ALTIGEN 16/200 dx=+2px dy=+12px d=0.2m ex=+0.0031 ey=+0.0250 (tol +/-0.010) alt_err=+3.64m -> fwd=-0.15 right=+0.00 down=+1.82 m/s
QGC port check failed, reporting UNKNOWN: (pid=77185)
2026-09-01 15:49:01,890 [INFO] gz_system.main_gz: Dashboard paint loop: 0.0 FPS (main thread)
2026-09-01 15:49:02,020 [INFO] core.navigation.centering_controller: [CENTERING] MAVI_ALTIGEN 21/200 dx=+2px dy=+1px d=0.0m ex=+0.0031 ey=+0.0021 (tol +/-0.010) alt_err=+2.73m -> fwd=+0.00 right=+0.00 down=+1.37 m/s
2026-09-01 15:49:02,597 [INFO] core.navigation.centering_controller: [CENTERING] MAVI_ALTIGEN 26/200 dx=+2px dy=-24px d=0.3m ex=+0.0031 ey=-0.0500 (tol +/-0.010) alt_err=+2.06m -> fwd=+0.15 right=+0.00 down=+1.03 m/s
2026-09-01 15:49:03,174 [INFO] core.navigation.centering_controller: [CENTERING] MAVI_ALTIGEN 31/200 dx=+2px dy=-9px d=0.1m ex=+0.0031 ey=-0.0187 (tol +/-0.010) alt_err=+1.47m -> fwd=+0.15 right=+0.00 down=+0.74 m/s
2026-09-01 15:49:03,742 [INFO] core.navigation.centering_controller: [CENTERING] MAVI_ALTIGEN 36/200 dx=+3px dy=+7px d=0.1m ex=+0.0047 ey=+0.0146 (tol +/-0.010) alt_err=+1.06m -> fwd=-0.15 right=+0.00 down=+0.53 m/s
QGC port check failed, reporting UNKNOWN: (pid=77185)
2026-09-01 15:49:04,084 [INFO] core.detection.vision_runtime: [VISION] detect() calisiyor -- bu karede 1 tespit: ['MAVI_ALTIGEN']
2026-09-01 15:49:04,314 [INFO] core.navigation.centering_controller: [CENTERING] MAVI_ALTIGEN 41/200 dx=+2px dy=+23px d=0.2m ex=+0.0031 ey=+0.0479 (tol +/-0.010) alt_err=+0.81m -> fwd=-0.15 right=+0.00 down=+0.40 m/s
2026-09-01 15:49:04,885 [INFO] core.navigation.centering_controller: [CENTERING] MAVI_ALTIGEN 46/200 dx=+4px dy=+7px d=0.1m ex=+0.0063 ey=+0.0146 (tol +/-0.010) alt_err=+0.60m -> fwd=-0.15 right=+0.00 down=+0.30 m/s
2026-09-01 15:49:05,457 [INFO] core.navigation.centering_controller: [CENTERING] MAVI_ALTIGEN 51/200 dx=+7px dy=-10px d=0.1m ex=+0.0109 ey=-0.0208 (tol +/-0.010) alt_err=+0.45m -> fwd=+0.15 right=+0.15 down=+0.22 m/s
QGC port check failed, reporting UNKNOWN: (pid=77185)
2026-09-01 15:49:06,040 [INFO] core.navigation.centering_controller: [CENTERING] MAVI_ALTIGEN 56/200 dx=+13px dy=-20px d=0.2m ex=+0.0203 ey=-0.0417 (tol +/-0.010) alt_err=+0.33m -> fwd=+0.15 right=+0.15 down=+0.16 m/s
2026-09-01 15:49:06,615 [INFO] core.navigation.centering_controller: Merkezleme tamamlandi. (attempt 61/200, dx=+1px dy=-3px ex=+0.0016 ey=-0.0063 alt_err=+0.26m)
2026-09-01 15:49:06,618 [INFO] core.navigation.centering_controller: MAVI_ALTIGEN hedefine merkezleniyor (irtifa hedefi: 0.45m, irtifa bandi +/-0.05m)...
2026-09-01 15:49:06,619 [INFO] core.navigation.centering_controller: [CENTERING] MAVI_ALTIGEN 1/200 dx=+1px dy=-3px d=0.0m ex=+0.0016 ey=-0.0063 (tol +/-0.010) alt_err=+4.81m -> fwd=+0.00 right=+0.00 down=+0.15 m/s
2026-09-01 15:49:06,894 [INFO] gz_system.main_gz: Dashboard paint loop: 0.0 FPS (main thread)
2026-09-01 15:49:07,190 [INFO] core.detection.vision_runtime: [VISION] detect() calisiyor -- bu karede 1 tespit: ['MAVI_ALTIGEN']
2026-09-01 15:49:07,192 [INFO] core.navigation.centering_controller: [CENTERING] MAVI_ALTIGEN 6/200 dx=-31px dy=+26px d=0.4m ex=-0.0484 ey=+0.0542 (tol +/-0.010) alt_err=+4.68m -> fwd=-0.15 right=-0.15 down=+0.90 m/s
2026-09-01 15:49:07,770 [INFO] core.navigation.centering_controller: [CENTERING] MAVI_ALTIGEN 11/200 dx=-18px dy=+17px d=0.2m ex=-0.0281 ey=+0.0354 (tol +/-0.010) alt_err=+4.08m -> fwd=-0.15 right=-0.15 down=+1.65 m/s
QGC port check failed, reporting UNKNOWN: (pid=77185)
2026-09-01 15:49:08,346 [INFO] core.navigation.centering_controller: [CENTERING] MAVI_ALTIGEN 16/200 dx=-5px dy=+2px d=0.0m ex=-0.0078 ey=+0.0042 (tol +/-0.010) alt_err=+3.14m -> fwd=+0.00 right=+0.00 down=+1.57 m/s
2026-09-01 15:49:08,920 [INFO] core.navigation.centering_controller: [CENTERING] MAVI_ALTIGEN 21/200 dx=+30px dy=-34px d=0.2m ex=+0.0469 ey=-0.0708 (tol +/-0.010) alt_err=+2.25m -> fwd=+0.12 right=+0.15 down=+1.12 m/s
2026-09-01 15:49:09,489 [INFO] core.navigation.centering_controller: [CENTERING] MAVI_ALTIGEN 26/200 dx=+12px dy=-18px d=0.1m ex=+0.0187 ey=-0.0375 (tol +/-0.010) alt_err=+1.71m -> fwd=+0.10 right=+0.13 down=+0.85 m/s
QGC port check failed, reporting UNKNOWN: (pid=77185)
2026-09-01 15:49:10,069 [INFO] core.navigation.centering_controller: [CENTERING] MAVI_ALTIGEN 31/200 dx=-20px dy=-3px d=0.1m ex=-0.0320 ey=-0.0063 (tol +/-0.010) alt_err=+1.22m -> fwd=+0.00 right=-0.10 down=+0.61 m/s
2026-09-01 15:49:10,294 [INFO] core.detection.vision_runtime: [VISION] detect() calisiyor -- bu karede 1 tespit: ['MAVI_ALTIGEN']
2026-09-01 15:49:10,649 [INFO] core.navigation.centering_controller: [CENTERING] MAVI_ALTIGEN 36/200 dx=-24px dy=+22px d=0.1m ex=-0.0375 ey=+0.0458 (tol +/-0.010) alt_err=+0.88m -> fwd=-0.07 right=-0.08 down=+0.44 m/s
2026-09-01 15:49:11,227 [INFO] core.navigation.centering_controller: [CENTERING] MAVI_ALTIGEN 41/200 dx=+8px dy=+13px d=0.0m ex=+0.0133 ey=+0.0271 (tol +/-0.010) alt_err=+0.63m -> fwd=-0.05 right=+0.06 down=+0.32 m/s
2026-09-01 15:49:11,806 [INFO] core.navigation.centering_controller: [CENTERING] MAVI_ALTIGEN 46/200 dx=+42px dy=-6px d=0.1m ex=+0.0664 ey=-0.0115 (tol +/-0.010) alt_err=+0.49m -> fwd=+0.04 right=+0.10 down=+0.25 m/s
QGC port check failed, reporting UNKNOWN: (pid=77185)
2026-09-01 15:49:11,922 [INFO] gz_system.main_gz: Dashboard paint loop: 0.0 FPS (main thread)
2026-09-01 15:49:12,389 [INFO] core.navigation.centering_controller: [CENTERING] MAVI_ALTIGEN 51/200 dx=+13px dy=+0px d=0.0m ex=+0.0203 ey=+0.0000 (tol +/-0.010) alt_err=+0.36m -> fwd=+0.00 right=+0.05 down=+0.18 m/s
2026-09-01 15:49:12,964 [INFO] core.navigation.centering_controller: [CENTERING] MAVI_ALTIGEN 56/200 dx=+0px dy=+0px d=0.0m ex=+0.0000 ey=+0.0000 (tol +/-0.010) alt_err=+0.27m -> fwd=+0.00 right=+0.00 down=+0.13 m/s
2026-09-01 15:49:13,308 [INFO] core.detection.vision_runtime: [VISION] detect() calisiyor -- bu karede 1 tespit: ['MAVI_ALTIGEN']
2026-09-01 15:49:13,425 [WARNING] core.navigation.centering_controller: [LOW_ALT_OPEN_LOOP_DESCENT] MAVI_ALTIGEN: goruntu 0.68m'de kayboldu -- dondurulmus kestirime (47.3982228, 8.5462323, offset=0.0cm @ 0.68m) gore 0.45m'ye alcalmaya devam.
QGC port check failed, reporting UNKNOWN: (pid=77185)
2026-09-01 15:49:14,679 [INFO] core.navigation.centering_controller: [LOW_ALT_OPEN_LOOP_DESCENT] MAVI_ALTIGEN: 0.499m'ye ulasildi (hedef 0.45m).
2026-09-01 15:49:14,679 [INFO] core.navigation.centering_controller: [AIM_OFFSET_APPLIED] MAVI_ALTIGEN: montaj (ileri=0.00, sag=0.04) m, yon=0.1 deg -> tutma noktasi (47.3982228, 8.5462318) olarak otelendi (kuzey +0.00, dogu -0.03 m).
2026-09-01 15:49:14,906 [INFO] core.navigation.centering_controller: [MOUNT_TRANSLATE_DONE] MAVI_ALTIGEN: kalan 4.9 cm, sure 0.23 s (yakinsadi).
2026-09-01 15:49:14,906 [WARNING] core.navigation.centering_controller: [LOW_ALT_OPEN_LOOP_DESCENT] MAVI_ALTIGEN: goruntu 0.48m'de kayboldu -- dondurulmus kestirime (47.3982228, 8.5462318, offset=0.0cm @ 0.68m) gore 0.45m'ye alcalmaya devam.
2026-09-01 15:49:14,906 [INFO] core.navigation.centering_controller: [LOW_ALT_OPEN_LOOP_DESCENT] MAVI_ALTIGEN: 0.482m'ye ulasildi (hedef 0.45m).
2026-09-01 15:49:14,907 [INFO] core.navigation.centering_controller: 0.1m ileri hareket ediliyor (0.3 m/s, 0.3s)...
2026-09-01 15:49:15,245 [INFO] core.mission.payload_release: [RELEASE_OFFSET] MAVI_ALTIGEN: {'shape_type': 'MAVI_ALTIGEN', 'altitude_m': 0.489, 'target_visible': False, 'best_known_offset_cm': 3.86, 'best_known_offset_alt_m': 5.259}
2026-09-01 15:49:15,245 [INFO] core.mission.payload_release: [MOUNT_VECTOR_MEASURED] MAVI_ALTIGEN: {'world_dx': 0.0351, 'world_dy': 0.0011, 'gazebo_yaw_deg': 90.02, 'body_forward_m': 0.001, 'body_right_m': 0.0351} (uygulanan: (0.0, 0.035))
2026-09-01 15:49:15,246 [INFO] gz_system.gz_payload_actuator: Gazebo DetachableJoint tetikleniyor: /payload/detach/red
I0901 15:49:15.247079 14049662 fork_posix.cc:71] Other threads are currently calling into gRPC, skipping fork() handlers
I0901 15:49:15.304995 14049662 fork_posix.cc:71] Other threads are currently calling into gRPC, skipping fork() handlers
I0901 15:49:15.360455 14049662 fork_posix.cc:71] Other threads are currently calling into gRPC, skipping fork() handlers
I0901 15:49:15.404023 14049662 fork_posix.cc:71] Other threads are currently calling into gRPC, skipping fork() handlers
I0901 15:49:15.455182 14049662 fork_posix.cc:71] Other threads are currently calling into gRPC, skipping fork() handlers
QGC port check failed, reporting UNKNOWN: (pid=77185)
2026-09-01 15:49:16,325 [INFO] core.detection.vision_runtime: [VISION] detect() calisiyor -- bu karede 0 tespit: []
2026-09-01 15:49:16,587 [INFO] gz_system.gz_payload_actuator: Yuk ayrildi (red), gecikme 1.246 s.
2026-09-01 15:49:16,587 [INFO] core.mission.payload_release: [PAYLOAD_RELEASED] PAYLOAD 1 RELEASED @0.49m
2026-09-01 15:49:16,926 [INFO] gz_system.main_gz: Dashboard paint loop: 0.0 FPS (main thread)
QGC port check failed, reporting UNKNOWN: (pid=77185)
2026-09-01 15:49:18,589 [INFO] core.mission.payload_release: [PAYLOAD_FINAL_POSE] MAVI_ALTIGEN: x=5.189 y=28.104 z=0.035 merkeze 1409.4 cm egim 0.1 deg (HEDEF DISINDA)
2026-09-01 15:49:18,589 [INFO] core.mission.payload_release: Doğrulama işareti aranıyor: KIRMIZI_DIKDORTGEN
2026-09-01 15:49:18,589 [INFO] core.mission.payload_release: Yük bırakma DOĞRULANDI: KIRMIZI_DIKDORTGEN tespit edildi.
2026-09-01 15:49:18,589 [INFO] core.navigation.centering_controller: 15.0m irtifasina tirmaniliyor (goruntuden bagimsiz)...
2026-09-01 15:49:19,387 [INFO] core.detection.vision_runtime: [VISION] detect() calisiyor -- bu karede 2 tespit: ['MAVI_ALTIGEN', 'KIRMIZI_DIKDORTGEN']
QGC port check failed, reporting UNKNOWN: (pid=77185)
QGC port check failed, reporting UNKNOWN: (pid=77185)
2026-09-01 15:49:21,962 [INFO] gz_system.main_gz: Dashboard paint loop: 0.0 FPS (main thread)
2026-09-01 15:49:22,455 [INFO] core.detection.vision_runtime: [VISION] detect() calisiyor -- bu karede 1 tespit: ['MAVI_ALTIGEN']
QGC port check failed, reporting UNKNOWN: (pid=77185)
2026-09-01 15:49:25,489 [INFO] core.detection.vision_runtime: [VISION] detect() calisiyor -- bu karede 2 tespit: ['MAVI_ALTIGEN', 'MAVI_DIKDORTGEN']
QGC port check failed, reporting UNKNOWN: (pid=77185)
2026-09-01 15:49:26,967 [INFO] gz_system.main_gz: Dashboard paint loop: 0.0 FPS (main thread)
QGC port check failed, reporting UNKNOWN: (pid=77185)
2026-09-01 15:49:28,290 [INFO] core.mission.gorev2_orchestrator: [ROUTE_REJOIN] rota hattina donuluyor (sabit eksen=lon): hedef lat=47.3982233 lon=8.5461647 (mevcut lat=47.3982233 lon=8.5462328).
2026-09-01 15:49:28,290 [INFO] core.navigation.centering_controller: Kayitli GPS konumuna gidiliyor: lat=47.3982233, lon=8.5461647, alt=15.0m
2026-09-01 15:49:28,518 [INFO] core.detection.vision_runtime: [VISION] detect() calisiyor -- bu karede 0 tespit: []
QGC port check failed, reporting UNKNOWN: (pid=77185)
2026-09-01 15:49:31,406 [INFO] mavsdk_common.mavsdk_backend_base: Offboard durduruluyor...
Received ack for not-existing command: 176! Ignoring... (mavlink_command_sender.cpp:304)
2026-09-01 15:49:31,524 [INFO] core.detection.vision_runtime: [VISION] detect() calisiyor -- bu karede 2 tespit: ['MAVI_ALTIGEN', 'MAVI_DIKDORTGEN']
2026-09-01 15:49:31,689 [INFO] core.mission.gorev2_orchestrator: [MISSION_RESUME] rota 2. ogeden devam ettiriliyor.
Received ack for not-existing command: 176! Ignoring... (mavlink_command_sender.cpp:304)
QGC port check failed, reporting UNKNOWN: (pid=77185)
2026-09-01 15:49:32,005 [INFO] gz_system.main_gz: Dashboard paint loop: 0.0 FPS (main thread)
QGC port check failed, reporting UNKNOWN: (pid=77185)
2026-09-01 15:49:34,538 [INFO] core.detection.vision_runtime: [VISION] detect() calisiyor -- bu karede 2 tespit: ['MAVI_ALTIGEN', 'MAVI_DIKDORTGEN']
QGC port check failed, reporting UNKNOWN: (pid=77185)
2026-09-01 15:49:37,013 [INFO] gz_system.main_gz: Dashboard paint loop: 0.0 FPS (main thread)
2026-09-01 15:49:37,555 [INFO] core.detection.vision_runtime: [VISION] detect() calisiyor -- bu karede 0 tespit: []
QGC port check failed, reporting UNKNOWN: (pid=77185)
QGC port check failed, reporting UNKNOWN: (pid=77185)
2026-09-01 15:49:40,660 [INFO] core.detection.vision_runtime: [VISION] detect() calisiyor -- bu karede 1 tespit: ['KIRMIZI_DIKDORTGEN']
QGC port check failed, reporting UNKNOWN: (pid=77185)
2026-09-01 15:49:42,046 [INFO] gz_system.main_gz: Dashboard paint loop: 0.0 FPS (main thread)
2026-09-01 15:49:42,546 [INFO] core.navigation.centering_controller: Mission modu durduruluyor, Offboard'a geciliyor...
2026-09-01 15:49:42,546 [INFO] mavsdk_common.mavsdk_backend_base: Mission'dan Offboard'a geçiş yapılıyor...
Received ack for not-existing command: 176! Ignoring... (mavlink_command_sender.cpp:304)
2026-09-01 15:49:42,559 [INFO] mavsdk_common.mavsdk_backend_base: Offboard başlatılıyor...
Received ack for not-existing command: 176! Ignoring... (mavlink_command_sender.cpp:304)
2026-09-01 15:49:42,988 [INFO] core.mission.gorev2_orchestrator: KIRMIZI_UCGEN kucuk bir hedef -- merkezleme icin 8.0 m'ye alcaliniyor.
2026-09-01 15:49:42,988 [INFO] core.navigation.centering_controller: KIRMIZI_UCGEN hedefine merkezleniyor (irtifa hedefi: 8.0m, irtifa bandi +/-0.30m)...
2026-09-01 15:49:42,988 [WARNING] core.navigation.centering_controller: [CENTERING] KIRMIZI_UCGEN 1/200 hedef kayboldu (feed canli, hedef bu karede yok)
2026-09-01 15:49:43,499 [INFO] core.navigation.centering_controller: [CENTERING] KIRMIZI_UCGEN 6/200 dx=+400px dy=+40px d=11.3m ex=+0.6250 ey=+0.0833 (tol +/-0.010) alt_err=+7.14m -> fwd=-0.15 right=+0.45 down=+0.45 m/s
2026-09-01 15:49:43,733 [INFO] core.detection.vision_runtime: [VISION] detect() calisiyor -- bu karede 1 tespit: ['KIRMIZI_UCGEN']
QGC port check failed, reporting UNKNOWN: (pid=77185)
2026-09-01 15:49:44,097 [INFO] core.navigation.centering_controller: [CENTERING] KIRMIZI_UCGEN 11/200 dx=+515px dy=-99px d=14.4m ex=+0.8047 ey=-0.2062 (tol +/-0.010) alt_err=+6.80m -> fwd=+0.31 right=+1.20 down=+1.20 m/s
2026-09-01 15:49:44,708 [INFO] core.navigation.centering_controller: [CENTERING] KIRMIZI_UCGEN 16/200 dx=+543px dy=-173px d=14.8m ex=+0.8484 ey=-0.3604 (tol +/-0.010) alt_err=+6.02m -> fwd=+0.54 right=+1.27 down=+1.95 m/s
2026-09-01 15:49:45,315 [INFO] core.navigation.centering_controller: [CENTERING] KIRMIZI_UCGEN 21/200 dx=+461px dy=-152px d=11.6m ex=+0.7203 ey=-0.3167 (tol +/-0.010) alt_err=+4.91m -> fwd=+0.47 right=+1.08 down=+2.46 m/s
QGC port check failed, reporting UNKNOWN: (pid=77185)
2026-09-01 15:49:45,913 [INFO] core.navigation.centering_controller: [CENTERING] KIRMIZI_UCGEN 26/200 dx=+443px dy=-132px d=10.3m ex=+0.6922 ey=-0.2750 (tol +/-0.010) alt_err=+3.98m -> fwd=+0.41 right=+1.04 down=+2.00 m/s
2026-09-01 15:49:46,417 [INFO] core.navigation.centering_controller: [CENTERING] KIRMIZI_UCGEN 30/200 dx=+456px dy=-133px d=9.9m ex=+0.7125 ey=-0.2771 (tol +/-0.010) alt_err=+3.22m -> fwd=+0.42 right=+1.07 down=+1.61 m/s
2026-09-01 15:49:46,779 [INFO] core.detection.vision_runtime: [VISION] detect() calisiyor -- bu karede 2 tespit: ['KIRMIZI_UCGEN', 'KIRMIZI_DIKDORTGEN']
2026-09-01 15:49:47,017 [INFO] core.navigation.centering_controller: [CENTERING] KIRMIZI_UCGEN 35/200 dx=+471px dy=-138px d=9.4m ex=+0.7359 ey=-0.2875 (tol +/-0.010) alt_err=+2.32m -> fwd=+0.43 right=+1.10 down=+1.16 m/s
2026-09-01 15:49:47,077 [INFO] gz_system.main_gz: Dashboard paint loop: 0.0 FPS (main thread)
2026-09-01 15:49:47,605 [INFO] core.navigation.centering_controller: [CENTERING] KIRMIZI_UCGEN 40/200 dx=+463px dy=-135px d=8.7m ex=+0.7234 ey=-0.2812 (tol +/-0.010) alt_err=+1.74m -> fwd=+0.42 right=+1.09 down=+0.87 m/s
QGC port check failed, reporting UNKNOWN: (pid=77185)
2026-09-01 15:49:48,197 [INFO] core.navigation.centering_controller: [CENTERING] KIRMIZI_UCGEN 45/200 dx=+439px dy=-130px d=7.8m ex=+0.6859 ey=-0.2708 (tol +/-0.010) alt_err=+1.24m -> fwd=+0.41 right=+1.03 down=+0.62 m/s
2026-09-01 15:49:48,787 [INFO] core.navigation.centering_controller: [CENTERING] KIRMIZI_UCGEN 50/200 dx=+412px dy=-124px d=7.1m ex=+0.6438 ey=-0.2583 (tol +/-0.010) alt_err=+0.89m -> fwd=+0.39 right=+0.97 down=+0.44 m/s
2026-09-01 15:49:49,400 [INFO] core.navigation.centering_controller: [CENTERING] KIRMIZI_UCGEN 55/200 dx=+378px dy=-115px d=6.3m ex=+0.5906 ey=-0.2396 (tol +/-0.010) alt_err=+0.64m -> fwd=+0.36 right=+0.89 down=+0.32 m/s
2026-09-01 15:49:49,874 [INFO] core.detection.vision_runtime: [VISION] detect() calisiyor -- bu karede 1 tespit: ['KIRMIZI_UCGEN']
QGC port check failed, reporting UNKNOWN: (pid=77185)
2026-09-01 15:49:49,995 [INFO] core.navigation.centering_controller: [CENTERING] KIRMIZI_UCGEN 60/200 dx=+348px dy=-105px d=5.7m ex=+0.5437 ey=-0.2188 (tol +/-0.010) alt_err=+0.47m -> fwd=+0.33 right=+0.82 down=+0.23 m/s
2026-09-01 15:49:50,586 [INFO] core.navigation.centering_controller: [CENTERING] KIRMIZI_UCGEN 65/200 dx=+319px dy=-98px d=5.2m ex=+0.4984 ey=-0.2042 (tol +/-0.010) alt_err=+0.35m -> fwd=+0.31 right=+0.75 down=+0.17 m/s
2026-09-01 15:49:51,170 [INFO] core.navigation.centering_controller: [CENTERING] KIRMIZI_UCGEN 70/200 dx=+291px dy=-88px d=4.6m ex=+0.4547 ey=-0.1833 (tol +/-0.010) alt_err=+0.26m -> fwd=+0.27 right=+0.68 down=+0.13 m/s
2026-09-01 15:49:51,759 [INFO] core.navigation.centering_controller: [CENTERING] KIRMIZI_UCGEN 75/200 dx=+266px dy=-80px d=4.2m ex=+0.4156 ey=-0.1667 (tol +/-0.010) alt_err=+0.18m -> fwd=+0.25 right=+0.62 down=+0.09 m/s
QGC port check failed, reporting UNKNOWN: (pid=77185)
2026-09-01 15:49:52,093 [INFO] gz_system.main_gz: Dashboard paint loop: 0.0 FPS (main thread)
2026-09-01 15:49:52,347 [INFO] core.navigation.centering_controller: [CENTERING] KIRMIZI_UCGEN 80/200 dx=+238px dy=-72px d=3.7m ex=+0.3719 ey=-0.1500 (tol +/-0.010) alt_err=+0.13m -> fwd=+0.22 right=+0.56 down=+0.07 m/s
2026-09-01 15:49:52,923 [INFO] core.detection.vision_runtime: [VISION] detect() calisiyor -- bu karede 1 tespit: ['KIRMIZI_UCGEN']
2026-09-01 15:49:52,925 [INFO] core.navigation.centering_controller: [CENTERING] KIRMIZI_UCGEN 85/200 dx=+215px dy=-66px d=3.4m ex=+0.3359 ey=-0.1375 (tol +/-0.010) alt_err=+0.10m -> fwd=+0.21 right=+0.50 down=+0.05 m/s
2026-09-01 15:49:53,515 [INFO] core.navigation.centering_controller: [CENTERING] KIRMIZI_UCGEN 90/200 dx=+195px dy=-60px d=3.1m ex=+0.3047 ey=-0.1250 (tol +/-0.010) alt_err=+0.08m -> fwd=+0.19 right=+0.46 down=+0.04 m/s
QGC port check failed, reporting UNKNOWN: (pid=77185)
2026-09-01 15:49:54,101 [INFO] core.navigation.centering_controller: [CENTERING] KIRMIZI_UCGEN 95/200 dx=+175px dy=-54px d=2.7m ex=+0.2734 ey=-0.1125 (tol +/-0.010) alt_err=+0.06m -> fwd=+0.17 right=+0.41 down=+0.03 m/s
2026-09-01 15:49:54,692 [INFO] core.navigation.centering_controller: [CENTERING] KIRMIZI_UCGEN 100/200 dx=+155px dy=-49px d=2.4m ex=+0.2422 ey=-0.1021 (tol +/-0.010) alt_err=+0.04m -> fwd=+0.15 right=+0.36 down=+0.02 m/s
2026-09-01 15:49:55,280 [INFO] core.navigation.centering_controller: [CENTERING] KIRMIZI_UCGEN 105/200 dx=+141px dy=-45px d=2.2m ex=+0.2203 ey=-0.0938 (tol +/-0.010) alt_err=+0.02m -> fwd=+0.15 right=+0.33 down=+0.01 m/s
2026-09-01 15:49:55,864 [INFO] core.navigation.centering_controller: [CENTERING] KIRMIZI_UCGEN 110/200 dx=+128px dy=-42px d=2.0m ex=+0.2000 ey=-0.0875 (tol +/-0.010) alt_err=+0.01m -> fwd=+0.15 right=+0.30 down=+0.00 m/s
QGC port check failed, reporting UNKNOWN: (pid=77185)
2026-09-01 15:49:55,981 [INFO] core.detection.vision_runtime: [VISION] detect() calisiyor -- bu karede 1 tespit: ['KIRMIZI_UCGEN']
2026-09-01 15:49:56,452 [INFO] core.navigation.centering_controller: [CENTERING] KIRMIZI_UCGEN 115/200 dx=+114px dy=-38px d=1.8m ex=+0.1781 ey=-0.0792 (tol +/-0.010) alt_err=+0.00m -> fwd=+0.15 right=+0.27 down=+0.00 m/s
2026-09-01 15:49:57,035 [INFO] core.navigation.centering_controller: [CENTERING] KIRMIZI_UCGEN 120/200 dx=+104px dy=-33px d=1.6m ex=+0.1625 ey=-0.0688 (tol +/-0.010) alt_err=+0.01m -> fwd=+0.15 right=+0.24 down=+0.00 m/s
2026-09-01 15:49:57,098 [INFO] gz_system.main_gz: Dashboard paint loop: 0.0 FPS (main thread)
2026-09-01 15:49:57,626 [INFO] core.navigation.centering_controller: [CENTERING] KIRMIZI_UCGEN 125/200 dx=+95px dy=-28px d=1.5m ex=+0.1484 ey=-0.0583 (tol +/-0.010) alt_err=+0.01m -> fwd=+0.15 right=+0.22 down=+0.00 m/s
QGC port check failed, reporting UNKNOWN: (pid=77185)
2026-09-01 15:49:58,213 [INFO] core.navigation.centering_controller: [CENTERING] KIRMIZI_UCGEN 130/200 dx=+85px dy=-22px d=1.3m ex=+0.1328 ey=-0.0458 (tol +/-0.010) alt_err=+0.00m -> fwd=+0.15 right=+0.20 down=+0.00 m/s
2026-09-01 15:49:58,807 [INFO] core.navigation.centering_controller: [CENTERING] KIRMIZI_UCGEN 135/200 dx=+77px dy=-16px d=1.2m ex=+0.1203 ey=-0.0333 (tol +/-0.010) alt_err=+0.00m -> fwd=+0.15 right=+0.18 down=+0.00 m/s
2026-09-01 15:49:59,038 [INFO] core.detection.vision_runtime: [VISION] detect() calisiyor -- bu karede 1 tespit: ['KIRMIZI_UCGEN']
2026-09-01 15:49:59,394 [INFO] core.navigation.centering_controller: [CENTERING] KIRMIZI_UCGEN 140/200 dx=+69px dy=-11px d=1.0m ex=+0.1078 ey=-0.0229 (tol +/-0.010) alt_err=+0.00m -> fwd=+0.15 right=+0.16 down=+0.00 m/s
QGC port check failed, reporting UNKNOWN: (pid=77185)
2026-09-01 15:49:59,979 [INFO] core.navigation.centering_controller: [CENTERING] KIRMIZI_UCGEN 145/200 dx=+65px dy=-6px d=1.0m ex=+0.1016 ey=-0.0125 (tol +/-0.010) alt_err=-0.00m -> fwd=+0.15 right=+0.15 down=-0.00 m/s
2026-09-01 15:50:00,567 [INFO] core.navigation.centering_controller: [CENTERING] KIRMIZI_UCGEN 150/200 dx=+59px dy=+10px d=0.9m ex=+0.0922 ey=+0.0208 (tol +/-0.010) alt_err=-0.01m -> fwd=-0.15 right=+0.15 down=-0.00 m/s
2026-09-01 15:50:01,152 [INFO] core.navigation.centering_controller: [CENTERING] KIRMIZI_UCGEN 155/200 dx=+54px dy=+13px d=0.8m ex=+0.0844 ey=+0.0271 (tol +/-0.010) alt_err=-0.00m -> fwd=-0.15 right=+0.15 down=-0.00 m/s
2026-09-01 15:50:01,744 [INFO] core.navigation.centering_controller: [CENTERING] KIRMIZI_UCGEN 160/200 dx=+48px dy=-8px d=0.7m ex=+0.0750 ey=-0.0167 (tol +/-0.010) alt_err=-0.00m -> fwd=+0.15 right=+0.15 down=-0.00 m/s
QGC port check failed, reporting UNKNOWN: (pid=77185)
2026-09-01 15:50:02,092 [INFO] core.detection.vision_runtime: [VISION] detect() calisiyor -- bu karede 1 tespit: ['KIRMIZI_UCGEN']
2026-09-01 15:50:02,114 [INFO] gz_system.main_gz: Dashboard paint loop: 0.0 FPS (main thread)
2026-09-01 15:50:02,328 [INFO] core.navigation.centering_controller: [CENTERING] KIRMIZI_UCGEN 165/200 dx=+45px dy=-23px d=0.7m ex=+0.0703 ey=-0.0479 (tol +/-0.010) alt_err=-0.00m -> fwd=+0.15 right=+0.15 down=-0.00 m/s
2026-09-01 15:50:02,918 [INFO] core.navigation.centering_controller: [CENTERING] KIRMIZI_UCGEN 170/200 dx=+39px dy=-9px d=0.6m ex=+0.0609 ey=-0.0187 (tol +/-0.010) alt_err=-0.00m -> fwd=+0.15 right=+0.15 down=-0.00 m/s
2026-09-01 15:50:03,520 [INFO] core.navigation.centering_controller: [CENTERING] KIRMIZI_UCGEN 175/200 dx=+34px dy=+12px d=0.5m ex=+0.0531 ey=+0.0250 (tol +/-0.010) alt_err=-0.01m -> fwd=-0.15 right=+0.15 down=-0.00 m/s
QGC port check failed, reporting UNKNOWN: (pid=78641)
2026-09-01 15:50:04,124 [INFO] core.navigation.centering_controller: [CENTERING] KIRMIZI_UCGEN 180/200 dx=+28px dy=+16px d=0.5m ex=+0.0437 ey=+0.0333 (tol +/-0.010) alt_err=-0.01m -> fwd=-0.15 right=+0.15 down=-0.00 m/s
2026-09-01 15:50:04,734 [INFO] core.navigation.centering_controller: [CENTERING] KIRMIZI_UCGEN 185/200 dx=+24px dy=+3px d=0.4m ex=+0.0375 ey=+0.0063 (tol +/-0.010) alt_err=-0.01m -> fwd=+0.00 right=+0.15 down=-0.00 m/s
2026-09-01 15:50:05,092 [INFO] core.detection.vision_runtime: [VISION] detect() calisiyor -- bu karede 1 tespit: ['KIRMIZI_UCGEN']
2026-09-01 15:50:05,339 [INFO] core.navigation.centering_controller: [CENTERING] KIRMIZI_UCGEN 190/200 dx=+19px dy=-23px d=0.4m ex=+0.0297 ey=-0.0479 (tol +/-0.010) alt_err=-0.01m -> fwd=+0.15 right=+0.15 down=-0.00 m/s
QGC port check failed, reporting UNKNOWN: (pid=78659)
2026-09-01 15:50:05,944 [INFO] core.navigation.centering_controller: [CENTERING] KIRMIZI_UCGEN 195/200 dx=+14px dy=-12px d=0.3m ex=+0.0219 ey=-0.0250 (tol +/-0.010) alt_err=-0.01m -> fwd=+0.15 right=+0.15 down=-0.01 m/s
2026-09-01 15:50:06,541 [INFO] core.navigation.centering_controller: [CENTERING] KIRMIZI_UCGEN 200/200 dx=+7px dy=+6px d=0.1m ex=+0.0109 ey=+0.0125 (tol +/-0.010) alt_err=-0.00m -> fwd=-0.15 right=+0.15 down=-0.00 m/s
2026-09-01 15:50:06,663 [ERROR] core.navigation.centering_controller: Merkezleme zaman asimina ugradi! (200 deneme / 20.0s butcesi doldu)
2026-09-01 15:50:06,663 [WARNING] core.mission.gorev2_orchestrator: [RETRY_IN_PLACE] KIRMIZI_UCGEN 1/3 merkezlenemedi -- 5s yerinde beklenip tekrar denenecek (hedef goruniyor, d=0.42m).
2026-09-01 15:50:07,136 [INFO] gz_system.main_gz: Dashboard paint loop: 0.0 FPS (main thread)
QGC port check failed, reporting UNKNOWN: (pid=78659)
2026-09-01 15:50:08,206 [INFO] core.detection.vision_runtime: [VISION] detect() calisiyor -- bu karede 1 tespit: ['KIRMIZI_UCGEN']
QGC port check failed, reporting UNKNOWN: (pid=78659)
2026-09-01 15:50:11,250 [INFO] core.detection.vision_runtime: [VISION] detect() calisiyor -- bu karede 1 tespit: ['KIRMIZI_UCGEN']
2026-09-01 15:50:11,719 [INFO] core.navigation.centering_controller: KIRMIZI_UCGEN hedefine merkezleniyor (irtifa hedefi: 8.0m, irtifa bandi +/-0.30m)...
2026-09-01 15:50:11,719 [INFO] core.navigation.centering_controller: Merkezleme tamamlandi. (attempt 1/150, dx=-2px dy=+0px ex=-0.0031 ey=+0.0000 alt_err=+0.03m)
QGC port check failed, reporting UNKNOWN: (pid=78659)
2026-09-01 15:50:12,143 [INFO] gz_system.main_gz: Dashboard paint loop: 0.0 FPS (main thread)
QGC port check failed, reporting UNKNOWN: (pid=78659)
2026-09-01 15:50:14,304 [INFO] core.detection.vision_runtime: [VISION] detect() calisiyor -- bu karede 1 tespit: ['KIRMIZI_UCGEN']
2026-09-01 15:50:14,800 [INFO] core.mission.gorev2_orchestrator: [POST_LOCK_DRIFT] KIRMIZI_UCGEN 3s: peak=7.0px final=7.0px (19.45cm / 19.45cm), 25 ornek, 0 kayip
2026-09-01 15:50:14,801 [INFO] core.navigation.centering_controller: 2.0 saniye hover yapiliyor (Konum dogrulama)...
QGC port check failed, reporting UNKNOWN: (pid=78659)
2026-09-01 15:50:16,842 [INFO] core.position_log.position_store: Konum basariyla kaydedildi: KIRMIZI_UCGEN (ikinci)
2026-09-01 15:50:16,842 [INFO] core.mission.gorev2_orchestrator: Kirmizi Ucgen ortalandi -- MAVI yuk hemen birakiliyor.
2026-09-01 15:50:16,842 [INFO] core.mission.gorev2_fsm: PAYLOAD MISSION 2 basliyor (Kirmizi Ucgen / BLUE payload)
2026-09-01 15:50:16,842 [INFO] core.navigation.centering_controller: Kayitli GPS konumuna gidiliyor: lat=47.398708199999994, lon=8.5463155, alt=15.0m
2026-09-01 15:50:17,177 [INFO] gz_system.main_gz: Dashboard paint loop: 0.0 FPS (main thread)
2026-09-01 15:50:17,310 [INFO] core.detection.vision_runtime: [VISION] detect() calisiyor -- bu karede 1 tespit: ['KIRMIZI_UCGEN']
QGC port check failed, reporting UNKNOWN: (pid=78659)
QGC port check failed, reporting UNKNOWN: (pid=78659)
2026-09-01 15:50:20,342 [INFO] core.detection.vision_runtime: [VISION] detect() calisiyor -- bu karede 1 tespit: ['KIRMIZI_UCGEN']
2026-09-01 15:50:21,077 [INFO] core.mission.payload_release: Yük bırakma başlatılıyor: KIRMIZI_UCGEN
2026-09-01 15:50:21,078 [INFO] core.navigation.centering_controller: KIRMIZI_UCGEN hedefine merkezleniyor (irtifa hedefi: 10.0m, irtifa bandi +/-0.30m)...
2026-09-01 15:50:21,080 [INFO] core.navigation.centering_controller: [CENTERING] KIRMIZI_UCGEN 1/200 dx=+1px dy=-1px d=0.0m ex=+0.0016 ey=-0.0021 (tol +/-0.010) alt_err=+4.72m -> fwd=+0.00 right=+0.00 down=+0.15 m/s
2026-09-01 15:50:21,681 [INFO] core.navigation.centering_controller: [CENTERING] KIRMIZI_UCGEN 6/200 dx=+1px dy=-3px d=0.1m ex=+0.0016 ey=-0.0063 (tol +/-0.010) alt_err=+4.56m -> fwd=+0.00 right=+0.00 down=+0.90 m/s
QGC port check failed, reporting UNKNOWN: (pid=78659)
2026-09-01 15:50:22,213 [INFO] gz_system.main_gz: Dashboard paint loop: 0.0 FPS (main thread)
2026-09-01 15:50:22,275 [INFO] core.navigation.centering_controller: [CENTERING] KIRMIZI_UCGEN 11/200 dx=+1px dy=-2px d=0.1m ex=+0.0016 ey=-0.0042 (tol +/-0.010) alt_err=+3.90m -> fwd=+0.00 right=+0.00 down=+1.65 m/s
2026-09-01 15:50:22,862 [INFO] core.navigation.centering_controller: [CENTERING] KIRMIZI_UCGEN 16/200 dx=-1px dy=-3px d=0.1m ex=-0.0016 ey=-0.0063 (tol +/-0.010) alt_err=+2.94m -> fwd=+0.00 right=+0.00 down=+1.48 m/s
2026-09-01 15:50:23,442 [INFO] core.detection.vision_runtime: [VISION] detect() calisiyor -- bu karede 1 tespit: ['KIRMIZI_UCGEN']
2026-09-01 15:50:23,444 [INFO] core.navigation.centering_controller: [CENTERING] KIRMIZI_UCGEN 21/200 dx=-2px dy=-3px d=0.1m ex=-0.0031 ey=-0.0063 (tol +/-0.010) alt_err=+2.21m -> fwd=+0.00 right=+0.00 down=+1.11 m/s
QGC port check failed, reporting UNKNOWN: (pid=78659)
2026-09-01 15:50:24,027 [INFO] core.navigation.centering_controller: [CENTERING] KIRMIZI_UCGEN 26/200 dx=+0px dy=-4px d=0.1m ex=+0.0000 ey=-0.0083 (tol +/-0.010) alt_err=+1.56m -> fwd=+0.00 right=+0.00 down=+0.78 m/s
2026-09-01 15:50:24,614 [INFO] core.navigation.centering_controller: [CENTERING] KIRMIZI_UCGEN 31/200 dx=+0px dy=-3px d=0.1m ex=+0.0000 ey=-0.0063 (tol +/-0.010) alt_err=+1.11m -> fwd=+0.00 right=+0.00 down=+0.55 m/s
2026-09-01 15:50:25,195 [INFO] core.navigation.centering_controller: [CENTERING] KIRMIZI_UCGEN 36/200 dx=+0px dy=-2px d=0.0m ex=+0.0000 ey=-0.0042 (tol +/-0.010) alt_err=+0.79m -> fwd=+0.00 right=+0.00 down=+0.39 m/s
2026-09-01 15:50:25,782 [INFO] core.navigation.centering_controller: [CENTERING] KIRMIZI_UCGEN 41/200 dx=-1px dy=-1px d=0.0m ex=-0.0016 ey=-0.0021 (tol +/-0.010) alt_err=+0.58m -> fwd=+0.00 right=+0.00 down=+0.29 m/s
QGC port check failed, reporting UNKNOWN: (pid=78659)
2026-09-01 15:50:26,372 [INFO] core.navigation.centering_controller: [CENTERING] KIRMIZI_UCGEN 46/200 dx=+0px dy=-1px d=0.0m ex=+0.0000 ey=-0.0021 (tol +/-0.010) alt_err=+0.43m -> fwd=+0.00 right=+0.00 down=+0.21 m/s
2026-09-01 15:50:26,486 [INFO] core.detection.vision_runtime: [VISION] detect() calisiyor -- bu karede 1 tespit: ['KIRMIZI_UCGEN']
2026-09-01 15:50:26,958 [INFO] core.navigation.centering_controller: [CENTERING] KIRMIZI_UCGEN 51/200 dx=+1px dy=+0px d=0.0m ex=+0.0016 ey=+0.0000 (tol +/-0.010) alt_err=+0.31m -> fwd=+0.00 right=+0.00 down=+0.16 m/s
2026-09-01 15:50:27,072 [INFO] core.navigation.centering_controller: Merkezleme tamamlandi. (attempt 52/200, dx=+2px dy=+0px ex=+0.0031 ey=+0.0000 alt_err=+0.29m)
2026-09-01 15:50:27,074 [INFO] core.navigation.centering_controller: KIRMIZI_UCGEN hedefine merkezleniyor (irtifa hedefi: 5.0m, irtifa bandi +/-0.30m)...
2026-09-01 15:50:27,075 [INFO] core.navigation.centering_controller: [CENTERING] KIRMIZI_UCGEN 1/200 dx=+2px dy=+0px d=0.0m ex=+0.0031 ey=+0.0000 (tol +/-0.010) alt_err=+5.29m -> fwd=+0.00 right=+0.00 down=+0.15 m/s
2026-09-01 15:50:27,222 [INFO] gz_system.main_gz: Dashboard paint loop: 0.0 FPS (main thread)
2026-09-01 15:50:27,663 [INFO] core.navigation.centering_controller: [CENTERING] KIRMIZI_UCGEN 6/200 dx=+2px dy=+1px d=0.0m ex=+0.0031 ey=+0.0021 (tol +/-0.010) alt_err=+5.17m -> fwd=+0.00 right=+0.00 down=+0.90 m/s
QGC port check failed, reporting UNKNOWN: (pid=78659)
2026-09-01 15:50:28,253 [INFO] core.navigation.centering_controller: [CENTERING] KIRMIZI_UCGEN 11/200 dx=+5px dy=+1px d=0.1m ex=+0.0078 ey=+0.0021 (tol +/-0.010) alt_err=+4.47m -> fwd=+0.00 right=+0.00 down=+1.65 m/s
2026-09-01 15:50:28,845 [INFO] core.navigation.centering_controller: [CENTERING] KIRMIZI_UCGEN 16/200 dx=+5px dy=+0px d=0.1m ex=+0.0078 ey=+0.0000 (tol +/-0.010) alt_err=+3.69m -> fwd=+0.00 right=+0.00 down=+1.84 m/s
2026-09-01 15:50:29,431 [INFO] core.navigation.centering_controller: [CENTERING] KIRMIZI_UCGEN 21/200 dx=+5px dy=+0px d=0.1m ex=+0.0078 ey=+0.0000 (tol +/-0.010) alt_err=+2.76m -> fwd=+0.00 right=+0.00 down=+1.38 m/s
2026-09-01 15:50:29,546 [INFO] core.detection.vision_runtime: [VISION] detect() calisiyor -- bu karede 1 tespit: ['KIRMIZI_UCGEN']
QGC port check failed, reporting UNKNOWN: (pid=78659)
2026-09-01 15:50:30,022 [INFO] core.navigation.centering_controller: [CENTERING] KIRMIZI_UCGEN 26/200 dx=+6px dy=+0px d=0.1m ex=+0.0094 ey=+0.0000 (tol +/-0.010) alt_err=+1.96m -> fwd=+0.00 right=+0.00 down=+0.98 m/s
2026-09-01 15:50:30,617 [INFO] core.navigation.centering_controller: [CENTERING] KIRMIZI_UCGEN 31/200 dx=+10px dy=+0px d=0.1m ex=+0.0156 ey=+0.0000 (tol +/-0.010) alt_err=+1.41m -> fwd=+0.00 right=+0.15 down=+0.70 m/s
2026-09-01 15:50:31,207 [INFO] core.navigation.centering_controller: [CENTERING] KIRMIZI_UCGEN 36/200 dx=+12px dy=+0px d=0.1m ex=+0.0187 ey=+0.0000 (tol +/-0.010) alt_err=+1.01m -> fwd=+0.00 right=+0.15 down=+0.50 m/s
2026-09-01 15:50:31,792 [INFO] core.navigation.centering_controller: [CENTERING] KIRMIZI_UCGEN 41/200 dx=-9px dy=+0px d=0.1m ex=-0.0141 ey=+0.0000 (tol +/-0.010) alt_err=+0.73m -> fwd=+0.00 right=-0.15 down=+0.36 m/s
QGC port check failed, reporting UNKNOWN: (pid=78659)
2026-09-01 15:50:32,235 [INFO] gz_system.main_gz: Dashboard paint loop: 0.0 FPS (main thread)
2026-09-01 15:50:32,386 [INFO] core.navigation.centering_controller: [CENTERING] KIRMIZI_UCGEN 46/200 dx=-18px dy=-2px d=0.2m ex=-0.0281 ey=-0.0042 (tol +/-0.010) alt_err=+0.53m -> fwd=+0.00 right=-0.15 down=+0.26 m/s
2026-09-01 15:50:32,618 [INFO] core.detection.vision_runtime: [VISION] detect() calisiyor -- bu karede 1 tespit: ['KIRMIZI_UCGEN']
2026-09-01 15:50:32,974 [INFO] core.navigation.centering_controller: [CENTERING] KIRMIZI_UCGEN 51/200 dx=-3px dy=-1px d=0.0m ex=-0.0047 ey=-0.0021 (tol +/-0.010) alt_err=+0.41m -> fwd=+0.00 right=+0.00 down=+0.21 m/s
2026-09-01 15:50:33,558 [INFO] core.navigation.centering_controller: [CENTERING] KIRMIZI_UCGEN 56/200 dx=+25px dy=+0px d=0.2m ex=+0.0391 ey=+0.0000 (tol +/-0.010) alt_err=+0.31m -> fwd=+0.00 right=+0.15 down=+0.15 m/s
QGC port check failed, reporting UNKNOWN: (pid=78659)
2026-09-01 15:50:34,146 [INFO] core.navigation.centering_controller: [CENTERING] KIRMIZI_UCGEN 61/200 dx=+11px dy=-1px d=0.1m ex=+0.0172 ey=-0.0021 (tol +/-0.010) alt_err=+0.23m -> fwd=+0.00 right=+0.15 down=+0.12 m/s
2026-09-01 15:50:34,381 [INFO] core.navigation.centering_controller: Merkezleme tamamlandi. (attempt 63/200, dx=+6px dy=+0px ex=+0.0094 ey=+0.0000 alt_err=+0.20m)
2026-09-01 15:50:34,383 [INFO] core.navigation.centering_controller: KIRMIZI_UCGEN hedefine merkezleniyor (irtifa hedefi: 0.45m, irtifa bandi +/-0.05m)...
2026-09-01 15:50:34,384 [INFO] core.navigation.centering_controller: [CENTERING] KIRMIZI_UCGEN 1/200 dx=+6px dy=+0px d=0.1m ex=+0.0094 ey=+0.0000 (tol +/-0.010) alt_err=+4.75m -> fwd=+0.00 right=+0.00 down=+0.15 m/s
2026-09-01 15:50:34,972 [INFO] core.navigation.centering_controller: [CENTERING] KIRMIZI_UCGEN 6/200 dx=-17px dy=+0px d=0.2m ex=-0.0266 ey=+0.0000 (tol +/-0.010) alt_err=+4.59m -> fwd=+0.00 right=-0.15 down=+0.90 m/s
2026-09-01 15:50:35,557 [INFO] core.navigation.centering_controller: [CENTERING] KIRMIZI_UCGEN 11/200 dx=-15px dy=+1px d=0.1m ex=-0.0234 ey=+0.0021 (tol +/-0.010) alt_err=+4.09m -> fwd=+0.00 right=-0.15 down=+1.65 m/s
2026-09-01 15:50:35,673 [INFO] core.detection.vision_runtime: [VISION] detect() calisiyor -- bu karede 1 tespit: ['KIRMIZI_UCGEN']
QGC port check failed, reporting UNKNOWN: (pid=78659)
2026-09-01 15:50:36,143 [INFO] core.navigation.centering_controller: [CENTERING] KIRMIZI_UCGEN 16/200 dx=+1px dy=+3px d=0.0m ex=+0.0016 ey=+0.0063 (tol +/-0.010) alt_err=+3.15m -> fwd=+0.00 right=+0.00 down=+1.58 m/s
2026-09-01 15:50:36,727 [INFO] core.navigation.centering_controller: [CENTERING] KIRMIZI_UCGEN 21/200 dx=+31px dy=+2px d=0.2m ex=+0.0484 ey=+0.0042 (tol +/-0.010) alt_err=+2.28m -> fwd=+0.00 right=+0.15 down=+1.14 m/s
2026-09-01 15:50:37,245 [INFO] gz_system.main_gz: Dashboard paint loop: 0.0 FPS (main thread)
2026-09-01 15:50:37,313 [INFO] core.navigation.centering_controller: [CENTERING] KIRMIZI_UCGEN 26/200 dx=+16px dy=+1px d=0.1m ex=+0.0250 ey=+0.0021 (tol +/-0.010) alt_err=+1.62m -> fwd=+0.00 right=+0.12 down=+0.81 m/s
2026-09-01 15:50:37,904 [INFO] core.navigation.centering_controller: [CENTERING] KIRMIZI_UCGEN 31/200 dx=-20px dy=+54px d=0.2m ex=-0.0305 ey=+0.1115 (tol +/-0.010) alt_err=+1.16m -> fwd=-0.17 right=-0.10 down=+0.58 m/s
QGC port check failed, reporting UNKNOWN: (pid=78659)
2026-09-01 15:50:38,489 [INFO] core.navigation.centering_controller: [CENTERING] KIRMIZI_UCGEN 36/200 dx=-31px dy=+39px d=0.1m ex=-0.0484 ey=+0.0813 (tol +/-0.010) alt_err=+0.83m -> fwd=-0.12 right=-0.08 down=+0.41 m/s
2026-09-01 15:50:38,723 [INFO] core.detection.vision_runtime: [VISION] detect() calisiyor -- bu karede 1 tespit: ['KIRMIZI_UCGEN']
2026-09-01 15:50:39,070 [INFO] core.navigation.centering_controller: [CENTERING] KIRMIZI_UCGEN 41/200 dx=-12px dy=-4px d=0.0m ex=-0.0180 ey=-0.0083 (tol +/-0.010) alt_err=+0.59m -> fwd=+0.00 right=-0.06 down=+0.29 m/s
2026-09-01 15:50:39,663 [INFO] core.navigation.centering_controller: [CENTERING] KIRMIZI_UCGEN 46/200 dx=+11px dy=-34px d=0.1m ex=+0.0172 ey=-0.0708 (tol +/-0.010) alt_err=+0.43m -> fwd=+0.11 right=+0.05 down=+0.22 m/s
QGC port check failed, reporting UNKNOWN: (pid=78659)
2026-09-01 15:50:40,262 [INFO] core.navigation.centering_controller: [CENTERING] KIRMIZI_UCGEN 51/200 dx=+16px dy=-20px d=0.0m ex=+0.0250 ey=-0.0427 (tol +/-0.010) alt_err=+0.32m -> fwd=+0.06 right=+0.05 down=+0.16 m/s
2026-09-01 15:50:40,849 [INFO] core.navigation.centering_controller: [CENTERING] KIRMIZI_UCGEN 56/200 dx=-9px dy=+28px d=0.0m ex=-0.0141 ey=+0.0594 (tol +/-0.010) alt_err=+0.26m -> fwd=-0.09 right=-0.04 down=+0.13 m/s
2026-09-01 15:50:41,438 [INFO] core.navigation.centering_controller: [CENTERING] KIRMIZI_UCGEN 61/200 dx=-28px dy=+40px d=0.1m ex=-0.0437 ey=+0.0823 (tol +/-0.010) alt_err=+0.21m -> fwd=-0.12 right=-0.07 down=+0.10 m/s
2026-09-01 15:50:41,793 [INFO] core.detection.vision_runtime: [VISION] detect() calisiyor -- bu karede 1 tespit: ['KIRMIZI_UCGEN']
2026-09-01 15:50:42,033 [INFO] core.navigation.centering_controller: [CENTERING] KIRMIZI_UCGEN 66/200 dx=-13px dy=-18px d=0.0m ex=-0.0203 ey=-0.0375 (tol +/-0.010) alt_err=+0.16m -> fwd=+0.06 right=-0.04 down=+0.08 m/s
QGC port check failed, reporting UNKNOWN: (pid=78659)
2026-09-01 15:50:42,270 [INFO] gz_system.main_gz: Dashboard paint loop: 0.0 FPS (main thread)
2026-09-01 15:50:42,625 [INFO] core.navigation.centering_controller: [CENTERING] KIRMIZI_UCGEN 71/200 dx=+17px dy=-63px d=0.1m ex=+0.0266 ey=-0.1313 (tol +/-0.010) alt_err=+0.12m -> fwd=+0.20 right=+0.04 down=+0.06 m/s
2026-09-01 15:50:43,218 [INFO] core.navigation.centering_controller: [CENTERING] KIRMIZI_UCGEN 76/200 dx=+29px dy=+18px d=0.0m ex=+0.0453 ey=+0.0365 (tol +/-0.010) alt_err=+0.09m -> fwd=-0.05 right=+0.07 down=+0.05 m/s
2026-09-01 15:50:43,807 [INFO] core.navigation.centering_controller: [CENTERING] KIRMIZI_UCGEN 81/200 dx=-4px dy=+80px d=0.1m ex=-0.0055 ey=+0.1677 (tol +/-0.010) alt_err=+0.06m -> fwd=-0.25 right=+0.00 down=+0.03 m/s
QGC port check failed, reporting UNKNOWN: (pid=78659)
2026-09-01 15:50:44,398 [INFO] core.navigation.centering_controller: [CENTERING] KIRMIZI_UCGEN 86/200 dx=-32px dy=+30px d=0.0m ex=-0.0500 ey=+0.0635 (tol +/-0.010) alt_err=+0.04m -> fwd=-0.10 right=-0.08 down=+0.02 m/s
2026-09-01 15:50:44,878 [INFO] core.detection.vision_runtime: [VISION] detect() calisiyor -- bu karede 1 tespit: ['KIRMIZI_UCGEN']
2026-09-01 15:50:45,002 [INFO] core.navigation.centering_controller: [CENTERING] KIRMIZI_UCGEN 91/200 dx=-2px dy=-53px d=0.0m ex=-0.0023 ey=-0.1104 (tol +/-0.010) alt_err=+0.02m -> fwd=+0.17 right=+0.00 down=+0.01 m/s
2026-09-01 15:50:45,604 [INFO] core.navigation.centering_controller: [CENTERING] KIRMIZI_UCGEN 96/200 dx=+39px dy=-43px d=0.1m ex=+0.0609 ey=-0.0896 (tol +/-0.010) alt_err=+0.02m -> fwd=+0.13 right=+0.09 down=+0.01 m/s
QGC port check failed, reporting UNKNOWN: (pid=78659)
2026-09-01 15:50:46,213 [INFO] core.navigation.centering_controller: [CENTERING] KIRMIZI_UCGEN 101/200 dx=+14px dy=+16px d=0.0m ex=+0.0219 ey=+0.0323 (tol +/-0.010) alt_err=+0.02m -> fwd=-0.05 right=+0.03 down=+0.01 m/s
2026-09-01 15:50:46,810 [INFO] core.navigation.centering_controller: [CENTERING] KIRMIZI_UCGEN 106/200 dx=-48px dy=+37px d=0.1m ex=-0.0758 ey=+0.0771 (tol +/-0.010) alt_err=+0.03m -> fwd=-0.12 right=-0.11 down=+0.01 m/s
2026-09-01 15:50:47,296 [INFO] gz_system.main_gz: Dashboard paint loop: 0.0 FPS (main thread)
2026-09-01 15:50:47,411 [INFO] core.navigation.centering_controller: [CENTERING] KIRMIZI_UCGEN 111/200 dx=-26px dy=+0px d=0.0m ex=-0.0398 ey=+0.0000 (tol +/-0.010) alt_err=+0.01m -> fwd=+0.00 right=-0.06 down=+0.01 m/s
2026-09-01 15:50:47,893 [INFO] core.detection.vision_runtime: [VISION] detect() calisiyor -- bu karede 1 tespit: ['KIRMIZI_UCGEN']
2026-09-01 15:50:48,017 [INFO] core.navigation.centering_controller: [CENTERING] KIRMIZI_UCGEN 116/200 dx=+75px dy=+0px d=0.1m ex=+0.1172 ey=+0.0000 (tol +/-0.010) alt_err=-0.00m -> fwd=+0.00 right=+0.18 down=-0.00 m/s
QGC port check failed, reporting UNKNOWN: (pid=78659)
2026-09-01 15:50:48,623 [INFO] core.navigation.centering_controller: [CENTERING] KIRMIZI_UCGEN 121/200 dx=+67px dy=+0px d=0.1m ex=+0.1047 ey=+0.0000 (tol +/-0.010) alt_err=-0.01m -> fwd=+0.00 right=+0.16 down=-0.00 m/s
2026-09-01 15:50:49,230 [INFO] core.navigation.centering_controller: [CENTERING] KIRMIZI_UCGEN 126/200 dx=-80px dy=+0px d=0.1m ex=-0.1242 ey=+0.0000 (tol +/-0.010) alt_err=-0.02m -> fwd=+0.00 right=-0.19 down=-0.01 m/s
2026-09-01 15:50:49,835 [INFO] core.navigation.centering_controller: [CENTERING] KIRMIZI_UCGEN 131/200 dx=-94px dy=+0px d=0.1m ex=-0.1477 ey=+0.0000 (tol +/-0.010) alt_err=-0.02m -> fwd=+0.00 right=-0.22 down=-0.01 m/s
QGC port check failed, reporting UNKNOWN: (pid=78659)
2026-09-01 15:50:50,449 [INFO] core.navigation.centering_controller: [CENTERING] KIRMIZI_UCGEN 136/200 dx=+56px dy=-8px d=0.0m ex=+0.0875 ey=-0.0167 (tol +/-0.010) alt_err=-0.01m -> fwd=+0.03 right=+0.13 down=-0.01 m/s
2026-09-01 15:50:50,930 [INFO] core.detection.vision_runtime: [VISION] detect() calisiyor -- bu karede 1 tespit: ['KIRMIZI_UCGEN']
2026-09-01 15:50:51,051 [INFO] core.navigation.centering_controller: [CENTERING] KIRMIZI_UCGEN 141/200 dx=+114px dy=-8px d=0.1m ex=+0.1781 ey=-0.0167 (tol +/-0.010) alt_err=-0.00m -> fwd=+0.03 right=+0.27 down=-0.00 m/s
2026-09-01 15:50:51,551 [INFO] core.navigation.centering_controller: [CENTERING] KIRMIZI_UCGEN 145/200 dx=+22px dy=-4px d=0.0m ex=+0.0344 ey=-0.0094 (tol +/-0.010) alt_err=-0.01m -> fwd=+0.00 right=+0.05 down=-0.01 m/s
QGC port check failed, reporting UNKNOWN: (pid=78659)
2026-09-01 15:50:52,160 [INFO] core.navigation.centering_controller: [CENTERING] KIRMIZI_UCGEN 150/200 dx=-127px dy=+0px d=0.1m ex=-0.1984 ey=+0.0000 (tol +/-0.010) alt_err=-0.01m -> fwd=+0.00 right=-0.30 down=-0.01 m/s
2026-09-01 15:50:52,315 [INFO] gz_system.main_gz: Dashboard paint loop: 0.0 FPS (main thread)
2026-09-01 15:50:52,775 [INFO] core.navigation.centering_controller: [CENTERING] KIRMIZI_UCGEN 155/200 dx=-96px dy=+0px d=0.1m ex=-0.1508 ey=+0.0000 (tol +/-0.010) alt_err=-0.01m -> fwd=+0.00 right=-0.23 down=-0.01 m/s
2026-09-01 15:50:53,391 [INFO] core.navigation.centering_controller: [CENTERING] KIRMIZI_UCGEN 160/200 dx=+99px dy=+5px d=0.1m ex=+0.1547 ey=+0.0104 (tol +/-0.010) alt_err=-0.01m -> fwd=-0.02 right=+0.23 down=-0.00 m/s
2026-09-01 15:50:53,993 [INFO] core.detection.vision_runtime: [VISION] detect() calisiyor -- bu karede 1 tespit: ['KIRMIZI_UCGEN']
2026-09-01 15:50:53,996 [INFO] core.navigation.centering_controller: [CENTERING] KIRMIZI_UCGEN 165/200 dx=+124px dy=-0px d=0.1m ex=+0.1945 ey=-0.0010 (tol +/-0.010) alt_err=-0.01m -> fwd=+0.00 right=+0.29 down=-0.00 m/s
QGC port check failed, reporting UNKNOWN: (pid=78659)
2026-09-01 15:50:54,599 [INFO] core.navigation.centering_controller: [CENTERING] KIRMIZI_UCGEN 170/200 dx=-50px dy=+12px d=0.0m ex=-0.0773 ey=+0.0240 (tol +/-0.010) alt_err=-0.00m -> fwd=-0.04 right=-0.12 down=-0.00 m/s
2026-09-01 15:50:55,185 [INFO] core.navigation.centering_controller: [CENTERING] KIRMIZI_UCGEN 175/200 dx=-152px dy=+1px d=0.1m ex=-0.2383 ey=+0.0021 (tol +/-0.010) alt_err=+0.01m -> fwd=+0.00 right=-0.36 down=+0.00 m/s
2026-09-01 15:50:55,780 [INFO] core.navigation.centering_controller: [CENTERING] KIRMIZI_UCGEN 180/200 dx=-34px dy=-0px d=0.0m ex=-0.0523 ey=-0.0010 (tol +/-0.010) alt_err=+0.01m -> fwd=+0.00 right=-0.08 down=+0.01 m/s
QGC port check failed, reporting UNKNOWN: (pid=78659)
2026-09-01 15:50:56,382 [INFO] core.navigation.centering_controller: [CENTERING] KIRMIZI_UCGEN 185/200 dx=+148px dy=-8px d=0.1m ex=+0.2313 ey=-0.0177 (tol +/-0.010) alt_err=+0.01m -> fwd=+0.03 right=+0.35 down=+0.01 m/s
2026-09-01 15:50:56,988 [INFO] core.navigation.centering_controller: [CENTERING] KIRMIZI_UCGEN 190/200 dx=+111px dy=-14px d=0.1m ex=+0.1734 ey=-0.0281 (tol +/-0.010) alt_err=+0.01m -> fwd=+0.04 right=+0.26 down=+0.00 m/s
2026-09-01 15:50:57,106 [INFO] core.detection.vision_runtime: [VISION] detect() calisiyor -- bu karede 1 tespit: ['KIRMIZI_UCGEN']
2026-09-01 15:50:57,335 [INFO] gz_system.main_gz: Dashboard paint loop: 0.0 FPS (main thread)
2026-09-01 15:50:57,597 [INFO] core.navigation.centering_controller: [CENTERING] KIRMIZI_UCGEN 195/200 dx=-109px dy=-6px d=0.1m ex=-0.1703 ey=-0.0135 (tol +/-0.010) alt_err=+0.01m -> fwd=+0.02 right=-0.26 down=+0.00 m/s
QGC port check failed, reporting UNKNOWN: (pid=78659)
2026-09-01 15:50:58,204 [INFO] core.navigation.centering_controller: [CENTERING] KIRMIZI_UCGEN 200/200 dx=-135px dy=+3px d=0.1m ex=-0.2109 ey=+0.0063 (tol +/-0.010) alt_err=+0.01m -> fwd=+0.00 right=-0.32 down=+0.00 m/s
2026-09-01 15:50:58,323 [ERROR] core.navigation.centering_controller: Merkezleme zaman asimina ugradi! (200 deneme / 20.0s butcesi doldu)
2026-09-01 15:50:58,324 [INFO] core.navigation.centering_controller: [AIM_OFFSET_APPLIED] KIRMIZI_UCGEN: montaj (ileri=0.00, sag=-0.04) m, yon=0.5 deg -> tutma noktasi (47.3987073, 8.5463170) olarak otelendi (kuzey -0.00, dogu +0.03 m).
QGC port check failed, reporting UNKNOWN: (pid=78659)
2026-09-01 15:51:00,143 [INFO] core.detection.vision_runtime: [VISION] detect() calisiyor -- bu karede 1 tespit: ['KIRMIZI_UCGEN']
2026-09-01 15:51:00,991 [INFO] core.navigation.centering_controller: [MOUNT_TRANSLATE_DONE] KIRMIZI_UCGEN: kalan 4.1 cm, sure 2.67 s (yakinsadi).
2026-09-01 15:51:00,991 [WARNING] core.navigation.centering_controller: [LOW_ALT_OPEN_LOOP_DESCENT] KIRMIZI_UCGEN: goruntu 0.44m'de kayboldu -- dondurulmus kestirime (47.3987073, 8.5463170, offset=11.4cm @ 0.46m) gore 0.45m'ye alcalmaya devam.
2026-09-01 15:51:00,992 [INFO] core.navigation.centering_controller: [LOW_ALT_OPEN_LOOP_DESCENT] KIRMIZI_UCGEN: 0.444m'ye ulasildi (hedef 0.45m).
2026-09-01 15:51:00,992 [INFO] core.navigation.centering_controller: 0.1m ileri hareket ediliyor (0.3 m/s, 0.3s)...
2026-09-01 15:51:01,356 [INFO] core.mission.payload_release: [RELEASE_OFFSET] KIRMIZI_UCGEN: {'shape_type': 'KIRMIZI_UCGEN', 'altitude_m': 0.445, 'target_visible': True, 'best_known_offset_cm': 7.95, 'best_known_offset_alt_m': 0.444, 'dx_cm': 2.26, 'dy_cm': -12.69, 'offset_cm': 12.89}
2026-09-01 15:51:01,356 [INFO] core.mission.payload_release: [MOUNT_VECTOR_MEASURED] KIRMIZI_UCGEN: {'world_dx': -0.0346, 'world_dy': 0.002, 'gazebo_yaw_deg': 89.84, 'body_forward_m': 0.0019, 'body_right_m': -0.0346} (uygulanan: (0.0, -0.035))
2026-09-01 15:51:01,357 [INFO] gz_system.gz_payload_actuator: Gazebo DetachableJoint tetikleniyor: /payload/detach/blue
I0901 15:51:01.358108 14049662 fork_posix.cc:71] Other threads are currently calling into gRPC, skipping fork() handlers
I0901 15:51:01.416409 14049662 fork_posix.cc:71] Other threads are currently calling into gRPC, skipping fork() handlers
I0901 15:51:01.482272 14049662 fork_posix.cc:71] Other threads are currently calling into gRPC, skipping fork() handlers
I0901 15:51:01.515833 14049662 fork_posix.cc:71] Other threads are currently calling into gRPC, skipping fork() handlers
I0901 15:51:01.569033 14049662 fork_posix.cc:71] Other threads are currently calling into gRPC, skipping fork() handlers
QGC port check failed, reporting UNKNOWN: (pid=78659)
2026-09-01 15:51:02,346 [INFO] gz_system.main_gz: Dashboard paint loop: 0.0 FPS (main thread)
2026-09-01 15:51:02,749 [INFO] gz_system.gz_payload_actuator: Yuk ayrildi (blue), gecikme 1.379 s.
2026-09-01 15:51:02,749 [INFO] core.mission.payload_release: [PAYLOAD_RELEASED] PAYLOAD 2 RELEASED @0.45m
2026-09-01 15:51:03,237 [INFO] core.detection.vision_runtime: [VISION] detect() calisiyor -- bu karede 2 tespit: ['KIRMIZI_UCGEN', 'MAVI_DIKDORTGEN']
QGC port check failed, reporting UNKNOWN: (pid=78659)
2026-09-01 15:51:04,754 [INFO] core.mission.payload_release: [PAYLOAD_FINAL_POSE] KIRMIZI_UCGEN: x=11.485 y=81.856 z=0.040 merkeze 4340.3 cm egim 0.1 deg (HEDEF DISINDA)
2026-09-01 15:51:04,754 [INFO] core.mission.payload_release: Doğrulama işareti aranıyor: MAVI_DIKDORTGEN
2026-09-01 15:51:04,754 [INFO] core.mission.payload_release: Yük bırakma DOĞRULANDI: MAVI_DIKDORTGEN tespit edildi.
2026-09-01 15:51:04,754 [INFO] core.navigation.centering_controller: 1.5m irtifasina tirmaniliyor (goruntuden bagimsiz)...
QGC port check failed, reporting UNKNOWN: (pid=78659)
2026-09-01 15:51:06,308 [INFO] core.detection.vision_runtime: [VISION] detect() calisiyor -- bu karede 2 tespit: ['KIRMIZI_UCGEN', 'MAVI_DIKDORTGEN']
2026-09-01 15:51:06,921 [INFO] core.mission.gorev2_orchestrator: SEARCH COMPLETE: MAVI_ALTIGEN ve KIRMIZI_UCGEN ikisi de kaydedildi. Mission kalici olarak sona erdi, Offboard tek yetkili.
2026-09-01 15:51:07,041 [INFO] core.mission.gorev2_orchestrator: Gorev 2 tamamlandi (Payload Mission 1 + 2 basariyla calisti).
2026-09-01 15:51:07,041 [INFO] core.mission.master_fsm: Görev 2 akışı bitti, doğrudan Görev 3'e geçiliyor...
2026-09-01 15:51:07,041 [INFO] core.mission.gorev3_pickup: Görev 3 Faz 1 (Alma) Başlatıldı.
2026-09-01 15:51:07,041 [INFO] core.mission.gorev3_pickup: Mavi Altıgen konumuna 1.5m irtifada gidiliyor: 47.398222499999996, 8.546232
2026-09-01 15:51:07,041 [INFO] core.navigation.centering_controller: Kayitli GPS konumuna gidiliyor: lat=47.398222499999996, lon=8.546232, alt=1.5m
2026-09-01 15:51:07,362 [INFO] gz_system.main_gz: Dashboard paint loop: 0.0 FPS (main thread)
QGC port check failed, reporting UNKNOWN: (pid=78845)
2026-09-01 15:51:09,424 [INFO] core.detection.vision_runtime: [VISION] detect() calisiyor -- bu karede 0 tespit: []
QGC port check failed, reporting UNKNOWN: (pid=78659)
QGC port check failed, reporting UNKNOWN: (pid=78659)
2026-09-01 15:51:12,385 [INFO] gz_system.main_gz: Dashboard paint loop: 0.0 FPS (main thread)
2026-09-01 15:51:12,432 [INFO] core.detection.vision_runtime: [VISION] detect() calisiyor -- bu karede 0 tespit: []
QGC port check failed, reporting UNKNOWN: (pid=78659)
2026-09-01 15:51:14,750 [INFO] core.mission.gorev3_pickup: Kırmızı Dikdörtgenin uzun kenarına dik hizalanılıyor: 0.7 -> 2.5 derece
2026-09-01 15:51:15,462 [INFO] core.detection.vision_runtime: [VISION] detect() calisiyor -- bu karede 2 tespit: ['MAVI_ALTIGEN', 'KIRMIZI_DIKDORTGEN']
QGC port check failed, reporting UNKNOWN: (pid=78659)
2026-09-01 15:51:16,767 [INFO] core.mission.gorev3_pickup: 1.2m irtifada (gorus dostu) hedefe ortalanıyor...
2026-09-01 15:51:16,767 [INFO] core.navigation.centering_controller: KIRMIZI_DIKDORTGEN hedefine merkezleniyor (irtifa hedefi: 1.2m, irtifa bandi +/-0.30m)...
2026-09-01 15:51:16,769 [INFO] core.navigation.centering_controller: [CENTERING] KIRMIZI_DIKDORTGEN 1/200 dx=+48px dy=-255px d=0.7m ex=+0.0750 ey=-0.5312 (tol +/-0.010) alt_err=+0.35m -> fwd=+0.15 right=+0.11 down=+0.15 m/s
2026-09-01 15:51:17,382 [INFO] core.navigation.centering_controller: [CENTERING] KIRMIZI_DIKDORTGEN 6/200 dx=+45px dy=-235px d=0.7m ex=+0.0703 ey=-0.4896 (tol +/-0.010) alt_err=+0.30m -> fwd=+0.60 right=+0.11 down=+0.15 m/s
2026-09-01 15:51:17,395 [INFO] gz_system.main_gz: Dashboard paint loop: 0.0 FPS (main thread)
2026-09-01 15:51:17,982 [INFO] core.navigation.centering_controller: [CENTERING] KIRMIZI_DIKDORTGEN 11/200 dx=+12px dy=-143px d=0.4m ex=+0.0187 ey=-0.2979 (tol +/-0.010) alt_err=+0.19m -> fwd=+0.46 right=+0.08 down=+0.09 m/s
QGC port check failed, reporting UNKNOWN: (pid=78659)
2026-09-01 15:51:18,578 [INFO] core.detection.vision_runtime: [VISION] detect() calisiyor -- bu karede 0 tespit: []
2026-09-01 15:51:18,579 [WARNING] core.navigation.centering_controller: [CENTERING] KIRMIZI_DIKDORTGEN 16/200 hedef kayboldu (feed canli, hedef bu karede yok)
2026-09-01 15:51:19,177 [INFO] core.navigation.centering_controller: [CENTERING] KIRMIZI_DIKDORTGEN 21/200 dx=-37px dy=+280px d=0.7m ex=-0.0578 ey=+0.5833 (tol +/-0.010) alt_err=+0.11m -> fwd=-0.75 right=-0.09 down=+0.06 m/s
2026-09-01 15:51:19,770 [INFO] core.navigation.centering_controller: [CENTERING] KIRMIZI_DIKDORTGEN 26/200 dx=-26px dy=+295px d=0.7m ex=-0.0406 ey=+0.6146 (tol +/-0.010) alt_err=+0.09m -> fwd=-0.60 right=-0.08 down=+0.04 m/s
QGC port check failed, reporting UNKNOWN: (pid=78659)
2026-09-01 15:51:20,359 [WARNING] core.navigation.centering_controller: [CENTERING] KIRMIZI_DIKDORTGEN 31/200 hedef kayboldu (feed canli, hedef bu karede yok)
2026-09-01 15:51:20,952 [INFO] core.navigation.centering_controller: [CENTERING] KIRMIZI_DIKDORTGEN 36/200 dx=-30px dy=+97px d=0.2m ex=-0.0469 ey=+0.2021 (tol +/-0.010) alt_err=+0.06m -> fwd=-0.30 right=-0.07 down=+0.03 m/s
2026-09-01 15:51:21,544 [INFO] core.navigation.centering_controller: [CENTERING] KIRMIZI_DIKDORTGEN 41/200 dx=-23px dy=+16px d=0.1m ex=-0.0359 ey=+0.0333 (tol +/-0.010) alt_err=+0.04m -> fwd=-0.06 right=-0.07 down=+0.02 m/s
2026-09-01 15:51:21,661 [INFO] core.detection.vision_runtime: [VISION] detect() calisiyor -- bu karede 2 tespit: ['MAVI_ALTIGEN', 'KIRMIZI_DIKDORTGEN']
2026-09-01 15:51:22,134 [INFO] core.navigation.centering_controller: [CENTERING] KIRMIZI_DIKDORTGEN 46/200 dx=-8px dy=+23px d=0.1m ex=-0.0125 ey=+0.0479 (tol +/-0.010) alt_err=+0.03m -> fwd=-0.07 right=-0.07 down=+0.01 m/s
QGC port check failed, reporting UNKNOWN: (pid=78659)
2026-09-01 15:51:22,409 [INFO] gz_system.main_gz: Dashboard paint loop: 0.0 FPS (main thread)
2026-09-01 15:51:22,722 [INFO] core.navigation.centering_controller: [CENTERING] KIRMIZI_DIKDORTGEN 51/200 dx=+12px dy=+55px d=0.1m ex=+0.0187 ey=+0.1146 (tol +/-0.010) alt_err=+0.02m -> fwd=-0.17 right=+0.07 down=+0.01 m/s
2026-09-01 15:51:23,312 [INFO] core.navigation.centering_controller: [CENTERING] KIRMIZI_DIKDORTGEN 56/200 dx=+13px dy=+69px d=0.2m ex=+0.0203 ey=+0.1437 (tol +/-0.010) alt_err=+0.02m -> fwd=-0.22 right=+0.07 down=+0.01 m/s
2026-09-01 15:51:23,916 [INFO] core.navigation.centering_controller: [CENTERING] KIRMIZI_DIKDORTGEN 61/200 dx=-14px dy=+46px d=0.1m ex=-0.0219 ey=+0.0958 (tol +/-0.010) alt_err=+0.00m -> fwd=-0.14 right=-0.07 down=+0.00 m/s
QGC port check failed, reporting UNKNOWN: (pid=78659)
2026-09-01 15:51:24,504 [INFO] core.navigation.centering_controller: [CENTERING] KIRMIZI_DIKDORTGEN 66/200 dx=-20px dy=+16px d=0.1m ex=-0.0312 ey=+0.0333 (tol +/-0.010) alt_err=-0.00m -> fwd=-0.05 right=-0.07 down=-0.00 m/s
2026-09-01 15:51:24,743 [INFO] core.detection.vision_runtime: [VISION] detect() calisiyor -- bu karede 2 tespit: ['MAVI_ALTIGEN', 'KIRMIZI_DIKDORTGEN']
2026-09-01 15:51:25,098 [INFO] core.navigation.centering_controller: [CENTERING] KIRMIZI_DIKDORTGEN 71/200 dx=-5px dy=+9px d=0.0m ex=-0.0078 ey=+0.0187 (tol +/-0.010) alt_err=+0.01m -> fwd=-0.05 right=+0.00 down=+0.00 m/s
2026-09-01 15:51:25,682 [INFO] core.navigation.centering_controller: [CENTERING] KIRMIZI_DIKDORTGEN 76/200 dx=+14px dy=+12px d=0.0m ex=+0.0219 ey=+0.0250 (tol +/-0.010) alt_err=+0.01m -> fwd=-0.05 right=+0.07 down=+0.00 m/s
QGC port check failed, reporting UNKNOWN: (pid=78659)
2026-09-01 15:51:26,279 [INFO] core.navigation.centering_controller: [CENTERING] KIRMIZI_DIKDORTGEN 81/200 dx=+7px dy=+13px d=0.0m ex=+0.0109 ey=+0.0271 (tol +/-0.010) alt_err=+0.01m -> fwd=-0.05 right=+0.07 down=+0.01 m/s
2026-09-01 15:51:26,876 [INFO] core.navigation.centering_controller: [CENTERING] KIRMIZI_DIKDORTGEN 86/200 dx=-21px dy=+13px d=0.1m ex=-0.0328 ey=+0.0271 (tol +/-0.010) alt_err=+0.01m -> fwd=-0.05 right=-0.07 down=+0.01 m/s
2026-09-01 15:51:27,410 [INFO] gz_system.main_gz: Dashboard paint loop: 0.0 FPS (main thread)
2026-09-01 15:51:27,480 [INFO] core.navigation.centering_controller: [CENTERING] KIRMIZI_DIKDORTGEN 91/200 dx=-14px dy=+9px d=0.0m ex=-0.0219 ey=+0.0187 (tol +/-0.010) alt_err=+0.02m -> fwd=-0.05 right=-0.07 down=+0.01 m/s
2026-09-01 15:51:27,831 [INFO] core.detection.vision_runtime: [VISION] detect() calisiyor -- bu karede 2 tespit: ['MAVI_ALTIGEN', 'KIRMIZI_DIKDORTGEN']
2026-09-01 15:51:28,076 [INFO] core.navigation.centering_controller: [CENTERING] KIRMIZI_DIKDORTGEN 96/200 dx=+13px dy=+3px d=0.0m ex=+0.0203 ey=+0.0063 (tol +/-0.010) alt_err=+0.03m -> fwd=+0.00 right=+0.07 down=+0.02 m/s
QGC port check failed, reporting UNKNOWN: (pid=78659)
2026-09-01 15:51:28,674 [INFO] core.navigation.centering_controller: [CENTERING] KIRMIZI_DIKDORTGEN 101/200 dx=+24px dy=-3px d=0.1m ex=+0.0375 ey=-0.0063 (tol +/-0.010) alt_err=+0.02m -> fwd=+0.00 right=+0.07 down=+0.01 m/s
2026-09-01 15:51:29,261 [INFO] core.navigation.centering_controller: Merkezleme tamamlandi. (attempt 106/200, dx=+4px dy=+4px ex=+0.0063 ey=+0.0083 alt_err=+0.01m)
2026-09-01 15:51:29,495 [INFO] core.mission.gorev3_pickup: Kanca hedefin uzerine getiriliyor (govde +0.175m ileri)...
QGC port check failed, reporting UNKNOWN: (pid=78659)
2026-09-01 15:51:30,917 [INFO] core.detection.vision_runtime: [VISION] detect() calisiyor -- bu karede 2 tespit: ['MAVI_ALTIGEN', 'KIRMIZI_DIKDORTGEN']
QGC port check failed, reporting UNKNOWN: (pid=78659)
2026-09-01 15:51:32,416 [INFO] gz_system.main_gz: Dashboard paint loop: 0.0 FPS (main thread)
2026-09-01 15:51:33,560 [INFO] core.mission.gorev3_pickup: 0.9m hizalama irtifasina dikey iniliyor...
2026-09-01 15:51:33,917 [INFO] core.detection.vision_runtime: [VISION] detect() calisiyor -- bu karede 2 tespit: ['MAVI_ALTIGEN', 'KIRMIZI_DIKDORTGEN']
QGC port check failed, reporting UNKNOWN: (pid=78659)
QGC port check failed, reporting UNKNOWN: (pid=78659)
2026-09-01 15:51:37,028 [INFO] core.detection.vision_runtime: [VISION] detect() calisiyor -- bu karede 2 tespit: ['MAVI_ALTIGEN', 'KIRMIZI_DIKDORTGEN']
2026-09-01 15:51:37,426 [INFO] gz_system.main_gz: Dashboard paint loop: 0.0 FPS (main thread)
QGC port check failed, reporting UNKNOWN: (pid=78659)
2026-09-01 15:51:38,586 [INFO] core.mission.gorev3_pickup: [HIZA_KALIBRASYON] goruntu=4.1 cm  gercek=4.6 cm  irtifa=0.95 m
2026-09-01 15:51:38,586 [INFO] core.mission.gorev3_pickup: [GORUNTU] kanca yukun ortasinda: sapma 4.1 cm (tol 5 cm).
2026-09-01 15:51:40,120 [INFO] core.detection.vision_runtime: [VISION] detect() calisiyor -- bu karede 2 tespit: ['MAVI_ALTIGEN', 'KIRMIZI_DIKDORTGEN']
QGC port check failed, reporting UNKNOWN: (pid=78659)
2026-09-01 15:51:40,603 [INFO] core.mission.visual_alignment: [GORSEL_HIZA_TANI] it=1 alt_m=0.952 focal_px=539.94 depth_img_m=0.9413 depth_tel_m=0.932 depth_used_m=0.9413 depth_src=image u=647.95 v=611.6 radius_px=13.34 long_px=82.45 conf=0.998 method=payload-topface-deshadow yaw_deg=2.5 body_fwd_m=-0.1444 body_right_m=0.0139 hook_off_n=-0.0901 hook_off_e=-0.0028 err_raw_m=0.0558 truth_lateral_m=0.0511
2026-09-01 15:51:40,737 [INFO] core.mission.visual_alignment: [GORSEL_HIZA_TANI] it=2 alt_m=0.95 focal_px=539.94 depth_img_m=0.9393 depth_tel_m=0.93 depth_used_m=0.9393 depth_src=image u=646.72 v=610.69 radius_px=13.36 long_px=82.63 conf=0.999 method=payload-topface-deshadow yaw_deg=2.51 body_fwd_m=-0.1424 body_right_m=0.0117 hook_off_n=-0.09 hook_off_e=-0.0029 err_raw_m=0.0534 truth_lateral_m=0.0492
2026-09-01 15:51:40,873 [INFO] core.mission.visual_alignment: [GORSEL_HIZA_TANI] it=3 alt_m=0.949 focal_px=539.94 depth_img_m=0.9305 depth_tel_m=0.929 depth_used_m=0.9305 depth_src=image u=645.57 v=609.91 radius_px=13.49 long_px=83.4 conf=1.0 method=payload-topface-deshadow yaw_deg=2.51 body_fwd_m=-0.1389 body_right_m=0.0096 hook_off_n=-0.0899 hook_off_e=-0.0031 err_raw_m=0.0497 truth_lateral_m=0.0476
2026-09-01 15:51:42,156 [INFO] core.mission.visual_alignment: [GORSEL_HIZA_TANI] it=4 alt_m=0.94 focal_px=539.94 depth_img_m=0.9317 depth_tel_m=0.92 depth_used_m=0.9317 depth_src=image u=637.1 v=606.01 radius_px=13.47 long_px=83.3 conf=1.0 method=payload-topface-deshadow yaw_deg=2.53 body_fwd_m=-0.1324 body_right_m=-0.005 hook_off_n=-0.0902 hook_off_e=-0.0031 err_raw_m=0.0426 truth_lateral_m=0.0383
QGC port check failed, reporting UNKNOWN: (pid=78659)
2026-09-01 15:51:42,428 [INFO] gz_system.main_gz: Dashboard paint loop: 0.0 FPS (main thread)
2026-09-01 15:51:43,223 [INFO] core.detection.vision_runtime: [VISION] detect() calisiyor -- bu karede 2 tespit: ['MAVI_ALTIGEN', 'KIRMIZI_DIKDORTGEN']
2026-09-01 15:51:43,482 [INFO] core.mission.visual_alignment: [GORSEL_HIZA_TANI] it=5 alt_m=0.936 focal_px=539.94 depth_img_m=0.9409 depth_tel_m=0.916 depth_used_m=0.9409 depth_src=image u=630.28 v=585.34 radius_px=13.34 long_px=82.49 conf=1.0 method=payload-topface-deshadow yaw_deg=2.51 body_fwd_m=-0.0986 body_right_m=-0.0169 hook_off_n=-0.0901 hook_off_e=-0.003 err_raw_m=0.0198 truth_lateral_m=0.0189
QGC port check failed, reporting UNKNOWN: (pid=78659)
2026-09-01 15:51:44,798 [INFO] core.mission.visual_alignment: [GORSEL_HIZA_TANI] it=6 alt_m=0.959 focal_px=539.94 depth_img_m=0.9428 depth_tel_m=0.939 depth_used_m=0.9428 depth_src=image u=624.25 v=567.39 radius_px=13.31 long_px=82.32 conf=0.999 method=payload-topface-deshadow yaw_deg=2.51 body_fwd_m=-0.0676 body_right_m=-0.0275 hook_off_n=-0.0897 hook_off_e=-0.003 err_raw_m=0.0361 truth_lateral_m=0.0333
2026-09-01 15:51:44,798 [INFO] core.mission.visual_alignment: [GORSEL_HIZA] yakinsadi: 21.7 mm, 6 iterasyon, 6 tespit, 0.074 m hareket
2026-09-01 15:51:44,798 [INFO] core.mission.gorev3_pickup: [GORSEL_HIZA] converged: son hata=21.7 mm, 6 iterasyon, 6 tespit, 0.074 m hareket
2026-09-01 15:51:44,798 [INFO] core.mission.gorev3_pickup: [GORSEL_HIZA] yuva GORUNTUDEN olculdu: NED=(53.137, 5.165)
2026-09-01 15:51:44,798 [INFO] core.mission.gorev3_pickup: Vinc salinacak (hedef irtifa 0.30 m icin) -- ARAC HALA 0.96 m'de, kanca serbest asili kalacak.
2026-09-01 15:51:44,798 [INFO] gz_system.gz_payload_actuator: [HOOK] vinc salimi: 0.330 m  (irtifa=0.300 m, guverte=0.070, zincir ofseti=0.060, pay=0.040)
2026-09-01 15:51:44,798 [INFO] gz_system.gz_payload_actuator: [HOOK] vinc -> 0.33 m
I0901 15:51:44.799432 14049662 fork_posix.cc:71] Other threads are currently calling into gRPC, skipping fork() handlers
2026-09-01 15:51:46,232 [INFO] core.detection.vision_runtime: [VISION] detect() calisiyor -- bu karede 2 tespit: ['MAVI_ALTIGEN', 'KIRMIZI_DIKDORTGEN']
QGC port check failed, reporting UNKNOWN: (pid=78659)
2026-09-01 15:51:47,443 [INFO] gz_system.main_gz: Dashboard paint loop: 0.0 FPS (main thread)
QGC port check failed, reporting UNKNOWN: (pid=78659)
2026-09-01 15:51:49,307 [INFO] core.detection.vision_runtime: [VISION] detect() calisiyor -- bu karede 1 tespit: ['KIRMIZI_DIKDORTGEN']
2026-09-01 15:51:49,951 [INFO] core.mission.gorev3_pickup: [SON_DUZELTME] 1/6 yanal 14.3 mm -> (kuzey -0.000, dogu +0.007)  | kanca_ofset=(-0.0896, -0.0032) arac_ned=(53.2270, 5.1538) kanca_mutlak=(53.1374, 5.1506)
QGC port check failed, reporting UNKNOWN: (pid=78659)
QGC port check failed, reporting UNKNOWN: (pid=78659)
2026-09-01 15:51:52,376 [INFO] core.detection.vision_runtime: [VISION] detect() calisiyor -- bu karede 1 tespit: ['KIRMIZI_DIKDORTGEN']
2026-09-01 15:51:52,463 [INFO] gz_system.main_gz: Dashboard paint loop: 0.0 FPS (main thread)
2026-09-01 15:51:53,247 [INFO] core.mission.gorev3_pickup: [SON_DUZELTME] 2/6 yanal 20.0 mm -> (kuzey +0.004, dogu -0.009)  | kanca_ofset=(-0.0893, -0.0021) arac_ned=(53.2176, 5.1851) kanca_mutlak=(53.1282, 5.1830)
QGC port check failed, reporting UNKNOWN: (pid=78659)
2026-09-01 15:51:55,497 [INFO] core.detection.vision_runtime: [VISION] detect() calisiyor -- bu karede 1 tespit: ['KIRMIZI_DIKDORTGEN']
2026-09-01 15:51:55,855 [INFO] core.mission.gorev3_pickup: [SON_DUZELTME] 3/6 yanal 14.3 mm -> (kuzey +0.005, dogu -0.005)  | kanca_ofset=(-0.0904, -0.0023) arac_ned=(53.2170, 5.1775) kanca_mutlak=(53.1266, 5.1752)
QGC port check failed, reporting UNKNOWN: (pid=78659)
2026-09-01 15:51:57,466 [INFO] gz_system.main_gz: Dashboard paint loop: 0.0 FPS (main thread)
QGC port check failed, reporting UNKNOWN: (pid=78659)
2026-09-01 15:51:58,362 [INFO] core.mission.gorev3_pickup: [SON_DUZELTME] 4/6 yanal 15.7 mm -> (kuzey -0.003, dogu -0.007)  | kanca_ofset=(-0.0902, -0.0019) arac_ned=(53.2334, 5.1810) kanca_mutlak=(53.1432, 5.1791)
2026-09-01 15:51:58,606 [INFO] core.detection.vision_runtime: [VISION] detect() calisiyor -- bu karede 1 tespit: ['KIRMIZI_DIKDORTGEN']
QGC port check failed, reporting UNKNOWN: (pid=78659)
2026-09-01 15:52:00,975 [INFO] core.mission.gorev3_pickup: [SON_DUZELTME] 5/6 yanal 31.9 mm -> (kuzey +0.014, dogu -0.007)  | kanca_ofset=(-0.0925, -0.0020) arac_ned=(53.2006, 5.1812) kanca_mutlak=(53.1081, 5.1792)
2026-09-01 15:52:01,675 [INFO] core.detection.vision_runtime: [VISION] detect() calisiyor -- bu karede 1 tespit: ['KIRMIZI_DIKDORTGEN']
QGC port check failed, reporting UNKNOWN: (pid=78659)
2026-09-01 15:52:02,502 [INFO] gz_system.main_gz: Dashboard paint loop: 0.0 FPS (main thread)
2026-09-01 15:52:03,559 [INFO] core.mission.gorev3_pickup: [SON_DUZELTME] 6/6 yanal 25.4 mm -> (kuzey +0.001, dogu +0.013)  | kanca_ofset=(-0.0889, -0.0040) arac_ned=(53.2242, 5.1435) kanca_mutlak=(53.1353, 5.1395)
QGC port check failed, reporting UNKNOWN: (pid=78659)
2026-09-01 15:52:04,749 [INFO] core.detection.vision_runtime: [VISION] detect() calisiyor -- bu karede 1 tespit: ['KIRMIZI_DIKDORTGEN']
2026-09-01 15:52:06,173 [WARNING] core.mission.gorev3_pickup: [SON_DUZELTME] butce doldu; son yanal 25.4 mm
2026-09-01 15:52:06,173 [INFO] core.mission.gorev3_pickup: [KANCA_DENGE] INIS ONCESI irtifa=0.943 m kanca_ofset=(-0.0899, -0.0010)
2026-09-01 15:52:06,173 [INFO] core.mission.gorev3_pickup: Hizalandi -- 0.30 m alma irtifasina SAF DIKEY iniliyor (yanal hareket yok).
2026-09-01 15:52:06,174 [INFO] core.mission.gorev3_pickup: [KANCA_IZ] t=0.00 alt=0.943 off_n=-0.0899 off_e=-0.0011 nose_z=+0.6644
2026-09-01 15:52:06,287 [INFO] core.mission.gorev3_pickup: [KANCA_IZ] t=0.11 alt=0.944 off_n=-0.0901 off_e=-0.0013 nose_z=+0.6575
QGC port check failed, reporting UNKNOWN: (pid=78659)
2026-09-01 15:52:06,407 [INFO] core.mission.gorev3_pickup: [KANCA_IZ] t=0.23 alt=0.922 off_n=-0.0904 off_e=-0.0015 nose_z=+0.6199
2026-09-01 15:52:06,524 [INFO] core.mission.gorev3_pickup: [KANCA_IZ] t=0.35 alt=0.877 off_n=-0.0902 off_e=-0.0024 nose_z=+0.5633
2026-09-01 15:52:06,646 [INFO] core.mission.gorev3_pickup: [KANCA_IZ] t=0.47 alt=0.817 off_n=-0.0896 off_e=-0.0038 nose_z=+0.5030
2026-09-01 15:52:06,763 [INFO] core.mission.gorev3_pickup: [KANCA_IZ] t=0.59 alt=0.703 off_n=-0.0889 off_e=-0.0048 nose_z=+0.4467
2026-09-01 15:52:06,881 [INFO] core.mission.gorev3_pickup: [KANCA_IZ] t=0.71 alt=0.658 off_n=-0.0886 off_e=-0.0050 nose_z=+0.3972
2026-09-01 15:52:06,996 [INFO] core.mission.gorev3_pickup: [KANCA_IZ] t=0.82 alt=0.615 off_n=-0.0887 off_e=-0.0043 nose_z=+0.3496
2026-09-01 15:52:07,112 [INFO] core.mission.gorev3_pickup: [KANCA_IZ] t=0.94 alt=0.583 off_n=-0.0892 off_e=-0.0035 nose_z=+0.3147
2026-09-01 15:52:07,228 [INFO] core.mission.gorev3_pickup: [KANCA_IZ] t=1.05 alt=0.552 off_n=-0.0897 off_e=-0.0030 nose_z=+0.2853
2026-09-01 15:52:07,347 [INFO] core.mission.gorev3_pickup: [KANCA_IZ] t=1.17 alt=0.529 off_n=-0.0900 off_e=-0.0028 nose_z=+0.2611
2026-09-01 15:52:07,463 [INFO] core.mission.gorev3_pickup: [KANCA_IZ] t=1.29 alt=0.492 off_n=-0.0901 off_e=-0.0029 nose_z=+0.2402
2026-09-01 15:52:07,542 [INFO] gz_system.main_gz: Dashboard paint loop: 0.0 FPS (main thread)
2026-09-01 15:52:07,585 [INFO] core.mission.gorev3_pickup: [KANCA_IZ] t=1.41 alt=0.475 off_n=-0.0901 off_e=-0.0033 nose_z=+0.2215
2026-09-01 15:52:07,703 [INFO] core.mission.gorev3_pickup: [KANCA_IZ] t=1.53 alt=0.461 off_n=-0.0901 off_e=-0.0036 nose_z=+0.2036
2026-09-01 15:52:07,818 [INFO] core.detection.vision_runtime: [VISION] detect() calisiyor -- bu karede 1 tespit: ['KIRMIZI_DIKDORTGEN']
2026-09-01 15:52:07,818 [INFO] core.mission.gorev3_pickup: [KANCA_IZ] t=1.64 alt=0.447 off_n=-0.0901 off_e=-0.0036 nose_z=+0.1894
2026-09-01 15:52:07,941 [INFO] core.mission.gorev3_pickup: [KANCA_IZ] t=1.77 alt=0.435 off_n=-0.0902 off_e=-0.0034 nose_z=+0.1781
2026-09-01 15:52:08,057 [INFO] core.mission.gorev3_pickup: [KANCA_IZ] t=1.88 alt=0.416 off_n=-0.0902 off_e=-0.0031 nose_z=+0.1682
2026-09-01 15:52:08,177 [INFO] core.mission.gorev3_pickup: [KANCA_IZ] t=2.00 alt=0.409 off_n=-0.0903 off_e=-0.0028 nose_z=+0.1598
2026-09-01 15:52:08,293 [INFO] core.mission.gorev3_pickup: [KANCA_IZ] t=2.12 alt=0.404 off_n=-0.0902 off_e=-0.0025 nose_z=+0.1527
QGC port check failed, reporting UNKNOWN: (pid=78659)
2026-09-01 15:52:08,408 [INFO] core.mission.gorev3_pickup: [KANCA_IZ] t=2.23 alt=0.400 off_n=-0.0903 off_e=-0.0025 nose_z=+0.1464
2026-09-01 15:52:08,535 [INFO] core.mission.gorev3_pickup: [KANCA_IZ] t=2.36 alt=0.396 off_n=-0.0905 off_e=-0.0028 nose_z=+0.1407
2026-09-01 15:52:08,650 [INFO] core.mission.gorev3_pickup: [KANCA_IZ] t=2.48 alt=0.392 off_n=-0.0909 off_e=-0.0032 nose_z=+0.1350
2026-09-01 15:52:08,766 [INFO] core.mission.gorev3_pickup: [KANCA_IZ] t=2.59 alt=0.385 off_n=-0.0911 off_e=-0.0035 nose_z=+0.1302
2026-09-01 15:52:08,883 [INFO] core.mission.gorev3_pickup: [KANCA_IZ] t=2.71 alt=0.382 off_n=-0.0911 off_e=-0.0032 nose_z=+0.1259
2026-09-01 15:52:08,997 [INFO] core.mission.gorev3_pickup: [KANCA_IZ] t=2.82 alt=0.379 off_n=-0.0907 off_e=-0.0026 nose_z=+0.1221
2026-09-01 15:52:09,113 [INFO] core.mission.gorev3_pickup: [KANCA_IZ] t=2.94 alt=0.377 off_n=-0.0901 off_e=-0.0019 nose_z=+0.1186
2026-09-01 15:52:09,228 [INFO] core.mission.gorev3_pickup: [KANCA_IZ] t=3.05 alt=0.374 off_n=-0.0897 off_e=-0.0014 nose_z=+0.1155
2026-09-01 15:52:09,346 [INFO] core.mission.gorev3_pickup: [KANCA_IZ] t=3.17 alt=0.373 off_n=-0.0894 off_e=-0.0014 nose_z=+0.1127
2026-09-01 15:52:09,461 [INFO] core.mission.gorev3_pickup: [KANCA_IZ] t=3.29 alt=0.370 off_n=-0.0895 off_e=-0.0017 nose_z=+0.1101
2026-09-01 15:52:09,578 [INFO] core.mission.gorev3_pickup: [KANCA_IZ] t=3.40 alt=0.368 off_n=-0.0896 off_e=-0.0021 nose_z=+0.1077
2026-09-01 15:52:09,696 [INFO] core.mission.gorev3_pickup: [KANCA_IZ] t=3.52 alt=0.366 off_n=-0.0897 off_e=-0.0025 nose_z=+0.1055
2026-09-01 15:52:09,815 [INFO] core.mission.gorev3_pickup: [KANCA_IZ] t=3.64 alt=0.364 off_n=-0.0897 off_e=-0.0028 nose_z=+0.1035
2026-09-01 15:52:09,930 [INFO] core.mission.gorev3_pickup: [KANCA_IZ] t=3.76 alt=0.363 off_n=-0.0896 off_e=-0.0028 nose_z=+0.1019
2026-09-01 15:52:10,053 [INFO] core.mission.gorev3_pickup: [KANCA_IZ] t=3.88 alt=0.362 off_n=-0.0895 off_e=-0.0026 nose_z=+0.1004
2026-09-01 15:52:10,169 [INFO] core.mission.gorev3_pickup: [KANCA_IZ] t=3.99 alt=0.362 off_n=-0.0896 off_e=-0.0022 nose_z=+0.0988
2026-09-01 15:52:10,284 [INFO] core.mission.gorev3_pickup: [KANCA_IZ] t=4.11 alt=0.362 off_n=-0.0900 off_e=-0.0018 nose_z=+0.0973
QGC port check failed, reporting UNKNOWN: (pid=78659)
2026-09-01 15:52:10,404 [INFO] core.mission.gorev3_pickup: [KANCA_IZ] t=4.23 alt=0.361 off_n=-0.0903 off_e=-0.0017 nose_z=+0.0961
2026-09-01 15:52:10,519 [INFO] core.mission.gorev3_pickup: [KANCA_IZ] t=4.34 alt=0.361 off_n=-0.0906 off_e=-0.0022 nose_z=+0.0944
2026-09-01 15:52:10,647 [INFO] core.mission.gorev3_pickup: [KANCA_IZ] t=4.47 alt=0.361 off_n=-0.0906 off_e=-0.0028 nose_z=+0.0929
2026-09-01 15:52:10,766 [INFO] core.mission.gorev3_pickup: [KANCA_IZ] t=4.59 alt=0.361 off_n=-0.0902 off_e=-0.0035 nose_z=+0.0914
2026-09-01 15:52:10,886 [INFO] core.detection.vision_runtime: [VISION] detect() calisiyor -- bu karede 1 tespit: ['KIRMIZI_DIKDORTGEN']
2026-09-01 15:52:10,886 [INFO] core.mission.gorev3_pickup: [KANCA_IZ] t=4.71 alt=0.361 off_n=-0.0898 off_e=-0.0039 nose_z=+0.0896
2026-09-01 15:52:11,006 [INFO] core.mission.gorev3_pickup: [KANCA_IZ] t=4.83 alt=0.360 off_n=-0.0896 off_e=-0.0040 nose_z=+0.0876
2026-09-01 15:52:11,126 [INFO] core.mission.gorev3_pickup: [KANCA_IZ] t=4.95 alt=0.359 off_n=-0.0900 off_e=-0.0038 nose_z=+0.0857
2026-09-01 15:52:11,245 [INFO] core.mission.gorev3_pickup: [KANCA_IZ] t=5.07 alt=0.358 off_n=-0.0904 off_e=-0.0033 nose_z=+0.0838
2026-09-01 15:52:11,365 [INFO] core.mission.gorev3_pickup: [KANCA_IZ] t=5.19 alt=0.355 off_n=-0.0907 off_e=-0.0026 nose_z=+0.0819
2026-09-01 15:52:11,488 [INFO] core.mission.gorev3_pickup: [KANCA_IZ] t=5.31 alt=0.354 off_n=-0.0903 off_e=-0.0021 nose_z=+0.0802
2026-09-01 15:52:11,606 [INFO] core.mission.gorev3_pickup: [KANCA_IZ] t=5.43 alt=0.352 off_n=-0.0897 off_e=-0.0018 nose_z=+0.0787
2026-09-01 15:52:11,724 [INFO] core.mission.gorev3_pickup: [KANCA_IZ] t=5.55 alt=0.352 off_n=-0.0891 off_e=-0.0017 nose_z=+0.0772
2026-09-01 15:52:11,847 [INFO] core.mission.gorev3_pickup: [KANCA_IZ] t=5.67 alt=0.351 off_n=-0.0889 off_e=-0.0020 nose_z=+0.0761
2026-09-01 15:52:11,963 [INFO] core.mission.gorev3_pickup: [KANCA_IZ] t=5.79 alt=0.349 off_n=-0.0891 off_e=-0.0023 nose_z=+0.0750
2026-09-01 15:52:12,081 [INFO] core.mission.gorev3_pickup: [KANCA_IZ] t=5.91 alt=0.348 off_n=-0.0896 off_e=-0.0026 nose_z=+0.0740
2026-09-01 15:52:12,198 [INFO] core.mission.gorev3_pickup: [KANCA_IZ] t=6.02 alt=0.347 off_n=-0.0901 off_e=-0.0026 nose_z=+0.0733
2026-09-01 15:52:12,199 [INFO] core.mission.gorev3_pickup: Yük alma mekanizması aktifleşiyor...
2026-09-01 15:52:12,199 [INFO] core.mission.gorev3_pickup: [KANCA_DENGE] INIS SONRASI irtifa=0.347 m kanca_ofset=(-0.0901, -0.0026)  ->  DEGISIM=(-0.2, -1.6) mm  |1.6 mm|
2026-09-01 15:52:12,199 [INFO] gz_system.gz_payload_actuator: [HOOK] alma denemesi 1/3
2026-09-01 15:52:12,200 [INFO] gz_system.gz_payload_actuator: [HOOK] vinc salimi: 0.350 m  (irtifa=0.347 m, guverte=0.070, zincir ofseti=0.060, pay=0.040)
2026-09-01 15:52:12,200 [WARNING] gz_system.gz_payload_actuator: [HOOK] VINC DOYUMU: hesaplanan salim 0.377 m, fiziksel sinir 0.350 m -- 27.0 mm KIRPILDI. Bu irtifada (0.347 m) MARGIN=0.040 ETKISIZ: bu irtifanin uzerinde formulun ciktisi ne olursa olsun salim 0.350 m'de kaliyor. MARGIN'in etkili oldugu ust irtifa siniri 0.320 m. (Fiziksel erisim tavani AYRI bir sayi ve CHAIN_OFFSET'e bagli; o sabit su an tartismali -- SDF geometrisi 0.04236, kayitli kalibrasyon 0.060 diyor -- bu yuzden burada kasten yazilmiyor.)
2026-09-01 15:52:12,200 [INFO] gz_system.gz_payload_actuator: [HOOK] vinc -> 0.35 m
I0901 15:52:12.201075 14049662 fork_posix.cc:71] Other threads are currently calling into gRPC, skipping fork() handlers
2026-09-01 15:52:12,318 [INFO] core.mission.gorev3_pickup: [KANCA_IZ] t=6.14 alt=0.346 off_n=-0.0905 off_e=-0.0024 nose_z=+0.0727
QGC port check failed, reporting UNKNOWN: (pid=78994)
2026-09-01 15:52:12,440 [INFO] core.mission.gorev3_pickup: [KANCA_IZ] t=6.27 alt=0.346 off_n=-0.0906 off_e=-0.0019 nose_z=+0.0722
2026-09-01 15:52:12,558 [INFO] core.mission.gorev3_pickup: [KANCA_IZ] t=6.38 alt=0.347 off_n=-0.0904 off_e=-0.0022 nose_z=+0.0716
2026-09-01 15:52:12,567 [INFO] gz_system.main_gz: Dashboard paint loop: 0.0 FPS (main thread)
2026-09-01 15:52:12,676 [INFO] core.mission.gorev3_pickup: [KANCA_IZ] t=6.50 alt=0.348 off_n=-0.0903 off_e=-0.0029 nose_z=+0.0711
2026-09-01 15:52:12,793 [INFO] core.mission.gorev3_pickup: [KANCA_IZ] t=6.62 alt=0.349 off_n=-0.0906 off_e=-0.0035 nose_z=+0.0703
2026-09-01 15:52:12,910 [INFO] core.mission.gorev3_pickup: [KANCA_IZ] t=6.74 alt=0.350 off_n=-0.0912 off_e=-0.0031 nose_z=+0.0694
2026-09-01 15:52:13,026 [INFO] core.mission.gorev3_pickup: [KANCA_IZ] t=6.85 alt=0.351 off_n=-0.0919 off_e=-0.0018 nose_z=+0.0682
2026-09-01 15:52:13,143 [INFO] core.mission.gorev3_pickup: [KANCA_IZ] t=6.97 alt=0.352 off_n=-0.0924 off_e=-0.0005 nose_z=+0.0671
2026-09-01 15:52:13,260 [INFO] core.mission.gorev3_pickup: [KANCA_IZ] t=7.09 alt=0.352 off_n=-0.0934 off_e=+0.0014 nose_z=+0.0656
2026-09-01 15:52:13,266 [INFO] gz_system.gz_payload_actuator: [HOOK] APPROACHING  lat=  43.9mm ins=  +10.7mm tilt=  1.8deg v=  infm/s age=0.00s  [lateral(43.9mm>10.2mm), rel_speed(inf>0.05m/s)]
2026-09-01 15:52:13,378 [INFO] core.mission.gorev3_pickup: [KANCA_IZ] t=7.20 alt=0.352 off_n=-0.0954 off_e=+0.0041 nose_z=+0.0556
2026-09-01 15:52:13,493 [INFO] core.mission.gorev3_pickup: [KANCA_IZ] t=7.32 alt=0.352 off_n=-0.0983 off_e=+0.0070 nose_z=+0.0476
2026-09-01 15:52:13,609 [INFO] core.mission.gorev3_pickup: [KANCA_IZ] t=7.43 alt=0.350 off_n=-0.1014 off_e=+0.0099 nose_z=+0.0437
2026-09-01 15:52:13,726 [INFO] core.mission.gorev3_pickup: [KANCA_IZ] t=7.55 alt=0.349 off_n=-0.1040 off_e=+0.0125 nose_z=+0.0415
2026-09-01 15:52:13,843 [INFO] core.mission.gorev3_pickup: [KANCA_IZ] t=7.67 alt=0.347 off_n=-0.1068 off_e=+0.0156 nose_z=+0.0400
2026-09-01 15:52:13,960 [INFO] core.detection.vision_runtime: [VISION] detect() calisiyor -- bu karede 1 tespit: ['KIRMIZI_DIKDORTGEN']
2026-09-01 15:52:13,961 [INFO] core.mission.gorev3_pickup: [KANCA_IZ] t=7.79 alt=0.344 off_n=-0.1091 off_e=+0.0189 nose_z=+0.0392
2026-09-01 15:52:14,077 [INFO] core.mission.gorev3_pickup: [KANCA_IZ] t=7.90 alt=0.343 off_n=-0.1119 off_e=+0.0229 nose_z=+0.0390
2026-09-01 15:52:14,194 [INFO] core.mission.gorev3_pickup: [KANCA_IZ] t=8.02 alt=0.342 off_n=-0.1147 off_e=+0.0267 nose_z=+0.0393
2026-09-01 15:52:14,316 [INFO] core.mission.gorev3_pickup: [KANCA_IZ] t=8.14 alt=0.341 off_n=-0.1185 off_e=+0.0309 nose_z=+0.0397
2026-09-01 15:52:14,317 [INFO] gz_system.gz_payload_actuator: [HOOK] APPROACHING  lat=  42.1mm ins=  +36.3mm tilt= 12.8deg v=0.025m/s age=0.03s  [lateral(42.1mm>10.2mm), too_deep(+36.3mm>+19.9mm)]
QGC port check failed, reporting UNKNOWN: (pid=78994)
2026-09-01 15:52:14,432 [INFO] core.mission.gorev3_pickup: [KANCA_IZ] t=8.26 alt=0.341 off_n=-0.1225 off_e=+0.0353 nose_z=+0.0403
2026-09-01 15:52:14,555 [INFO] core.mission.gorev3_pickup: [KANCA_IZ] t=8.38 alt=0.339 off_n=-0.1253 off_e=+0.0397 nose_z=+0.0410
2026-09-01 15:52:14,670 [INFO] core.mission.gorev3_pickup: [KANCA_IZ] t=8.50 alt=0.338 off_n=-0.1263 off_e=+0.0441 nose_z=+0.0417
2026-09-01 15:52:14,789 [INFO] core.mission.gorev3_pickup: [KANCA_IZ] t=8.61 alt=0.336 off_n=-0.1266 off_e=+0.0481 nose_z=+0.0425
2026-09-01 15:52:14,906 [INFO] core.mission.gorev3_pickup: [KANCA_IZ] t=8.73 alt=0.335 off_n=-0.1273 off_e=+0.0520 nose_z=+0.0438
2026-09-01 15:52:15,025 [INFO] core.mission.gorev3_pickup: [KANCA_IZ] t=8.85 alt=0.334 off_n=-0.1290 off_e=+0.0552 nose_z=+0.0454
2026-09-01 15:52:15,145 [INFO] core.mission.gorev3_pickup: [KANCA_IZ] t=8.97 alt=0.334 off_n=-0.1305 off_e=+0.0580 nose_z=+0.0471
2026-09-01 15:52:15,261 [INFO] core.mission.gorev3_pickup: [KANCA_IZ] t=9.09 alt=0.336 off_n=-0.1309 off_e=+0.0600 nose_z=+0.0486
2026-09-01 15:52:15,380 [INFO] core.mission.gorev3_pickup: [KANCA_IZ] t=9.21 alt=0.337 off_n=-0.1303 off_e=+0.0617 nose_z=+0.0500
2026-09-01 15:52:15,380 [INFO] gz_system.gz_payload_actuator: [HOOK] APPROACHING  lat=  44.2mm ins=  +26.0mm tilt= 22.5deg v=0.011m/s age=0.02s  [lateral(44.2mm>10.2mm), too_deep(+26.0mm>+19.9mm), tilt(22.5deg>15.0deg)]
2026-09-01 15:52:15,497 [INFO] core.mission.gorev3_pickup: [KANCA_IZ] t=9.32 alt=0.339 off_n=-0.1291 off_e=+0.0623 nose_z=+0.0507
2026-09-01 15:52:15,621 [INFO] core.mission.gorev3_pickup: [KANCA_IZ] t=9.45 alt=0.341 off_n=-0.1276 off_e=+0.0622 nose_z=+0.0509
2026-09-01 15:52:15,747 [INFO] core.mission.gorev3_pickup: [KANCA_IZ] t=9.57 alt=0.343 off_n=-0.1252 off_e=+0.0613 nose_z=+0.0507
2026-09-01 15:52:15,866 [INFO] core.mission.gorev3_pickup: [KANCA_IZ] t=9.69 alt=0.346 off_n=-0.1229 off_e=+0.0595 nose_z=+0.0504
2026-09-01 15:52:15,989 [INFO] core.mission.gorev3_pickup: [KANCA_IZ] t=9.81 alt=0.349 off_n=-0.1208 off_e=+0.0570 nose_z=+0.0497
2026-09-01 15:52:16,109 [INFO] core.mission.gorev3_pickup: [KANCA_IZ] t=9.93 alt=0.350 off_n=-0.1187 off_e=+0.0541 nose_z=+0.0485
2026-09-01 15:52:16,230 [INFO] core.mission.gorev3_pickup: [KANCA_IZ] t=10.06 alt=0.352 off_n=-0.1164 off_e=+0.0508 nose_z=+0.0470
2026-09-01 15:52:16,346 [INFO] core.mission.gorev3_pickup: [KANCA_IZ] t=10.17 alt=0.353 off_n=-0.1134 off_e=+0.0469 nose_z=+0.0448
QGC port check failed, reporting UNKNOWN: (pid=78994)
2026-09-01 15:52:16,397 [INFO] gz_system.gz_payload_actuator: [HOOK] APPROACHING  lat=  42.9mm ins=  +32.6mm tilt= 15.5deg v=0.020m/s age=0.00s  [lateral(42.9mm>10.2mm), too_deep(+32.6mm>+19.9mm), tilt(15.5deg>15.0deg)]
2026-09-01 15:52:16,464 [INFO] core.mission.gorev3_pickup: [KANCA_IZ] t=10.29 alt=0.355 off_n=-0.1104 off_e=+0.0435 nose_z=+0.0426
2026-09-01 15:52:16,580 [INFO] core.mission.gorev3_pickup: [KANCA_IZ] t=10.41 alt=0.354 off_n=-0.1068 off_e=+0.0402 nose_z=+0.0403
2026-09-01 15:52:16,695 [INFO] core.mission.gorev3_pickup: [KANCA_IZ] t=10.52 alt=0.352 off_n=-0.1023 off_e=+0.0372 nose_z=+0.0380
2026-09-01 15:52:16,818 [INFO] core.mission.gorev3_pickup: [KANCA_IZ] t=10.64 alt=0.351 off_n=-0.0974 off_e=+0.0345 nose_z=+0.0361
2026-09-01 15:52:16,935 [INFO] core.mission.gorev3_pickup: [KANCA_IZ] t=10.76 alt=0.349 off_n=-0.0921 off_e=+0.0319 nose_z=+0.0345
2026-09-01 15:52:17,051 [INFO] core.detection.vision_runtime: [VISION] detect() calisiyor -- bu karede 1 tespit: ['KIRMIZI_DIKDORTGEN']
2026-09-01 15:52:17,051 [INFO] core.mission.gorev3_pickup: [KANCA_IZ] t=10.88 alt=0.346 off_n=-0.0865 off_e=+0.0296 nose_z=+0.0335
2026-09-01 15:52:17,169 [INFO] core.mission.gorev3_pickup: [KANCA_IZ] t=10.99 alt=0.345 off_n=-0.0808 off_e=+0.0273 nose_z=+0.0330
2026-09-01 15:52:17,284 [INFO] core.mission.gorev3_pickup: [KANCA_IZ] t=11.11 alt=0.344 off_n=-0.0746 off_e=+0.0251 nose_z=+0.0328
2026-09-01 15:52:17,404 [INFO] core.mission.gorev3_pickup: [KANCA_IZ] t=11.23 alt=0.343 off_n=-0.0703 off_e=+0.0236 nose_z=+0.0328
2026-09-01 15:52:17,405 [INFO] gz_system.gz_payload_actuator: [HOOK] APPROACHING  lat=  41.9mm ins=  +43.2mm tilt=  9.7deg v=0.008m/s age=0.04s  [lateral(41.9mm>10.2mm), too_deep(+43.2mm>+19.9mm)]
2026-09-01 15:52:17,520 [INFO] core.mission.gorev3_pickup: [KANCA_IZ] t=11.35 alt=0.342 off_n=-0.0657 off_e=+0.0222 nose_z=+0.0331
2026-09-01 15:52:17,600 [INFO] gz_system.main_gz: Dashboard paint loop: 0.0 FPS (main thread)
2026-09-01 15:52:17,636 [INFO] core.mission.gorev3_pickup: [KANCA_IZ] t=11.46 alt=0.341 off_n=-0.0652 off_e=+0.0214 nose_z=+0.0332
2026-09-01 15:52:17,756 [INFO] core.mission.gorev3_pickup: [KANCA_IZ] t=11.58 alt=0.340 off_n=-0.0677 off_e=+0.0213 nose_z=+0.0333
2026-09-01 15:52:17,871 [INFO] core.mission.gorev3_pickup: [KANCA_IZ] t=11.70 alt=0.339 off_n=-0.0725 off_e=+0.0218 nose_z=+0.0335
2026-09-01 15:52:17,988 [INFO] core.mission.gorev3_pickup: [KANCA_IZ] t=11.81 alt=0.340 off_n=-0.0751 off_e=+0.0230 nose_z=+0.0341
2026-09-01 15:52:18,108 [INFO] core.mission.gorev3_pickup: [KANCA_IZ] t=11.93 alt=0.342 off_n=-0.0740 off_e=+0.0246 nose_z=+0.0349
2026-09-01 15:52:18,224 [INFO] core.mission.gorev3_pickup: [KANCA_IZ] t=12.05 alt=0.344 off_n=-0.0729 off_e=+0.0268 nose_z=+0.0355
2026-09-01 15:52:18,341 [INFO] core.mission.gorev3_pickup: [KANCA_IZ] t=12.17 alt=0.346 off_n=-0.0724 off_e=+0.0294 nose_z=+0.0358
QGC port check failed, reporting UNKNOWN: (pid=78994)
2026-09-01 15:52:18,460 [INFO] core.mission.gorev3_pickup: [KANCA_IZ] t=12.29 alt=0.348 off_n=-0.0723 off_e=+0.0320 nose_z=+0.0360
2026-09-01 15:52:18,461 [INFO] gz_system.gz_payload_actuator: [HOOK] APPROACHING  lat=  43.1mm ins=  +40.0mm tilt= 11.6deg v=0.004m/s age=0.04s  [lateral(43.1mm>10.2mm), too_deep(+40.0mm>+19.9mm)]
2026-09-01 15:52:18,576 [INFO] core.mission.gorev3_pickup: [KANCA_IZ] t=12.40 alt=0.350 off_n=-0.0726 off_e=+0.0352 nose_z=+0.0361
2026-09-01 15:52:18,692 [INFO] core.mission.gorev3_pickup: [KANCA_IZ] t=12.52 alt=0.350 off_n=-0.0734 off_e=+0.0389 nose_z=+0.0361
2026-09-01 15:52:18,812 [INFO] core.mission.gorev3_pickup: [KANCA_IZ] t=12.64 alt=0.350 off_n=-0.0743 off_e=+0.0419 nose_z=+0.0361
2026-09-01 15:52:18,928 [INFO] core.mission.gorev3_pickup: [KANCA_IZ] t=12.75 alt=0.350 off_n=-0.0757 off_e=+0.0456 nose_z=+0.0360
2026-09-01 15:52:19,045 [INFO] core.mission.gorev3_pickup: [KANCA_IZ] t=12.87 alt=0.349 off_n=-0.0768 off_e=+0.0487 nose_z=+0.0361
2026-09-01 15:52:19,161 [INFO] core.mission.gorev3_pickup: [KANCA_IZ] t=12.99 alt=0.347 off_n=-0.0782 off_e=+0.0515 nose_z=+0.0361
2026-09-01 15:52:19,276 [INFO] core.mission.gorev3_pickup: [KANCA_IZ] t=13.10 alt=0.345 off_n=-0.0795 off_e=+0.0538 nose_z=+0.0363
2026-09-01 15:52:19,391 [INFO] core.mission.gorev3_pickup: [KANCA_IZ] t=13.22 alt=0.343 off_n=-0.0808 off_e=+0.0552 nose_z=+0.0365
2026-09-01 15:52:19,506 [INFO] core.mission.gorev3_pickup: [KANCA_IZ] t=13.33 alt=0.341 off_n=-0.0821 off_e=+0.0556 nose_z=+0.0366
2026-09-01 15:52:19,507 [INFO] gz_system.gz_payload_actuator: [HOOK] APPROACHING  lat=  45.2mm ins=  +39.4mm tilt= 17.6deg v=0.004m/s age=0.02s  [lateral(45.2mm>10.2mm), too_deep(+39.4mm>+19.9mm), tilt(17.6deg>15.0deg)]
2026-09-01 15:52:19,623 [INFO] core.mission.gorev3_pickup: [KANCA_IZ] t=13.45 alt=0.339 off_n=-0.0831 off_e=+0.0552 nose_z=+0.0366
2026-09-01 15:52:19,740 [INFO] core.mission.gorev3_pickup: [KANCA_IZ] t=13.57 alt=0.336 off_n=-0.0837 off_e=+0.0541 nose_z=+0.0365
2026-09-01 15:52:19,855 [INFO] core.mission.gorev3_pickup: [KANCA_IZ] t=13.68 alt=0.336 off_n=-0.0840 off_e=+0.0517 nose_z=+0.0364
2026-09-01 15:52:19,973 [INFO] core.mission.gorev3_pickup: [KANCA_IZ] t=13.80 alt=0.336 off_n=-0.0838 off_e=+0.0483 nose_z=+0.0363
2026-09-01 15:52:20,091 [INFO] core.detection.vision_runtime: [VISION] detect() calisiyor -- bu karede 1 tespit: ['KIRMIZI_DIKDORTGEN']
2026-09-01 15:52:20,091 [INFO] core.mission.gorev3_pickup: [KANCA_IZ] t=13.92 alt=0.335 off_n=-0.0835 off_e=+0.0441 nose_z=+0.0361
2026-09-01 15:52:20,207 [INFO] core.mission.gorev3_pickup: [KANCA_IZ] t=14.03 alt=0.336 off_n=-0.0831 off_e=+0.0391 nose_z=+0.0360
2026-09-01 15:52:20,324 [INFO] core.mission.gorev3_pickup: [KANCA_IZ] t=14.15 alt=0.336 off_n=-0.0825 off_e=+0.0334 nose_z=+0.0360
QGC port check failed, reporting UNKNOWN: (pid=78994)
2026-09-01 15:52:20,443 [INFO] core.mission.gorev3_pickup: [KANCA_IZ] t=14.27 alt=0.336 off_n=-0.0822 off_e=+0.0277 nose_z=+0.0361
2026-09-01 15:52:20,559 [INFO] core.mission.gorev3_pickup: [KANCA_IZ] t=14.38 alt=0.335 off_n=-0.0819 off_e=+0.0214 nose_z=+0.0364
2026-09-01 15:52:20,560 [INFO] gz_system.gz_payload_actuator: [HOOK] APPROACHING  lat=  42.5mm ins=  +39.6mm tilt=  7.9deg v=0.014m/s age=0.03s  [lateral(42.5mm>10.2mm), too_deep(+39.6mm>+19.9mm)]
2026-09-01 15:52:20,679 [INFO] core.mission.gorev3_pickup: [KANCA_IZ] t=14.50 alt=0.335 off_n=-0.0820 off_e=+0.0158 nose_z=+0.0369
2026-09-01 15:52:20,798 [INFO] core.mission.gorev3_pickup: [KANCA_IZ] t=14.62 alt=0.336 off_n=-0.0828 off_e=+0.0086 nose_z=+0.0378
2026-09-01 15:52:20,917 [INFO] core.mission.gorev3_pickup: [KANCA_IZ] t=14.74 alt=0.337 off_n=-0.0831 off_e=+0.0031 nose_z=+0.0388
2026-09-01 15:52:21,032 [INFO] core.mission.gorev3_pickup: [KANCA_IZ] t=14.86 alt=0.339 off_n=-0.0852 off_e=-0.0020 nose_z=+0.0397
2026-09-01 15:52:21,149 [INFO] core.mission.gorev3_pickup: [KANCA_IZ] t=14.97 alt=0.344 off_n=-0.0893 off_e=-0.0060 nose_z=+0.0404
2026-09-01 15:52:21,264 [INFO] core.mission.gorev3_pickup: [KANCA_IZ] t=15.09 alt=0.346 off_n=-0.0930 off_e=-0.0073 nose_z=+0.0407
2026-09-01 15:52:21,382 [INFO] core.mission.gorev3_pickup: [KANCA_IZ] t=15.21 alt=0.348 off_n=-0.0943 off_e=-0.0062 nose_z=+0.0407
2026-09-01 15:52:21,498 [INFO] core.mission.gorev3_pickup: [KANCA_IZ] t=15.32 alt=0.349 off_n=-0.0928 off_e=-0.0025 nose_z=+0.0401
2026-09-01 15:52:21,614 [INFO] core.mission.gorev3_pickup: [KANCA_IZ] t=15.44 alt=0.351 off_n=-0.0902 off_e=+0.0000 nose_z=+0.0393
2026-09-01 15:52:21,614 [INFO] gz_system.gz_payload_actuator: [HOOK] APPROACHING  lat=  59.4mm ins=  +36.6mm tilt=  1.0deg v=0.037m/s age=0.03s  [lateral(59.4mm>10.2mm), too_deep(+36.6mm>+19.9mm)]
2026-09-01 15:52:21,734 [INFO] core.mission.gorev3_pickup: [KANCA_IZ] t=15.56 alt=0.351 off_n=-0.0873 off_e=+0.0012 nose_z=+0.0382
2026-09-01 15:52:21,855 [INFO] core.mission.gorev3_pickup: [KANCA_IZ] t=15.68 alt=0.352 off_n=-0.0862 off_e=+0.0001 nose_z=+0.0368
2026-09-01 15:52:21,974 [INFO] core.mission.gorev3_pickup: [KANCA_IZ] t=15.80 alt=0.353 off_n=-0.0876 off_e=-0.0027 nose_z=+0.0350
2026-09-01 15:52:22,091 [INFO] core.mission.gorev3_pickup: [KANCA_IZ] t=15.92 alt=0.354 off_n=-0.0900 off_e=-0.0048 nose_z=+0.0334
2026-09-01 15:52:22,208 [INFO] core.mission.gorev3_pickup: [KANCA_IZ] t=16.03 alt=0.354 off_n=-0.0921 off_e=-0.0057 nose_z=+0.0316
2026-09-01 15:52:22,331 [INFO] core.mission.gorev3_pickup: [KANCA_IZ] t=16.16 alt=0.354 off_n=-0.0927 off_e=-0.0051 nose_z=+0.0298
QGC port check failed, reporting UNKNOWN: (pid=78994)
2026-09-01 15:52:22,447 [INFO] core.mission.gorev3_pickup: [KANCA_IZ] t=16.27 alt=0.354 off_n=-0.0919 off_e=-0.0035 nose_z=+0.0275
2026-09-01 15:52:22,569 [INFO] core.mission.gorev3_pickup: [KANCA_IZ] t=16.39 alt=0.351 off_n=-0.0902 off_e=-0.0023 nose_z=+0.0253
2026-09-01 15:52:22,603 [INFO] gz_system.main_gz: Dashboard paint loop: 0.0 FPS (main thread)
2026-09-01 15:52:22,620 [INFO] gz_system.gz_payload_actuator: [HOOK] APPROACHING  lat=  62.3mm ins=  +51.7mm tilt=  0.4deg v=0.022m/s age=0.02s  [lateral(62.3mm>10.2mm), too_deep(+51.7mm>+19.9mm)]
2026-09-01 15:52:22,687 [INFO] core.mission.gorev3_pickup: [KANCA_IZ] t=16.51 alt=0.349 off_n=-0.0889 off_e=-0.0019 nose_z=+0.0233
2026-09-01 15:52:22,807 [INFO] core.mission.gorev3_pickup: [KANCA_IZ] t=16.63 alt=0.347 off_n=-0.0885 off_e=-0.0026 nose_z=+0.0217
2026-09-01 15:52:22,931 [INFO] core.mission.gorev3_pickup: [KANCA_IZ] t=16.76 alt=0.345 off_n=-0.0889 off_e=-0.0035 nose_z=+0.0203
2026-09-01 15:52:23,048 [INFO] core.mission.gorev3_pickup: [KANCA_IZ] t=16.87 alt=0.344 off_n=-0.0899 off_e=-0.0040 nose_z=+0.0191
2026-09-01 15:52:23,167 [INFO] core.detection.vision_runtime: [VISION] detect() calisiyor -- bu karede 1 tespit: ['KIRMIZI_DIKDORTGEN']
2026-09-01 15:52:23,167 [INFO] core.mission.gorev3_pickup: [KANCA_IZ] t=16.99 alt=0.344 off_n=-0.0907 off_e=-0.0038 nose_z=+0.0183
2026-09-01 15:52:23,286 [INFO] core.mission.gorev3_pickup: [KANCA_IZ] t=17.11 alt=0.344 off_n=-0.0910 off_e=-0.0033 nose_z=+0.0174
2026-09-01 15:52:23,405 [INFO] core.mission.gorev3_pickup: [KANCA_IZ] t=17.23 alt=0.344 off_n=-0.0904 off_e=-0.0029 nose_z=+0.0167
2026-09-01 15:52:23,524 [INFO] core.mission.gorev3_pickup: [KANCA_IZ] t=17.35 alt=0.344 off_n=-0.0894 off_e=-0.0027 nose_z=+0.0159
2026-09-01 15:52:23,645 [INFO] core.mission.gorev3_pickup: [KANCA_IZ] t=17.47 alt=0.344 off_n=-0.0884 off_e=-0.0030 nose_z=+0.0152
2026-09-01 15:52:23,645 [INFO] gz_system.gz_payload_actuator: [HOOK] APPROACHING  lat=  65.8mm ins=  +60.8mm tilt=  0.4deg v=0.008m/s age=0.03s  [lateral(65.8mm>10.2mm), too_deep(+60.8mm>+19.9mm)]
2026-09-01 15:52:23,760 [INFO] core.mission.gorev3_pickup: [KANCA_IZ] t=17.58 alt=0.342 off_n=-0.0880 off_e=-0.0033 nose_z=+0.0145
2026-09-01 15:52:23,881 [INFO] core.mission.gorev3_pickup: [KANCA_IZ] t=17.71 alt=0.342 off_n=-0.0883 off_e=-0.0033 nose_z=+0.0140
2026-09-01 15:52:24,003 [INFO] core.mission.gorev3_pickup: [KANCA_IZ] t=17.83 alt=0.341 off_n=-0.0891 off_e=-0.0029 nose_z=+0.0135
2026-09-01 15:52:24,119 [INFO] core.mission.gorev3_pickup: [KANCA_IZ] t=17.94 alt=0.341 off_n=-0.0901 off_e=-0.0023 nose_z=+0.0132
2026-09-01 15:52:24,236 [INFO] core.mission.gorev3_pickup: [KANCA_IZ] t=18.06 alt=0.342 off_n=-0.0909 off_e=-0.0018 nose_z=+0.0128
2026-09-01 15:52:24,355 [INFO] core.mission.gorev3_pickup: [KANCA_IZ] t=18.18 alt=0.342 off_n=-0.0913 off_e=-0.0014 nose_z=+0.0124
QGC port check failed, reporting UNKNOWN: (pid=78994)
2026-09-01 15:52:24,471 [INFO] core.mission.gorev3_pickup: [KANCA_IZ] t=18.30 alt=0.344 off_n=-0.0912 off_e=-0.0013 nose_z=+0.0119
2026-09-01 15:52:24,586 [INFO] core.mission.gorev3_pickup: [KANCA_IZ] t=18.41 alt=0.344 off_n=-0.0909 off_e=-0.0012 nose_z=+0.0113
2026-09-01 15:52:24,702 [INFO] core.mission.gorev3_pickup: [KANCA_IZ] t=18.53 alt=0.343 off_n=-0.0907 off_e=-0.0012 nose_z=+0.0105
2026-09-01 15:52:24,703 [INFO] gz_system.gz_payload_actuator: [HOOK] APPROACHING  lat=  70.1mm ins=  +65.5mm tilt=  0.4deg v=0.022m/s age=0.03s  [lateral(70.1mm>10.2mm), too_deep(+65.5mm>+19.9mm)]
2026-09-01 15:52:24,818 [INFO] core.mission.gorev3_pickup: [KANCA_IZ] t=18.64 alt=0.342 off_n=-0.0906 off_e=-0.0013 nose_z=+0.0098
2026-09-01 15:52:24,939 [INFO] core.mission.gorev3_pickup: [KANCA_IZ] t=18.76 alt=0.341 off_n=-0.0906 off_e=-0.0014 nose_z=+0.0092
2026-09-01 15:52:25,054 [INFO] core.mission.gorev3_pickup: [KANCA_IZ] t=18.88 alt=0.340 off_n=-0.0907 off_e=-0.0019 nose_z=+0.0087
2026-09-01 15:52:25,174 [INFO] core.mission.gorev3_pickup: [KANCA_IZ] t=19.00 alt=0.338 off_n=-0.0908 off_e=-0.0027 nose_z=+0.0085
2026-09-01 15:52:25,290 [INFO] core.mission.gorev3_pickup: [KANCA_IZ] t=19.12 alt=0.337 off_n=-0.0907 off_e=-0.0035 nose_z=+0.0084
2026-09-01 15:52:25,291 [INFO] gz_system.gz_payload_actuator: [KANCA_DENGE] oturma penceresi ortalama kanca_ofset=(-0.0938, +0.0226)  (204 ornek)
2026-09-01 15:52:25,291 [WARNING] gz_system.gz_payload_actuator: [HOOK] OTURMADI (12.0 s). En iyi ESZAMANLI ornek: lat=  40.5mm ins=  +42.7mm tilt=  9.7deg v=0.039m/s age=0.04s (2 kapi ihlali). CAPTURE_CANDIDATE ornegi: 0/204. Kapi retleri: lateral=204, too_deep=202, tilt=51, rel_speed=8. Sinirlar: yanal<=10.2 mm, dwell 0.30 s.
2026-09-01 15:52:25,291 [WARNING] gz_system.gz_payload_actuator: [HOOK] oturma dogrulanmadi (12.0s) -- /hook/attach YAYINLANMADI, vinc cekiliyor, tekrar denenecek
2026-09-01 15:52:25,291 [INFO] gz_system.gz_payload_actuator: [HOOK] vinc -> 0.00 m
I0901 15:52:25.292334 14049662 fork_posix.cc:71] Other threads are currently calling into gRPC, skipping fork() handlers
2026-09-01 15:52:25,409 [INFO] core.mission.gorev3_pickup: [KANCA_IZ] t=19.23 alt=0.336 off_n=-0.0923 off_e=+0.0015 nose_z=+0.0087
2026-09-01 15:52:25,538 [INFO] core.mission.gorev3_pickup: [KANCA_IZ] t=19.36 alt=0.335 off_n=-0.0942 off_e=+0.0064 nose_z=+0.0092
2026-09-01 15:52:25,662 [INFO] core.mission.gorev3_pickup: [KANCA_IZ] t=19.49 alt=0.335 off_n=-0.0963 off_e=+0.0118 nose_z=+0.0101
2026-09-01 15:52:25,777 [INFO] core.mission.gorev3_pickup: [KANCA_IZ] t=19.60 alt=0.335 off_n=-0.0983 off_e=+0.0165 nose_z=+0.0113
2026-09-01 15:52:25,894 [INFO] core.mission.gorev3_pickup: [KANCA_IZ] t=19.72 alt=0.336 off_n=-0.0998 off_e=+0.0202 nose_z=+0.0123
2026-09-01 15:52:26,014 [INFO] core.mission.gorev3_pickup: [KANCA_IZ] t=19.84 alt=0.337 off_n=-0.1010 off_e=+0.0236 nose_z=+0.0133
2026-09-01 15:52:26,129 [INFO] core.mission.gorev3_pickup: [KANCA_IZ] t=19.95 alt=0.337 off_n=-0.1020 off_e=+0.0268 nose_z=+0.0142
2026-09-01 15:52:26,247 [INFO] core.detection.vision_runtime: [VISION] detect() calisiyor -- bu karede 1 tespit: ['KIRMIZI_DIKDORTGEN']
2026-09-01 15:52:26,247 [INFO] core.mission.gorev3_pickup: [KANCA_IZ] t=20.07 alt=0.337 off_n=-0.1027 off_e=+0.0300 nose_z=+0.0151
2026-09-01 15:52:26,363 [INFO] core.mission.gorev3_pickup: [KANCA_IZ] t=20.19 alt=0.336 off_n=-0.1032 off_e=+0.0331 nose_z=+0.0161
QGC port check failed, reporting UNKNOWN: (pid=78994)
2026-09-01 15:52:26,484 [INFO] core.mission.gorev3_pickup: [KANCA_IZ] t=20.31 alt=0.336 off_n=-0.1042 off_e=+0.0380 nose_z=+0.0734
2026-09-01 15:52:26,599 [INFO] core.mission.gorev3_pickup: [KANCA_IZ] t=20.42 alt=0.335 off_n=-0.0956 off_e=-0.0000 nose_z=+0.1814
2026-09-01 15:52:26,719 [INFO] core.mission.gorev3_pickup: [KANCA_IZ] t=20.54 alt=0.335 off_n=-0.0330 off_e=-0.0604 nose_z=+0.3032
2026-09-01 15:52:26,835 [INFO] core.mission.gorev3_pickup: [KANCA_IZ] t=20.66 alt=0.334 off_n=+0.0330 off_e=-0.1031 nose_z=+0.4199
2026-09-01 15:52:26,951 [INFO] core.mission.gorev3_pickup: [KANCA_IZ] t=20.78 alt=0.334 off_n=+0.0140 off_e=-0.1336 nose_z=+0.4597
2026-09-01 15:52:27,068 [INFO] core.mission.gorev3_pickup: [KANCA_IZ] t=20.89 alt=0.335 off_n=-0.0390 off_e=-0.1154 nose_z=+0.4217
2026-09-01 15:52:27,183 [INFO] core.mission.gorev3_pickup: [KANCA_IZ] t=21.01 alt=0.336 off_n=-0.1119 off_e=-0.0271 nose_z=+0.3759
2026-09-01 15:52:27,309 [INFO] core.mission.gorev3_pickup: [KANCA_IZ] t=21.13 alt=0.337 off_n=-0.1376 off_e=+0.0400 nose_z=+0.3798
2026-09-01 15:52:27,370 [INFO] core.mission.gorev3_pickup: [YENIDEN_HIZA] deneme 2 oncesi, kanca havada -- duzeltme yeniden kosuluyor
2026-09-01 15:52:27,371 [INFO] core.mission.gorev3_pickup: [SON_DUZELTME] 1/6 yanal 109.5 mm -> (kuzey +0.022, dogu -0.050)  | kanca_ofset=(-0.1370, +0.0861) arac_ned=(53.2293, 5.1790) kanca_mutlak=(53.0923, 5.2651)
2026-09-01 15:52:27,428 [INFO] core.mission.gorev3_pickup: [KANCA_IZ] t=21.25 alt=0.337 off_n=-0.1307 off_e=+0.0920 nose_z=+0.3955
2026-09-01 15:52:27,547 [INFO] core.mission.gorev3_pickup: [KANCA_IZ] t=21.37 alt=0.338 off_n=-0.0977 off_e=+0.0717 nose_z=+0.3846
2026-09-01 15:52:27,639 [INFO] gz_system.main_gz: Dashboard paint loop: 0.0 FPS (main thread)
2026-09-01 15:52:27,680 [INFO] core.mission.gorev3_pickup: [KANCA_IZ] t=21.50 alt=0.339 off_n=-0.0670 off_e=+0.0167 nose_z=+0.3753
2026-09-01 15:52:27,804 [INFO] core.mission.gorev3_pickup: [KANCA_IZ] t=21.63 alt=0.339 off_n=-0.0520 off_e=-0.0507 nose_z=+0.3829
2026-09-01 15:52:27,922 [INFO] core.mission.gorev3_pickup: [KANCA_IZ] t=21.75 alt=0.339 off_n=-0.0682 off_e=-0.0677 nose_z=+0.3861
2026-09-01 15:52:28,040 [INFO] core.mission.gorev3_pickup: [KANCA_IZ] t=21.87 alt=0.337 off_n=-0.0932 off_e=-0.0372 nose_z=+0.3796
2026-09-01 15:52:28,162 [INFO] core.mission.gorev3_pickup: [KANCA_IZ] t=21.99 alt=0.336 off_n=-0.1113 off_e=+0.0104 nose_z=+0.3797
2026-09-01 15:52:28,277 [INFO] core.mission.gorev3_pickup: [KANCA_IZ] t=22.10 alt=0.334 off_n=-0.1125 off_e=+0.0427 nose_z=+0.3853
2026-09-01 15:52:28,394 [INFO] core.mission.gorev3_pickup: [KANCA_IZ] t=22.22 alt=0.333 off_n=-0.1001 off_e=+0.0435 nose_z=+0.3858
QGC port check failed, reporting UNKNOWN: (pid=79041)
2026-09-01 15:52:28,511 [INFO] core.mission.gorev3_pickup: [KANCA_IZ] t=22.34 alt=0.334 off_n=-0.0826 off_e=+0.0159 nose_z=+0.3833
2026-09-01 15:52:28,627 [INFO] core.mission.gorev3_pickup: [KANCA_IZ] t=22.45 alt=0.335 off_n=-0.0728 off_e=-0.0173 nose_z=+0.3852
2026-09-01 15:52:28,746 [INFO] core.mission.gorev3_pickup: [KANCA_IZ] t=22.57 alt=0.337 off_n=-0.0742 off_e=-0.0373 nose_z=+0.3887
2026-09-01 15:52:28,864 [INFO] core.mission.gorev3_pickup: [KANCA_IZ] t=22.69 alt=0.338 off_n=-0.0845 off_e=-0.0336 nose_z=+0.3890
2026-09-01 15:52:28,984 [INFO] core.mission.gorev3_pickup: [KANCA_IZ] t=22.81 alt=0.339 off_n=-0.0977 off_e=-0.0076 nose_z=+0.3885
2026-09-01 15:52:29,100 [INFO] core.mission.gorev3_pickup: [KANCA_IZ] t=22.93 alt=0.342 off_n=-0.1021 off_e=+0.0146 nose_z=+0.3903
2026-09-01 15:52:29,220 [INFO] core.mission.gorev3_pickup: [KANCA_IZ] t=23.05 alt=0.343 off_n=-0.0985 off_e=+0.0228 nose_z=+0.3917
2026-09-01 15:52:29,342 [INFO] core.detection.vision_runtime: [VISION] detect() calisiyor -- bu karede 1 tespit: ['KIRMIZI_DIKDORTGEN']
2026-09-01 15:52:29,343 [INFO] core.mission.gorev3_pickup: [KANCA_IZ] t=23.17 alt=0.343 off_n=-0.0899 off_e=+0.0141 nose_z=+0.3915
2026-09-01 15:52:29,457 [INFO] core.mission.gorev3_pickup: [KANCA_IZ] t=23.28 alt=0.344 off_n=-0.0829 off_e=-0.0034 nose_z=+0.3916
2026-09-01 15:52:29,578 [INFO] core.mission.gorev3_pickup: [KANCA_IZ] t=23.40 alt=0.344 off_n=-0.0815 off_e=-0.0189 nose_z=+0.3928
2026-09-01 15:52:29,694 [INFO] core.mission.gorev3_pickup: [KANCA_IZ] t=23.52 alt=0.346 off_n=-0.0857 off_e=-0.0208 nose_z=+0.3931
2026-09-01 15:52:29,811 [INFO] core.mission.gorev3_pickup: [KANCA_IZ] t=23.64 alt=0.347 off_n=-0.0918 off_e=-0.0117 nose_z=+0.3927
2026-09-01 15:52:29,931 [INFO] core.mission.gorev3_pickup: [KANCA_IZ] t=23.76 alt=0.348 off_n=-0.0959 off_e=+0.0016 nose_z=+0.3926
2026-09-01 15:52:30,045 [INFO] core.mission.gorev3_pickup: [KANCA_IZ] t=23.87 alt=0.348 off_n=-0.0956 off_e=+0.0098 nose_z=+0.3929
2026-09-01 15:52:30,159 [INFO] core.mission.gorev3_pickup: [KANCA_IZ] t=23.98 alt=0.349 off_n=-0.0919 off_e=+0.0090 nose_z=+0.3926
2026-09-01 15:52:30,183 [INFO] core.mission.gorev3_pickup: [SON_DUZELTME] 2/6 yanal 64.5 mm -> (kuzey -0.019, dogu +0.026)  | kanca_ofset=(-0.0905, +0.0071) arac_ned=(53.2648, 5.1056) kanca_mutlak=(53.1744, 5.1127)
2026-09-01 15:52:30,277 [INFO] core.mission.gorev3_pickup: [KANCA_IZ] t=24.10 alt=0.349 off_n=-0.0877 off_e=+0.0015 nose_z=+0.3923
2026-09-01 15:52:30,392 [INFO] core.mission.gorev3_pickup: [KANCA_IZ] t=24.22 alt=0.350 off_n=-0.0855 off_e=-0.0071 nose_z=+0.3921
QGC port check failed, reporting UNKNOWN: (pid=79041)
2026-09-01 15:52:30,509 [INFO] core.mission.gorev3_pickup: [KANCA_IZ] t=24.33 alt=0.350 off_n=-0.0863 off_e=-0.0121 nose_z=+0.3920
2026-09-01 15:52:30,626 [INFO] core.mission.gorev3_pickup: [KANCA_IZ] t=24.45 alt=0.350 off_n=-0.0890 off_e=-0.0109 nose_z=+0.3916
2026-09-01 15:52:30,739 [INFO] core.mission.gorev3_pickup: [KANCA_IZ] t=24.56 alt=0.350 off_n=-0.0920 off_e=-0.0051 nose_z=+0.3912
2026-09-01 15:52:30,860 [INFO] core.mission.gorev3_pickup: [KANCA_IZ] t=24.68 alt=0.351 off_n=-0.0934 off_e=+0.0011 nose_z=+0.3908
2026-09-01 15:52:30,974 [INFO] core.mission.gorev3_pickup: [KANCA_IZ] t=24.80 alt=0.351 off_n=-0.0922 off_e=+0.0040 nose_z=+0.3902
2026-09-01 15:52:31,087 [INFO] core.mission.gorev3_pickup: [KANCA_IZ] t=24.91 alt=0.352 off_n=-0.0902 off_e=+0.0021 nose_z=+0.3897
2026-09-01 15:52:31,204 [INFO] core.mission.gorev3_pickup: [KANCA_IZ] t=25.03 alt=0.353 off_n=-0.0881 off_e=-0.0025 nose_z=+0.3889
2026-09-01 15:52:31,317 [INFO] core.mission.gorev3_pickup: [KANCA_IZ] t=25.14 alt=0.352 off_n=-0.0876 off_e=-0.0066 nose_z=+0.3881
2026-09-01 15:52:31,434 [INFO] core.mission.gorev3_pickup: [KANCA_IZ] t=25.26 alt=0.351 off_n=-0.0886 off_e=-0.0076 nose_z=+0.3872
2026-09-01 15:52:31,549 [INFO] core.mission.gorev3_pickup: [KANCA_IZ] t=25.37 alt=0.350 off_n=-0.0904 off_e=-0.0056 nose_z=+0.3864
2026-09-01 15:52:31,663 [INFO] core.mission.gorev3_pickup: [KANCA_IZ] t=25.49 alt=0.348 off_n=-0.0916 off_e=-0.0022 nose_z=+0.3858
2026-09-01 15:52:31,777 [INFO] core.mission.gorev3_pickup: [KANCA_IZ] t=25.60 alt=0.347 off_n=-0.0918 off_e=-0.0001 nose_z=+0.3854
2026-09-01 15:52:31,895 [INFO] core.mission.gorev3_pickup: [KANCA_IZ] t=25.72 alt=0.346 off_n=-0.0909 off_e=+0.0006 nose_z=+0.3850
2026-09-01 15:52:32,010 [INFO] core.mission.gorev3_pickup: [KANCA_IZ] t=25.83 alt=0.345 off_n=-0.0897 off_e=-0.0010 nose_z=+0.3847
2026-09-01 15:52:32,126 [INFO] core.mission.gorev3_pickup: [KANCA_IZ] t=25.95 alt=0.343 off_n=-0.0889 off_e=-0.0034 nose_z=+0.3846
2026-09-01 15:52:32,241 [INFO] core.mission.gorev3_pickup: [KANCA_IZ] t=26.07 alt=0.342 off_n=-0.0890 off_e=-0.0051 nose_z=+0.3848
2026-09-01 15:52:32,354 [INFO] core.detection.vision_runtime: [VISION] detect() calisiyor -- bu karede 1 tespit: ['KIRMIZI_DIKDORTGEN']
2026-09-01 15:52:32,355 [INFO] core.mission.gorev3_pickup: [KANCA_IZ] t=26.18 alt=0.341 off_n=-0.0897 off_e=-0.0051 nose_z=+0.3853
QGC port check failed, reporting UNKNOWN: (pid=79041)
2026-09-01 15:52:32,470 [INFO] core.mission.gorev3_pickup: [KANCA_IZ] t=26.30 alt=0.342 off_n=-0.0906 off_e=-0.0038 nose_z=+0.3859
2026-09-01 15:52:32,586 [INFO] core.mission.gorev3_pickup: [KANCA_IZ] t=26.41 alt=0.343 off_n=-0.0909 off_e=-0.0024 nose_z=+0.3864
2026-09-01 15:52:32,657 [INFO] gz_system.main_gz: Dashboard paint loop: 0.0 FPS (main thread)
2026-09-01 15:52:32,701 [INFO] core.mission.gorev3_pickup: [KANCA_IZ] t=26.53 alt=0.344 off_n=-0.0908 off_e=-0.0013 nose_z=+0.3870
2026-09-01 15:52:32,702 [INFO] core.mission.gorev3_pickup: [SON_DUZELTME] 3/6 yanal 53.6 mm -> (kuzey -0.017, dogu +0.021)  | kanca_ofset=(-0.0908, -0.0013) arac_ned=(53.2608, 5.1243) kanca_mutlak=(53.1700, 5.1230)
2026-09-01 15:52:32,822 [INFO] core.mission.gorev3_pickup: [KANCA_IZ] t=26.65 alt=0.345 off_n=-0.0903 off_e=-0.0013 nose_z=+0.3874
2026-09-01 15:52:32,937 [INFO] core.mission.gorev3_pickup: [KANCA_IZ] t=26.76 alt=0.345 off_n=-0.0898 off_e=-0.0021 nose_z=+0.3876
2026-09-01 15:52:33,051 [INFO] core.mission.gorev3_pickup: [KANCA_IZ] t=26.88 alt=0.344 off_n=-0.0895 off_e=-0.0032 nose_z=+0.3879
2026-09-01 15:52:33,170 [INFO] core.mission.gorev3_pickup: [KANCA_IZ] t=26.99 alt=0.343 off_n=-0.0896 off_e=-0.0039 nose_z=+0.3882
2026-09-01 15:52:33,284 [INFO] core.mission.gorev3_pickup: [KANCA_IZ] t=27.11 alt=0.341 off_n=-0.0899 off_e=-0.0039 nose_z=+0.3887
2026-09-01 15:52:33,399 [INFO] core.mission.gorev3_pickup: [KANCA_IZ] t=27.22 alt=0.340 off_n=-0.0902 off_e=-0.0032 nose_z=+0.3894
2026-09-01 15:52:33,517 [INFO] core.mission.gorev3_pickup: [KANCA_IZ] t=27.34 alt=0.340 off_n=-0.0904 off_e=-0.0024 nose_z=+0.3903
2026-09-01 15:52:33,634 [INFO] core.mission.gorev3_pickup: [KANCA_IZ] t=27.46 alt=0.340 off_n=-0.0903 off_e=-0.0020 nose_z=+0.3913
2026-09-01 15:52:33,753 [INFO] core.mission.gorev3_pickup: [KANCA_IZ] t=27.58 alt=0.339 off_n=-0.0901 off_e=-0.0021 nose_z=+0.3924
2026-09-01 15:52:33,872 [INFO] core.mission.gorev3_pickup: [KANCA_IZ] t=27.70 alt=0.339 off_n=-0.0898 off_e=-0.0026 nose_z=+0.3937
2026-09-01 15:52:33,990 [INFO] core.mission.gorev3_pickup: [KANCA_IZ] t=27.82 alt=0.339 off_n=-0.0895 off_e=-0.0031 nose_z=+0.3950
2026-09-01 15:52:34,108 [INFO] core.mission.gorev3_pickup: [KANCA_IZ] t=27.93 alt=0.340 off_n=-0.0895 off_e=-0.0034 nose_z=+0.3964
2026-09-01 15:52:34,223 [INFO] core.mission.gorev3_pickup: [KANCA_IZ] t=28.05 alt=0.341 off_n=-0.0897 off_e=-0.0033 nose_z=+0.3979
2026-09-01 15:52:34,341 [INFO] core.mission.gorev3_pickup: [KANCA_IZ] t=28.17 alt=0.343 off_n=-0.0900 off_e=-0.0030 nose_z=+0.3989
QGC port check failed, reporting UNKNOWN: (pid=79041)
2026-09-01 15:52:34,458 [INFO] core.mission.gorev3_pickup: [KANCA_IZ] t=28.28 alt=0.345 off_n=-0.0902 off_e=-0.0027 nose_z=+0.3996
2026-09-01 15:52:34,573 [INFO] core.mission.gorev3_pickup: [KANCA_IZ] t=28.40 alt=0.347 off_n=-0.0901 off_e=-0.0026 nose_z=+0.4001
2026-09-01 15:52:34,692 [INFO] core.mission.gorev3_pickup: [KANCA_IZ] t=28.52 alt=0.347 off_n=-0.0898 off_e=-0.0027 nose_z=+0.4003
2026-09-01 15:52:34,812 [INFO] core.mission.gorev3_pickup: [KANCA_IZ] t=28.64 alt=0.347 off_n=-0.0896 off_e=-0.0030 nose_z=+0.4003
2026-09-01 15:52:34,931 [INFO] core.mission.gorev3_pickup: [KANCA_IZ] t=28.76 alt=0.347 off_n=-0.0896 off_e=-0.0033 nose_z=+0.4002
2026-09-01 15:52:35,046 [INFO] core.mission.gorev3_pickup: [KANCA_IZ] t=28.87 alt=0.347 off_n=-0.0898 off_e=-0.0032 nose_z=+0.4000
2026-09-01 15:52:35,161 [INFO] core.mission.gorev3_pickup: [KANCA_IZ] t=28.99 alt=0.347 off_n=-0.0900 off_e=-0.0030 nose_z=+0.3998
2026-09-01 15:52:35,276 [INFO] core.mission.gorev3_pickup: [KANCA_IZ] t=29.10 alt=0.346 off_n=-0.0901 off_e=-0.0029 nose_z=+0.3997
2026-09-01 15:52:35,277 [INFO] core.mission.gorev3_pickup: [SON_DUZELTME] 4/6 yanal 8.9 mm -- hedefin icinde.
2026-09-01 15:52:35,277 [INFO] core.mission.gorev3_pickup: [YENIDEN_HIZA] deneme 2 icin yeni yanal: 8.9 mm
2026-09-01 15:52:35,277 [INFO] gz_system.gz_payload_actuator: [HOOK] alma denemesi 2/3
2026-09-01 15:52:35,277 [INFO] gz_system.gz_payload_actuator: [HOOK] vinc salimi: 0.350 m  (irtifa=0.347 m, guverte=0.070, zincir ofseti=0.060, pay=0.040)
2026-09-01 15:52:35,277 [WARNING] gz_system.gz_payload_actuator: [HOOK] VINC DOYUMU: hesaplanan salim 0.377 m, fiziksel sinir 0.350 m -- 27.0 mm KIRPILDI. Bu irtifada (0.347 m) MARGIN=0.040 ETKISIZ: bu irtifanin uzerinde formulun ciktisi ne olursa olsun salim 0.350 m'de kaliyor. MARGIN'in etkili oldugu ust irtifa siniri 0.320 m. (Fiziksel erisim tavani AYRI bir sayi ve CHAIN_OFFSET'e bagli; o sabit su an tartismali -- SDF geometrisi 0.04236, kayitli kalibrasyon 0.060 diyor -- bu yuzden burada kasten yazilmiyor.)
2026-09-01 15:52:35,277 [INFO] gz_system.gz_payload_actuator: [HOOK] vinc -> 0.35 m
I0901 15:52:35.278247 14049662 fork_posix.cc:71] Other threads are currently calling into gRPC, skipping fork() handlers
2026-09-01 15:52:35,394 [INFO] core.detection.vision_runtime: [VISION] detect() calisiyor -- bu karede 1 tespit: ['KIRMIZI_DIKDORTGEN']
2026-09-01 15:52:35,394 [INFO] core.mission.gorev3_pickup: [KANCA_IZ] t=29.22 alt=0.344 off_n=-0.0902 off_e=-0.0027 nose_z=+0.3997
2026-09-01 15:52:35,510 [INFO] core.mission.gorev3_pickup: [KANCA_IZ] t=29.34 alt=0.343 off_n=-0.0903 off_e=-0.0025 nose_z=+0.3998
2026-09-01 15:52:35,628 [INFO] core.mission.gorev3_pickup: [KANCA_IZ] t=29.45 alt=0.342 off_n=-0.0901 off_e=-0.0028 nose_z=+0.4001
2026-09-01 15:52:35,746 [INFO] core.mission.gorev3_pickup: [KANCA_IZ] t=29.57 alt=0.341 off_n=-0.0897 off_e=-0.0033 nose_z=+0.4008
2026-09-01 15:52:35,863 [INFO] core.mission.gorev3_pickup: [KANCA_IZ] t=29.69 alt=0.340 off_n=-0.0895 off_e=-0.0036 nose_z=+0.4017
2026-09-01 15:52:35,980 [INFO] core.mission.gorev3_pickup: [KANCA_IZ] t=29.81 alt=0.340 off_n=-0.0896 off_e=-0.0036 nose_z=+0.4029
2026-09-01 15:52:36,100 [INFO] core.mission.gorev3_pickup: [KANCA_IZ] t=29.93 alt=0.340 off_n=-0.0899 off_e=-0.0033 nose_z=+0.4041
2026-09-01 15:52:36,216 [INFO] core.mission.gorev3_pickup: [KANCA_IZ] t=30.04 alt=0.341 off_n=-0.0904 off_e=-0.0026 nose_z=+0.4056
2026-09-01 15:52:36,334 [INFO] core.mission.gorev3_pickup: [KANCA_IZ] t=30.16 alt=0.341 off_n=-0.0905 off_e=-0.0024 nose_z=+0.4067
2026-09-01 15:52:36,336 [INFO] gz_system.gz_payload_actuator: [HOOK] APPROACHING  lat=  24.2mm ins= -330.9mm tilt=  0.3deg v=  infm/s age=0.00s  [lateral(24.2mm>10.2mm), too_high(-330.9mm<-4.0mm), rel_speed(inf>0.05m/s)]
2026-09-01 15:52:36,451 [INFO] core.mission.gorev3_pickup: [KANCA_IZ] t=30.28 alt=0.342 off_n=-0.0905 off_e=-0.0023 nose_z=+0.3586
QGC port check failed, reporting UNKNOWN: (pid=79041)
2026-09-01 15:52:36,567 [INFO] core.mission.gorev3_pickup: [KANCA_IZ] t=30.39 alt=0.344 off_n=-0.0909 off_e=-0.0025 nose_z=+0.3019
2026-09-01 15:52:36,682 [INFO] core.mission.gorev3_pickup: [KANCA_IZ] t=30.51 alt=0.347 off_n=-0.0911 off_e=-0.0028 nose_z=+0.2466
2026-09-01 15:52:36,798 [INFO] core.mission.gorev3_pickup: [KANCA_IZ] t=30.62 alt=0.349 off_n=-0.0908 off_e=-0.0028 nose_z=+0.1870
2026-09-01 15:52:36,917 [INFO] core.mission.gorev3_pickup: [KANCA_IZ] t=30.74 alt=0.350 off_n=-0.0902 off_e=-0.0024 nose_z=+0.1293
2026-09-01 15:52:37,038 [INFO] core.mission.gorev3_pickup: [KANCA_IZ] t=30.86 alt=0.350 off_n=-0.0893 off_e=-0.0019 nose_z=+0.0961
2026-09-01 15:52:37,155 [INFO] core.mission.gorev3_pickup: [KANCA_IZ] t=30.98 alt=0.350 off_n=-0.0884 off_e=-0.0019 nose_z=+0.0790
2026-09-01 15:52:37,269 [INFO] core.mission.gorev3_pickup: [KANCA_IZ] t=31.09 alt=0.352 off_n=-0.0860 off_e=+0.0004 nose_z=+0.0760
2026-09-01 15:52:37,387 [INFO] core.mission.gorev3_pickup: [KANCA_IZ] t=31.21 alt=0.356 off_n=-0.0838 off_e=+0.0036 nose_z=+0.0760
2026-09-01 15:52:37,387 [INFO] gz_system.gz_payload_actuator: [HOOK] APPROACHING  lat=  33.5mm ins=   -0.0mm tilt=  0.1deg v=0.000m/s age=0.02s  [lateral(33.5mm>10.2mm)]
2026-09-01 15:52:37,502 [INFO] core.mission.gorev3_pickup: [KANCA_IZ] t=31.33 alt=0.360 off_n=-0.0829 off_e=+0.0066 nose_z=+0.0760
2026-09-01 15:52:37,616 [INFO] core.mission.gorev3_pickup: [KANCA_IZ] t=31.44 alt=0.362 off_n=-0.0825 off_e=+0.0099 nose_z=+0.0760
2026-09-01 15:52:37,680 [INFO] gz_system.main_gz: Dashboard paint loop: 0.0 FPS (main thread)
2026-09-01 15:52:37,733 [INFO] core.mission.gorev3_pickup: [KANCA_IZ] t=31.56 alt=0.364 off_n=-0.0822 off_e=+0.0134 nose_z=+0.0760
2026-09-01 15:52:37,847 [INFO] core.mission.gorev3_pickup: [KANCA_IZ] t=31.67 alt=0.365 off_n=-0.0819 off_e=+0.0169 nose_z=+0.0760
2026-09-01 15:52:37,965 [INFO] core.mission.gorev3_pickup: [KANCA_IZ] t=31.79 alt=0.366 off_n=-0.0816 off_e=+0.0199 nose_z=+0.0760
2026-09-01 15:52:38,081 [INFO] core.mission.gorev3_pickup: [KANCA_IZ] t=31.91 alt=0.366 off_n=-0.0811 off_e=+0.0241 nose_z=+0.0760
2026-09-01 15:52:38,197 [INFO] core.mission.gorev3_pickup: [KANCA_IZ] t=32.02 alt=0.365 off_n=-0.0806 off_e=+0.0276 nose_z=+0.0760
2026-09-01 15:52:38,313 [INFO] core.mission.gorev3_pickup: [KANCA_IZ] t=32.14 alt=0.364 off_n=-0.0800 off_e=+0.0306 nose_z=+0.0760
2026-09-01 15:52:38,430 [INFO] core.detection.vision_runtime: [VISION] detect() calisiyor -- bu karede 1 tespit: ['KIRMIZI_DIKDORTGEN']
2026-09-01 15:52:38,430 [INFO] core.mission.gorev3_pickup: [KANCA_IZ] t=32.26 alt=0.362 off_n=-0.0793 off_e=+0.0328 nose_z=+0.0760
2026-09-01 15:52:38,430 [INFO] gz_system.gz_payload_actuator: [HOOK] APPROACHING  lat=  33.5mm ins=   -0.0mm tilt=  0.0deg v=0.000m/s age=0.04s  [lateral(33.5mm>10.2mm)]
QGC port check failed, reporting UNKNOWN: (pid=79041)
2026-09-01 15:52:38,546 [INFO] core.mission.gorev3_pickup: [KANCA_IZ] t=32.37 alt=0.361 off_n=-0.0784 off_e=+0.0351 nose_z=+0.0760
2026-09-01 15:52:38,660 [INFO] core.mission.gorev3_pickup: [KANCA_IZ] t=32.49 alt=0.359 off_n=-0.0776 off_e=+0.0362 nose_z=+0.0760
2026-09-01 15:52:38,777 [INFO] core.mission.gorev3_pickup: [KANCA_IZ] t=32.60 alt=0.358 off_n=-0.0766 off_e=+0.0369 nose_z=+0.0760
2026-09-01 15:52:38,896 [INFO] core.mission.gorev3_pickup: [KANCA_IZ] t=32.72 alt=0.356 off_n=-0.0755 off_e=+0.0370 nose_z=+0.0760
2026-09-01 15:52:39,011 [INFO] core.mission.gorev3_pickup: [KANCA_IZ] t=32.84 alt=0.355 off_n=-0.0742 off_e=+0.0363 nose_z=+0.0760
2026-09-01 15:52:39,125 [INFO] core.mission.gorev3_pickup: [KANCA_IZ] t=32.95 alt=0.354 off_n=-0.0734 off_e=+0.0354 nose_z=+0.0760
2026-09-01 15:52:39,242 [INFO] core.mission.gorev3_pickup: [KANCA_IZ] t=33.07 alt=0.354 off_n=-0.0728 off_e=+0.0340 nose_z=+0.0760
2026-09-01 15:52:39,358 [INFO] core.mission.gorev3_pickup: [KANCA_IZ] t=33.18 alt=0.354 off_n=-0.0727 off_e=+0.0322 nose_z=+0.0760
2026-09-01 15:52:39,471 [INFO] core.mission.gorev3_pickup: [KANCA_IZ] t=33.30 alt=0.355 off_n=-0.0729 off_e=+0.0307 nose_z=+0.0760
2026-09-01 15:52:39,472 [INFO] gz_system.gz_payload_actuator: [HOOK] APPROACHING  lat=  33.5mm ins=   -0.0mm tilt=  0.0deg v=0.000m/s age=0.03s  [lateral(33.5mm>10.2mm)]
2026-09-01 15:52:39,593 [INFO] core.mission.gorev3_pickup: [KANCA_IZ] t=33.42 alt=0.356 off_n=-0.0737 off_e=+0.0288 nose_z=+0.0760
2026-09-01 15:52:39,708 [INFO] core.mission.gorev3_pickup: [KANCA_IZ] t=33.53 alt=0.356 off_n=-0.0750 off_e=+0.0267 nose_z=+0.0760
2026-09-01 15:52:39,829 [INFO] core.mission.gorev3_pickup: [KANCA_IZ] t=33.65 alt=0.356 off_n=-0.0768 off_e=+0.0246 nose_z=+0.0760
2026-09-01 15:52:39,947 [INFO] core.mission.gorev3_pickup: [KANCA_IZ] t=33.77 alt=0.356 off_n=-0.0791 off_e=+0.0225 nose_z=+0.0760
2026-09-01 15:52:40,063 [INFO] core.mission.gorev3_pickup: [KANCA_IZ] t=33.89 alt=0.357 off_n=-0.0815 off_e=+0.0208 nose_z=+0.0760
2026-09-01 15:52:40,182 [INFO] core.mission.gorev3_pickup: [KANCA_IZ] t=34.01 alt=0.357 off_n=-0.0841 off_e=+0.0194 nose_z=+0.0760
2026-09-01 15:52:40,296 [INFO] core.mission.gorev3_pickup: [KANCA_IZ] t=34.12 alt=0.358 off_n=-0.0866 off_e=+0.0182 nose_z=+0.0760
2026-09-01 15:52:40,411 [INFO] core.mission.gorev3_pickup: [KANCA_IZ] t=34.24 alt=0.357 off_n=-0.0892 off_e=+0.0171 nose_z=+0.0760
QGC port check failed, reporting UNKNOWN: (pid=79041)
2026-09-01 15:52:40,534 [INFO] core.mission.gorev3_pickup: [KANCA_IZ] t=34.36 alt=0.356 off_n=-0.0915 off_e=+0.0161 nose_z=+0.0760
2026-09-01 15:52:40,534 [INFO] gz_system.gz_payload_actuator: [HOOK] APPROACHING  lat=  33.5mm ins=   -0.0mm tilt=  0.0deg v=0.000m/s age=0.03s  [lateral(33.5mm>10.2mm)]
2026-09-01 15:52:40,649 [INFO] core.mission.gorev3_pickup: [KANCA_IZ] t=34.47 alt=0.355 off_n=-0.0935 off_e=+0.0152 nose_z=+0.0760
2026-09-01 15:52:40,767 [INFO] core.mission.gorev3_pickup: [KANCA_IZ] t=34.59 alt=0.354 off_n=-0.0954 off_e=+0.0142 nose_z=+0.0760
2026-09-01 15:52:40,887 [INFO] core.mission.gorev3_pickup: [KANCA_IZ] t=34.71 alt=0.353 off_n=-0.0974 off_e=+0.0131 nose_z=+0.0760
2026-09-01 15:52:41,004 [INFO] core.mission.gorev3_pickup: [KANCA_IZ] t=34.83 alt=0.352 off_n=-0.0993 off_e=+0.0123 nose_z=+0.0760
2026-09-01 15:52:41,123 [INFO] core.mission.gorev3_pickup: [KANCA_IZ] t=34.95 alt=0.352 off_n=-0.1011 off_e=+0.0113 nose_z=+0.0760
2026-09-01 15:52:41,244 [INFO] core.mission.gorev3_pickup: [KANCA_IZ] t=35.07 alt=0.352 off_n=-0.1030 off_e=+0.0104 nose_z=+0.0760
2026-09-01 15:52:41,361 [INFO] core.mission.gorev3_pickup: [KANCA_IZ] t=35.19 alt=0.353 off_n=-0.1046 off_e=+0.0097 nose_z=+0.0760
2026-09-01 15:52:41,480 [INFO] core.detection.vision_runtime: [VISION] detect() calisiyor -- bu karede 1 tespit: ['KIRMIZI_DIKDORTGEN']
2026-09-01 15:52:41,481 [INFO] core.mission.gorev3_pickup: [KANCA_IZ] t=35.31 alt=0.354 off_n=-0.1062 off_e=+0.0090 nose_z=+0.0760
2026-09-01 15:52:41,598 [INFO] core.mission.gorev3_pickup: [KANCA_IZ] t=35.42 alt=0.355 off_n=-0.1076 off_e=+0.0087 nose_z=+0.0760
2026-09-01 15:52:41,598 [INFO] gz_system.gz_payload_actuator: [HOOK] APPROACHING  lat=  33.5mm ins=   -0.0mm tilt=  0.0deg v=0.000m/s age=0.03s  [lateral(33.5mm>10.2mm)]
2026-09-01 15:52:41,712 [INFO] core.mission.gorev3_pickup: [KANCA_IZ] t=35.54 alt=0.355 off_n=-0.1088 off_e=+0.0086 nose_z=+0.0760
2026-09-01 15:52:41,830 [INFO] core.mission.gorev3_pickup: [KANCA_IZ] t=35.65 alt=0.355 off_n=-0.1098 off_e=+0.0086 nose_z=+0.0760
2026-09-01 15:52:41,946 [INFO] core.mission.gorev3_pickup: [KANCA_IZ] t=35.77 alt=0.355 off_n=-0.1106 off_e=+0.0087 nose_z=+0.0760
2026-09-01 15:52:42,065 [INFO] core.mission.gorev3_pickup: [KANCA_IZ] t=35.89 alt=0.354 off_n=-0.1113 off_e=+0.0087 nose_z=+0.0760
2026-09-01 15:52:42,180 [INFO] core.mission.gorev3_pickup: [KANCA_IZ] t=36.01 alt=0.353 off_n=-0.1118 off_e=+0.0085 nose_z=+0.0760
2026-09-01 15:52:42,298 [INFO] core.mission.gorev3_pickup: [KANCA_IZ] t=36.12 alt=0.351 off_n=-0.1122 off_e=+0.0080 nose_z=+0.0760
2026-09-01 15:52:42,415 [INFO] core.mission.gorev3_pickup: [KANCA_IZ] t=36.24 alt=0.350 off_n=-0.1126 off_e=+0.0076 nose_z=+0.0760
QGC port check failed, reporting UNKNOWN: (pid=79041)
2026-09-01 15:52:42,530 [INFO] core.mission.gorev3_pickup: [KANCA_IZ] t=36.36 alt=0.349 off_n=-0.1129 off_e=+0.0072 nose_z=+0.0760
2026-09-01 15:52:42,649 [INFO] core.mission.gorev3_pickup: [KANCA_IZ] t=36.47 alt=0.348 off_n=-0.1133 off_e=+0.0067 nose_z=+0.0760
2026-09-01 15:52:42,649 [INFO] gz_system.gz_payload_actuator: [HOOK] APPROACHING  lat=  33.5mm ins=   -0.0mm tilt=  0.0deg v=0.000m/s age=0.03s  [lateral(33.5mm>10.2mm)]
2026-09-01 15:52:42,691 [INFO] gz_system.main_gz: Dashboard paint loop: 0.0 FPS (main thread)
2026-09-01 15:52:42,765 [INFO] core.mission.gorev3_pickup: [KANCA_IZ] t=36.59 alt=0.349 off_n=-0.1137 off_e=+0.0061 nose_z=+0.0760
2026-09-01 15:52:42,881 [INFO] core.mission.gorev3_pickup: [KANCA_IZ] t=36.71 alt=0.349 off_n=-0.1144 off_e=+0.0055 nose_z=+0.0760
2026-09-01 15:52:42,998 [INFO] core.mission.gorev3_pickup: [KANCA_IZ] t=36.82 alt=0.349 off_n=-0.1152 off_e=+0.0048 nose_z=+0.0760
2026-09-01 15:52:43,114 [INFO] core.mission.gorev3_pickup: [KANCA_IZ] t=36.94 alt=0.349 off_n=-0.1164 off_e=+0.0043 nose_z=+0.0760
2026-09-01 15:52:43,237 [INFO] core.mission.gorev3_pickup: [KANCA_IZ] t=37.06 alt=0.350 off_n=-0.1183 off_e=+0.0039 nose_z=+0.0760
2026-09-01 15:52:43,352 [INFO] core.mission.gorev3_pickup: [KANCA_IZ] t=37.18 alt=0.351 off_n=-0.1205 off_e=+0.0039 nose_z=+0.0760
2026-09-01 15:52:43,469 [INFO] core.mission.gorev3_pickup: [KANCA_IZ] t=37.29 alt=0.351 off_n=-0.1233 off_e=+0.0044 nose_z=+0.0760
2026-09-01 15:52:43,591 [INFO] core.mission.gorev3_pickup: [KANCA_IZ] t=37.42 alt=0.350 off_n=-0.1266 off_e=+0.0054 nose_z=+0.0760
2026-09-01 15:52:43,705 [INFO] core.mission.gorev3_pickup: [KANCA_IZ] t=37.53 alt=0.350 off_n=-0.1302 off_e=+0.0068 nose_z=+0.0760
2026-09-01 15:52:43,706 [INFO] gz_system.gz_payload_actuator: [HOOK] APPROACHING  lat=  33.5mm ins=   -0.0mm tilt=  0.0deg v=0.000m/s age=0.03s  [lateral(33.5mm>10.2mm)]
2026-09-01 15:52:43,823 [INFO] core.mission.gorev3_pickup: [KANCA_IZ] t=37.65 alt=0.350 off_n=-0.1340 off_e=+0.0084 nose_z=+0.0760
2026-09-01 15:52:43,940 [INFO] core.mission.gorev3_pickup: [KANCA_IZ] t=37.77 alt=0.350 off_n=-0.1377 off_e=+0.0102 nose_z=+0.0760
2026-09-01 15:52:44,056 [INFO] core.mission.gorev3_pickup: [KANCA_IZ] t=37.88 alt=0.350 off_n=-0.1413 off_e=+0.0120 nose_z=+0.0760
2026-09-01 15:52:44,176 [INFO] core.mission.gorev3_pickup: [KANCA_IZ] t=38.00 alt=0.350 off_n=-0.1446 off_e=+0.0136 nose_z=+0.0760
2026-09-01 15:52:44,293 [INFO] core.mission.gorev3_pickup: [KANCA_IZ] t=38.12 alt=0.348 off_n=-0.1475 off_e=+0.0152 nose_z=+0.0760
2026-09-01 15:52:44,417 [INFO] core.mission.gorev3_pickup: [KANCA_IZ] t=38.24 alt=0.347 off_n=-0.1498 off_e=+0.0166 nose_z=+0.0760
QGC port check failed, reporting UNKNOWN: (pid=79041)
2026-09-01 15:52:44,536 [INFO] core.detection.vision_runtime: [VISION] detect() calisiyor -- bu karede 1 tespit: ['KIRMIZI_DIKDORTGEN']
2026-09-01 15:52:44,536 [INFO] core.mission.gorev3_pickup: [KANCA_IZ] t=38.36 alt=0.347 off_n=-0.1519 off_e=+0.0182 nose_z=+0.0760
2026-09-01 15:52:44,654 [INFO] core.mission.gorev3_pickup: [KANCA_IZ] t=38.48 alt=0.346 off_n=-0.1536 off_e=+0.0195 nose_z=+0.0760
2026-09-01 15:52:44,774 [INFO] core.mission.gorev3_pickup: [KANCA_IZ] t=38.60 alt=0.346 off_n=-0.1551 off_e=+0.0210 nose_z=+0.0760
2026-09-01 15:52:44,774 [INFO] gz_system.gz_payload_actuator: [HOOK] APPROACHING  lat=  33.5mm ins=   -0.0mm tilt=  0.0deg v=0.000m/s age=0.03s  [lateral(33.5mm>10.2mm)]
2026-09-01 15:52:44,891 [INFO] core.mission.gorev3_pickup: [KANCA_IZ] t=38.72 alt=0.347 off_n=-0.1563 off_e=+0.0226 nose_z=+0.0760
2026-09-01 15:52:45,006 [INFO] core.mission.gorev3_pickup: [KANCA_IZ] t=38.83 alt=0.347 off_n=-0.1572 off_e=+0.0241 nose_z=+0.0760
2026-09-01 15:52:45,125 [INFO] core.mission.gorev3_pickup: [KANCA_IZ] t=38.95 alt=0.347 off_n=-0.1577 off_e=+0.0255 nose_z=+0.0760
2026-09-01 15:52:45,244 [INFO] core.mission.gorev3_pickup: [KANCA_IZ] t=39.07 alt=0.347 off_n=-0.1579 off_e=+0.0267 nose_z=+0.0760
2026-09-01 15:52:45,360 [INFO] core.mission.gorev3_pickup: [KANCA_IZ] t=39.18 alt=0.346 off_n=-0.1581 off_e=+0.0274 nose_z=+0.0760
2026-09-01 15:52:45,476 [INFO] core.mission.gorev3_pickup: [KANCA_IZ] t=39.30 alt=0.346 off_n=-0.1584 off_e=+0.0275 nose_z=+0.0760
2026-09-01 15:52:45,593 [INFO] core.mission.gorev3_pickup: [KANCA_IZ] t=39.42 alt=0.345 off_n=-0.1587 off_e=+0.0270 nose_z=+0.0760
2026-09-01 15:52:45,707 [INFO] core.mission.gorev3_pickup: [KANCA_IZ] t=39.53 alt=0.344 off_n=-0.1591 off_e=+0.0257 nose_z=+0.0760
2026-09-01 15:52:45,821 [INFO] core.mission.gorev3_pickup: [KANCA_IZ] t=39.65 alt=0.343 off_n=-0.1596 off_e=+0.0238 nose_z=+0.0760
2026-09-01 15:52:45,822 [INFO] gz_system.gz_payload_actuator: [HOOK] APPROACHING  lat=  33.5mm ins=   -0.0mm tilt=  0.0deg v=0.000m/s age=0.03s  [lateral(33.5mm>10.2mm)]
2026-09-01 15:52:45,938 [INFO] core.mission.gorev3_pickup: [KANCA_IZ] t=39.76 alt=0.343 off_n=-0.1604 off_e=+0.0214 nose_z=+0.0760
2026-09-01 15:52:46,050 [INFO] core.mission.gorev3_pickup: [KANCA_IZ] t=39.88 alt=0.342 off_n=-0.1613 off_e=+0.0183 nose_z=+0.0760
2026-09-01 15:52:46,163 [INFO] core.mission.gorev3_pickup: [KANCA_IZ] t=39.99 alt=0.341 off_n=-0.1622 off_e=+0.0148 nose_z=+0.0760
2026-09-01 15:52:46,281 [INFO] core.mission.gorev3_pickup: [KANCA_IZ] t=40.11 alt=0.341 off_n=-0.1633 off_e=+0.0109 nose_z=+0.0760
2026-09-01 15:52:46,394 [INFO] core.mission.gorev3_pickup: [KANCA_IZ] t=40.22 alt=0.338 off_n=-0.1644 off_e=+0.0068 nose_z=+0.0760
QGC port check failed, reporting UNKNOWN: (pid=79041)
2026-09-01 15:52:46,508 [INFO] core.mission.gorev3_pickup: [KANCA_IZ] t=40.33 alt=0.337 off_n=-0.1654 off_e=+0.0033 nose_z=+0.0760
2026-09-01 15:52:46,628 [INFO] core.mission.gorev3_pickup: [KANCA_IZ] t=40.45 alt=0.336 off_n=-0.1662 off_e=-0.0004 nose_z=+0.0760
2026-09-01 15:52:46,740 [INFO] core.mission.gorev3_pickup: [KANCA_IZ] t=40.57 alt=0.335 off_n=-0.1670 off_e=-0.0038 nose_z=+0.0761
2026-09-01 15:52:46,853 [INFO] core.mission.gorev3_pickup: [KANCA_IZ] t=40.68 alt=0.335 off_n=-0.1673 off_e=-0.0059 nose_z=+0.0761
2026-09-01 15:52:46,853 [INFO] gz_system.gz_payload_actuator: [HOOK] APPROACHING  lat=  33.6mm ins=   -0.1mm tilt=  0.3deg v=0.002m/s age=0.03s  [lateral(33.6mm>10.2mm)]
2026-09-01 15:52:46,971 [INFO] core.mission.gorev3_pickup: [KANCA_IZ] t=40.80 alt=0.335 off_n=-0.1674 off_e=-0.0079 nose_z=+0.0762
2026-09-01 15:52:47,084 [INFO] core.mission.gorev3_pickup: [KANCA_IZ] t=40.91 alt=0.337 off_n=-0.1672 off_e=-0.0093 nose_z=+0.0762
2026-09-01 15:52:47,198 [INFO] core.mission.gorev3_pickup: [KANCA_IZ] t=41.02 alt=0.340 off_n=-0.1666 off_e=-0.0102 nose_z=+0.0762
2026-09-01 15:52:47,314 [INFO] core.mission.gorev3_pickup: [KANCA_IZ] t=41.14 alt=0.341 off_n=-0.1655 off_e=-0.0107 nose_z=+0.0761
2026-09-01 15:52:47,427 [INFO] core.mission.gorev3_pickup: [KANCA_IZ] t=41.25 alt=0.343 off_n=-0.1640 off_e=-0.0107 nose_z=+0.0760
2026-09-01 15:52:47,543 [INFO] core.detection.vision_runtime: [VISION] detect() calisiyor -- bu karede 0 tespit: []
2026-09-01 15:52:47,543 [INFO] core.mission.gorev3_pickup: [KANCA_IZ] t=41.37 alt=0.344 off_n=-0.1624 off_e=-0.0106 nose_z=+0.0760
2026-09-01 15:52:47,659 [INFO] core.mission.gorev3_pickup: [KANCA_IZ] t=41.48 alt=0.346 off_n=-0.1604 off_e=-0.0102 nose_z=+0.0760
2026-09-01 15:52:47,722 [INFO] gz_system.main_gz: Dashboard paint loop: 0.0 FPS (main thread)
2026-09-01 15:52:47,773 [INFO] core.mission.gorev3_pickup: [KANCA_IZ] t=41.60 alt=0.347 off_n=-0.1586 off_e=-0.0097 nose_z=+0.0760
2026-09-01 15:52:47,892 [INFO] core.mission.gorev3_pickup: [KANCA_IZ] t=41.72 alt=0.349 off_n=-0.1567 off_e=-0.0089 nose_z=+0.0757
2026-09-01 15:52:47,893 [INFO] gz_system.gz_payload_actuator: [HOOK] APPROACHING  lat=  33.7mm ins=   +0.2mm tilt=  0.1deg v=0.003m/s age=0.03s  [lateral(33.7mm>10.2mm)]
2026-09-01 15:52:48,012 [INFO] core.mission.gorev3_pickup: [KANCA_IZ] t=41.84 alt=0.351 off_n=-0.1547 off_e=-0.0081 nose_z=+0.0758
2026-09-01 15:52:48,128 [INFO] core.mission.gorev3_pickup: [KANCA_IZ] t=41.95 alt=0.352 off_n=-0.1528 off_e=-0.0075 nose_z=+0.0759
2026-09-01 15:52:48,250 [INFO] core.mission.gorev3_pickup: [KANCA_IZ] t=42.07 alt=0.353 off_n=-0.1510 off_e=-0.0072 nose_z=+0.0759
2026-09-01 15:52:48,367 [INFO] core.mission.gorev3_pickup: [KANCA_IZ] t=42.19 alt=0.355 off_n=-0.1492 off_e=-0.0072 nose_z=+0.0759
2026-09-01 15:52:48,368 [INFO] gz_system.gz_payload_actuator: [KANCA_DENGE] oturma penceresi ortalama kanca_ofset=(-0.1183, +0.0118)  (206 ornek)
2026-09-01 15:52:48,368 [WARNING] gz_system.gz_payload_actuator: [HOOK] OTURMADI (12.0 s). En iyi ESZAMANLI ornek: lat=  33.5mm ins=   -0.0mm tilt=  0.0deg v=0.000m/s age=0.03s (1 kapi ihlali). CAPTURE_CANDIDATE ornegi: 0/206. Kapi retleri: lateral=206, rel_speed=16, too_high=14. Sinirlar: yanal<=10.2 mm, dwell 0.30 s.
2026-09-01 15:52:48,368 [WARNING] gz_system.gz_payload_actuator: [HOOK] oturma dogrulanmadi (12.0s) -- /hook/attach YAYINLANMADI, vinc cekiliyor, tekrar denenecek
2026-09-01 15:52:48,369 [INFO] gz_system.gz_payload_actuator: [HOOK] vinc -> 0.00 m
I0901 15:52:48.369639 14049662 fork_posix.cc:71] Other threads are currently calling into gRPC, skipping fork() handlers
2026-09-01 15:52:48,490 [INFO] core.mission.gorev3_pickup: [KANCA_IZ] t=42.32 alt=0.356 off_n=-0.1475 off_e=-0.0074 nose_z=+0.0760
QGC port check failed, reporting UNKNOWN: (pid=79090)
2026-09-01 15:52:48,607 [INFO] core.mission.gorev3_pickup: [KANCA_IZ] t=42.43 alt=0.357 off_n=-0.1461 off_e=-0.0078 nose_z=+0.0760
2026-09-01 15:52:48,722 [INFO] core.mission.gorev3_pickup: [KANCA_IZ] t=42.55 alt=0.357 off_n=-0.1451 off_e=-0.0084 nose_z=+0.0760
2026-09-01 15:52:48,842 [INFO] core.mission.gorev3_pickup: [KANCA_IZ] t=42.67 alt=0.358 off_n=-0.1444 off_e=-0.0091 nose_z=+0.0760
2026-09-01 15:52:48,959 [INFO] core.mission.gorev3_pickup: [KANCA_IZ] t=42.78 alt=0.357 off_n=-0.1442 off_e=-0.0096 nose_z=+0.0760
2026-09-01 15:52:49,083 [INFO] core.mission.gorev3_pickup: [KANCA_IZ] t=42.91 alt=0.357 off_n=-0.1444 off_e=-0.0099 nose_z=+0.0760
2026-09-01 15:52:49,199 [INFO] core.mission.gorev3_pickup: [KANCA_IZ] t=43.02 alt=0.356 off_n=-0.1450 off_e=-0.0101 nose_z=+0.0760
2026-09-01 15:52:49,314 [INFO] core.mission.gorev3_pickup: [KANCA_IZ] t=43.14 alt=0.354 off_n=-0.1457 off_e=-0.0103 nose_z=+0.0760
2026-09-01 15:52:49,428 [INFO] core.mission.gorev3_pickup: [KANCA_IZ] t=43.25 alt=0.352 off_n=-0.1435 off_e=-0.0103 nose_z=+0.0821
2026-09-01 15:52:49,542 [INFO] core.mission.gorev3_pickup: [KANCA_IZ] t=43.37 alt=0.349 off_n=-0.0725 off_e=-0.0015 nose_z=+0.1701
2026-09-01 15:52:49,655 [INFO] core.mission.gorev3_pickup: [KANCA_IZ] t=43.48 alt=0.344 off_n=-0.0421 off_e=-0.0860 nose_z=+0.2450
2026-09-01 15:52:49,771 [INFO] core.mission.gorev3_pickup: [KANCA_IZ] t=43.60 alt=0.338 off_n=-0.0322 off_e=-0.0827 nose_z=+0.2943
2026-09-01 15:52:49,887 [INFO] core.mission.gorev3_pickup: [KANCA_IZ] t=43.71 alt=0.333 off_n=-0.0467 off_e=-0.0329 nose_z=+0.3516
2026-09-01 15:52:50,000 [INFO] core.mission.gorev3_pickup: [KANCA_IZ] t=43.83 alt=0.324 off_n=-0.0615 off_e=-0.0061 nose_z=+0.3922
2026-09-01 15:52:50,115 [INFO] core.mission.gorev3_pickup: [KANCA_IZ] t=43.94 alt=0.322 off_n=-0.0655 off_e=+0.0057 nose_z=+0.3959
2026-09-01 15:52:50,229 [INFO] core.mission.gorev3_pickup: [KANCA_IZ] t=44.05 alt=0.320 off_n=-0.0669 off_e=+0.0034 nose_z=+0.3808
2026-09-01 15:52:50,344 [INFO] core.mission.gorev3_pickup: [KANCA_IZ] t=44.17 alt=0.318 off_n=-0.0706 off_e=-0.0046 nose_z=+0.3700
2026-09-01 15:52:50,404 [INFO] core.mission.gorev3_pickup: [YENIDEN_HIZA] deneme 3 oncesi, kanca havada -- duzeltme yeniden kosuluyor
2026-09-01 15:52:50,405 [INFO] core.mission.gorev3_pickup: [SON_DUZELTME] 1/6 yanal 19.8 mm -> (kuzey -0.008, dogu +0.006)  | kanca_ofset=(-0.0745, -0.0087) arac_ned=(53.2272, 5.1622) kanca_mutlak=(53.1528, 5.1535)
2026-09-01 15:52:50,459 [INFO] core.mission.gorev3_pickup: [KANCA_IZ] t=44.28 alt=0.316 off_n=-0.0764 off_e=-0.0098 nose_z=+0.3663
QGC port check failed, reporting UNKNOWN: (pid=79041)
2026-09-01 15:52:50,579 [INFO] core.detection.vision_runtime: [VISION] detect() calisiyor -- bu karede 0 tespit: []
2026-09-01 15:52:50,580 [INFO] core.mission.gorev3_pickup: [KANCA_IZ] t=44.40 alt=0.314 off_n=-0.0823 off_e=-0.0098 nose_z=+0.3656
2026-09-01 15:52:50,695 [INFO] core.mission.gorev3_pickup: [KANCA_IZ] t=44.52 alt=0.311 off_n=-0.0862 off_e=-0.0054 nose_z=+0.3663
2026-09-01 15:52:50,813 [INFO] core.mission.gorev3_pickup: [KANCA_IZ] t=44.64 alt=0.310 off_n=-0.0872 off_e=+0.0007 nose_z=+0.3684
2026-09-01 15:52:50,929 [INFO] core.mission.gorev3_pickup: [KANCA_IZ] t=44.75 alt=0.311 off_n=-0.0859 off_e=+0.0034 nose_z=+0.3710
2026-09-01 15:52:51,047 [INFO] core.mission.gorev3_pickup: [KANCA_IZ] t=44.87 alt=0.314 off_n=-0.0843 off_e=+0.0020 nose_z=+0.3739
2026-09-01 15:52:51,163 [INFO] core.mission.gorev3_pickup: [KANCA_IZ] t=44.99 alt=0.316 off_n=-0.0841 off_e=-0.0020 nose_z=+0.3766
QGC port check failed, reporting UNKNOWN: (pid=79041)
2026-09-01 15:52:52,724 [INFO] gz_system.main_gz: Dashboard paint loop: 0.0 FPS (main thread)
2026-09-01 15:52:53,628 [INFO] core.detection.vision_runtime: [VISION] detect() calisiyor -- bu karede 1 tespit: ['KIRMIZI_DIKDORTGEN']
2026-09-01 15:52:53,924 [INFO] core.mission.gorev3_pickup: [SON_DUZELTME] 2/6 yanal 29.3 mm -> (kuzey +0.005, dogu +0.014)  | kanca_ofset=(-0.0898, -0.0033) arac_ned=(53.2171, 5.1403) kanca_mutlak=(53.1274, 5.1370)
QGC port check failed, reporting UNKNOWN: (pid=79041)
2026-09-01 15:52:56,441 [INFO] core.mission.gorev3_pickup: [SON_DUZELTME] 3/6 yanal 16.1 mm -> (kuzey +0.008, dogu -0.003)  | kanca_ofset=(-0.0897, -0.0028) arac_ned=(53.2111, 5.1732) kanca_mutlak=(53.1214, 5.1704)
QGC port check failed, reporting UNKNOWN: (pid=79041)
2026-09-01 15:52:56,675 [INFO] core.detection.vision_runtime: [VISION] detect() calisiyor -- bu karede 1 tespit: ['KIRMIZI_DIKDORTGEN']
2026-09-01 15:52:57,727 [INFO] gz_system.main_gz: Dashboard paint loop: 0.0 FPS (main thread)
QGC port check failed, reporting UNKNOWN: (pid=79041)
2026-09-01 15:52:58,942 [INFO] core.mission.gorev3_pickup: [SON_DUZELTME] 4/6 yanal 15.2 mm -> (kuzey -0.004, dogu +0.007)  | kanca_ofset=(-0.0900, -0.0028) arac_ned=(53.2342, 5.1546) kanca_mutlak=(53.1442, 5.1518)
2026-09-01 15:52:59,776 [INFO] core.detection.vision_runtime: [VISION] detect() calisiyor -- bu karede 1 tespit: ['KIRMIZI_DIKDORTGEN']
QGC port check failed, reporting UNKNOWN: (pid=79041)
2026-09-01 15:53:01,542 [INFO] core.mission.gorev3_pickup: [SON_DUZELTME] 5/6 yanal 17.0 mm -> (kuzey +0.004, dogu +0.007)  | kanca_ofset=(-0.0899, -0.0028) arac_ned=(53.2183, 5.1527) kanca_mutlak=(53.1284, 5.1499)
QGC port check failed, reporting UNKNOWN: (pid=79041)
2026-09-01 15:53:02,758 [INFO] gz_system.main_gz: Dashboard paint loop: 0.0 FPS (main thread)
2026-09-01 15:53:02,841 [INFO] core.detection.vision_runtime: [VISION] detect() calisiyor -- bu karede 1 tespit: ['KIRMIZI_DIKDORTGEN']
2026-09-01 15:53:04,140 [INFO] core.mission.gorev3_pickup: [SON_DUZELTME] 6/6 yanal 12.6 mm -> (kuzey +0.005, dogu +0.004)  | kanca_ofset=(-0.0899, -0.0029) arac_ned=(53.2161, 5.1605) kanca_mutlak=(53.1262, 5.1576)
QGC port check failed, reporting UNKNOWN: (pid=79041)
2026-09-01 15:53:05,898 [INFO] core.detection.vision_runtime: [VISION] detect() calisiyor -- bu karede 1 tespit: ['KIRMIZI_DIKDORTGEN']
QGC port check failed, reporting UNKNOWN: (pid=79041)
2026-09-01 15:53:06,713 [WARNING] core.mission.gorev3_pickup: [SON_DUZELTME] butce doldu; son yanal 12.6 mm
2026-09-01 15:53:06,713 [INFO] core.mission.gorev3_pickup: [YENIDEN_HIZA] deneme 3 icin yeni yanal: 12.6 mm
2026-09-01 15:53:06,713 [INFO] gz_system.gz_payload_actuator: [HOOK] alma denemesi 3/3
2026-09-01 15:53:06,713 [INFO] gz_system.gz_payload_actuator: [HOOK] vinc salimi: 0.350 m  (irtifa=0.347 m, guverte=0.070, zincir ofseti=0.060, pay=0.040)
2026-09-01 15:53:06,713 [WARNING] gz_system.gz_payload_actuator: [HOOK] VINC DOYUMU: hesaplanan salim 0.377 m, fiziksel sinir 0.350 m -- 27.0 mm KIRPILDI. Bu irtifada (0.347 m) MARGIN=0.040 ETKISIZ: bu irtifanin uzerinde formulun ciktisi ne olursa olsun salim 0.350 m'de kaliyor. MARGIN'in etkili oldugu ust irtifa siniri 0.320 m. (Fiziksel erisim tavani AYRI bir sayi ve CHAIN_OFFSET'e bagli; o sabit su an tartismali -- SDF geometrisi 0.04236, kayitli kalibrasyon 0.060 diyor -- bu yuzden burada kasten yazilmiyor.)
2026-09-01 15:53:06,713 [INFO] gz_system.gz_payload_actuator: [HOOK] vinc -> 0.35 m
I0901 15:53:06.714033 14049662 fork_posix.cc:71] Other threads are currently calling into gRPC, skipping fork() handlers
2026-09-01 15:53:07,750 [INFO] gz_system.gz_payload_actuator: [HOOK] APPROACHING  lat=  31.6mm ins= -315.7mm tilt=  0.2deg v=  infm/s age=0.02s  [lateral(31.6mm>10.2mm), too_high(-315.7mm<-4.0mm), rel_speed(inf>0.05m/s)]
2026-09-01 15:53:07,779 [INFO] gz_system.main_gz: Dashboard paint loop: 0.0 FPS (main thread)
QGC port check failed, reporting UNKNOWN: (pid=79041)
2026-09-01 15:53:08,762 [INFO] gz_system.gz_payload_actuator: [HOOK] APPROACHING  lat=  17.6mm ins=   +0.7mm tilt= 16.3deg v=0.050m/s age=0.01s  [lateral(17.6mm>10.2mm), tilt(16.3deg>15.0deg)]
2026-09-01 15:53:08,944 [INFO] core.detection.vision_runtime: [VISION] detect() calisiyor -- bu karede 1 tespit: ['KIRMIZI_UCGEN']
2026-09-01 15:53:09,764 [INFO] gz_system.gz_payload_actuator: [HOOK] APPROACHING  lat=  17.4mm ins=   +0.6mm tilt= 17.8deg v=0.013m/s age=0.02s  [lateral(17.4mm>10.2mm), tilt(17.8deg>15.0deg)]
QGC port check failed, reporting UNKNOWN: (pid=79041)
2026-09-01 15:53:10,802 [INFO] gz_system.gz_payload_actuator: [HOOK] APPROACHING  lat=  17.2mm ins=   +0.4mm tilt= 12.0deg v=0.000m/s age=0.02s  [lateral(17.2mm>10.2mm)]
2026-09-01 15:53:11,842 [INFO] gz_system.gz_payload_actuator: [HOOK] APPROACHING  lat=  17.3mm ins=   -0.7mm tilt= 12.6deg v=0.005m/s age=0.04s  [lateral(17.3mm>10.2mm)]
2026-09-01 15:53:11,956 [INFO] core.detection.vision_runtime: [VISION] detect() calisiyor -- bu karede 1 tespit: ['KIRMIZI_UCGEN']
QGC port check failed, reporting UNKNOWN: (pid=79041)
2026-09-01 15:53:12,782 [INFO] gz_system.main_gz: Dashboard paint loop: 0.0 FPS (main thread)
2026-09-01 15:53:12,869 [INFO] gz_system.gz_payload_actuator: [HOOK] APPROACHING  lat=  17.0mm ins=   +0.2mm tilt= 17.2deg v=0.015m/s age=0.03s  [lateral(17.0mm>10.2mm), tilt(17.2deg>15.0deg)]
2026-09-01 15:53:13,917 [INFO] gz_system.gz_payload_actuator: [HOOK] APPROACHING  lat=  17.1mm ins=   +1.2mm tilt= 29.9deg v=0.016m/s age=0.00s  [lateral(17.1mm>10.2mm), tilt(29.9deg>15.0deg)]
QGC port check failed, reporting UNKNOWN: (pid=79041)
2026-09-01 15:53:14,974 [INFO] core.detection.vision_runtime: [VISION] detect() calisiyor -- bu karede 1 tespit: ['KIRMIZI_DIKDORTGEN']
2026-09-01 15:53:14,974 [INFO] gz_system.gz_payload_actuator: [HOOK] APPROACHING  lat=  17.4mm ins=   +1.7mm tilt= 43.3deg v=0.012m/s age=0.03s  [lateral(17.4mm>10.2mm), tilt(43.3deg>15.0deg)]
2026-09-01 15:53:16,036 [INFO] gz_system.gz_payload_actuator: [HOOK] APPROACHING  lat=  14.6mm ins=   +7.9mm tilt= 53.0deg v=0.017m/s age=0.03s  [lateral(14.6mm>10.2mm), tilt(53.0deg>15.0deg)]
QGC port check failed, reporting UNKNOWN: (pid=79041)
2026-09-01 15:53:17,070 [INFO] gz_system.gz_payload_actuator: [HOOK] APPROACHING  lat=  12.1mm ins=   +6.0mm tilt= 66.8deg v=0.007m/s age=0.03s  [lateral(12.1mm>10.2mm), tilt(66.8deg>15.0deg)]
2026-09-01 15:53:17,803 [INFO] gz_system.main_gz: Dashboard paint loop: 0.0 FPS (main thread)
2026-09-01 15:53:18,001 [INFO] core.detection.vision_runtime: [VISION] detect() calisiyor -- bu karede 0 tespit: []
2026-09-01 15:53:18,118 [INFO] gz_system.gz_payload_actuator: [HOOK] APPROACHING  lat=  12.7mm ins=   +6.5mm tilt= 63.7deg v=0.010m/s age=0.03s  [lateral(12.7mm>10.2mm), tilt(63.7deg>15.0deg)]
QGC port check failed, reporting UNKNOWN: (pid=79041)
2026-09-01 15:53:19,168 [INFO] gz_system.gz_payload_actuator: [HOOK] APPROACHING  lat=  13.8mm ins=   +7.0mm tilt= 57.9deg v=0.003m/s age=0.03s  [lateral(13.8mm>10.2mm), tilt(57.9deg>15.0deg)]
2026-09-01 15:53:19,797 [INFO] gz_system.gz_payload_actuator: [KANCA_DENGE] oturma penceresi ortalama kanca_ofset=(-0.1054, -0.0225)  (208 ornek)
2026-09-01 15:53:19,797 [WARNING] gz_system.gz_payload_actuator: [HOOK] OTURMADI (12.0 s). En iyi ESZAMANLI ornek: lat=  17.2mm ins=   +0.4mm tilt= 12.0deg v=0.000m/s age=0.02s (1 kapi ihlali). CAPTURE_CANDIDATE ornegi: 0/208. Kapi retleri: lateral=208, tilt=152, rel_speed=18, too_high=12. Sinirlar: yanal<=10.2 mm, dwell 0.30 s.
2026-09-01 15:53:19,797 [WARNING] gz_system.gz_payload_actuator: [HOOK] oturma dogrulanmadi (12.0s) -- /hook/attach YAYINLANMADI, vinc cekiliyor, tekrar denenecek
2026-09-01 15:53:19,797 [INFO] gz_system.gz_payload_actuator: [HOOK] vinc -> 0.00 m
I0901 15:53:19.798510 14049662 fork_posix.cc:71] Other threads are currently calling into gRPC, skipping fork() handlers
QGC port check failed, reporting UNKNOWN: (pid=79041)
2026-09-01 15:53:21,041 [INFO] core.detection.vision_runtime: [VISION] detect() calisiyor -- bu karede 1 tespit: ['KIRMIZI_DIKDORTGEN']
2026-09-01 15:53:21,875 [INFO] gz_system.gz_payload_actuator: [HOOK] son deneme (3/3) -- yeniden hizalama atlandi, arkasindan deneme gelmeyecek
2026-09-01 15:53:21,875 [ERROR] gz_system.gz_payload_actuator: [HOOK] 3 denemede yuk OTURMADI -- hicbir /hook/attach yayinlanmadi.
2026-09-01 15:53:21,875 [INFO] gz_system.gz_payload_actuator: [HOOK] vinc -> 0.00 m
I0901 15:53:21.876104 14049662 fork_posix.cc:71] Other threads are currently calling into gRPC, skipping fork() handlers
QGC port check failed, reporting UNKNOWN: (pid=79041)
2026-09-01 15:53:22,814 [INFO] gz_system.main_gz: Dashboard paint loop: 0.0 FPS (main thread)
2026-09-01 15:53:22,943 [ERROR] core.mission.gorev3_pickup: Yük alma mekanizması yükü alamadı -- Görev 3 Faz 1 başarısız.
2026-09-01 15:53:22,944 [ERROR] core.mission.gorev3_orchestrator: GOREV 3 FAZ 1 (ALMA) BASARISIZ
2026-09-01 15:53:22,945 [WARNING] core.mission.master_fsm: GOREV 2 TAMAMLANDI ANCAK GOREV 3 BASARISIZ - yalnizca Gorev 2 puani gecerli olabilir
2026-09-01 15:53:22,945 [INFO] core.mission.master_fsm: RETURNING_TO_START_FINISH (dist=53.4 m) -- hedef (47.3977462, 8.5461639) @ 15.0m, sebep: gorev3_failed
2026-09-01 15:53:22,945 [INFO] core.navigation.centering_controller: Kayitli GPS konumuna gidiliyor: lat=47.3977462, lon=8.5461639, alt=15.0m
2026-09-01 15:53:24,096 [INFO] core.detection.vision_runtime: [VISION] detect() calisiyor -- bu karede 1 tespit: ['MAVI_ALTIGEN']
QGC port check failed, reporting UNKNOWN: (pid=79041)
QGC port check failed, reporting UNKNOWN: (pid=79041)
2026-09-01 15:53:27,223 [INFO] core.detection.vision_runtime: [VISION] detect() calisiyor -- bu karede 0 tespit: []
2026-09-01 15:53:27,820 [INFO] gz_system.main_gz: Dashboard paint loop: 0.0 FPS (main thread)
QGC port check failed, reporting UNKNOWN: (pid=78659)
2026-09-01 15:53:30,328 [INFO] core.detection.vision_runtime: [VISION] detect() calisiyor -- bu karede 0 tespit: []
QGC port check failed, reporting UNKNOWN: (pid=78659)
2026-09-01 15:53:32,049 [INFO] core.mission.master_fsm: Baslangic/bitis noktasina ulasildi -- checkpoint'e uzaklik 0.5 m. Inis baslatiliyor.
2026-09-01 15:53:32,049 [INFO] core.mission.master_fsm: Son iniş gerçekleştiriliyor...
2026-09-01 15:53:32,049 [INFO] mavsdk_common.mavsdk_backend_base: İniş yapılıyor...
2026-09-01 15:53:32,073 [INFO] core.detection.detection_publisher: [DETECTION_PUB] yayin kapatiliyor (gonderilen=3111, atlanan=0).
2026-09-01 15:53:32,073 [INFO] core.detection.vision_runtime: [VISION] pipeline durduruldu.
[CAMERA_CLIENT] Stopping client...
[CAMERA_CLIENT] Shutdown complete.
I0901 15:53:32.106629 14049664 fork_posix.cc:71] Other threads are currently calling into gRPC, skipping fork() handlers
[CAMERA_SERVICE_MANAGER] Stopping (PID: 78211)...
I0901 15:53:32.136302 14049664 fork_posix.cc:71] Other threads are currently calling into gRPC, skipping fork() handlers
I0901 15:53:32.144201 14049664 fork_posix.cc:71] Other threads are currently calling into gRPC, skipping fork() handlers
[CAMERA_SERVICE_MANAGER] Stopped.
