2026-09-01 12:11:16,901 [INFO] gz_system.main_gz: gz-transport env: GZ_PARTITION=kursad40 GZ_IP=127.0.0.1
2026-09-01 12:11:16,903 [INFO] gz_system.gz_camera_source: Gazebo kamera servisi kontrol ediliyor (topic=/world/default/model/x500_mono_cam_down_0/link/camera_link/sensor/camera/image)...
[CAMERA_SERVICE_MANAGER] Starting camera_service.py (topic=/world/default/model/x500_mono_cam_down_0/link/camera_link/sensor/camera/image, zmq=tcp://127.0.0.1:5555)...
QGC port check failed, reporting UNKNOWN: (pid=56846)
[CAMERA_SERVICE_MANAGER] gz-transport env for child: GZ_PARTITION=kursad40 GZ_IP=127.0.0.1
[CAMERA_SERVICE_MANAGER] Started (PID: 56967).
[CAMERA_CLIENT] Connecting to ZMQ publisher at tcp://127.0.0.1:5555...2026-09-01 12:11:17,919 [INFO] gz_system.gz_camera_source: Gazebo kamera istemcisi baslatildi.

[CAMERA_CLIENT] Connected. Waiting for frames...
2026-09-01 12:11:17,922 [INFO] gz_system.gz_pose_monitor: Gazebo poz izleyicisi basladi: /world/default/dynamic_pose/info
2026-09-01 12:11:17,922 [INFO] core.detection.detection_publisher: [DETECTION_PUB] tespit yayini acik: tcp://127.0.0.1:5556
2026-09-01 12:11:17,922 [INFO] core.detection.vision_runtime: [VISION] pipeline basladi (mission omru boyunca calisir).
2026-09-01 12:11:17,922 [INFO] core.mission.master_fsm: MASTER MISSION CONTROLLER BASLATILDI
2026-09-01 12:11:17,922 [WARNING] core.detection.vision_runtime: Frame grab loop hatasi (art arda 1. hata, mission etkilenmez): Gazebo kameradan kare okunamadi. Henuz kare alinmadi veya baglanti koptu.
2026-09-01 12:11:17,923 [WARNING] core.detection.vision_runtime: [VISION] detect() basarisiz (art arda 1. hata, mission etkilenmez): Gazebo kameradan kare okunamadi. Henuz kare alinmadi veya baglanti koptu.
2026-09-01 12:11:17,923 [INFO] core.mission.gorev2_orchestrator: GOREV 2 BASLIYOR
2026-09-01 12:11:17,923 [INFO] mavsdk_common.mavsdk_backend_base: Drone'a bağlanılıyor: udp://:14540
Connection using udp:// is deprecated, please use udpin:// or udpout:// (cli_arg.cpp:28)
QGC port check failed, reporting UNKNOWN: (pid=56846)
2026-09-01 12:11:18,945 [INFO] mavsdk_common.mavsdk_backend_base: Drone bağlantısı bekleniyor...
2026-09-01 12:11:18,946 [INFO] mavsdk_common.mavsdk_backend_base: Drone bağlandı!
2026-09-01 12:11:18,967 [INFO] mavsdk_common.mavsdk_backend_base: [TELEMETRY] position rate 10.0 Hz istendi.
2026-09-01 12:11:18,979 [INFO] mavsdk_common.mavsdk_backend_base: [TELEMETRY] position_velocity_ned rate 10.0 Hz istendi.
2026-09-01 12:11:18,999 [INFO] mavsdk_common.mavsdk_backend_base: [TELEMETRY] attitude_euler rate 10.0 Hz istendi.
2026-09-01 12:11:19,670 [INFO] mavsdk_common.mavsdk_backend_base: Drone arm ediliyor...
2026-09-01 12:11:19,695 [INFO] mavsdk_common.mavsdk_backend_base: Kalkış yapılıyor (Hedef: 15.0m)...
QGC port check failed, reporting UNKNOWN: (pid=56846)
2026-09-01 12:11:20,974 [INFO] core.detection.vision_runtime: [VISION] detect() calisiyor -- bu karede 0 tespit: []
2026-09-01 12:11:21,914 [INFO] gz_system.main_gz: Dashboard paint loop: 0.0 FPS (main thread)
QGC port check failed, reporting UNKNOWN: (pid=56846)
2026-09-01 12:11:24,008 [INFO] core.detection.vision_runtime: [VISION] detect() calisiyor -- bu karede 0 tespit: []
QGC port check failed, reporting UNKNOWN: (pid=56846)
QGC port check failed, reporting UNKNOWN: (pid=57000)
2026-09-01 12:11:26,943 [INFO] gz_system.main_gz: Dashboard paint loop: 0.0 FPS (main thread)
2026-09-01 12:11:27,052 [INFO] core.detection.vision_runtime: [VISION] detect() calisiyor -- bu karede 0 tespit: []
QGC port check failed, reporting UNKNOWN: (pid=57000)
2026-09-01 12:11:30,094 [INFO] core.detection.vision_runtime: [VISION] detect() calisiyor -- bu karede 0 tespit: []
QGC port check failed, reporting UNKNOWN: (pid=57000)
2026-09-01 12:11:31,967 [INFO] gz_system.main_gz: Dashboard paint loop: 0.0 FPS (main thread)
QGC port check failed, reporting UNKNOWN: (pid=57000)
2026-09-01 12:11:33,135 [INFO] core.detection.vision_runtime: [VISION] detect() calisiyor -- bu karede 0 tespit: []
QGC port check failed, reporting UNKNOWN: (pid=57000)
2026-09-01 12:11:36,179 [INFO] core.detection.vision_runtime: [VISION] detect() calisiyor -- bu karede 0 tespit: []
2026-09-01 12:11:36,257 [INFO] core.mission.gorev2_orchestrator: Start Checkpoint kaydedildi: (47.3977459, 8.5461639, 14.201000213623047)
2026-09-01 12:11:36,300 [INFO] core.mission.gorev2_orchestrator: [ROUTE_REJOIN] rota ekseni tespit edildi: sabit=lon (lat_span=0.001258, lon_span=0.000000).
2026-09-01 12:11:36,332 [INFO] core.mission.gorev2_orchestrator: [MISSION_START] Rota dogrulandi (3 item): 0:NAV_TAKEOFF, 1:NAV_WAYPOINT, 2:NAV_WAYPOINT
2026-09-01 12:11:36,332 [INFO] core.mission.gorev2_orchestrator: [MISSION_START] Baslangic indeksi: 1
2026-09-01 12:11:36,332 [INFO] core.mission.gorev2_orchestrator: [MISSION_START] 3.0s stabilizasyon bekleniyor...
QGC port check failed, reporting UNKNOWN: (pid=57000)
2026-09-01 12:11:36,987 [INFO] gz_system.main_gz: Dashboard paint loop: 0.0 FPS (main thread)
QGC port check failed, reporting UNKNOWN: (pid=57000)
2026-09-01 12:11:39,231 [INFO] core.detection.vision_runtime: [VISION] detect() calisiyor -- bu karede 0 tespit: []
2026-09-01 12:11:39,884 [INFO] core.mission.gorev2_orchestrator: [MISSION_START] PX4 mevcut gorev ogesi 1 olarak ayarlandi (seq0 NAV_TAKEOFF atlandi -- kalkis zaten yapildi).
2026-09-01 12:11:39,884 [INFO] core.mission.gorev2_orchestrator: [MISSION_START] Yuklu gorev baslatiliyor...
Received ack for not-existing command: 176! Ignoring... (mavlink_command_sender.cpp:304)
2026-09-01 12:11:40,897 [INFO] core.mission.gorev2_orchestrator: [MISSION_START] PX4 MISSION moduna gecti -- arama fazi basliyor.
QGC port check failed, reporting UNKNOWN: (pid=57000)
2026-09-01 12:11:41,991 [INFO] gz_system.main_gz: Dashboard paint loop: 0.0 FPS (main thread)
2026-09-01 12:11:42,276 [INFO] core.detection.vision_runtime: [VISION] detect() calisiyor -- bu karede 0 tespit: []
QGC port check failed, reporting UNKNOWN: (pid=57000)
QGC port check failed, reporting UNKNOWN: (pid=57000)
2026-09-01 12:11:45,332 [INFO] core.detection.vision_runtime: [VISION] detect() calisiyor -- bu karede 0 tespit: []
2026-09-01 12:11:46,643 [INFO] core.navigation.centering_controller: Mission modu durduruluyor, Offboard'a geciliyor...
2026-09-01 12:11:46,644 [INFO] mavsdk_common.mavsdk_backend_base: Mission'dan Offboard'a geçiş yapılıyor...
2026-09-01 12:11:46,664 [INFO] mavsdk_common.mavsdk_backend_base: Offboard başlatılıyor...
QGC port check failed, reporting UNKNOWN: (pid=57037)
2026-09-01 12:11:47,002 [INFO] gz_system.main_gz: Dashboard paint loop: 0.0 FPS (main thread)
2026-09-01 12:11:48,401 [INFO] core.detection.vision_runtime: [VISION] detect() calisiyor -- bu karede 1 tespit: ['MAVI_ALTIGEN']
QGC port check failed, reporting UNKNOWN: (pid=57037)
2026-09-01 12:11:49,682 [ERROR] core.navigation.centering_controller: PX4 OFFBOARD modunu onaylamadi (timeout).
2026-09-01 12:11:49,682 [INFO] core.mission.gorev2_orchestrator: [ROUTE_REJOIN] rota hattina donuluyor (sabit eksen=lon): hedef lat=47.3980465 lon=8.5461641 (mevcut lat=47.3980465 lon=8.5461637).
2026-09-01 12:11:49,682 [INFO] core.navigation.centering_controller: Kayitli GPS konumuna gidiliyor: lat=47.3980465, lon=8.5461641, alt=15.0m
2026-09-01 12:11:49,683 [INFO] mavsdk_common.mavsdk_backend_base: Offboard durduruluyor...
Received ack for not-existing command: 176! Ignoring... (mavlink_command_sender.cpp:304)
2026-09-01 12:11:49,947 [INFO] core.mission.gorev2_orchestrator: [MISSION_RESUME] rota 2. ogeden devam ettiriliyor.
Received ack for not-existing command: 176! Ignoring... (mavlink_command_sender.cpp:304)
QGC port check failed, reporting UNKNOWN: (pid=57037)
2026-09-01 12:11:51,080 [INFO] core.mission.gorev2_orchestrator: [OFFBOARD] resume sonrasi 1.9s oturma payi bekleniyor.
2026-09-01 12:11:51,464 [INFO] core.detection.vision_runtime: [VISION] detect() calisiyor -- bu karede 1 tespit: ['MAVI_ALTIGEN']
2026-09-01 12:11:52,035 [INFO] gz_system.main_gz: Dashboard paint loop: 0.0 FPS (main thread)
QGC port check failed, reporting UNKNOWN: (pid=57037)
2026-09-01 12:11:52,980 [INFO] core.navigation.centering_controller: Mission modu durduruluyor, Offboard'a geciliyor...
2026-09-01 12:11:52,981 [INFO] mavsdk_common.mavsdk_backend_base: Mission'dan Offboard'a geçiş yapılıyor...
2026-09-01 12:11:52,996 [INFO] mavsdk_common.mavsdk_backend_base: Offboard başlatılıyor...
Received ack for not-existing command: 176! Ignoring... (mavlink_command_sender.cpp:304)
Received ack for not-existing command: 176! Ignoring... (mavlink_command_sender.cpp:304)
2026-09-01 12:11:53,808 [INFO] core.navigation.centering_controller: MAVI_ALTIGEN hedefine merkezleniyor (irtifa hedefi: 15.0m, irtifa bandi +/-0.30m)...
2026-09-01 12:11:53,809 [WARNING] core.navigation.centering_controller: [CENTERING] MAVI_ALTIGEN 1/150 hedef kayboldu (feed canli, hedef bu karede yok)
2026-09-01 12:11:54,317 [WARNING] core.navigation.centering_controller: [CENTERING] MAVI_ALTIGEN 6/150 hedef kayboldu (feed canli, hedef bu karede yok)
2026-09-01 12:11:54,516 [INFO] core.detection.vision_runtime: [VISION] detect() calisiyor -- bu karede 1 tespit: ['MAVI_DIKDORTGEN']
2026-09-01 12:11:54,748 [INFO] core.detection.camera_intrinsics: [CAMERA] intrinsics: hfov=1.7400 rad (99.7 deg) 1280x960 -> f=539.9 px (kaynak: ../../../Tools/simulation/gz/models/mono_cam/model.sdf)
2026-09-01 12:11:54,867 [INFO] core.navigation.centering_controller: [CENTERING] MAVI_ALTIGEN 11/150 dx=-346px dy=+427px d=15.3m ex=-0.5406 ey=+0.8896 (tol +/-0.010) alt_err=+0.03m -> fwd=-0.30 right=-0.30 down=+0.02 m/s
QGC port check failed, reporting UNKNOWN: (pid=57037)
2026-09-01 12:11:55,440 [WARNING] core.navigation.centering_controller: [CENTERING] MAVI_ALTIGEN 16/150 hedef kayboldu (feed canli, hedef bu karede yok)
2026-09-01 12:11:56,020 [INFO] core.navigation.centering_controller: [CENTERING] MAVI_ALTIGEN 21/150 dx=-366px dy=+438px d=15.9m ex=-0.5719 ey=+0.9125 (tol +/-0.010) alt_err=+0.01m -> fwd=-0.90 right=-0.86 down=+0.00 m/s
2026-09-01 12:11:56,592 [INFO] core.navigation.centering_controller: [CENTERING] MAVI_ALTIGEN 26/150 dx=-368px dy=+445px d=16.0m ex=-0.5750 ey=+0.9271 (tol +/-0.010) alt_err=+0.01m -> fwd=-0.75 right=-0.63 down=+0.00 m/s
QGC port check failed, reporting UNKNOWN: (pid=57037)
2026-09-01 12:11:57,065 [INFO] gz_system.main_gz: Dashboard paint loop: 0.0 FPS (main thread)
2026-09-01 12:11:57,154 [INFO] core.navigation.centering_controller: [CENTERING] MAVI_ALTIGEN 31/150 dx=-342px dy=+426px d=15.2m ex=-0.5344 ey=+0.8875 (tol +/-0.010) alt_err=-0.01m -> fwd=-1.33 right=-0.80 down=-0.00 m/s
2026-09-01 12:11:57,621 [INFO] core.detection.vision_runtime: [VISION] detect() calisiyor -- bu karede 2 tespit: ['MAVI_ALTIGEN', 'MAVI_DIKDORTGEN']
2026-09-01 12:11:57,738 [INFO] core.navigation.centering_controller: [CENTERING] MAVI_ALTIGEN 36/150 dx=-328px dy=+401px d=14.4m ex=-0.5125 ey=+0.8354 (tol +/-0.010) alt_err=-0.01m -> fwd=-1.25 right=-0.77 down=-0.00 m/s
2026-09-01 12:11:58,299 [INFO] core.navigation.centering_controller: [CENTERING] MAVI_ALTIGEN 41/150 dx=-282px dy=+317px d=11.8m ex=-0.4406 ey=+0.6604 (tol +/-0.010) alt_err=-0.01m -> fwd=-0.99 right=-0.66 down=-0.01 m/s
2026-09-01 12:11:58,859 [INFO] core.navigation.centering_controller: [CENTERING] MAVI_ALTIGEN 46/150 dx=-261px dy=+277px d=10.6m ex=-0.4078 ey=+0.5771 (tol +/-0.010) alt_err=-0.01m -> fwd=-0.87 right=-0.61 down=-0.01 m/s
QGC port check failed, reporting UNKNOWN: (pid=57037)
2026-09-01 12:11:59,416 [INFO] core.navigation.centering_controller: [CENTERING] MAVI_ALTIGEN 51/150 dx=-252px dy=+263px d=10.1m ex=-0.3937 ey=+0.5479 (tol +/-0.010) alt_err=-0.01m -> fwd=-0.82 right=-0.59 down=-0.01 m/s
2026-09-01 12:11:59,972 [INFO] core.navigation.centering_controller: [CENTERING] MAVI_ALTIGEN 56/150 dx=-242px dy=+246px d=9.6m ex=-0.3781 ey=+0.5125 (tol +/-0.010) alt_err=-0.03m -> fwd=-0.77 right=-0.57 down=-0.01 m/s
2026-09-01 12:12:00,529 [INFO] core.navigation.centering_controller: [CENTERING] MAVI_ALTIGEN 61/150 dx=-226px dy=+225px d=8.8m ex=-0.3531 ey=+0.4688 (tol +/-0.010) alt_err=-0.02m -> fwd=-0.70 right=-0.53 down=-0.01 m/s
2026-09-01 12:12:00,639 [INFO] core.detection.vision_runtime: [VISION] detect() calisiyor -- bu karede 1 tespit: ['MAVI_ALTIGEN']
QGC port check failed, reporting UNKNOWN: (pid=57037)
2026-09-01 12:12:01,088 [INFO] core.navigation.centering_controller: [CENTERING] MAVI_ALTIGEN 66/150 dx=-212px dy=+204px d=8.2m ex=-0.3312 ey=+0.4250 (tol +/-0.010) alt_err=-0.02m -> fwd=-0.64 right=-0.50 down=-0.01 m/s
2026-09-01 12:12:01,642 [INFO] core.navigation.centering_controller: [CENTERING] MAVI_ALTIGEN 71/150 dx=-201px dy=+187px d=7.6m ex=-0.3141 ey=+0.3896 (tol +/-0.010) alt_err=-0.01m -> fwd=-0.58 right=-0.47 down=-0.00 m/s
2026-09-01 12:12:02,096 [INFO] gz_system.main_gz: Dashboard paint loop: 0.0 FPS (main thread)
2026-09-01 12:12:02,197 [INFO] core.navigation.centering_controller: [CENTERING] MAVI_ALTIGEN 76/150 dx=-190px dy=+172px d=7.1m ex=-0.2969 ey=+0.3583 (tol +/-0.010) alt_err=-0.00m -> fwd=-0.54 right=-0.45 down=-0.00 m/s
2026-09-01 12:12:02,757 [INFO] core.navigation.centering_controller: [CENTERING] MAVI_ALTIGEN 81/150 dx=-179px dy=+158px d=6.6m ex=-0.2797 ey=+0.3292 (tol +/-0.010) alt_err=-0.00m -> fwd=-0.49 right=-0.42 down=-0.00 m/s
QGC port check failed, reporting UNKNOWN: (pid=57037)
2026-09-01 12:12:03,312 [INFO] core.navigation.centering_controller: [CENTERING] MAVI_ALTIGEN 86/150 dx=-171px dy=+147px d=6.3m ex=-0.2672 ey=+0.3063 (tol +/-0.010) alt_err=-0.01m -> fwd=-0.46 right=-0.40 down=-0.01 m/s
2026-09-01 12:12:03,643 [INFO] core.detection.vision_runtime: [VISION] detect() calisiyor -- bu karede 1 tespit: ['MAVI_ALTIGEN']
2026-09-01 12:12:03,864 [INFO] core.navigation.centering_controller: [CENTERING] MAVI_ALTIGEN 91/150 dx=-163px dy=+137px d=5.9m ex=-0.2547 ey=+0.2854 (tol +/-0.010) alt_err=-0.03m -> fwd=-0.43 right=-0.38 down=-0.01 m/s
2026-09-01 12:12:04,422 [INFO] core.navigation.centering_controller: [CENTERING] MAVI_ALTIGEN 96/150 dx=-153px dy=+125px d=5.5m ex=-0.2391 ey=+0.2604 (tol +/-0.010) alt_err=-0.04m -> fwd=-0.39 right=-0.36 down=-0.02 m/s
2026-09-01 12:12:04,976 [INFO] core.navigation.centering_controller: [CENTERING] MAVI_ALTIGEN 101/150 dx=-146px dy=+115px d=5.1m ex=-0.2281 ey=+0.2396 (tol +/-0.010) alt_err=-0.04m -> fwd=-0.36 right=-0.34 down=-0.02 m/s
QGC port check failed, reporting UNKNOWN: (pid=57037)
2026-09-01 12:12:05,531 [INFO] core.navigation.centering_controller: [CENTERING] MAVI_ALTIGEN 106/150 dx=-138px dy=+105px d=4.8m ex=-0.2156 ey=+0.2188 (tol +/-0.010) alt_err=-0.03m -> fwd=-0.33 right=-0.32 down=-0.02 m/s
2026-09-01 12:12:06,090 [INFO] core.navigation.centering_controller: [CENTERING] MAVI_ALTIGEN 111/150 dx=-130px dy=+98px d=4.5m ex=-0.2031 ey=+0.2042 (tol +/-0.010) alt_err=-0.02m -> fwd=-0.31 right=-0.30 down=-0.01 m/s
2026-09-01 12:12:06,646 [INFO] core.detection.vision_runtime: [VISION] detect() calisiyor -- bu karede 1 tespit: ['MAVI_ALTIGEN']
2026-09-01 12:12:06,647 [INFO] core.navigation.centering_controller: [CENTERING] MAVI_ALTIGEN 116/150 dx=-123px dy=+91px d=4.2m ex=-0.1922 ey=+0.1896 (tol +/-0.010) alt_err=-0.02m -> fwd=-0.28 right=-0.29 down=-0.01 m/s
QGC port check failed, reporting UNKNOWN: (pid=57037)
2026-09-01 12:12:07,121 [INFO] gz_system.main_gz: Dashboard paint loop: 0.0 FPS (main thread)
2026-09-01 12:12:07,205 [INFO] core.navigation.centering_controller: [CENTERING] MAVI_ALTIGEN 121/150 dx=-117px dy=+86px d=4.0m ex=-0.1828 ey=+0.1792 (tol +/-0.010) alt_err=-0.02m -> fwd=-0.27 right=-0.27 down=-0.01 m/s
2026-09-01 12:12:07,763 [INFO] core.navigation.centering_controller: [CENTERING] MAVI_ALTIGEN 126/150 dx=-110px dy=+80px d=3.8m ex=-0.1719 ey=+0.1667 (tol +/-0.010) alt_err=-0.03m -> fwd=-0.25 right=-0.26 down=-0.01 m/s
2026-09-01 12:12:08,323 [INFO] core.navigation.centering_controller: [CENTERING] MAVI_ALTIGEN 131/150 dx=-104px dy=+76px d=3.6m ex=-0.1625 ey=+0.1583 (tol +/-0.010) alt_err=-0.02m -> fwd=-0.24 right=-0.24 down=-0.01 m/s
2026-09-01 12:12:08,879 [INFO] core.navigation.centering_controller: [CENTERING] MAVI_ALTIGEN 136/150 dx=-100px dy=+70px d=3.4m ex=-0.1562 ey=+0.1458 (tol +/-0.010) alt_err=-0.01m -> fwd=-0.22 right=-0.23 down=-0.01 m/s
QGC port check failed, reporting UNKNOWN: (pid=57037)
2026-09-01 12:12:09,432 [INFO] core.navigation.centering_controller: [CENTERING] MAVI_ALTIGEN 141/150 dx=-97px dy=+67px d=3.3m ex=-0.1516 ey=+0.1396 (tol +/-0.010) alt_err=-0.01m -> fwd=-0.21 right=-0.23 down=-0.00 m/s
2026-09-01 12:12:09,656 [INFO] core.detection.vision_runtime: [VISION] detect() calisiyor -- bu karede 1 tespit: ['MAVI_ALTIGEN']
2026-09-01 12:12:09,992 [INFO] core.navigation.centering_controller: [CENTERING] MAVI_ALTIGEN 146/150 dx=-92px dy=+63px d=3.1m ex=-0.1437 ey=+0.1313 (tol +/-0.010) alt_err=-0.01m -> fwd=-0.20 right=-0.22 down=-0.01 m/s
2026-09-01 12:12:10,552 [ERROR] core.navigation.centering_controller: Merkezleme zaman asimina ugradi! (150 deneme / 15.0s butcesi doldu)
2026-09-01 12:12:10,552 [WARNING] core.mission.gorev2_orchestrator: [RETRY_IN_PLACE] MAVI_ALTIGEN 1/3 merkezlenemedi -- 5s yerinde beklenip tekrar denenecek (hedef goruniyor, d=2.93m).
QGC port check failed, reporting UNKNOWN: (pid=57037)
2026-09-01 12:12:12,138 [INFO] gz_system.main_gz: Dashboard paint loop: 0.0 FPS (main thread)
2026-09-01 12:12:12,673 [INFO] core.detection.vision_runtime: [VISION] detect() calisiyor -- bu karede 1 tespit: ['MAVI_ALTIGEN']
QGC port check failed, reporting UNKNOWN: (pid=57037)
QGC port check failed, reporting UNKNOWN: (pid=57037)
2026-09-01 12:12:15,579 [INFO] core.navigation.centering_controller: MAVI_ALTIGEN hedefine merkezleniyor (irtifa hedefi: 15.0m, irtifa bandi +/-0.30m)...
2026-09-01 12:12:15,580 [INFO] core.navigation.centering_controller: [CENTERING] MAVI_ALTIGEN 1/150 dx=-81px dy=+55px d=2.7m ex=-0.1266 ey=+0.1146 (tol +/-0.010) alt_err=-0.04m -> fwd=-0.15 right=-0.15 down=-0.02 m/s
2026-09-01 12:12:15,692 [INFO] core.detection.vision_runtime: [VISION] detect() calisiyor -- bu karede 1 tespit: ['MAVI_ALTIGEN']
2026-09-01 12:12:16,137 [INFO] core.navigation.centering_controller: [CENTERING] MAVI_ALTIGEN 6/150 dx=-99px dy=+70px d=3.4m ex=-0.1547 ey=+0.1458 (tol +/-0.010) alt_err=-0.03m -> fwd=-0.22 right=-0.23 down=-0.01 m/s
2026-09-01 12:12:16,696 [INFO] core.navigation.centering_controller: [CENTERING] MAVI_ALTIGEN 11/150 dx=-85px dy=+58px d=2.9m ex=-0.1328 ey=+0.1208 (tol +/-0.010) alt_err=-0.02m -> fwd=-0.18 right=-0.20 down=-0.01 m/s
QGC port check failed, reporting UNKNOWN: (pid=57037)
2026-09-01 12:12:17,161 [INFO] gz_system.main_gz: Dashboard paint loop: 0.0 FPS (main thread)
2026-09-01 12:12:17,255 [INFO] core.navigation.centering_controller: [CENTERING] MAVI_ALTIGEN 16/150 dx=-77px dy=+48px d=2.5m ex=-0.1203 ey=+0.1000 (tol +/-0.010) alt_err=-0.03m -> fwd=-0.15 right=-0.18 down=-0.01 m/s
2026-09-01 12:12:17,809 [INFO] core.navigation.centering_controller: [CENTERING] MAVI_ALTIGEN 21/150 dx=-74px dy=+44px d=2.4m ex=-0.1156 ey=+0.0917 (tol +/-0.010) alt_err=-0.02m -> fwd=-0.15 right=-0.17 down=-0.01 m/s
2026-09-01 12:12:18,367 [INFO] core.navigation.centering_controller: [CENTERING] MAVI_ALTIGEN 26/150 dx=-71px dy=+44px d=2.3m ex=-0.1109 ey=+0.0917 (tol +/-0.010) alt_err=-0.01m -> fwd=-0.15 right=-0.17 down=-0.01 m/s
2026-09-01 12:12:18,699 [INFO] core.detection.vision_runtime: [VISION] detect() calisiyor -- bu karede 1 tespit: ['MAVI_ALTIGEN']
2026-09-01 12:12:18,925 [INFO] core.navigation.centering_controller: [CENTERING] MAVI_ALTIGEN 31/150 dx=-67px dy=+40px d=2.2m ex=-0.1047 ey=+0.0833 (tol +/-0.010) alt_err=-0.01m -> fwd=-0.15 right=-0.16 down=-0.00 m/s
QGC port check failed, reporting UNKNOWN: (pid=57037)
2026-09-01 12:12:19,480 [INFO] core.navigation.centering_controller: [CENTERING] MAVI_ALTIGEN 36/150 dx=-63px dy=+36px d=2.0m ex=-0.0984 ey=+0.0750 (tol +/-0.010) alt_err=-0.00m -> fwd=-0.15 right=-0.15 down=-0.00 m/s
2026-09-01 12:12:20,037 [INFO] core.navigation.centering_controller: [CENTERING] MAVI_ALTIGEN 41/150 dx=-60px dy=+34px d=1.9m ex=-0.0938 ey=+0.0708 (tol +/-0.010) alt_err=-0.01m -> fwd=-0.15 right=-0.15 down=-0.01 m/s
2026-09-01 12:12:20,594 [INFO] core.navigation.centering_controller: [CENTERING] MAVI_ALTIGEN 46/150 dx=-58px dy=+30px d=1.8m ex=-0.0906 ey=+0.0625 (tol +/-0.010) alt_err=-0.01m -> fwd=-0.15 right=-0.15 down=-0.01 m/s
QGC port check failed, reporting UNKNOWN: (pid=57037)
2026-09-01 12:12:21,154 [INFO] core.navigation.centering_controller: [CENTERING] MAVI_ALTIGEN 51/150 dx=-55px dy=+27px d=1.7m ex=-0.0859 ey=+0.0563 (tol +/-0.010) alt_err=-0.00m -> fwd=-0.15 right=-0.15 down=-0.00 m/s
2026-09-01 12:12:21,707 [INFO] core.detection.vision_runtime: [VISION] detect() calisiyor -- bu karede 1 tespit: ['MAVI_ALTIGEN']
2026-09-01 12:12:21,709 [INFO] core.navigation.centering_controller: [CENTERING] MAVI_ALTIGEN 56/150 dx=-52px dy=+24px d=1.6m ex=-0.0813 ey=+0.0500 (tol +/-0.010) alt_err=+0.00m -> fwd=-0.15 right=-0.15 down=+0.00 m/s
2026-09-01 12:12:22,191 [INFO] gz_system.main_gz: Dashboard paint loop: 0.0 FPS (main thread)
2026-09-01 12:12:22,267 [INFO] core.navigation.centering_controller: [CENTERING] MAVI_ALTIGEN 61/150 dx=-50px dy=+21px d=1.5m ex=-0.0781 ey=+0.0437 (tol +/-0.010) alt_err=+0.00m -> fwd=-0.15 right=-0.15 down=+0.00 m/s
2026-09-01 12:12:22,820 [INFO] core.navigation.centering_controller: [CENTERING] MAVI_ALTIGEN 66/150 dx=-46px dy=+16px d=1.4m ex=-0.0719 ey=+0.0333 (tol +/-0.010) alt_err=+0.01m -> fwd=-0.15 right=-0.15 down=+0.00 m/s
QGC port check failed, reporting UNKNOWN: (pid=57037)
2026-09-01 12:12:23,377 [INFO] core.navigation.centering_controller: [CENTERING] MAVI_ALTIGEN 71/150 dx=-44px dy=+15px d=1.3m ex=-0.0688 ey=+0.0312 (tol +/-0.010) alt_err=+0.01m -> fwd=-0.15 right=-0.15 down=+0.00 m/s
2026-09-01 12:12:23,935 [INFO] core.navigation.centering_controller: [CENTERING] MAVI_ALTIGEN 76/150 dx=-40px dy=+11px d=1.2m ex=-0.0625 ey=+0.0229 (tol +/-0.010) alt_err=+0.00m -> fwd=-0.15 right=-0.15 down=+0.00 m/s
2026-09-01 12:12:24,490 [INFO] core.navigation.centering_controller: [CENTERING] MAVI_ALTIGEN 81/150 dx=-36px dy=+9px d=1.0m ex=-0.0563 ey=+0.0187 (tol +/-0.010) alt_err=-0.00m -> fwd=-0.15 right=-0.15 down=-0.00 m/s
2026-09-01 12:12:24,710 [INFO] core.detection.vision_runtime: [VISION] detect() calisiyor -- bu karede 1 tespit: ['MAVI_ALTIGEN']
QGC port check failed, reporting UNKNOWN: (pid=57037)
2026-09-01 12:12:25,048 [INFO] core.navigation.centering_controller: [CENTERING] MAVI_ALTIGEN 86/150 dx=-34px dy=+5px d=1.0m ex=-0.0531 ey=+0.0104 (tol +/-0.010) alt_err=-0.00m -> fwd=-0.15 right=-0.15 down=-0.00 m/s
2026-09-01 12:12:25,606 [INFO] core.navigation.centering_controller: [CENTERING] MAVI_ALTIGEN 91/150 dx=-31px dy=-12px d=0.9m ex=-0.0484 ey=-0.0250 (tol +/-0.010) alt_err=+0.00m -> fwd=+0.15 right=-0.15 down=+0.00 m/s
2026-09-01 12:12:26,164 [INFO] core.navigation.centering_controller: [CENTERING] MAVI_ALTIGEN 96/150 dx=-29px dy=-12px d=0.9m ex=-0.0453 ey=-0.0250 (tol +/-0.010) alt_err=-0.00m -> fwd=+0.15 right=-0.15 down=-0.00 m/s
2026-09-01 12:12:26,720 [INFO] core.navigation.centering_controller: [CENTERING] MAVI_ALTIGEN 101/150 dx=-25px dy=+0px d=0.7m ex=-0.0391 ey=+0.0000 (tol +/-0.010) alt_err=+0.01m -> fwd=+0.00 right=-0.15 down=+0.00 m/s
QGC port check failed, reporting UNKNOWN: (pid=57037)
2026-09-01 12:12:27,205 [INFO] gz_system.main_gz: Dashboard paint loop: 0.0 FPS (main thread)
2026-09-01 12:12:27,276 [INFO] core.navigation.centering_controller: [CENTERING] MAVI_ALTIGEN 106/150 dx=-22px dy=+23px d=0.9m ex=-0.0344 ey=+0.0479 (tol +/-0.010) alt_err=+0.01m -> fwd=-0.15 right=-0.15 down=+0.01 m/s
2026-09-01 12:12:27,720 [INFO] core.detection.vision_runtime: [VISION] detect() calisiyor -- bu karede 1 tespit: ['MAVI_ALTIGEN']
2026-09-01 12:12:27,832 [INFO] core.navigation.centering_controller: [CENTERING] MAVI_ALTIGEN 111/150 dx=-19px dy=+10px d=0.6m ex=-0.0297 ey=+0.0208 (tol +/-0.010) alt_err=+0.01m -> fwd=-0.15 right=-0.15 down=+0.00 m/s
2026-09-01 12:12:28,388 [INFO] core.navigation.centering_controller: [CENTERING] MAVI_ALTIGEN 116/150 dx=-16px dy=+2px d=0.4m ex=-0.0250 ey=+0.0042 (tol +/-0.010) alt_err=+0.00m -> fwd=+0.00 right=-0.15 down=+0.00 m/s
2026-09-01 12:12:28,947 [INFO] core.navigation.centering_controller: [CENTERING] MAVI_ALTIGEN 121/150 dx=-12px dy=-19px d=0.6m ex=-0.0187 ey=-0.0396 (tol +/-0.010) alt_err=+0.01m -> fwd=+0.15 right=-0.15 down=+0.01 m/s
QGC port check failed, reporting UNKNOWN: (pid=57037)
2026-09-01 12:12:29,505 [INFO] core.navigation.centering_controller: [CENTERING] MAVI_ALTIGEN 126/150 dx=-10px dy=-9px d=0.4m ex=-0.0156 ey=-0.0187 (tol +/-0.010) alt_err=+0.02m -> fwd=+0.15 right=-0.15 down=+0.01 m/s
2026-09-01 12:12:30,058 [INFO] core.navigation.centering_controller: Merkezleme tamamlandi. (attempt 131/150, dx=-6px dy=-1px ex=-0.0094 ey=-0.0021 alt_err=+0.01m)
2026-09-01 12:12:30,724 [INFO] core.detection.vision_runtime: [VISION] detect() calisiyor -- bu karede 1 tespit: ['MAVI_ALTIGEN']
QGC port check failed, reporting UNKNOWN: (pid=57037)
2026-09-01 12:12:32,223 [INFO] gz_system.main_gz: Dashboard paint loop: 0.0 FPS (main thread)
QGC port check failed, reporting UNKNOWN: (pid=57037)
2026-09-01 12:12:33,166 [INFO] core.mission.gorev2_orchestrator: [POST_LOCK_DRIFT] MAVI_ALTIGEN 3s: peak=19.8px final=8.6px (55.15cm / 23.96cm), 28 ornek, 0 kayip
2026-09-01 12:12:33,166 [INFO] core.navigation.centering_controller: 2.0 saniye hover yapiliyor (Konum dogrulama)...
2026-09-01 12:12:33,832 [INFO] core.detection.vision_runtime: [VISION] detect() calisiyor -- bu karede 1 tespit: ['MAVI_ALTIGEN']
QGC port check failed, reporting UNKNOWN: (pid=57037)
2026-09-01 12:12:35,279 [INFO] core.position_log.position_store: Konum basariyla kaydedildi: MAVI_ALTIGEN (ilk)
2026-09-01 12:12:35,279 [INFO] core.mission.gorev2_orchestrator: Mavi Altigen ortalandi -- KIRMIZI yuk hemen birakiliyor.
2026-09-01 12:12:35,279 [INFO] core.mission.gorev2_fsm: PAYLOAD MISSION 1 basliyor (Mavi Altigen / RED payload)
2026-09-01 12:12:35,279 [INFO] core.navigation.centering_controller: Kayitli GPS konumuna gidiliyor: lat=47.3980526, lon=8.5460383, alt=15.0m
2026-09-01 12:12:35,280 [INFO] core.mission.payload_release: Yük bırakma başlatılıyor: MAVI_ALTIGEN
2026-09-01 12:12:35,280 [INFO] core.navigation.centering_controller: MAVI_ALTIGEN hedefine merkezleniyor (irtifa hedefi: 10.0m, irtifa bandi +/-0.30m)...
2026-09-01 12:12:35,281 [INFO] core.navigation.centering_controller: [CENTERING] MAVI_ALTIGEN 1/200 dx=-3px dy=+8px d=0.2m ex=-0.0047 ey=+0.0167 (tol +/-0.010) alt_err=+4.99m -> fwd=-0.15 right=+0.00 down=+0.15 m/s
2026-09-01 12:12:35,847 [INFO] core.navigation.centering_controller: [CENTERING] MAVI_ALTIGEN 6/200 dx=-3px dy=+20px d=0.6m ex=-0.0047 ey=+0.0417 (tol +/-0.010) alt_err=+4.88m -> fwd=-0.15 right=+0.00 down=+0.90 m/s
2026-09-01 12:12:36,451 [INFO] core.navigation.centering_controller: [CENTERING] MAVI_ALTIGEN 11/200 dx=-3px dy=+10px d=0.3m ex=-0.0047 ey=+0.0208 (tol +/-0.010) alt_err=+4.28m -> fwd=-0.15 right=+0.00 down=+1.65 m/s
2026-09-01 12:12:36,941 [INFO] core.detection.vision_runtime: [VISION] detect() calisiyor -- bu karede 1 tespit: ['MAVI_ALTIGEN']
QGC port check failed, reporting UNKNOWN: (pid=57037)
2026-09-01 12:12:37,103 [INFO] core.navigation.centering_controller: [CENTERING] MAVI_ALTIGEN 16/200 dx=-3px dy=+5px d=0.1m ex=-0.0047 ey=+0.0104 (tol +/-0.010) alt_err=+3.35m -> fwd=-0.15 right=+0.00 down=+1.68 m/s
2026-09-01 12:12:37,231 [INFO] gz_system.main_gz: Dashboard paint loop: 0.0 FPS (main thread)
2026-09-01 12:12:37,664 [INFO] core.navigation.centering_controller: [CENTERING] MAVI_ALTIGEN 21/200 dx=-3px dy=-10px d=0.2m ex=-0.0047 ey=-0.0208 (tol +/-0.010) alt_err=+2.59m -> fwd=+0.15 right=+0.00 down=+1.30 m/s
2026-09-01 12:12:38,260 [INFO] core.navigation.centering_controller: [CENTERING] MAVI_ALTIGEN 26/200 dx=-3px dy=-14px d=0.3m ex=-0.0047 ey=-0.0292 (tol +/-0.010) alt_err=+1.83m -> fwd=+0.15 right=+0.00 down=+0.92 m/s
2026-09-01 12:12:38,841 [INFO] core.navigation.centering_controller: [CENTERING] MAVI_ALTIGEN 31/200 dx=-2px dy=-2px d=0.1m ex=-0.0031 ey=-0.0042 (tol +/-0.010) alt_err=+1.31m -> fwd=+0.00 right=+0.00 down=+0.66 m/s
QGC port check failed, reporting UNKNOWN: (pid=57037)
2026-09-01 12:12:39,402 [INFO] core.navigation.centering_controller: [CENTERING] MAVI_ALTIGEN 36/200 dx=-2px dy=+22px d=0.4m ex=-0.0031 ey=+0.0458 (tol +/-0.010) alt_err=+0.95m -> fwd=-0.15 right=+0.00 down=+0.48 m/s
2026-09-01 12:12:39,961 [INFO] core.detection.vision_runtime: [VISION] detect() calisiyor -- bu karede 1 tespit: ['MAVI_ALTIGEN']
2026-09-01 12:12:39,962 [INFO] core.navigation.centering_controller: [CENTERING] MAVI_ALTIGEN 41/200 dx=-4px dy=+10px d=0.2m ex=-0.0063 ey=+0.0208 (tol +/-0.010) alt_err=+0.74m -> fwd=-0.15 right=+0.00 down=+0.37 m/s
2026-09-01 12:12:40,519 [INFO] core.navigation.centering_controller: [CENTERING] MAVI_ALTIGEN 46/200 dx=-5px dy=-4px d=0.1m ex=-0.0078 ey=-0.0083 (tol +/-0.010) alt_err=+0.54m -> fwd=+0.00 right=+0.00 down=+0.27 m/s
2026-09-01 12:12:41,074 [INFO] core.navigation.centering_controller: [CENTERING] MAVI_ALTIGEN 51/200 dx=-6px dy=-20px d=0.4m ex=-0.0094 ey=-0.0417 (tol +/-0.010) alt_err=+0.41m -> fwd=+0.15 right=+0.00 down=+0.21 m/s
QGC port check failed, reporting UNKNOWN: (pid=57037)
2026-09-01 12:12:41,631 [INFO] core.navigation.centering_controller: [CENTERING] MAVI_ALTIGEN 56/200 dx=-5px dy=-5px d=0.1m ex=-0.0078 ey=-0.0104 (tol +/-0.010) alt_err=+0.30m -> fwd=+0.15 right=+0.00 down=+0.15 m/s
2026-09-01 12:12:41,741 [INFO] core.navigation.centering_controller: Merkezleme tamamlandi. (attempt 57/200, dx=-5px dy=-4px ex=-0.0078 ey=-0.0083 alt_err=+0.29m)
2026-09-01 12:12:41,742 [INFO] core.navigation.centering_controller: MAVI_ALTIGEN hedefine merkezleniyor (irtifa hedefi: 5.0m, irtifa bandi +/-0.30m)...
2026-09-01 12:12:41,742 [INFO] core.navigation.centering_controller: [CENTERING] MAVI_ALTIGEN 1/200 dx=-5px dy=-4px d=0.1m ex=-0.0078 ey=-0.0083 (tol +/-0.010) alt_err=+5.29m -> fwd=+0.00 right=+0.00 down=+0.15 m/s
2026-09-01 12:12:42,250 [INFO] gz_system.main_gz: Dashboard paint loop: 0.0 FPS (main thread)
2026-09-01 12:12:42,294 [INFO] core.navigation.centering_controller: [CENTERING] MAVI_ALTIGEN 6/200 dx=-3px dy=+22px d=0.4m ex=-0.0047 ey=+0.0458 (tol +/-0.010) alt_err=+5.12m -> fwd=-0.15 right=+0.00 down=+0.90 m/s
2026-09-01 12:12:42,845 [INFO] core.navigation.centering_controller: [CENTERING] MAVI_ALTIGEN 11/200 dx=-3px dy=+14px d=0.3m ex=-0.0047 ey=+0.0292 (tol +/-0.010) alt_err=+4.63m -> fwd=-0.15 right=+0.00 down=+1.65 m/s
2026-09-01 12:12:43,067 [INFO] core.detection.vision_runtime: [VISION] detect() calisiyor -- bu karede 1 tespit: ['MAVI_ALTIGEN']
QGC port check failed, reporting UNKNOWN: (pid=57037)
2026-09-01 12:12:43,399 [INFO] core.navigation.centering_controller: [CENTERING] MAVI_ALTIGEN 16/200 dx=-4px dy=+2px d=0.1m ex=-0.0063 ey=+0.0042 (tol +/-0.010) alt_err=+3.70m -> fwd=+0.00 right=+0.00 down=+1.85 m/s
2026-09-01 12:12:43,957 [INFO] core.navigation.centering_controller: [CENTERING] MAVI_ALTIGEN 21/200 dx=-4px dy=-23px d=0.3m ex=-0.0063 ey=-0.0479 (tol +/-0.010) alt_err=+2.92m -> fwd=+0.15 right=+0.00 down=+1.46 m/s
2026-09-01 12:12:44,509 [INFO] core.navigation.centering_controller: [CENTERING] MAVI_ALTIGEN 26/200 dx=-5px dy=-14px d=0.2m ex=-0.0078 ey=-0.0292 (tol +/-0.010) alt_err=+2.07m -> fwd=+0.15 right=+0.00 down=+1.04 m/s
2026-09-01 12:12:45,064 [INFO] core.navigation.centering_controller: [CENTERING] MAVI_ALTIGEN 31/200 dx=-4px dy=+0px d=0.0m ex=-0.0063 ey=+0.0000 (tol +/-0.010) alt_err=+1.58m -> fwd=+0.00 right=+0.00 down=+0.79 m/s
QGC port check failed, reporting UNKNOWN: (pid=57037)
2026-09-01 12:12:45,622 [INFO] core.navigation.centering_controller: [CENTERING] MAVI_ALTIGEN 36/200 dx=-4px dy=+25px d=0.3m ex=-0.0063 ey=+0.0521 (tol +/-0.010) alt_err=+1.13m -> fwd=-0.15 right=+0.00 down=+0.57 m/s
2026-09-01 12:12:46,068 [INFO] core.detection.vision_runtime: [VISION] detect() calisiyor -- bu karede 1 tespit: ['MAVI_ALTIGEN']
2026-09-01 12:12:46,181 [INFO] core.navigation.centering_controller: [CENTERING] MAVI_ALTIGEN 41/200 dx=-3px dy=+12px d=0.1m ex=-0.0047 ey=+0.0250 (tol +/-0.010) alt_err=+0.86m -> fwd=-0.15 right=+0.00 down=+0.43 m/s
2026-09-01 12:12:46,742 [INFO] core.navigation.centering_controller: [CENTERING] MAVI_ALTIGEN 46/200 dx=-3px dy=+0px d=0.0m ex=-0.0047 ey=+0.0000 (tol +/-0.010) alt_err=+0.63m -> fwd=+0.00 right=+0.00 down=+0.31 m/s
QGC port check failed, reporting UNKNOWN: (pid=56065)
2026-09-01 12:12:47,281 [INFO] gz_system.main_gz: Dashboard paint loop: 0.0 FPS (main thread)
2026-09-01 12:12:47,304 [INFO] core.navigation.centering_controller: [CENTERING] MAVI_ALTIGEN 51/200 dx=-4px dy=-24px d=0.2m ex=-0.0063 ey=-0.0500 (tol +/-0.010) alt_err=+0.46m -> fwd=+0.15 right=+0.00 down=+0.23 m/s
2026-09-01 12:12:47,860 [INFO] core.navigation.centering_controller: [CENTERING] MAVI_ALTIGEN 56/200 dx=-4px dy=-7px d=0.1m ex=-0.0063 ey=-0.0146 (tol +/-0.010) alt_err=+0.36m -> fwd=+0.15 right=+0.00 down=+0.18 m/s
2026-09-01 12:12:48,193 [INFO] core.navigation.centering_controller: Merkezleme tamamlandi. (attempt 59/200, dx=-4px dy=+4px ex=-0.0063 ey=+0.0083 alt_err=+0.30m)
2026-09-01 12:12:48,194 [INFO] core.navigation.centering_controller: MAVI_ALTIGEN hedefine merkezleniyor (irtifa hedefi: 0.45m, irtifa bandi +/-0.05m)...
2026-09-01 12:12:48,194 [INFO] core.navigation.centering_controller: [CENTERING] MAVI_ALTIGEN 1/200 dx=-4px dy=+4px d=0.1m ex=-0.0063 ey=+0.0083 (tol +/-0.010) alt_err=+4.85m -> fwd=+0.00 right=+0.00 down=+0.15 m/s
2026-09-01 12:12:48,754 [INFO] core.navigation.centering_controller: [CENTERING] MAVI_ALTIGEN 6/200 dx=-8px dy=+31px d=0.3m ex=-0.0125 ey=+0.0646 (tol +/-0.010) alt_err=+4.72m -> fwd=-0.15 right=-0.15 down=+0.90 m/s
2026-09-01 12:12:49,086 [INFO] core.detection.vision_runtime: [VISION] detect() calisiyor -- bu karede 1 tespit: ['MAVI_ALTIGEN']
QGC port check failed, reporting UNKNOWN: (pid=56065)
2026-09-01 12:12:49,310 [INFO] core.navigation.centering_controller: [CENTERING] MAVI_ALTIGEN 11/200 dx=-12px dy=+18px d=0.2m ex=-0.0187 ey=+0.0375 (tol +/-0.010) alt_err=+4.12m -> fwd=-0.15 right=-0.15 down=+1.65 m/s
2026-09-01 12:12:49,869 [INFO] core.navigation.centering_controller: [CENTERING] MAVI_ALTIGEN 16/200 dx=+14px dy=+10px d=0.1m ex=+0.0219 ey=+0.0208 (tol +/-0.010) alt_err=+3.35m -> fwd=-0.15 right=+0.15 down=+1.68 m/s
2026-09-01 12:12:50,422 [INFO] core.navigation.centering_controller: [CENTERING] MAVI_ALTIGEN 21/200 dx=+30px dy=-17px d=0.2m ex=+0.0469 ey=-0.0354 (tol +/-0.010) alt_err=+2.44m -> fwd=+0.13 right=+0.15 down=+1.22 m/s
2026-09-01 12:12:50,979 [INFO] core.navigation.centering_controller: [CENTERING] MAVI_ALTIGEN 26/200 dx=+7px dy=-28px d=0.1m ex=+0.0109 ey=-0.0583 (tol +/-0.010) alt_err=+1.74m -> fwd=+0.10 right=+0.13 down=+0.87 m/s
QGC port check failed, reporting UNKNOWN: (pid=56065)
2026-09-01 12:12:51,538 [INFO] core.navigation.centering_controller: [CENTERING] MAVI_ALTIGEN 31/200 dx=-30px dy=-7px d=0.1m ex=-0.0461 ey=-0.0146 (tol +/-0.010) alt_err=+1.33m -> fwd=+0.08 right=-0.11 down=+0.66 m/s
2026-09-01 12:12:52,093 [INFO] core.detection.vision_runtime: [VISION] detect() calisiyor -- bu karede 1 tespit: ['MAVI_ALTIGEN']
2026-09-01 12:12:52,094 [INFO] core.navigation.centering_controller: [CENTERING] MAVI_ALTIGEN 36/200 dx=-22px dy=+22px d=0.1m ex=-0.0344 ey=+0.0448 (tol +/-0.010) alt_err=+0.96m -> fwd=-0.07 right=-0.08 down=+0.48 m/s
2026-09-01 12:12:52,308 [INFO] gz_system.main_gz: Dashboard paint loop: 0.0 FPS (main thread)
2026-09-01 12:12:52,649 [INFO] core.navigation.centering_controller: [CENTERING] MAVI_ALTIGEN 41/200 dx=+3px dy=+20px d=0.0m ex=+0.0047 ey=+0.0406 (tol +/-0.010) alt_err=+0.74m -> fwd=-0.06 right=+0.00 down=+0.37 m/s
QGC port check failed, reporting UNKNOWN: (pid=56065)
2026-09-01 12:12:53,209 [INFO] core.navigation.centering_controller: [CENTERING] MAVI_ALTIGEN 46/200 dx=+31px dy=-10px d=0.1m ex=+0.0484 ey=-0.0198 (tol +/-0.010) alt_err=+0.54m -> fwd=+0.04 right=+0.07 down=+0.27 m/s
2026-09-01 12:12:53,795 [INFO] core.navigation.centering_controller: [CENTERING] MAVI_ALTIGEN 51/200 dx=+16px dy=-2px d=0.0m ex=+0.0258 ey=-0.0052 (tol +/-0.010) alt_err=+0.40m -> fwd=+0.00 right=+0.05 down=+0.20 m/s
2026-09-01 12:12:54,354 [INFO] core.navigation.centering_controller: [CENTERING] MAVI_ALTIGEN 56/200 dx=-3px dy=+0px d=0.0m ex=-0.0047 ey=+0.0000 (tol +/-0.010) alt_err=+0.32m -> fwd=+0.00 right=+0.00 down=+0.16 m/s
2026-09-01 12:12:54,911 [INFO] core.navigation.centering_controller: [CENTERING] MAVI_ALTIGEN 61/200 dx=+0px dy=+0px d=0.0m ex=+0.0000 ey=+0.0000 (tol +/-0.010) alt_err=+0.24m -> fwd=+0.00 right=+0.00 down=+0.12 m/s
QGC port check failed, reporting UNKNOWN: (pid=56065)
2026-09-01 12:12:55,132 [INFO] core.detection.vision_runtime: [VISION] detect() calisiyor -- bu karede 1 tespit: ['MAVI_ALTIGEN']
2026-09-01 12:12:55,354 [WARNING] core.navigation.centering_controller: [LOW_ALT_OPEN_LOOP_DESCENT] MAVI_ALTIGEN: goruntu 0.65m'de kayboldu -- dondurulmus kestirime (47.3980513, 8.5460379, offset=0.0cm @ 0.65m) gore 0.45m'ye alcalmaya devam.
2026-09-01 12:12:56,801 [INFO] core.navigation.centering_controller: [LOW_ALT_OPEN_LOOP_DESCENT] MAVI_ALTIGEN: 0.489m'ye ulasildi (hedef 0.45m).
2026-09-01 12:12:56,801 [INFO] core.navigation.centering_controller: [AIM_OFFSET_APPLIED] MAVI_ALTIGEN: montaj (ileri=0.00, sag=0.04) m, yon=1.3 deg -> tutma noktasi (47.3980513, 8.5460375) olarak otelendi (kuzey +0.00, dogu -0.03 m).
QGC port check failed, reporting UNKNOWN: (pid=56065)
2026-09-01 12:12:57,317 [INFO] gz_system.main_gz: Dashboard paint loop: 0.0 FPS (main thread)
2026-09-01 12:12:57,581 [INFO] core.navigation.centering_controller: [MOUNT_TRANSLATE_DONE] MAVI_ALTIGEN: kalan 4.1 cm, sure 0.78 s (yakinsadi).
2026-09-01 12:12:57,581 [WARNING] core.navigation.centering_controller: [LOW_ALT_OPEN_LOOP_DESCENT] MAVI_ALTIGEN: goruntu 0.47m'de kayboldu -- dondurulmus kestirime (47.3980513, 8.5460375, offset=0.0cm @ 0.65m) gore 0.45m'ye alcalmaya devam.
2026-09-01 12:12:57,582 [INFO] core.navigation.centering_controller: [LOW_ALT_OPEN_LOOP_DESCENT] MAVI_ALTIGEN: 0.471m'ye ulasildi (hedef 0.45m).
2026-09-01 12:12:57,582 [INFO] core.navigation.centering_controller: 0.1m ileri hareket ediliyor (0.3 m/s, 0.3s)...
2026-09-01 12:12:57,917 [INFO] core.mission.payload_release: [RELEASE_OFFSET] MAVI_ALTIGEN: {'shape_type': 'MAVI_ALTIGEN', 'altitude_m': 0.471, 'target_visible': False, 'best_known_offset_cm': 8.4, 'best_known_offset_alt_m': 5.297}
2026-09-01 12:12:57,918 [INFO] core.mission.payload_release: [MOUNT_VECTOR_MEASURED] MAVI_ALTIGEN: {'world_dx': 0.0355, 'world_dy': 0.0001, 'gazebo_yaw_deg': 89.1, 'body_forward_m': 0.0007, 'body_right_m': 0.0355} (uygulanan: (0.0, 0.035))
2026-09-01 12:12:57,918 [INFO] gz_system.gz_payload_actuator: Gazebo DetachableJoint tetikleniyor: /payload/detach/red
I0901 12:12:57.919134 13714567 fork_posix.cc:71] Other threads are currently calling into gRPC, skipping fork() handlers
I0901 12:12:57.976190 13714567 fork_posix.cc:71] Other threads are currently calling into gRPC, skipping fork() handlers
I0901 12:12:58.029801 13714567 fork_posix.cc:71] Other threads are currently calling into gRPC, skipping fork() handlers
I0901 12:12:58.079296 13714567 fork_posix.cc:71] Other threads are currently calling into gRPC, skipping fork() handlers
I0901 12:12:58.125572 13714567 fork_posix.cc:71] Other threads are currently calling into gRPC, skipping fork() handlers
2026-09-01 12:12:58,147 [INFO] core.detection.vision_runtime: [VISION] detect() calisiyor -- bu karede 0 tespit: []
QGC port check failed, reporting UNKNOWN: (pid=56065)
2026-09-01 12:12:59,150 [INFO] gz_system.gz_payload_actuator: Yuk ayrildi (red), gecikme 1.183 s.
2026-09-01 12:12:59,150 [INFO] core.mission.payload_release: [PAYLOAD_RELEASED] PAYLOAD 1 RELEASED @0.47m
QGC port check failed, reporting UNKNOWN: (pid=56065)
2026-09-01 12:13:01,165 [INFO] core.mission.payload_release: [PAYLOAD_FINAL_POSE] MAVI_ALTIGEN: x=-9.550 y=9.090 z=0.032 merkeze 1123.0 cm egim 0.1 deg (HEDEF DISINDA)
2026-09-01 12:13:01,165 [INFO] core.mission.payload_release: Doğrulama işareti aranıyor: KIRMIZI_DIKDORTGEN
2026-09-01 12:13:01,165 [INFO] core.mission.payload_release: Yük bırakma DOĞRULANDI: KIRMIZI_DIKDORTGEN tespit edildi.
2026-09-01 12:13:01,165 [INFO] core.navigation.centering_controller: 15.0m irtifasina tirmaniliyor (goruntuden bagimsiz)...
2026-09-01 12:13:01,191 [INFO] core.detection.vision_runtime: [VISION] detect() calisiyor -- bu karede 1 tespit: ['KIRMIZI_DIKDORTGEN']
2026-09-01 12:13:02,352 [INFO] gz_system.main_gz: Dashboard paint loop: 0.0 FPS (main thread)
QGC port check failed, reporting UNKNOWN: (pid=56065)
2026-09-01 12:13:04,205 [INFO] core.detection.vision_runtime: [VISION] detect() calisiyor -- bu karede 1 tespit: ['MAVI_ALTIGEN']
QGC port check failed, reporting UNKNOWN: (pid=56065)
QGC port check failed, reporting UNKNOWN: (pid=57238)
2026-09-01 12:13:07,207 [INFO] core.detection.vision_runtime: [VISION] detect() calisiyor -- bu karede 1 tespit: ['MAVI_ALTIGEN']
2026-09-01 12:13:07,373 [INFO] gz_system.main_gz: Dashboard paint loop: 0.0 FPS (main thread)
QGC port check failed, reporting UNKNOWN: (pid=56065)
2026-09-01 12:13:10,209 [INFO] core.detection.vision_runtime: [VISION] detect() calisiyor -- bu karede 1 tespit: ['MAVI_ALTIGEN']
2026-09-01 12:13:10,875 [INFO] core.mission.gorev2_orchestrator: [ROUTE_REJOIN] rota hattina donuluyor (sabit eksen=lon): hedef lat=47.3980525 lon=8.5461632 (mevcut lat=47.3980525 lon=8.5460373).
2026-09-01 12:13:10,875 [INFO] core.navigation.centering_controller: Kayitli GPS konumuna gidiliyor: lat=47.3980525, lon=8.546163199999999, alt=15.0m
QGC port check failed, reporting UNKNOWN: (pid=56065)
2026-09-01 12:13:12,406 [INFO] gz_system.main_gz: Dashboard paint loop: 0.0 FPS (main thread)
QGC port check failed, reporting UNKNOWN: (pid=56065)
2026-09-01 12:13:13,238 [INFO] core.detection.vision_runtime: [VISION] detect() calisiyor -- bu karede 0 tespit: []
2026-09-01 12:13:14,359 [INFO] mavsdk_common.mavsdk_backend_base: Offboard durduruluyor...
Received ack for not-existing command: 176! Ignoring... (mavlink_command_sender.cpp:304)
2026-09-01 12:13:14,569 [INFO] core.mission.gorev2_orchestrator: [MISSION_RESUME] rota 2. ogeden devam ettiriliyor.
Received ack for not-existing command: 176! Ignoring... (mavlink_command_sender.cpp:304)
QGC port check failed, reporting UNKNOWN: (pid=56065)
2026-09-01 12:13:16,251 [INFO] core.detection.vision_runtime: [VISION] detect() calisiyor -- bu karede 1 tespit: ['MAVI_ALTIGEN']
QGC port check failed, reporting UNKNOWN: (pid=56065)
2026-09-01 12:13:17,444 [INFO] gz_system.main_gz: Dashboard paint loop: 0.0 FPS (main thread)
QGC port check failed, reporting UNKNOWN: (pid=56065)
2026-09-01 12:13:19,268 [INFO] core.detection.vision_runtime: [VISION] detect() calisiyor -- bu karede 1 tespit: ['MAVI_DIKDORTGEN']
QGC port check failed, reporting UNKNOWN: (pid=56065)
2026-09-01 12:13:22,292 [INFO] core.detection.vision_runtime: [VISION] detect() calisiyor -- bu karede 1 tespit: ['MAVI_DIKDORTGEN']
2026-09-01 12:13:22,451 [INFO] gz_system.main_gz: Dashboard paint loop: 0.0 FPS (main thread)
QGC port check failed, reporting UNKNOWN: (pid=56065)
QGC port check failed, reporting UNKNOWN: (pid=56065)
2026-09-01 12:13:25,395 [INFO] core.detection.vision_runtime: [VISION] detect() calisiyor -- bu karede 0 tespit: []
QGC port check failed, reporting UNKNOWN: (pid=56065)
2026-09-01 12:13:27,485 [INFO] gz_system.main_gz: Dashboard paint loop: 0.0 FPS (main thread)
2026-09-01 12:13:28,473 [INFO] core.detection.vision_runtime: [VISION] detect() calisiyor -- bu karede 0 tespit: []
QGC port check failed, reporting UNKNOWN: (pid=56065)
2026-09-01 12:13:30,487 [INFO] core.navigation.centering_controller: Mission modu durduruluyor, Offboard'a geciliyor...
2026-09-01 12:13:30,488 [INFO] mavsdk_common.mavsdk_backend_base: Mission'dan Offboard'a geçiş yapılıyor...
2026-09-01 12:13:30,501 [INFO] mavsdk_common.mavsdk_backend_base: Offboard başlatılıyor...
Received ack for not-existing command: 176! Ignoring... (mavlink_command_sender.cpp:304)
Received ack for not-existing command: 176! Ignoring... (mavlink_command_sender.cpp:304)
2026-09-01 12:13:30,914 [INFO] core.mission.gorev2_orchestrator: KIRMIZI_UCGEN kucuk bir hedef -- merkezleme icin 8.0 m'ye alcaliniyor.
2026-09-01 12:13:30,914 [INFO] core.navigation.centering_controller: KIRMIZI_UCGEN hedefine merkezleniyor (irtifa hedefi: 8.0m, irtifa bandi +/-0.30m)...
2026-09-01 12:13:30,915 [WARNING] core.navigation.centering_controller: [CENTERING] KIRMIZI_UCGEN 1/200 hedef kayboldu (feed canli, hedef bu karede yok)
QGC port check failed, reporting UNKNOWN: (pid=56065)
2026-09-01 12:13:31,425 [INFO] core.navigation.centering_controller: [CENTERING] KIRMIZI_UCGEN 6/200 dx=+178px dy=+34px d=5.1m ex=+0.2781 ey=+0.0708 (tol +/-0.010) alt_err=+7.12m -> fwd=-0.15 right=+0.42 down=+0.45 m/s
2026-09-01 12:13:31,523 [INFO] core.detection.vision_runtime: [VISION] detect() calisiyor -- bu karede 2 tespit: ['KIRMIZI_UCGEN', 'KIRMIZI_DIKDORTGEN']
2026-09-01 12:13:31,976 [INFO] core.navigation.centering_controller: [CENTERING] KIRMIZI_UCGEN 11/200 dx=+219px dy=-96px d=6.5m ex=+0.3422 ey=-0.2000 (tol +/-0.010) alt_err=+6.74m -> fwd=+0.30 right=+0.51 down=+1.20 m/s
2026-09-01 12:13:32,500 [INFO] gz_system.main_gz: Dashboard paint loop: 0.0 FPS (main thread)
2026-09-01 12:13:32,549 [INFO] core.navigation.centering_controller: [CENTERING] KIRMIZI_UCGEN 16/200 dx=+208px dy=-176px d=7.1m ex=+0.3250 ey=-0.3667 (tol +/-0.010) alt_err=+6.06m -> fwd=+0.55 right=+0.49 down=+1.95 m/s
2026-09-01 12:13:33,122 [INFO] core.navigation.centering_controller: [CENTERING] KIRMIZI_UCGEN 21/200 dx=+198px dy=-171px d=6.3m ex=+0.3094 ey=-0.3563 (tol +/-0.010) alt_err=+5.10m -> fwd=+0.53 right=+0.46 down=+2.55 m/s
QGC port check failed, reporting UNKNOWN: (pid=56065)
2026-09-01 12:13:33,689 [INFO] core.navigation.centering_controller: [CENTERING] KIRMIZI_UCGEN 26/200 dx=+197px dy=-155px d=5.7m ex=+0.3078 ey=-0.3229 (tol +/-0.010) alt_err=+4.18m -> fwd=+0.48 right=+0.46 down=+2.10 m/s
2026-09-01 12:13:34,267 [INFO] core.navigation.centering_controller: [CENTERING] KIRMIZI_UCGEN 31/200 dx=+201px dy=-152px d=5.3m ex=+0.3141 ey=-0.3167 (tol +/-0.010) alt_err=+3.40m -> fwd=+0.47 right=+0.47 down=+1.70 m/s
2026-09-01 12:13:34,607 [INFO] core.detection.vision_runtime: [VISION] detect() calisiyor -- bu karede 2 tespit: ['KIRMIZI_UCGEN', 'KIRMIZI_DIKDORTGEN']
2026-09-01 12:13:34,837 [INFO] core.navigation.centering_controller: [CENTERING] KIRMIZI_UCGEN 36/200 dx=+205px dy=-156px d=5.0m ex=+0.3203 ey=-0.3250 (tol +/-0.010) alt_err=+2.49m -> fwd=+0.49 right=+0.48 down=+1.25 m/s
QGC port check failed, reporting UNKNOWN: (pid=56065)
2026-09-01 12:13:35,413 [INFO] core.navigation.centering_controller: [CENTERING] KIRMIZI_UCGEN 41/200 dx=+204px dy=-158px d=4.7m ex=+0.3187 ey=-0.3292 (tol +/-0.010) alt_err=+1.76m -> fwd=+0.49 right=+0.48 down=+0.88 m/s
2026-09-01 12:13:35,980 [INFO] core.navigation.centering_controller: [CENTERING] KIRMIZI_UCGEN 46/200 dx=+198px dy=-154px d=4.3m ex=+0.3094 ey=-0.3208 (tol +/-0.010) alt_err=+1.25m -> fwd=+0.48 right=+0.46 down=+0.63 m/s
2026-09-01 12:13:36,546 [INFO] core.navigation.centering_controller: [CENTERING] KIRMIZI_UCGEN 51/200 dx=+189px dy=-146px d=4.0m ex=+0.2953 ey=-0.3042 (tol +/-0.010) alt_err=+0.96m -> fwd=+0.46 right=+0.44 down=+0.48 m/s
2026-09-01 12:13:37,114 [INFO] core.navigation.centering_controller: [CENTERING] KIRMIZI_UCGEN 56/200 dx=+176px dy=-138px d=3.6m ex=+0.2750 ey=-0.2875 (tol +/-0.010) alt_err=+0.70m -> fwd=+0.43 right=+0.41 down=+0.35 m/s
QGC port check failed, reporting UNKNOWN: (pid=56065)
2026-09-01 12:13:37,537 [INFO] gz_system.main_gz: Dashboard paint loop: 0.0 FPS (main thread)
2026-09-01 12:13:37,682 [INFO] core.detection.vision_runtime: [VISION] detect() calisiyor -- bu karede 2 tespit: ['KIRMIZI_UCGEN', 'KIRMIZI_DIKDORTGEN']
2026-09-01 12:13:37,683 [INFO] core.navigation.centering_controller: [CENTERING] KIRMIZI_UCGEN 61/200 dx=+163px dy=-132px d=3.3m ex=+0.2547 ey=-0.2750 (tol +/-0.010) alt_err=+0.51m -> fwd=+0.41 right=+0.38 down=+0.25 m/s
2026-09-01 12:13:38,248 [INFO] core.navigation.centering_controller: [CENTERING] KIRMIZI_UCGEN 66/200 dx=+151px dy=-124px d=3.0m ex=+0.2359 ey=-0.2583 (tol +/-0.010) alt_err=+0.39m -> fwd=+0.39 right=+0.35 down=+0.20 m/s
2026-09-01 12:13:38,816 [INFO] core.navigation.centering_controller: [CENTERING] KIRMIZI_UCGEN 71/200 dx=+136px dy=-114px d=2.7m ex=+0.2125 ey=-0.2375 (tol +/-0.010) alt_err=+0.29m -> fwd=+0.36 right=+0.32 down=+0.14 m/s
QGC port check failed, reporting UNKNOWN: (pid=56065)
2026-09-01 12:13:39,381 [INFO] core.navigation.centering_controller: [CENTERING] KIRMIZI_UCGEN 76/200 dx=+124px dy=-105px d=2.5m ex=+0.1938 ey=-0.2188 (tol +/-0.010) alt_err=+0.22m -> fwd=+0.33 right=+0.29 down=+0.11 m/s
2026-09-01 12:13:39,948 [INFO] core.navigation.centering_controller: [CENTERING] KIRMIZI_UCGEN 81/200 dx=+114px dy=-97px d=2.3m ex=+0.1781 ey=-0.2021 (tol +/-0.010) alt_err=+0.17m -> fwd=+0.30 right=+0.27 down=+0.09 m/s
2026-09-01 12:13:40,515 [INFO] core.navigation.centering_controller: [CENTERING] KIRMIZI_UCGEN 86/200 dx=+105px dy=-87px d=2.1m ex=+0.1641 ey=-0.1812 (tol +/-0.010) alt_err=+0.13m -> fwd=+0.27 right=+0.25 down=+0.06 m/s
2026-09-01 12:13:40,742 [INFO] core.detection.vision_runtime: [VISION] detect() calisiyor -- bu karede 2 tespit: ['KIRMIZI_UCGEN', 'KIRMIZI_DIKDORTGEN']
2026-09-01 12:13:41,079 [INFO] core.navigation.centering_controller: [CENTERING] KIRMIZI_UCGEN 91/200 dx=+96px dy=-78px d=1.9m ex=+0.1500 ey=-0.1625 (tol +/-0.010) alt_err=+0.09m -> fwd=+0.24 right=+0.22 down=+0.04 m/s
QGC port check failed, reporting UNKNOWN: (pid=56065)
2026-09-01 12:13:41,642 [INFO] core.navigation.centering_controller: [CENTERING] KIRMIZI_UCGEN 96/200 dx=+86px dy=-71px d=1.7m ex=+0.1344 ey=-0.1479 (tol +/-0.010) alt_err=+0.06m -> fwd=+0.22 right=+0.20 down=+0.03 m/s
2026-09-01 12:13:42,205 [INFO] core.navigation.centering_controller: [CENTERING] KIRMIZI_UCGEN 101/200 dx=+77px dy=-65px d=1.5m ex=+0.1203 ey=-0.1354 (tol +/-0.010) alt_err=+0.05m -> fwd=+0.20 right=+0.18 down=+0.02 m/s
2026-09-01 12:13:42,571 [INFO] gz_system.main_gz: Dashboard paint loop: 0.0 FPS (main thread)
2026-09-01 12:13:42,774 [INFO] core.navigation.centering_controller: [CENTERING] KIRMIZI_UCGEN 106/200 dx=+70px dy=-59px d=1.4m ex=+0.1094 ey=-0.1229 (tol +/-0.010) alt_err=+0.04m -> fwd=+0.18 right=+0.16 down=+0.02 m/s
QGC port check failed, reporting UNKNOWN: (pid=56065)
2026-09-01 12:13:43,341 [INFO] core.navigation.centering_controller: [CENTERING] KIRMIZI_UCGEN 111/200 dx=+63px dy=-52px d=1.2m ex=+0.0984 ey=-0.1083 (tol +/-0.010) alt_err=+0.03m -> fwd=+0.16 right=+0.15 down=+0.02 m/s
2026-09-01 12:13:43,795 [INFO] core.detection.vision_runtime: [VISION] detect() calisiyor -- bu karede 2 tespit: ['KIRMIZI_UCGEN', 'KIRMIZI_DIKDORTGEN']
2026-09-01 12:13:43,910 [INFO] core.navigation.centering_controller: [CENTERING] KIRMIZI_UCGEN 116/200 dx=+56px dy=-47px d=1.1m ex=+0.0875 ey=-0.0979 (tol +/-0.010) alt_err=+0.02m -> fwd=+0.15 right=+0.15 down=+0.01 m/s
2026-09-01 12:13:44,482 [INFO] core.navigation.centering_controller: [CENTERING] KIRMIZI_UCGEN 121/200 dx=+51px dy=-44px d=1.0m ex=+0.0797 ey=-0.0917 (tol +/-0.010) alt_err=+0.01m -> fwd=+0.15 right=+0.15 down=+0.00 m/s
2026-09-01 12:13:45,049 [INFO] core.navigation.centering_controller: [CENTERING] KIRMIZI_UCGEN 126/200 dx=+46px dy=-41px d=0.9m ex=+0.0719 ey=-0.0854 (tol +/-0.010) alt_err=-0.00m -> fwd=+0.15 right=+0.15 down=-0.00 m/s
QGC port check failed, reporting UNKNOWN: (pid=56065)
2026-09-01 12:13:45,623 [INFO] core.navigation.centering_controller: [CENTERING] KIRMIZI_UCGEN 131/200 dx=+41px dy=-37px d=0.8m ex=+0.0641 ey=-0.0771 (tol +/-0.010) alt_err=-0.01m -> fwd=+0.15 right=+0.15 down=-0.00 m/s
2026-09-01 12:13:46,188 [INFO] core.navigation.centering_controller: [CENTERING] KIRMIZI_UCGEN 136/200 dx=+36px dy=-32px d=0.7m ex=+0.0563 ey=-0.0667 (tol +/-0.010) alt_err=-0.00m -> fwd=+0.15 right=+0.15 down=-0.00 m/s
2026-09-01 12:13:46,754 [INFO] core.navigation.centering_controller: [CENTERING] KIRMIZI_UCGEN 141/200 dx=+31px dy=-26px d=0.6m ex=+0.0484 ey=-0.0542 (tol +/-0.010) alt_err=+0.00m -> fwd=+0.15 right=+0.15 down=+0.00 m/s
2026-09-01 12:13:46,865 [INFO] core.detection.vision_runtime: [VISION] detect() calisiyor -- bu karede 2 tespit: ['KIRMIZI_UCGEN', 'KIRMIZI_DIKDORTGEN']
QGC port check failed, reporting UNKNOWN: (pid=56065)
2026-09-01 12:13:47,320 [INFO] core.navigation.centering_controller: [CENTERING] KIRMIZI_UCGEN 146/200 dx=+25px dy=-21px d=0.5m ex=+0.0391 ey=-0.0437 (tol +/-0.010) alt_err=+0.00m -> fwd=+0.15 right=+0.15 down=+0.00 m/s
2026-09-01 12:13:47,581 [INFO] gz_system.main_gz: Dashboard paint loop: 0.0 FPS (main thread)
2026-09-01 12:13:47,888 [INFO] core.navigation.centering_controller: [CENTERING] KIRMIZI_UCGEN 151/200 dx=+18px dy=-15px d=0.3m ex=+0.0281 ey=-0.0312 (tol +/-0.010) alt_err=-0.00m -> fwd=+0.15 right=+0.15 down=-0.00 m/s
2026-09-01 12:13:48,453 [INFO] core.navigation.centering_controller: [CENTERING] KIRMIZI_UCGEN 156/200 dx=+12px dy=-9px d=0.2m ex=+0.0187 ey=-0.0187 (tol +/-0.010) alt_err=+0.00m -> fwd=+0.15 right=+0.15 down=+0.00 m/s
2026-09-01 12:13:49,018 [INFO] core.navigation.centering_controller: Merkezleme tamamlandi. (attempt 161/200, dx=+6px dy=-4px ex=+0.0094 ey=-0.0083 alt_err=-0.01m)
QGC port check failed, reporting UNKNOWN: (pid=56065)
2026-09-01 12:13:49,924 [INFO] core.detection.vision_runtime: [VISION] detect() calisiyor -- bu karede 2 tespit: ['KIRMIZI_UCGEN', 'KIRMIZI_DIKDORTGEN']
QGC port check failed, reporting UNKNOWN: (pid=56065)
2026-09-01 12:13:52,087 [INFO] core.mission.gorev2_orchestrator: [POST_LOCK_DRIFT] KIRMIZI_UCGEN 3s: peak=21.9px final=8.1px (60.92cm / 22.39cm), 27 ornek, 0 kayip
2026-09-01 12:13:52,088 [INFO] core.navigation.centering_controller: 2.0 saniye hover yapiliyor (Konum dogrulama)...
2026-09-01 12:13:52,599 [INFO] gz_system.main_gz: Dashboard paint loop: 0.0 FPS (main thread)
2026-09-01 12:13:52,991 [INFO] core.detection.vision_runtime: [VISION] detect() calisiyor -- bu karede 2 tespit: ['KIRMIZI_UCGEN', 'KIRMIZI_DIKDORTGEN']
QGC port check failed, reporting UNKNOWN: (pid=56065)
2026-09-01 12:13:54,135 [INFO] core.position_log.position_store: Konum basariyla kaydedildi: KIRMIZI_UCGEN (ikinci)
2026-09-01 12:13:54,135 [INFO] core.mission.gorev2_orchestrator: Kirmizi Ucgen ortalandi -- MAVI yuk hemen birakiliyor.
2026-09-01 12:13:54,135 [INFO] core.mission.gorev2_fsm: PAYLOAD MISSION 2 basliyor (Kirmizi Ucgen / BLUE payload)
2026-09-01 12:13:54,135 [INFO] core.navigation.centering_controller: Kayitli GPS konumuna gidiliyor: lat=47.3987707, lon=8.546231299999999, alt=15.0m
QGC port check failed, reporting UNKNOWN: (pid=56065)
2026-09-01 12:13:56,095 [INFO] core.detection.vision_runtime: [VISION] detect() calisiyor -- bu karede 2 tespit: ['KIRMIZI_UCGEN', 'KIRMIZI_DIKDORTGEN']
QGC port check failed, reporting UNKNOWN: (pid=56065)
2026-09-01 12:13:57,631 [INFO] gz_system.main_gz: Dashboard paint loop: 0.0 FPS (main thread)
2026-09-01 12:13:58,173 [INFO] core.mission.payload_release: Yük bırakma başlatılıyor: KIRMIZI_UCGEN
2026-09-01 12:13:58,173 [INFO] core.navigation.centering_controller: KIRMIZI_UCGEN hedefine merkezleniyor (irtifa hedefi: 10.0m, irtifa bandi +/-0.30m)...
2026-09-01 12:13:58,175 [INFO] core.navigation.centering_controller: [CENTERING] KIRMIZI_UCGEN 1/200 dx=+1px dy=-4px d=0.1m ex=+0.0016 ey=-0.0083 (tol +/-0.010) alt_err=+4.70m -> fwd=+0.00 right=+0.00 down=+0.15 m/s
2026-09-01 12:13:58,742 [INFO] core.navigation.centering_controller: [CENTERING] KIRMIZI_UCGEN 6/200 dx=+0px dy=-2px d=0.1m ex=+0.0000 ey=-0.0042 (tol +/-0.010) alt_err=+4.60m -> fwd=+0.00 right=+0.00 down=+0.90 m/s
2026-09-01 12:13:59,193 [INFO] core.detection.vision_runtime: [VISION] detect() calisiyor -- bu karede 2 tespit: ['KIRMIZI_UCGEN', 'KIRMIZI_DIKDORTGEN']
QGC port check failed, reporting UNKNOWN: (pid=56065)
2026-09-01 12:13:59,306 [INFO] core.navigation.centering_controller: [CENTERING] KIRMIZI_UCGEN 11/200 dx=+0px dy=-2px d=0.1m ex=+0.0000 ey=-0.0042 (tol +/-0.010) alt_err=+3.98m -> fwd=+0.00 right=+0.00 down=+1.65 m/s
2026-09-01 12:13:59,875 [INFO] core.navigation.centering_controller: [CENTERING] KIRMIZI_UCGEN 16/200 dx=+0px dy=-3px d=0.1m ex=+0.0000 ey=-0.0063 (tol +/-0.010) alt_err=+3.03m -> fwd=+0.00 right=+0.00 down=+1.52 m/s
2026-09-01 12:14:00,436 [INFO] core.navigation.centering_controller: [CENTERING] KIRMIZI_UCGEN 21/200 dx=+1px dy=-4px d=0.1m ex=+0.0016 ey=-0.0083 (tol +/-0.010) alt_err=+2.28m -> fwd=+0.00 right=+0.00 down=+1.14 m/s
2026-09-01 12:14:01,002 [INFO] core.navigation.centering_controller: [CENTERING] KIRMIZI_UCGEN 26/200 dx=+2px dy=-16px d=0.3m ex=+0.0031 ey=-0.0333 (tol +/-0.010) alt_err=+1.61m -> fwd=+0.15 right=+0.00 down=+0.80 m/s
QGC port check failed, reporting UNKNOWN: (pid=56065)
2026-09-01 12:14:01,578 [INFO] core.navigation.centering_controller: [CENTERING] KIRMIZI_UCGEN 31/200 dx=+3px dy=-8px d=0.2m ex=+0.0047 ey=-0.0167 (tol +/-0.010) alt_err=+1.15m -> fwd=+0.15 right=+0.00 down=+0.57 m/s
2026-09-01 12:14:02,146 [INFO] core.navigation.centering_controller: [CENTERING] KIRMIZI_UCGEN 36/200 dx=+3px dy=+12px d=0.2m ex=+0.0047 ey=+0.0250 (tol +/-0.010) alt_err=+0.82m -> fwd=-0.15 right=+0.00 down=+0.41 m/s
2026-09-01 12:14:02,258 [INFO] core.detection.vision_runtime: [VISION] detect() calisiyor -- bu karede 2 tespit: ['KIRMIZI_UCGEN', 'KIRMIZI_DIKDORTGEN']
2026-09-01 12:14:02,654 [INFO] gz_system.main_gz: Dashboard paint loop: 0.0 FPS (main thread)
2026-09-01 12:14:02,707 [INFO] core.navigation.centering_controller: [CENTERING] KIRMIZI_UCGEN 41/200 dx=+4px dy=+15px d=0.3m ex=+0.0063 ey=+0.0312 (tol +/-0.010) alt_err=+0.63m -> fwd=-0.15 right=+0.00 down=+0.31 m/s
QGC port check failed, reporting UNKNOWN: (pid=56065)
2026-09-01 12:14:03,274 [INFO] core.navigation.centering_controller: [CENTERING] KIRMIZI_UCGEN 46/200 dx=+4px dy=+2px d=0.1m ex=+0.0063 ey=+0.0042 (tol +/-0.010) alt_err=+0.46m -> fwd=+0.00 right=+0.00 down=+0.23 m/s
2026-09-01 12:14:03,846 [INFO] core.navigation.centering_controller: [CENTERING] KIRMIZI_UCGEN 51/200 dx=+4px dy=-22px d=0.4m ex=+0.0063 ey=-0.0458 (tol +/-0.010) alt_err=+0.33m -> fwd=+0.15 right=+0.00 down=+0.17 m/s
2026-09-01 12:14:04,415 [INFO] core.navigation.centering_controller: [CENTERING] KIRMIZI_UCGEN 56/200 dx=+4px dy=-10px d=0.2m ex=+0.0063 ey=-0.0208 (tol +/-0.010) alt_err=+0.25m -> fwd=+0.15 right=+0.00 down=+0.12 m/s
2026-09-01 12:14:04,756 [INFO] core.navigation.centering_controller: Merkezleme tamamlandi. (attempt 59/200, dx=+5px dy=-4px ex=+0.0078 ey=-0.0083 alt_err=+0.20m)
2026-09-01 12:14:04,757 [INFO] core.navigation.centering_controller: KIRMIZI_UCGEN hedefine merkezleniyor (irtifa hedefi: 5.0m, irtifa bandi +/-0.30m)...
2026-09-01 12:14:04,757 [INFO] core.navigation.centering_controller: [CENTERING] KIRMIZI_UCGEN 1/200 dx=+5px dy=-4px d=0.1m ex=+0.0078 ey=-0.0083 (tol +/-0.010) alt_err=+5.20m -> fwd=+0.00 right=+0.00 down=+0.15 m/s
QGC port check failed, reporting UNKNOWN: (pid=56065)
2026-09-01 12:14:05,322 [INFO] core.detection.vision_runtime: [VISION] detect() calisiyor -- bu karede 2 tespit: ['KIRMIZI_UCGEN', 'KIRMIZI_DIKDORTGEN']
2026-09-01 12:14:05,325 [INFO] core.navigation.centering_controller: [CENTERING] KIRMIZI_UCGEN 6/200 dx=+5px dy=+23px d=0.4m ex=+0.0078 ey=+0.0479 (tol +/-0.010) alt_err=+5.07m -> fwd=-0.15 right=+0.00 down=+0.90 m/s
2026-09-01 12:14:05,895 [INFO] core.navigation.centering_controller: [CENTERING] KIRMIZI_UCGEN 11/200 dx=+4px dy=+13px d=0.2m ex=+0.0063 ey=+0.0271 (tol +/-0.010) alt_err=+4.48m -> fwd=-0.15 right=+0.00 down=+1.65 m/s
2026-09-01 12:14:06,464 [INFO] core.navigation.centering_controller: [CENTERING] KIRMIZI_UCGEN 16/200 dx=+3px dy=+2px d=0.1m ex=+0.0047 ey=+0.0042 (tol +/-0.010) alt_err=+3.55m -> fwd=+0.00 right=+0.00 down=+1.78 m/s
2026-09-01 12:14:07,035 [INFO] core.navigation.centering_controller: [CENTERING] KIRMIZI_UCGEN 21/200 dx=+4px dy=-24px d=0.4m ex=+0.0063 ey=-0.0500 (tol +/-0.010) alt_err=+2.79m -> fwd=+0.15 right=+0.00 down=+1.40 m/s
QGC port check failed, reporting UNKNOWN: (pid=56065)
2026-09-01 12:14:07,607 [INFO] core.navigation.centering_controller: [CENTERING] KIRMIZI_UCGEN 26/200 dx=+5px dy=-8px d=0.1m ex=+0.0078 ey=-0.0167 (tol +/-0.010) alt_err=+1.98m -> fwd=+0.15 right=+0.00 down=+0.99 m/s
2026-09-01 12:14:07,678 [INFO] gz_system.main_gz: Dashboard paint loop: 0.0 FPS (main thread)
2026-09-01 12:14:08,171 [INFO] core.navigation.centering_controller: [CENTERING] KIRMIZI_UCGEN 31/200 dx=+7px dy=+14px d=0.2m ex=+0.0109 ey=+0.0292 (tol +/-0.010) alt_err=+1.42m -> fwd=-0.15 right=+0.15 down=+0.71 m/s
2026-09-01 12:14:08,399 [INFO] core.detection.vision_runtime: [VISION] detect() calisiyor -- bu karede 2 tespit: ['KIRMIZI_UCGEN', 'KIRMIZI_DIKDORTGEN']
2026-09-01 12:14:08,742 [INFO] core.navigation.centering_controller: [CENTERING] KIRMIZI_UCGEN 36/200 dx=+14px dy=+22px d=0.3m ex=+0.0219 ey=+0.0458 (tol +/-0.010) alt_err=+1.08m -> fwd=-0.15 right=+0.15 down=+0.54 m/s
QGC port check failed, reporting UNKNOWN: (pid=56065)
2026-09-01 12:14:09,304 [INFO] core.navigation.centering_controller: [CENTERING] KIRMIZI_UCGEN 41/200 dx=-7px dy=+8px d=0.1m ex=-0.0109 ey=+0.0167 (tol +/-0.010) alt_err=+0.77m -> fwd=-0.15 right=-0.15 down=+0.39 m/s
2026-09-01 12:14:09,857 [INFO] core.navigation.centering_controller: [CENTERING] KIRMIZI_UCGEN 46/200 dx=-24px dy=-11px d=0.3m ex=-0.0375 ey=-0.0229 (tol +/-0.010) alt_err=+0.56m -> fwd=+0.15 right=-0.15 down=+0.28 m/s
2026-09-01 12:14:10,425 [INFO] core.navigation.centering_controller: [CENTERING] KIRMIZI_UCGEN 51/200 dx=-8px dy=-19px d=0.2m ex=-0.0125 ey=-0.0396 (tol +/-0.010) alt_err=+0.43m -> fwd=+0.15 right=-0.15 down=+0.22 m/s
2026-09-01 12:14:10,986 [INFO] core.navigation.centering_controller: [CENTERING] KIRMIZI_UCGEN 56/200 dx=+13px dy=-5px d=0.1m ex=+0.0203 ey=-0.0104 (tol +/-0.010) alt_err=+0.33m -> fwd=+0.15 right=+0.15 down=+0.16 m/s
QGC port check failed, reporting UNKNOWN: (pid=56065)
2026-09-01 12:14:11,432 [INFO] core.detection.vision_runtime: [VISION] detect() calisiyor -- bu karede 1 tespit: ['KIRMIZI_UCGEN']
2026-09-01 12:14:11,545 [INFO] core.navigation.centering_controller: [CENTERING] KIRMIZI_UCGEN 61/200 dx=+16px dy=+22px d=0.3m ex=+0.0250 ey=+0.0458 (tol +/-0.010) alt_err=+0.25m -> fwd=-0.15 right=+0.15 down=+0.13 m/s
2026-09-01 12:14:12,100 [INFO] core.navigation.centering_controller: [CENTERING] KIRMIZI_UCGEN 66/200 dx=-5px dy=+18px d=0.2m ex=-0.0078 ey=+0.0375 (tol +/-0.010) alt_err=+0.19m -> fwd=-0.15 right=+0.00 down=+0.10 m/s
2026-09-01 12:14:12,657 [INFO] core.navigation.centering_controller: [CENTERING] KIRMIZI_UCGEN 71/200 dx=-25px dy=+3px d=0.2m ex=-0.0391 ey=+0.0063 (tol +/-0.010) alt_err=+0.15m -> fwd=+0.00 right=-0.15 down=+0.07 m/s
2026-09-01 12:14:12,690 [INFO] gz_system.main_gz: Dashboard paint loop: 0.0 FPS (main thread)
2026-09-01 12:14:13,210 [INFO] core.navigation.centering_controller: [CENTERING] KIRMIZI_UCGEN 76/200 dx=-9px dy=-26px d=0.3m ex=-0.0141 ey=-0.0542 (tol +/-0.010) alt_err=+0.11m -> fwd=+0.15 right=-0.15 down=+0.06 m/s
QGC port check failed, reporting UNKNOWN: (pid=56065)
2026-09-01 12:14:13,769 [INFO] core.navigation.centering_controller: [CENTERING] KIRMIZI_UCGEN 81/200 dx=+12px dy=-14px d=0.2m ex=+0.0187 ey=-0.0292 (tol +/-0.010) alt_err=+0.08m -> fwd=+0.15 right=+0.15 down=+0.04 m/s
2026-09-01 12:14:14,333 [INFO] core.navigation.centering_controller: [CENTERING] KIRMIZI_UCGEN 86/200 dx=+21px dy=+8px d=0.2m ex=+0.0328 ey=+0.0167 (tol +/-0.010) alt_err=+0.06m -> fwd=-0.15 right=+0.15 down=+0.03 m/s
2026-09-01 12:14:14,447 [INFO] core.detection.vision_runtime: [VISION] detect() calisiyor -- bu karede 1 tespit: ['KIRMIZI_UCGEN']
2026-09-01 12:14:14,899 [INFO] core.navigation.centering_controller: [CENTERING] KIRMIZI_UCGEN 91/200 dx=+3px dy=+26px d=0.2m ex=+0.0047 ey=+0.0542 (tol +/-0.010) alt_err=+0.05m -> fwd=-0.15 right=+0.00 down=+0.02 m/s
QGC port check failed, reporting UNKNOWN: (pid=56065)
2026-09-01 12:14:15,453 [INFO] core.navigation.centering_controller: [CENTERING] KIRMIZI_UCGEN 96/200 dx=-24px dy=+10px d=0.2m ex=-0.0375 ey=+0.0208 (tol +/-0.010) alt_err=+0.04m -> fwd=-0.15 right=-0.15 down=+0.02 m/s
2026-09-01 12:14:16,014 [INFO] core.navigation.centering_controller: [CENTERING] KIRMIZI_UCGEN 101/200 dx=-9px dy=-7px d=0.1m ex=-0.0141 ey=-0.0146 (tol +/-0.010) alt_err=+0.03m -> fwd=+0.15 right=-0.15 down=+0.01 m/s
2026-09-01 12:14:16,571 [INFO] core.navigation.centering_controller: [CENTERING] KIRMIZI_UCGEN 106/200 dx=+16px dy=-23px d=0.3m ex=+0.0250 ey=-0.0479 (tol +/-0.010) alt_err=+0.01m -> fwd=+0.15 right=+0.15 down=+0.01 m/s
2026-09-01 12:14:17,136 [INFO] core.navigation.centering_controller: [CENTERING] KIRMIZI_UCGEN 111/200 dx=+24px dy=-7px d=0.2m ex=+0.0375 ey=-0.0146 (tol +/-0.010) alt_err=+0.00m -> fwd=+0.15 right=+0.15 down=+0.00 m/s
QGC port check failed, reporting UNKNOWN: (pid=56065)
2026-09-01 12:14:17,473 [INFO] core.detection.vision_runtime: [VISION] detect() calisiyor -- bu karede 1 tespit: ['KIRMIZI_UCGEN']
2026-09-01 12:14:17,698 [INFO] core.navigation.centering_controller: [CENTERING] KIRMIZI_UCGEN 116/200 dx=+10px dy=+15px d=0.2m ex=+0.0156 ey=+0.0312 (tol +/-0.010) alt_err=+0.00m -> fwd=-0.15 right=+0.15 down=+0.00 m/s
2026-09-01 12:14:17,726 [INFO] gz_system.main_gz: Dashboard paint loop: 0.0 FPS (main thread)
2026-09-01 12:14:18,250 [INFO] core.navigation.centering_controller: [CENTERING] KIRMIZI_UCGEN 121/200 dx=-8px dy=+22px d=0.2m ex=-0.0125 ey=+0.0458 (tol +/-0.010) alt_err=-0.00m -> fwd=-0.15 right=-0.15 down=-0.00 m/s
2026-09-01 12:14:18,807 [INFO] core.navigation.centering_controller: [CENTERING] KIRMIZI_UCGEN 126/200 dx=-20px dy=+5px d=0.2m ex=-0.0312 ey=+0.0104 (tol +/-0.010) alt_err=-0.01m -> fwd=-0.15 right=-0.15 down=-0.01 m/s
QGC port check failed, reporting UNKNOWN: (pid=56065)
2026-09-01 12:14:19,363 [INFO] core.navigation.centering_controller: [CENTERING] KIRMIZI_UCGEN 131/200 dx=-2px dy=-24px d=0.2m ex=-0.0031 ey=-0.0500 (tol +/-0.010) alt_err=-0.00m -> fwd=+0.15 right=+0.00 down=-0.00 m/s
2026-09-01 12:14:19,922 [INFO] core.navigation.centering_controller: [CENTERING] KIRMIZI_UCGEN 136/200 dx=+25px dy=-20px d=0.3m ex=+0.0391 ey=-0.0417 (tol +/-0.010) alt_err=-0.01m -> fwd=+0.15 right=+0.15 down=-0.00 m/s
2026-09-01 12:14:20,480 [INFO] core.detection.vision_runtime: [VISION] detect() calisiyor -- bu karede 1 tespit: ['KIRMIZI_UCGEN']
2026-09-01 12:14:20,481 [INFO] core.navigation.centering_controller: [CENTERING] KIRMIZI_UCGEN 141/200 dx=+12px dy=-6px d=0.1m ex=+0.0187 ey=-0.0125 (tol +/-0.010) alt_err=-0.02m -> fwd=+0.15 right=+0.15 down=-0.01 m/s
2026-09-01 12:14:21,039 [INFO] core.navigation.centering_controller: [CENTERING] KIRMIZI_UCGEN 146/200 dx=-6px dy=+21px d=0.2m ex=-0.0094 ey=+0.0437 (tol +/-0.010) alt_err=-0.02m -> fwd=-0.15 right=+0.00 down=-0.01 m/s
QGC port check failed, reporting UNKNOWN: (pid=56065)
2026-09-01 12:14:21,599 [INFO] core.navigation.centering_controller: [CENTERING] KIRMIZI_UCGEN 151/200 dx=-25px dy=+15px d=0.3m ex=-0.0391 ey=+0.0312 (tol +/-0.010) alt_err=-0.02m -> fwd=-0.15 right=-0.15 down=-0.01 m/s
2026-09-01 12:14:22,156 [INFO] core.navigation.centering_controller: [CENTERING] KIRMIZI_UCGEN 156/200 dx=-9px dy=-1px d=0.1m ex=-0.0141 ey=-0.0021 (tol +/-0.010) alt_err=-0.02m -> fwd=+0.00 right=-0.15 down=-0.01 m/s
2026-09-01 12:14:22,714 [INFO] core.navigation.centering_controller: [CENTERING] KIRMIZI_UCGEN 161/200 dx=+14px dy=-28px d=0.3m ex=+0.0219 ey=-0.0583 (tol +/-0.010) alt_err=-0.01m -> fwd=+0.15 right=+0.15 down=-0.00 m/s
2026-09-01 12:14:22,752 [INFO] gz_system.main_gz: Dashboard paint loop: 0.0 FPS (main thread)
2026-09-01 12:14:23,270 [INFO] core.navigation.centering_controller: [CENTERING] KIRMIZI_UCGEN 166/200 dx=+19px dy=-13px d=0.2m ex=+0.0297 ey=-0.0271 (tol +/-0.010) alt_err=-0.01m -> fwd=+0.15 right=+0.15 down=-0.00 m/s
QGC port check failed, reporting UNKNOWN: (pid=56065)
2026-09-01 12:14:23,493 [INFO] core.detection.vision_runtime: [VISION] detect() calisiyor -- bu karede 1 tespit: ['KIRMIZI_UCGEN']
2026-09-01 12:14:23,829 [INFO] core.navigation.centering_controller: Merkezleme tamamlandi. (attempt 171/200, dx=+5px dy=+1px ex=+0.0078 ey=+0.0021 alt_err=-0.00m)
2026-09-01 12:14:23,831 [INFO] core.navigation.centering_controller: KIRMIZI_UCGEN hedefine merkezleniyor (irtifa hedefi: 0.45m, irtifa bandi +/-0.05m)...
2026-09-01 12:14:23,831 [INFO] core.navigation.centering_controller: [CENTERING] KIRMIZI_UCGEN 1/200 dx=+5px dy=+1px d=0.0m ex=+0.0078 ey=+0.0021 (tol +/-0.010) alt_err=+4.55m -> fwd=+0.00 right=+0.00 down=+0.15 m/s
2026-09-01 12:14:24,387 [INFO] core.navigation.centering_controller: [CENTERING] KIRMIZI_UCGEN 6/200 dx=-20px dy=+29px d=0.3m ex=-0.0312 ey=+0.0604 (tol +/-0.010) alt_err=+4.43m -> fwd=-0.15 right=-0.15 down=+0.90 m/s
2026-09-01 12:14:24,948 [INFO] core.navigation.centering_controller: [CENTERING] KIRMIZI_UCGEN 11/200 dx=-18px dy=+19px d=0.2m ex=-0.0281 ey=+0.0396 (tol +/-0.010) alt_err=+3.94m -> fwd=-0.15 right=-0.15 down=+1.65 m/s
QGC port check failed, reporting UNKNOWN: (pid=56065)
2026-09-01 12:14:25,512 [INFO] core.navigation.centering_controller: [CENTERING] KIRMIZI_UCGEN 16/200 dx=-2px dy=+6px d=0.0m ex=-0.0031 ey=+0.0125 (tol +/-0.010) alt_err=+3.00m -> fwd=-0.15 right=+0.00 down=+1.50 m/s
2026-09-01 12:14:26,070 [INFO] core.navigation.centering_controller: [CENTERING] KIRMIZI_UCGEN 21/200 dx=+33px dy=-29px d=0.2m ex=+0.0516 ey=-0.0604 (tol +/-0.010) alt_err=+2.13m -> fwd=+0.11 right=+0.15 down=+1.07 m/s
2026-09-01 12:14:26,524 [INFO] core.detection.vision_runtime: [VISION] detect() calisiyor -- bu karede 1 tespit: ['KIRMIZI_UCGEN']
2026-09-01 12:14:26,646 [INFO] core.navigation.centering_controller: [CENTERING] KIRMIZI_UCGEN 26/200 dx=+13px dy=-25px d=0.1m ex=+0.0203 ey=-0.0521 (tol +/-0.010) alt_err=+1.62m -> fwd=+0.09 right=+0.12 down=+0.81 m/s
2026-09-01 12:14:27,225 [INFO] core.navigation.centering_controller: [CENTERING] KIRMIZI_UCGEN 31/200 dx=-18px dy=+48px d=0.2m ex=-0.0289 ey=+0.0990 (tol +/-0.010) alt_err=+1.16m -> fwd=-0.15 right=-0.10 down=+0.58 m/s
QGC port check failed, reporting UNKNOWN: (pid=56065)
2026-09-01 12:14:27,780 [INFO] gz_system.main_gz: Dashboard paint loop: 0.0 FPS (main thread)
2026-09-01 12:14:27,807 [INFO] core.navigation.centering_controller: [CENTERING] KIRMIZI_UCGEN 36/200 dx=-34px dy=+45px d=0.1m ex=-0.0531 ey=+0.0938 (tol +/-0.010) alt_err=+0.82m -> fwd=-0.14 right=-0.08 down=+0.41 m/s
2026-09-01 12:14:28,385 [INFO] core.navigation.centering_controller: [CENTERING] KIRMIZI_UCGEN 41/200 dx=-17px dy=+4px d=0.0m ex=-0.0266 ey=+0.0073 (tol +/-0.010) alt_err=+0.59m -> fwd=+0.00 right=-0.06 down=+0.29 m/s
2026-09-01 12:14:28,962 [INFO] core.navigation.centering_controller: [CENTERING] KIRMIZI_UCGEN 46/200 dx=-4px dy=-32px d=0.1m ex=-0.0055 ey=-0.0677 (tol +/-0.010) alt_err=+0.43m -> fwd=+0.10 right=+0.00 down=+0.21 m/s
QGC port check failed, reporting UNKNOWN: (pid=56065)
2026-09-01 12:14:29,534 [INFO] core.detection.vision_runtime: [VISION] detect() calisiyor -- bu karede 1 tespit: ['KIRMIZI_UCGEN']
2026-09-01 12:14:29,535 [INFO] core.navigation.centering_controller: [CENTERING] KIRMIZI_UCGEN 51/200 dx=+18px dy=-25px d=0.0m ex=+0.0273 ey=-0.0521 (tol +/-0.010) alt_err=+0.34m -> fwd=+0.08 right=+0.05 down=+0.17 m/s
2026-09-01 12:14:30,100 [INFO] core.navigation.centering_controller: [CENTERING] KIRMIZI_UCGEN 56/200 dx=+10px dy=+20px d=0.0m ex=+0.0164 ey=+0.0427 (tol +/-0.010) alt_err=+0.26m -> fwd=-0.06 right=+0.04 down=+0.13 m/s
2026-09-01 12:14:30,671 [INFO] core.navigation.centering_controller: [CENTERING] KIRMIZI_UCGEN 61/200 dx=-16px dy=+44px d=0.1m ex=-0.0242 ey=+0.0917 (tol +/-0.010) alt_err=+0.21m -> fwd=-0.14 right=-0.04 down=+0.10 m/s
2026-09-01 12:14:31,233 [INFO] core.navigation.centering_controller: [CENTERING] KIRMIZI_UCGEN 66/200 dx=-30px dy=+0px d=0.0m ex=-0.0477 ey=+0.0000 (tol +/-0.010) alt_err=+0.17m -> fwd=+0.00 right=-0.07 down=+0.09 m/s
QGC port check failed, reporting UNKNOWN: (pid=56065)
2026-09-01 12:14:31,792 [INFO] core.navigation.centering_controller: [CENTERING] KIRMIZI_UCGEN 71/200 dx=-6px dy=-57px d=0.1m ex=-0.0086 ey=-0.1187 (tol +/-0.010) alt_err=+0.13m -> fwd=+0.18 right=+0.00 down=+0.07 m/s
2026-09-01 12:14:32,349 [INFO] core.navigation.centering_controller: [CENTERING] KIRMIZI_UCGEN 76/200 dx=+36px dy=-14px d=0.0m ex=+0.0570 ey=-0.0281 (tol +/-0.010) alt_err=+0.10m -> fwd=+0.04 right=+0.09 down=+0.05 m/s
2026-09-01 12:14:32,573 [INFO] core.detection.vision_runtime: [VISION] detect() calisiyor -- bu karede 1 tespit: ['KIRMIZI_UCGEN']
2026-09-01 12:14:32,792 [INFO] gz_system.main_gz: Dashboard paint loop: 0.0 FPS (main thread)
2026-09-01 12:14:32,913 [INFO] core.navigation.centering_controller: [CENTERING] KIRMIZI_UCGEN 81/200 dx=+35px dy=+68px d=0.1m ex=+0.0547 ey=+0.1406 (tol +/-0.010) alt_err=+0.07m -> fwd=-0.21 right=+0.08 down=+0.03 m/s
QGC port check failed, reporting UNKNOWN: (pid=56065)
2026-09-01 12:14:33,474 [INFO] core.navigation.centering_controller: [CENTERING] KIRMIZI_UCGEN 86/200 dx=-18px dy=+40px d=0.0m ex=-0.0281 ey=+0.0844 (tol +/-0.010) alt_err=+0.04m -> fwd=-0.13 right=-0.04 down=+0.02 m/s
2026-09-01 12:14:34,036 [INFO] core.navigation.centering_controller: [CENTERING] KIRMIZI_UCGEN 91/200 dx=-42px dy=-23px d=0.0m ex=-0.0648 ey=-0.0479 (tol +/-0.010) alt_err=+0.03m -> fwd=+0.07 right=-0.10 down=+0.01 m/s
2026-09-01 12:14:34,595 [INFO] core.navigation.centering_controller: [CENTERING] KIRMIZI_UCGEN 96/200 dx=+14px dy=-36px d=0.0m ex=+0.0211 ey=-0.0750 (tol +/-0.010) alt_err=+0.02m -> fwd=+0.11 right=+0.03 down=+0.01 m/s
2026-09-01 12:14:35,158 [INFO] core.navigation.centering_controller: [CENTERING] KIRMIZI_UCGEN 101/200 dx=+63px dy=+0px d=0.1m ex=+0.0984 ey=+0.0000 (tol +/-0.010) alt_err=+0.02m -> fwd=+0.00 right=+0.15 down=+0.01 m/s
QGC port check failed, reporting UNKNOWN: (pid=56065)
2026-09-01 12:14:35,603 [INFO] core.detection.vision_runtime: [VISION] detect() calisiyor -- bu karede 1 tespit: ['KIRMIZI_UCGEN']
2026-09-01 12:14:35,717 [INFO] core.navigation.centering_controller: [CENTERING] KIRMIZI_UCGEN 106/200 dx=+12px dy=+8px d=0.0m ex=+0.0180 ey=+0.0156 (tol +/-0.010) alt_err=+0.03m -> fwd=-0.02 right=+0.03 down=+0.01 m/s
2026-09-01 12:14:36,282 [INFO] core.navigation.centering_controller: [CENTERING] KIRMIZI_UCGEN 111/200 dx=-60px dy=+14px d=0.1m ex=-0.0938 ey=+0.0281 (tol +/-0.010) alt_err=+0.03m -> fwd=-0.04 right=-0.14 down=+0.01 m/s
2026-09-01 12:14:36,848 [INFO] core.navigation.centering_controller: [CENTERING] KIRMIZI_UCGEN 116/200 dx=-30px dy=+0px d=0.0m ex=-0.0469 ey=+0.0000 (tol +/-0.010) alt_err=+0.01m -> fwd=+0.00 right=-0.07 down=+0.00 m/s
2026-09-01 12:14:36,958 [INFO] core.navigation.centering_controller: Merkezleme tamamlandi. (attempt 117/200, dx=-6px dy=+0px ex=-0.0094 ey=+0.0000 alt_err=+0.00m)
2026-09-01 12:14:36,960 [INFO] core.navigation.centering_controller: [AIM_OFFSET_APPLIED] KIRMIZI_UCGEN: montaj (ileri=0.00, sag=-0.04) m, yon=1.1 deg -> tutma noktasi (47.3987699, 8.5462321) olarak otelendi (kuzey -0.00, dogu +0.03 m).
QGC port check failed, reporting UNKNOWN: (pid=56065)
2026-09-01 12:14:37,823 [INFO] gz_system.main_gz: Dashboard paint loop: 0.0 FPS (main thread)
2026-09-01 12:14:38,101 [INFO] core.navigation.centering_controller: [MOUNT_TRANSLATE_DONE] KIRMIZI_UCGEN: kalan 3.3 cm, sure 1.14 s (yakinsadi).
2026-09-01 12:14:38,101 [WARNING] core.navigation.centering_controller: [LOW_ALT_OPEN_LOOP_DESCENT] KIRMIZI_UCGEN: goruntu 0.43m'de kayboldu -- dondurulmus kestirime (47.3987699, 8.5462321, offset=0.5cm @ 0.45m) gore 0.45m'ye alcalmaya devam.
2026-09-01 12:14:38,102 [INFO] core.navigation.centering_controller: [LOW_ALT_OPEN_LOOP_DESCENT] KIRMIZI_UCGEN: 0.433m'ye ulasildi (hedef 0.45m).
2026-09-01 12:14:38,102 [INFO] core.navigation.centering_controller: 0.1m ileri hareket ediliyor (0.3 m/s, 0.3s)...
2026-09-01 12:14:38,438 [INFO] core.mission.payload_release: [RELEASE_OFFSET] KIRMIZI_UCGEN: {'shape_type': 'KIRMIZI_UCGEN', 'altitude_m': 0.424, 'target_visible': False, 'best_known_offset_cm': 11.55, 'best_known_offset_alt_m': 0.433}
2026-09-01 12:14:38,438 [INFO] core.mission.payload_release: [MOUNT_VECTOR_MEASURED] KIRMIZI_UCGEN: {'world_dx': -0.0356, 'world_dy': -0.0001, 'gazebo_yaw_deg': 91.24, 'body_forward_m': 0.0006, 'body_right_m': -0.0356} (uygulanan: (0.0, -0.035))
2026-09-01 12:14:38,439 [INFO] gz_system.gz_payload_actuator: Gazebo DetachableJoint tetikleniyor: /payload/detach/blue
I0901 12:14:38.439488 13714567 fork_posix.cc:71] Other threads are currently calling into gRPC, skipping fork() handlers
I0901 12:14:38.493505 13714567 fork_posix.cc:71] Other threads are currently calling into gRPC, skipping fork() handlers
I0901 12:14:38.555370 13714567 fork_posix.cc:71] Other threads are currently calling into gRPC, skipping fork() handlers
I0901 12:14:38.593701 13714567 fork_posix.cc:71] Other threads are currently calling into gRPC, skipping fork() handlers
I0901 12:14:38.644339 13714567 fork_posix.cc:71] Other threads are currently calling into gRPC, skipping fork() handlers
2026-09-01 12:14:38,673 [INFO] core.detection.vision_runtime: [VISION] detect() calisiyor -- bu karede 0 tespit: []
QGC port check failed, reporting UNKNOWN: (pid=56065)
2026-09-01 12:14:39,763 [INFO] gz_system.gz_payload_actuator: Yuk ayrildi (blue), gecikme 1.197 s.
2026-09-01 12:14:39,763 [INFO] core.mission.payload_release: [PAYLOAD_RELEASED] PAYLOAD 2 RELEASED @0.42m
QGC port check failed, reporting UNKNOWN: (pid=56065)
2026-09-01 12:14:41,737 [INFO] core.detection.vision_runtime: [VISION] detect() calisiyor -- bu karede 2 tespit: ['KIRMIZI_UCGEN', 'MAVI_DIKDORTGEN']
2026-09-01 12:14:41,766 [INFO] core.mission.payload_release: [PAYLOAD_FINAL_POSE] KIRMIZI_UCGEN: x=5.182 y=88.989 z=0.033 merkeze 4926.2 cm egim 0.1 deg (HEDEF DISINDA)
2026-09-01 12:14:41,767 [INFO] core.mission.payload_release: Doğrulama işareti aranıyor: MAVI_DIKDORTGEN
2026-09-01 12:14:41,767 [INFO] core.mission.payload_release: Yük bırakma DOĞRULANDI: MAVI_DIKDORTGEN tespit edildi.
2026-09-01 12:14:41,767 [INFO] core.navigation.centering_controller: 1.5m irtifasina tirmaniliyor (goruntuden bagimsiz)...
2026-09-01 12:14:42,850 [INFO] gz_system.main_gz: Dashboard paint loop: 0.0 FPS (main thread)
QGC port check failed, reporting UNKNOWN: (pid=56065)
2026-09-01 12:14:43,894 [INFO] core.mission.gorev2_orchestrator: SEARCH COMPLETE: MAVI_ALTIGEN ve KIRMIZI_UCGEN ikisi de kaydedildi. Mission kalici olarak sona erdi, Offboard tek yetkili.
2026-09-01 12:14:44,007 [INFO] core.mission.gorev2_orchestrator: Gorev 2 tamamlandi (Payload Mission 1 + 2 basariyla calisti).
2026-09-01 12:14:44,007 [INFO] core.mission.master_fsm: Görev 2 akışı bitti, doğrudan Görev 3'e geçiliyor...
2026-09-01 12:14:44,007 [INFO] core.mission.gorev3_pickup: Görev 3 Faz 1 (Alma) Başlatıldı.
2026-09-01 12:14:44,007 [INFO] core.mission.gorev3_pickup: Mavi Altıgen konumuna 1.5m irtifada gidiliyor: 47.3980526, 8.5460383
2026-09-01 12:14:44,007 [INFO] core.navigation.centering_controller: Kayitli GPS konumuna gidiliyor: lat=47.3980526, lon=8.5460383, alt=1.5m
2026-09-01 12:14:44,813 [INFO] core.detection.vision_runtime: [VISION] detect() calisiyor -- bu karede 0 tespit: []
QGC port check failed, reporting UNKNOWN: (pid=56065)
QGC port check failed, reporting UNKNOWN: (pid=56065)
2026-09-01 12:14:47,839 [INFO] core.detection.vision_runtime: [VISION] detect() calisiyor -- bu karede 0 tespit: []
2026-09-01 12:14:47,851 [INFO] gz_system.main_gz: Dashboard paint loop: 0.0 FPS (main thread)
QGC port check failed, reporting UNKNOWN: (pid=56065)
2026-09-01 12:14:50,920 [INFO] core.detection.vision_runtime: [VISION] detect() calisiyor -- bu karede 0 tespit: []
QGC port check failed, reporting UNKNOWN: (pid=56065)
2026-09-01 12:14:52,876 [INFO] gz_system.main_gz: Dashboard paint loop: 0.0 FPS (main thread)
QGC port check failed, reporting UNKNOWN: (pid=56065)
2026-09-01 12:14:53,800 [INFO] core.mission.gorev3_pickup: Kırmızı Dikdörtgenin uzun kenarına dik hizalanılıyor: 0.9 -> 2.8 derece
2026-09-01 12:14:54,027 [INFO] core.detection.vision_runtime: [VISION] detect() calisiyor -- bu karede 1 tespit: ['MAVI_ALTIGEN']
QGC port check failed, reporting UNKNOWN: (pid=56065)
2026-09-01 12:14:55,832 [INFO] core.mission.gorev3_pickup: 1.2m irtifada (gorus dostu) hedefe ortalanıyor...
2026-09-01 12:14:55,832 [INFO] core.navigation.centering_controller: KIRMIZI_DIKDORTGEN hedefine merkezleniyor (irtifa hedefi: 1.2m, irtifa bandi +/-0.30m)...
2026-09-01 12:14:55,833 [INFO] core.navigation.centering_controller: [CENTERING] KIRMIZI_DIKDORTGEN 1/200 dx=+69px dy=-279px d=0.8m ex=+0.1078 ey=-0.5813 (tol +/-0.010) alt_err=+0.36m -> fwd=+0.15 right=+0.15 down=+0.15 m/s
2026-09-01 12:14:56,400 [INFO] core.navigation.centering_controller: [CENTERING] KIRMIZI_DIKDORTGEN 6/200 dx=+69px dy=-278px d=0.8m ex=+0.1078 ey=-0.5792 (tol +/-0.010) alt_err=+0.30m -> fwd=+0.60 right=+0.16 down=+0.15 m/s
2026-09-01 12:14:56,963 [INFO] core.navigation.centering_controller: [CENTERING] KIRMIZI_DIKDORTGEN 11/200 dx=+25px dy=-186px d=0.5m ex=+0.0391 ey=-0.3875 (tol +/-0.010) alt_err=+0.20m -> fwd=+0.58 right=+0.08 down=+0.10 m/s
2026-09-01 12:14:57,075 [INFO] core.detection.vision_runtime: [VISION] detect() calisiyor -- bu karede 2 tespit: ['MAVI_ALTIGEN', 'KIRMIZI_DIKDORTGEN']
QGC port check failed, reporting UNKNOWN: (pid=56065)
2026-09-01 12:14:57,533 [WARNING] core.navigation.centering_controller: [CENTERING] KIRMIZI_DIKDORTGEN 16/200 hedef kayboldu (feed canli, hedef bu karede yok)
2026-09-01 12:14:57,897 [INFO] gz_system.main_gz: Dashboard paint loop: 0.0 FPS (main thread)
2026-09-01 12:14:58,102 [INFO] core.navigation.centering_controller: [CENTERING] KIRMIZI_DIKDORTGEN 21/200 dx=-77px dy=+287px d=0.7m ex=-0.1203 ey=+0.5979 (tol +/-0.010) alt_err=+0.12m -> fwd=-0.60 right=-0.18 down=+0.06 m/s
2026-09-01 12:14:58,666 [WARNING] core.navigation.centering_controller: [CENTERING] KIRMIZI_DIKDORTGEN 26/200 hedef kayboldu (feed canli, hedef bu karede yok)
2026-09-01 12:14:59,235 [INFO] core.navigation.centering_controller: [CENTERING] KIRMIZI_DIKDORTGEN 31/200 dx=-51px dy=+214px d=0.5m ex=-0.0797 ey=+0.4458 (tol +/-0.010) alt_err=+0.07m -> fwd=-0.67 right=-0.12 down=+0.04 m/s
QGC port check failed, reporting UNKNOWN: (pid=56065)
2026-09-01 12:14:59,804 [INFO] core.navigation.centering_controller: [CENTERING] KIRMIZI_DIKDORTGEN 36/200 dx=-74px dy=+76px d=0.2m ex=-0.1156 ey=+0.1583 (tol +/-0.010) alt_err=+0.05m -> fwd=-0.24 right=-0.17 down=+0.02 m/s
2026-09-01 12:15:00,139 [INFO] core.detection.vision_runtime: [VISION] detect() calisiyor -- bu karede 2 tespit: ['MAVI_ALTIGEN', 'KIRMIZI_DIKDORTGEN']
2026-09-01 12:15:00,367 [INFO] core.navigation.centering_controller: [CENTERING] KIRMIZI_DIKDORTGEN 41/200 dx=-59px dy=+4px d=0.1m ex=-0.0922 ey=+0.0083 (tol +/-0.010) alt_err=+0.02m -> fwd=+0.00 right=-0.14 down=+0.01 m/s
2026-09-01 12:15:00,936 [INFO] core.navigation.centering_controller: [CENTERING] KIRMIZI_DIKDORTGEN 46/200 dx=-27px dy=+34px d=0.1m ex=-0.0422 ey=+0.0708 (tol +/-0.010) alt_err=+0.00m -> fwd=-0.11 right=-0.07 down=+0.00 m/s
QGC port check failed, reporting UNKNOWN: (pid=56065)
2026-09-01 12:15:01,506 [INFO] core.navigation.centering_controller: [CENTERING] KIRMIZI_DIKDORTGEN 51/200 dx=-7px dy=+81px d=0.2m ex=-0.0109 ey=+0.1688 (tol +/-0.010) alt_err=-0.01m -> fwd=-0.25 right=-0.07 down=-0.00 m/s
2026-09-01 12:15:02,072 [INFO] core.navigation.centering_controller: [CENTERING] KIRMIZI_DIKDORTGEN 56/200 dx=+11px dy=+90px d=0.2m ex=+0.0172 ey=+0.1875 (tol +/-0.010) alt_err=-0.01m -> fwd=-0.28 right=+0.07 down=-0.01 m/s
2026-09-01 12:15:02,641 [INFO] core.navigation.centering_controller: [CENTERING] KIRMIZI_DIKDORTGEN 61/200 dx=+7px dy=+52px d=0.1m ex=+0.0109 ey=+0.1083 (tol +/-0.010) alt_err=-0.01m -> fwd=-0.16 right=+0.07 down=-0.00 m/s
2026-09-01 12:15:02,935 [INFO] gz_system.main_gz: Dashboard paint loop: 0.0 FPS (main thread)
2026-09-01 12:15:03,206 [INFO] core.detection.vision_runtime: [VISION] detect() calisiyor -- bu karede 2 tespit: ['MAVI_ALTIGEN', 'KIRMIZI_DIKDORTGEN']
2026-09-01 12:15:03,207 [INFO] core.navigation.centering_controller: [CENTERING] KIRMIZI_DIKDORTGEN 66/200 dx=-26px dy=+10px d=0.1m ex=-0.0406 ey=+0.0208 (tol +/-0.010) alt_err=+0.00m -> fwd=-0.05 right=-0.07 down=+0.00 m/s
QGC port check failed, reporting UNKNOWN: (pid=56065)
2026-09-01 12:15:03,770 [INFO] core.navigation.centering_controller: [CENTERING] KIRMIZI_DIKDORTGEN 71/200 dx=-28px dy=+6px d=0.1m ex=-0.0437 ey=+0.0125 (tol +/-0.010) alt_err=-0.00m -> fwd=-0.05 right=-0.07 down=-0.00 m/s
2026-09-01 12:15:04,333 [INFO] core.navigation.centering_controller: [CENTERING] KIRMIZI_DIKDORTGEN 76/200 dx=-14px dy=+10px d=0.0m ex=-0.0219 ey=+0.0208 (tol +/-0.010) alt_err=-0.01m -> fwd=-0.05 right=-0.07 down=-0.01 m/s
2026-09-01 12:15:04,911 [INFO] core.navigation.centering_controller: [CENTERING] KIRMIZI_DIKDORTGEN 81/200 dx=+3px dy=+9px d=0.0m ex=+0.0047 ey=+0.0187 (tol +/-0.010) alt_err=-0.02m -> fwd=-0.05 right=+0.00 down=-0.01 m/s
QGC port check failed, reporting UNKNOWN: (pid=56065)
2026-09-01 12:15:05,475 [INFO] core.navigation.centering_controller: [CENTERING] KIRMIZI_DIKDORTGEN 86/200 dx=+18px dy=+9px d=0.0m ex=+0.0281 ey=+0.0187 (tol +/-0.010) alt_err=-0.01m -> fwd=-0.05 right=+0.07 down=-0.01 m/s
2026-09-01 12:15:06,041 [INFO] core.navigation.centering_controller: [CENTERING] KIRMIZI_DIKDORTGEN 91/200 dx=+0px dy=+9px d=0.0m ex=+0.0000 ey=+0.0187 (tol +/-0.010) alt_err=-0.00m -> fwd=-0.05 right=+0.00 down=-0.00 m/s
2026-09-01 12:15:06,265 [INFO] core.detection.vision_runtime: [VISION] detect() calisiyor -- bu karede 2 tespit: ['MAVI_ALTIGEN', 'KIRMIZI_DIKDORTGEN']
2026-09-01 12:15:06,604 [INFO] core.navigation.centering_controller: [CENTERING] KIRMIZI_DIKDORTGEN 96/200 dx=-28px dy=+8px d=0.1m ex=-0.0437 ey=+0.0167 (tol +/-0.010) alt_err=-0.00m -> fwd=-0.05 right=-0.07 down=-0.00 m/s
2026-09-01 12:15:07,171 [INFO] core.navigation.centering_controller: [CENTERING] KIRMIZI_DIKDORTGEN 101/200 dx=-15px dy=+8px d=0.0m ex=-0.0234 ey=+0.0167 (tol +/-0.010) alt_err=-0.01m -> fwd=-0.05 right=-0.07 down=-0.00 m/s
QGC port check failed, reporting UNKNOWN: (pid=56065)
2026-09-01 12:15:07,734 [INFO] core.navigation.centering_controller: [CENTERING] KIRMIZI_DIKDORTGEN 106/200 dx=+9px dy=+5px d=0.0m ex=+0.0141 ey=+0.0104 (tol +/-0.010) alt_err=-0.01m -> fwd=-0.05 right=+0.07 down=-0.00 m/s
2026-09-01 12:15:07,968 [INFO] gz_system.main_gz: Dashboard paint loop: 0.0 FPS (main thread)
2026-09-01 12:15:08,299 [INFO] core.navigation.centering_controller: [CENTERING] KIRMIZI_DIKDORTGEN 111/200 dx=+18px dy=-3px d=0.0m ex=+0.0281 ey=-0.0063 (tol +/-0.010) alt_err=-0.01m -> fwd=+0.00 right=+0.07 down=-0.00 m/s
2026-09-01 12:15:08,750 [INFO] core.navigation.centering_controller: Merkezleme tamamlandi. (attempt 115/200, dx=+4px dy=+2px ex=+0.0063 ey=+0.0042 alt_err=-0.00m)
2026-09-01 12:15:08,974 [INFO] core.mission.gorev3_pickup: Kanca hedefin uzerine getiriliyor (govde +0.175m ileri)...
2026-09-01 12:15:09,309 [INFO] core.detection.vision_runtime: [VISION] detect() calisiyor -- bu karede 2 tespit: ['MAVI_ALTIGEN', 'KIRMIZI_DIKDORTGEN']
QGC port check failed, reporting UNKNOWN: (pid=56065)
QGC port check failed, reporting UNKNOWN: (pid=56065)
2026-09-01 12:15:12,349 [INFO] core.detection.vision_runtime: [VISION] detect() calisiyor -- bu karede 2 tespit: ['MAVI_ALTIGEN', 'KIRMIZI_DIKDORTGEN']
2026-09-01 12:15:13,001 [INFO] gz_system.main_gz: Dashboard paint loop: 0.0 FPS (main thread)
2026-09-01 12:15:13,025 [INFO] core.mission.gorev3_pickup: 0.9m hizalama irtifasina dikey iniliyor...
QGC port check failed, reporting UNKNOWN: (pid=56065)
2026-09-01 12:15:15,388 [INFO] core.detection.vision_runtime: [VISION] detect() calisiyor -- bu karede 2 tespit: ['MAVI_ALTIGEN', 'KIRMIZI_DIKDORTGEN']
QGC port check failed, reporting UNKNOWN: (pid=56065)
QGC port check failed, reporting UNKNOWN: (pid=56065)
2026-09-01 12:15:18,003 [INFO] gz_system.main_gz: Dashboard paint loop: 0.0 FPS (main thread)
2026-09-01 12:15:18,097 [INFO] core.mission.gorev3_pickup: [HIZA_KALIBRASYON] goruntu=1.4 cm  gercek=1.4 cm  irtifa=0.97 m
2026-09-01 12:15:18,097 [INFO] core.mission.gorev3_pickup: [GORUNTU] kanca yukun ortasinda: sapma 1.4 cm (tol 5 cm).
2026-09-01 12:15:18,432 [INFO] core.detection.vision_runtime: [VISION] detect() calisiyor -- bu karede 2 tespit: ['MAVI_ALTIGEN', 'KIRMIZI_DIKDORTGEN']
QGC port check failed, reporting UNKNOWN: (pid=56065)
2026-09-01 12:15:20,137 [INFO] core.mission.visual_alignment: [GORSEL_HIZA_TANI] it=1 alt_m=0.972 focal_px=539.94 depth_img_m=0.9529 depth_tel_m=0.952 depth_used_m=0.9529 depth_src=image u=631.0 v=581.13 radius_px=13.17 long_px=81.46 conf=0.999 method=payload-topface-deshadow yaw_deg=2.85 body_fwd_m=-0.0935 body_right_m=-0.0159 hook_off_n=-0.09 hook_off_e=-0.0038 err_raw_m=0.0169 truth_lateral_m=0.0152
2026-09-01 12:15:20,265 [INFO] core.mission.visual_alignment: [GORSEL_HIZA_TANI] it=2 alt_m=0.973 focal_px=539.94 depth_img_m=0.9584 depth_tel_m=0.953 depth_used_m=0.9584 depth_src=image u=629.5 v=581.0 radius_px=13.1 long_px=81.0 conf=0.999 method=payload-topface-deshadow yaw_deg=2.85 body_fwd_m=-0.0943 body_right_m=-0.0186 hook_off_n=-0.0902 hook_off_e=-0.0037 err_raw_m=0.0198 truth_lateral_m=0.0182
2026-09-01 12:15:20,393 [INFO] core.mission.visual_alignment: [GORSEL_HIZA_TANI] it=3 alt_m=0.973 focal_px=539.94 depth_img_m=0.9584 depth_tel_m=0.953 depth_used_m=0.9584 depth_src=image u=627.5 v=581.0 radius_px=13.1 long_px=81.0 conf=0.999 method=payload-topface-deshadow yaw_deg=2.85 body_fwd_m=-0.0943 body_right_m=-0.0222 hook_off_n=-0.0902 hook_off_e=-0.0037 err_raw_m=0.0234 truth_lateral_m=0.0209
QGC port check failed, reporting UNKNOWN: (pid=56065)
2026-09-01 12:15:21,474 [INFO] core.detection.vision_runtime: [VISION] detect() calisiyor -- bu karede 2 tespit: ['MAVI_ALTIGEN', 'KIRMIZI_DIKDORTGEN']
2026-09-01 12:15:21,711 [INFO] core.mission.visual_alignment: [GORSEL_HIZA_TANI] it=4 alt_m=0.959 focal_px=539.94 depth_img_m=0.9295 depth_tel_m=0.939 depth_used_m=0.9295 depth_src=image u=629.31 v=576.89 radius_px=13.51 long_px=83.49 conf=0.999 method=payload-topface-deshadow yaw_deg=2.84 body_fwd_m=-0.0818 body_right_m=-0.0184 hook_off_n=-0.0896 hook_off_e=-0.0038 err_raw_m=0.0206 truth_lateral_m=0.0187
2026-09-01 12:15:21,711 [INFO] core.mission.visual_alignment: [GORSEL_HIZA] yakinsadi: 20.1 mm, 4 iterasyon, 4 tespit, 0.013 m hareket
2026-09-01 12:15:21,711 [INFO] core.mission.gorev3_pickup: [GORSEL_HIZA] converged: son hata=20.1 mm, 4 iterasyon, 4 tespit, 0.013 m hareket
2026-09-01 12:15:21,711 [INFO] core.mission.gorev3_pickup: [GORSEL_HIZA] yuva GORUNTUDEN olculdu: NED=(34.122, -9.519)
2026-09-01 12:15:21,711 [INFO] core.mission.gorev3_pickup: Vinc salinacak (hedef irtifa 0.30 m icin) -- ARAC HALA 0.96 m'de, kanca serbest asili kalacak.
2026-09-01 12:15:21,711 [INFO] gz_system.gz_payload_actuator: [HOOK] vinc salimi: 0.330 m  (irtifa=0.300 m, guverte=0.070, zincir ofseti=0.060, pay=0.040)
2026-09-01 12:15:21,711 [INFO] gz_system.gz_payload_actuator: [HOOK] vinc -> 0.33 m
I0901 12:15:21.712240 13714567 fork_posix.cc:71] Other threads are currently calling into gRPC, skipping fork() handlers
2026-09-01 12:15:23,038 [INFO] gz_system.main_gz: Dashboard paint loop: 0.0 FPS (main thread)
QGC port check failed, reporting UNKNOWN: (pid=56065)
2026-09-01 12:15:24,532 [INFO] core.detection.vision_runtime: [VISION] detect() calisiyor -- bu karede 1 tespit: ['KIRMIZI_DIKDORTGEN']
QGC port check failed, reporting UNKNOWN: (pid=56065)
2026-09-01 12:15:26,800 [INFO] core.mission.gorev3_pickup: [SON_DUZELTME] 1/6 yanal 25.4 mm -> (kuzey +0.004, dogu +0.012)  | kanca_ofset=(-0.0920, -0.0039) arac_ned=(34.2051, -9.5386) kanca_mutlak=(34.1131, -9.5425)
QGC port check failed, reporting UNKNOWN: (pid=56065)
2026-09-01 12:15:27,567 [INFO] core.detection.vision_runtime: [VISION] detect() calisiyor -- bu karede 1 tespit: ['KIRMIZI_DIKDORTGEN']
2026-09-01 12:15:28,039 [INFO] gz_system.main_gz: Dashboard paint loop: 0.0 FPS (main thread)
QGC port check failed, reporting UNKNOWN: (pid=56065)
2026-09-01 12:15:29,862 [INFO] core.mission.gorev3_pickup: [SON_DUZELTME] 2/6 yanal 23.0 mm -> (kuzey -0.003, dogu +0.011)  | kanca_ofset=(-0.0905, -0.0035) arac_ned=(34.2190, -9.5372) kanca_mutlak=(34.1286, -9.5407)
2026-09-01 12:15:30,598 [INFO] core.detection.vision_runtime: [VISION] detect() calisiyor -- bu karede 1 tespit: ['KIRMIZI_DIKDORTGEN']
QGC port check failed, reporting UNKNOWN: (pid=56065)
2026-09-01 12:15:32,401 [INFO] core.mission.gorev3_pickup: [SON_DUZELTME] 3/6 yanal 26.1 mm -> (kuzey -0.010, dogu +0.008)  | kanca_ofset=(-0.0900, -0.0039) arac_ned=(34.2322, -9.5312) kanca_mutlak=(34.1422, -9.5351)
2026-09-01 12:15:33,046 [INFO] gz_system.main_gz: Dashboard paint loop: 0.0 FPS (main thread)
QGC port check failed, reporting UNKNOWN: (pid=56065)
2026-09-01 12:15:33,632 [INFO] core.detection.vision_runtime: [VISION] detect() calisiyor -- bu karede 1 tespit: ['KIRMIZI_DIKDORTGEN']
2026-09-01 12:15:34,978 [INFO] core.mission.gorev3_pickup: [SON_DUZELTME] 4/6 yanal 19.0 mm -> (kuzey -0.004, dogu -0.009)  | kanca_ofset=(-0.0893, -0.0022) arac_ned=(34.2194, -9.4993) kanca_mutlak=(34.1301, -9.5015)
QGC port check failed, reporting UNKNOWN: (pid=56065)
2026-09-01 12:15:36,660 [INFO] core.detection.vision_runtime: [VISION] detect() calisiyor -- bu karede 1 tespit: ['KIRMIZI_DIKDORTGEN']
QGC port check failed, reporting UNKNOWN: (pid=56065)
2026-09-01 12:15:37,555 [INFO] core.mission.gorev3_pickup: [SON_DUZELTME] 5/6 yanal 36.8 mm -> (kuzey -0.000, dogu +0.018)  | kanca_ofset=(-0.0899, -0.0056) arac_ned=(34.2124, -9.5499) kanca_mutlak=(34.1225, -9.5555)
2026-09-01 12:15:38,047 [INFO] gz_system.main_gz: Dashboard paint loop: 0.0 FPS (main thread)
QGC port check failed, reporting UNKNOWN: (pid=56065)
2026-09-01 12:15:39,700 [INFO] core.detection.vision_runtime: [VISION] detect() calisiyor -- bu karede 1 tespit: ['KIRMIZI_DIKDORTGEN']
2026-09-01 12:15:40,419 [INFO] core.mission.gorev3_pickup: [SON_DUZELTME] 6/6 yanal 36.4 mm -> (kuzey +0.018, dogu -0.001)  | kanca_ofset=(-0.0920, -0.0030) arac_ned=(34.1775, -9.5137) kanca_mutlak=(34.0855, -9.5167)
QGC port check failed, reporting UNKNOWN: (pid=56065)
2026-09-01 12:15:42,702 [INFO] core.detection.vision_runtime: [VISION] detect() calisiyor -- bu karede 1 tespit: ['KIRMIZI_DIKDORTGEN']
2026-09-01 12:15:42,929 [WARNING] core.mission.gorev3_pickup: [SON_DUZELTME] butce doldu; son yanal 36.4 mm
2026-09-01 12:15:42,929 [INFO] core.mission.gorev3_pickup: [KANCA_DENGE] INIS ONCESI irtifa=0.951 m kanca_ofset=(-0.0893, -0.0018)
2026-09-01 12:15:42,929 [INFO] core.mission.gorev3_pickup: Hizalandi -- 0.30 m alma irtifasina SAF DIKEY iniliyor (yanal hareket yok).
2026-09-01 12:15:42,930 [INFO] core.mission.gorev3_pickup: [KANCA_IZ] t=0.00 alt=0.951 off_n=-0.0893 off_e=-0.0018 nose_z=+0.6263
2026-09-01 12:15:43,045 [INFO] core.mission.gorev3_pickup: [KANCA_IZ] t=0.12 alt=0.952 off_n=-0.0892 off_e=-0.0016 nose_z=+0.6210
2026-09-01 12:15:43,071 [INFO] gz_system.main_gz: Dashboard paint loop: 0.0 FPS (main thread)
2026-09-01 12:15:43,160 [INFO] core.mission.gorev3_pickup: [KANCA_IZ] t=0.23 alt=0.912 off_n=-0.0892 off_e=-0.0018 nose_z=+0.5837
2026-09-01 12:15:43,275 [INFO] core.mission.gorev3_pickup: [KANCA_IZ] t=0.35 alt=0.861 off_n=-0.0892 off_e=-0.0034 nose_z=+0.5276
2026-09-01 12:15:43,388 [INFO] core.mission.gorev3_pickup: [KANCA_IZ] t=0.46 alt=0.799 off_n=-0.0892 off_e=-0.0057 nose_z=+0.4677
QGC port check failed, reporting UNKNOWN: (pid=56065)
2026-09-01 12:15:43,502 [INFO] core.mission.gorev3_pickup: [KANCA_IZ] t=0.57 alt=0.744 off_n=-0.0894 off_e=-0.0073 nose_z=+0.4134
2026-09-01 12:15:43,615 [INFO] core.mission.gorev3_pickup: [KANCA_IZ] t=0.69 alt=0.691 off_n=-0.0898 off_e=-0.0072 nose_z=+0.3622
2026-09-01 12:15:43,727 [INFO] core.mission.gorev3_pickup: [KANCA_IZ] t=0.80 alt=0.647 off_n=-0.0901 off_e=-0.0059 nose_z=+0.3269
2026-09-01 12:15:43,838 [INFO] core.mission.gorev3_pickup: [KANCA_IZ] t=0.91 alt=0.608 off_n=-0.0905 off_e=-0.0038 nose_z=+0.2904
2026-09-01 12:15:43,949 [INFO] core.mission.gorev3_pickup: [KANCA_IZ] t=1.02 alt=0.550 off_n=-0.0907 off_e=-0.0022 nose_z=+0.2596
2026-09-01 12:15:44,063 [INFO] core.mission.gorev3_pickup: [KANCA_IZ] t=1.13 alt=0.528 off_n=-0.0908 off_e=-0.0016 nose_z=+0.2337
2026-09-01 12:15:44,174 [INFO] core.mission.gorev3_pickup: [KANCA_IZ] t=1.24 alt=0.508 off_n=-0.0909 off_e=-0.0022 nose_z=+0.2116
2026-09-01 12:15:44,286 [INFO] core.mission.gorev3_pickup: [KANCA_IZ] t=1.36 alt=0.494 off_n=-0.0909 off_e=-0.0032 nose_z=+0.1950
2026-09-01 12:15:44,398 [INFO] core.mission.gorev3_pickup: [KANCA_IZ] t=1.47 alt=0.481 off_n=-0.0909 off_e=-0.0041 nose_z=+0.1776
2026-09-01 12:15:44,509 [INFO] core.mission.gorev3_pickup: [KANCA_IZ] t=1.58 alt=0.471 off_n=-0.0907 off_e=-0.0043 nose_z=+0.1632
2026-09-01 12:15:44,621 [INFO] core.mission.gorev3_pickup: [KANCA_IZ] t=1.69 alt=0.462 off_n=-0.0907 off_e=-0.0038 nose_z=+0.1497
2026-09-01 12:15:44,731 [INFO] core.mission.gorev3_pickup: [KANCA_IZ] t=1.80 alt=0.455 off_n=-0.0907 off_e=-0.0030 nose_z=+0.1377
2026-09-01 12:15:44,842 [INFO] core.mission.gorev3_pickup: [KANCA_IZ] t=1.91 alt=0.448 off_n=-0.0905 off_e=-0.0023 nose_z=+0.1278
2026-09-01 12:15:44,956 [INFO] core.mission.gorev3_pickup: [KANCA_IZ] t=2.03 alt=0.433 off_n=-0.0903 off_e=-0.0020 nose_z=+0.1171
2026-09-01 12:15:45,067 [INFO] core.mission.gorev3_pickup: [KANCA_IZ] t=2.14 alt=0.426 off_n=-0.0901 off_e=-0.0022 nose_z=+0.1087
2026-09-01 12:15:45,177 [INFO] core.mission.gorev3_pickup: [KANCA_IZ] t=2.25 alt=0.420 off_n=-0.0897 off_e=-0.0028 nose_z=+0.0998
2026-09-01 12:15:45,287 [INFO] core.mission.gorev3_pickup: [KANCA_IZ] t=2.36 alt=0.414 off_n=-0.0893 off_e=-0.0034 nose_z=+0.0922
2026-09-01 12:15:45,397 [INFO] core.mission.gorev3_pickup: [KANCA_IZ] t=2.47 alt=0.408 off_n=-0.0890 off_e=-0.0035 nose_z=+0.0854
QGC port check failed, reporting UNKNOWN: (pid=56065)
2026-09-01 12:15:45,506 [INFO] core.mission.gorev3_pickup: [KANCA_IZ] t=2.58 alt=0.404 off_n=-0.0889 off_e=-0.0035 nose_z=+0.0789
2026-09-01 12:15:45,618 [INFO] core.mission.gorev3_pickup: [KANCA_IZ] t=2.69 alt=0.400 off_n=-0.0892 off_e=-0.0033 nose_z=+0.0752
2026-09-01 12:15:45,729 [INFO] core.detection.vision_runtime: [VISION] detect() calisiyor -- bu karede 1 tespit: ['KIRMIZI_UCGEN']
2026-09-01 12:15:45,729 [INFO] core.mission.gorev3_pickup: [KANCA_IZ] t=2.80 alt=0.397 off_n=-0.0901 off_e=-0.0039 nose_z=+0.0744
2026-09-01 12:15:45,841 [INFO] core.mission.gorev3_pickup: [KANCA_IZ] t=2.91 alt=0.395 off_n=-0.0923 off_e=-0.0047 nose_z=+0.0738
2026-09-01 12:15:45,950 [INFO] core.mission.gorev3_pickup: [KANCA_IZ] t=3.02 alt=0.394 off_n=-0.0949 off_e=-0.0052 nose_z=+0.0734
2026-09-01 12:15:46,063 [INFO] core.mission.gorev3_pickup: [KANCA_IZ] t=3.13 alt=0.393 off_n=-0.0972 off_e=-0.0057 nose_z=+0.0731
2026-09-01 12:15:46,173 [INFO] core.mission.gorev3_pickup: [KANCA_IZ] t=3.24 alt=0.390 off_n=-0.0995 off_e=-0.0062 nose_z=+0.0726
2026-09-01 12:15:46,285 [INFO] core.mission.gorev3_pickup: [KANCA_IZ] t=3.36 alt=0.387 off_n=-0.1013 off_e=-0.0071 nose_z=+0.0723
2026-09-01 12:15:46,396 [INFO] core.mission.gorev3_pickup: [KANCA_IZ] t=3.47 alt=0.383 off_n=-0.1025 off_e=-0.0082 nose_z=+0.0720
2026-09-01 12:15:46,507 [INFO] core.mission.gorev3_pickup: [KANCA_IZ] t=3.58 alt=0.381 off_n=-0.1031 off_e=-0.0096 nose_z=+0.0718
2026-09-01 12:15:46,617 [INFO] core.mission.gorev3_pickup: [KANCA_IZ] t=3.69 alt=0.379 off_n=-0.1033 off_e=-0.0110 nose_z=+0.0716
2026-09-01 12:15:46,729 [INFO] core.mission.gorev3_pickup: [KANCA_IZ] t=3.80 alt=0.377 off_n=-0.1029 off_e=-0.0128 nose_z=+0.0714
2026-09-01 12:15:46,839 [INFO] core.mission.gorev3_pickup: [KANCA_IZ] t=3.91 alt=0.376 off_n=-0.1021 off_e=-0.0145 nose_z=+0.0712
2026-09-01 12:15:46,949 [INFO] core.mission.gorev3_pickup: [KANCA_IZ] t=4.02 alt=0.373 off_n=-0.1007 off_e=-0.0163 nose_z=+0.0710
2026-09-01 12:15:47,062 [INFO] core.mission.gorev3_pickup: [KANCA_IZ] t=4.13 alt=0.371 off_n=-0.0992 off_e=-0.0176 nose_z=+0.0709
2026-09-01 12:15:47,173 [INFO] core.mission.gorev3_pickup: [KANCA_IZ] t=4.24 alt=0.369 off_n=-0.0971 off_e=-0.0188 nose_z=+0.0708
2026-09-01 12:15:47,285 [INFO] core.mission.gorev3_pickup: [KANCA_IZ] t=4.36 alt=0.366 off_n=-0.0947 off_e=-0.0195 nose_z=+0.0707
2026-09-01 12:15:47,398 [INFO] core.mission.gorev3_pickup: [KANCA_IZ] t=4.47 alt=0.364 off_n=-0.0927 off_e=-0.0198 nose_z=+0.0706
QGC port check failed, reporting UNKNOWN: (pid=56065)
2026-09-01 12:15:47,510 [INFO] core.mission.gorev3_pickup: [KANCA_IZ] t=4.58 alt=0.363 off_n=-0.0902 off_e=-0.0196 nose_z=+0.0706
2026-09-01 12:15:47,624 [INFO] core.mission.gorev3_pickup: [KANCA_IZ] t=4.69 alt=0.363 off_n=-0.0884 off_e=-0.0192 nose_z=+0.0707
2026-09-01 12:15:47,737 [INFO] core.mission.gorev3_pickup: [KANCA_IZ] t=4.81 alt=0.364 off_n=-0.0861 off_e=-0.0183 nose_z=+0.0707
2026-09-01 12:15:47,856 [INFO] core.mission.gorev3_pickup: [KANCA_IZ] t=4.93 alt=0.364 off_n=-0.0845 off_e=-0.0173 nose_z=+0.0704
2026-09-01 12:15:47,969 [INFO] core.mission.gorev3_pickup: [KANCA_IZ] t=5.04 alt=0.365 off_n=-0.0826 off_e=-0.0161 nose_z=+0.0705
2026-09-01 12:15:48,083 [INFO] core.mission.gorev3_pickup: [KANCA_IZ] t=5.15 alt=0.366 off_n=-0.0811 off_e=-0.0151 nose_z=+0.0705
2026-09-01 12:15:48,099 [INFO] gz_system.main_gz: Dashboard paint loop: 0.0 FPS (main thread)
2026-09-01 12:15:48,197 [INFO] core.mission.gorev3_pickup: [KANCA_IZ] t=5.27 alt=0.368 off_n=-0.0794 off_e=-0.0143 nose_z=+0.0706
2026-09-01 12:15:48,312 [INFO] core.mission.gorev3_pickup: [KANCA_IZ] t=5.38 alt=0.369 off_n=-0.0775 off_e=-0.0136 nose_z=+0.0706
2026-09-01 12:15:48,429 [INFO] core.mission.gorev3_pickup: [KANCA_IZ] t=5.50 alt=0.371 off_n=-0.0752 off_e=-0.0130 nose_z=+0.0707
2026-09-01 12:15:48,545 [INFO] core.mission.gorev3_pickup: [KANCA_IZ] t=5.62 alt=0.372 off_n=-0.0722 off_e=-0.0124 nose_z=+0.0707
2026-09-01 12:15:48,661 [INFO] core.mission.gorev3_pickup: [KANCA_IZ] t=5.73 alt=0.371 off_n=-0.0689 off_e=-0.0114 nose_z=+0.0708
2026-09-01 12:15:48,779 [INFO] core.detection.vision_runtime: [VISION] detect() calisiyor -- bu karede 1 tespit: ['KIRMIZI_DIKDORTGEN']
2026-09-01 12:15:48,780 [INFO] core.mission.gorev3_pickup: [KANCA_IZ] t=5.85 alt=0.370 off_n=-0.0649 off_e=-0.0103 nose_z=+0.0710
2026-09-01 12:15:48,898 [INFO] core.mission.gorev3_pickup: [KANCA_IZ] t=5.97 alt=0.369 off_n=-0.0608 off_e=-0.0092 nose_z=+0.0711
2026-09-01 12:15:49,019 [INFO] core.mission.gorev3_pickup: [KANCA_IZ] t=6.09 alt=0.367 off_n=-0.0565 off_e=-0.0082 nose_z=+0.0714
2026-09-01 12:15:49,019 [INFO] core.mission.gorev3_pickup: Yük alma mekanizması aktifleşiyor...
2026-09-01 12:15:49,019 [INFO] core.mission.gorev3_pickup: [KANCA_DENGE] INIS SONRASI irtifa=0.367 m kanca_ofset=(-0.0565, -0.0082)  ->  DEGISIM=(+32.7, -6.3) mm  |33.3 mm|
2026-09-01 12:15:49,019 [INFO] gz_system.gz_payload_actuator: [HOOK] alma denemesi 1/3
2026-09-01 12:15:49,020 [INFO] gz_system.gz_payload_actuator: [HOOK] vinc salimi: 0.397 m  (irtifa=0.367 m, guverte=0.070, zincir ofseti=0.060, pay=0.040)
2026-09-01 12:15:49,020 [INFO] gz_system.gz_payload_actuator: [HOOK] vinc -> 0.40 m
I0901 12:15:49.020845 13714567 fork_posix.cc:71] Other threads are currently calling into gRPC, skipping fork() handlers
2026-09-01 12:15:49,144 [INFO] core.mission.gorev3_pickup: [KANCA_IZ] t=6.21 alt=0.365 off_n=-0.0520 off_e=-0.0071 nose_z=+0.0716
2026-09-01 12:15:49,262 [INFO] core.mission.gorev3_pickup: [KANCA_IZ] t=6.33 alt=0.362 off_n=-0.0464 off_e=-0.0056 nose_z=+0.0715
2026-09-01 12:15:49,382 [INFO] core.mission.gorev3_pickup: [KANCA_IZ] t=6.45 alt=0.360 off_n=-0.0426 off_e=-0.0044 nose_z=+0.0713
QGC port check failed, reporting UNKNOWN: (pid=56065)
2026-09-01 12:15:49,503 [INFO] core.mission.gorev3_pickup: [KANCA_IZ] t=6.57 alt=0.359 off_n=-0.0382 off_e=-0.0032 nose_z=+0.0715
2026-09-01 12:15:49,621 [INFO] core.mission.gorev3_pickup: [KANCA_IZ] t=6.69 alt=0.357 off_n=-0.0460 off_e=+0.0032 nose_z=+0.0523
2026-09-01 12:15:49,743 [INFO] core.mission.gorev3_pickup: [KANCA_IZ] t=6.81 alt=0.353 off_n=-0.0818 off_e=+0.0018 nose_z=+0.0362
2026-09-01 12:15:49,868 [INFO] core.mission.gorev3_pickup: [KANCA_IZ] t=6.94 alt=0.351 off_n=-0.1066 off_e=+0.0012 nose_z=+0.0335
2026-09-01 12:15:49,988 [INFO] core.mission.gorev3_pickup: [KANCA_IZ] t=7.06 alt=0.350 off_n=-0.1131 off_e=+0.0015 nose_z=+0.0328
2026-09-01 12:15:50,108 [INFO] core.mission.gorev3_pickup: [KANCA_IZ] t=7.18 alt=0.349 off_n=-0.1115 off_e=+0.0033 nose_z=+0.0324
2026-09-01 12:15:50,117 [INFO] gz_system.gz_payload_actuator: [HOOK] APPROACHING  lat=  83.3mm ins=  +43.7mm tilt=  5.3deg v=  infm/s age=0.01s  [lateral(83.3mm>10.2mm), too_deep(+43.7mm>+19.9mm), rel_speed(inf>0.05m/s)]
2026-09-01 12:15:50,227 [INFO] core.mission.gorev3_pickup: [KANCA_IZ] t=7.30 alt=0.349 off_n=-0.1113 off_e=+0.0060 nose_z=+0.0111
2026-09-01 12:15:50,350 [INFO] core.mission.gorev3_pickup: [KANCA_IZ] t=7.42 alt=0.351 off_n=-0.1098 off_e=+0.0087 nose_z=+0.0110
2026-09-01 12:15:50,472 [INFO] core.mission.gorev3_pickup: [KANCA_IZ] t=7.54 alt=0.352 off_n=-0.1046 off_e=+0.0117 nose_z=+0.0106
2026-09-01 12:15:50,593 [INFO] core.mission.gorev3_pickup: [KANCA_IZ] t=7.66 alt=0.354 off_n=-0.0997 off_e=+0.0156 nose_z=+0.0101
2026-09-01 12:15:50,715 [INFO] core.mission.gorev3_pickup: [KANCA_IZ] t=7.78 alt=0.355 off_n=-0.1002 off_e=+0.0190 nose_z=+0.0098
2026-09-01 12:15:50,844 [INFO] core.mission.gorev3_pickup: [KANCA_IZ] t=7.91 alt=0.355 off_n=-0.1037 off_e=+0.0225 nose_z=+0.0096
2026-09-01 12:15:50,963 [INFO] core.mission.gorev3_pickup: [KANCA_IZ] t=8.03 alt=0.357 off_n=-0.1076 off_e=+0.0265 nose_z=+0.0093
2026-09-01 12:15:51,081 [INFO] core.mission.gorev3_pickup: [KANCA_IZ] t=8.15 alt=0.358 off_n=-0.1115 off_e=+0.0302 nose_z=+0.0090
2026-09-01 12:15:51,132 [INFO] gz_system.gz_payload_actuator: [HOOK] APPROACHING  lat=  69.2mm ins=  +67.2mm tilt= 11.1deg v=0.010m/s age=0.01s  [lateral(69.2mm>10.2mm), too_deep(+67.2mm>+19.9mm)]
2026-09-01 12:15:51,206 [INFO] core.mission.gorev3_pickup: [KANCA_IZ] t=8.28 alt=0.357 off_n=-0.1144 off_e=+0.0326 nose_z=+0.0087
2026-09-01 12:15:51,333 [INFO] core.mission.gorev3_pickup: [KANCA_IZ] t=8.40 alt=0.356 off_n=-0.1178 off_e=+0.0352 nose_z=+0.0087
2026-09-01 12:15:51,454 [INFO] core.mission.gorev3_pickup: [KANCA_IZ] t=8.52 alt=0.356 off_n=-0.1214 off_e=+0.0368 nose_z=+0.0089
QGC port check failed, reporting UNKNOWN: (pid=56065)
2026-09-01 12:15:51,575 [INFO] core.mission.gorev3_pickup: [KANCA_IZ] t=8.65 alt=0.355 off_n=-0.1247 off_e=+0.0376 nose_z=+0.0090
2026-09-01 12:15:51,697 [INFO] core.mission.gorev3_pickup: [KANCA_IZ] t=8.77 alt=0.355 off_n=-0.1288 off_e=+0.0383 nose_z=+0.0092
2026-09-01 12:15:51,817 [INFO] core.detection.vision_runtime: [VISION] detect() calisiyor -- bu karede 1 tespit: ['KIRMIZI_DIKDORTGEN']
2026-09-01 12:15:51,818 [INFO] core.mission.gorev3_pickup: [KANCA_IZ] t=8.89 alt=0.354 off_n=-0.1324 off_e=+0.0387 nose_z=+0.0093
2026-09-01 12:15:51,940 [INFO] core.mission.gorev3_pickup: [KANCA_IZ] t=9.01 alt=0.353 off_n=-0.1355 off_e=+0.0389 nose_z=+0.0095
2026-09-01 12:15:52,060 [INFO] core.mission.gorev3_pickup: [KANCA_IZ] t=9.13 alt=0.350 off_n=-0.1381 off_e=+0.0390 nose_z=+0.0096
2026-09-01 12:15:52,185 [INFO] core.mission.gorev3_pickup: [KANCA_IZ] t=9.26 alt=0.347 off_n=-0.1395 off_e=+0.0394 nose_z=+0.0098
2026-09-01 12:15:52,186 [INFO] gz_system.gz_payload_actuator: [HOOK] APPROACHING  lat=  68.5mm ins=  +66.2mm tilt= 16.9deg v=0.012m/s age=0.04s  [lateral(68.5mm>10.2mm), too_deep(+66.2mm>+19.9mm), tilt(16.9deg>15.0deg)]
2026-09-01 12:15:52,307 [INFO] core.mission.gorev3_pickup: [KANCA_IZ] t=9.38 alt=0.345 off_n=-0.1368 off_e=+0.0398 nose_z=+0.0099
2026-09-01 12:15:52,426 [INFO] core.mission.gorev3_pickup: [KANCA_IZ] t=9.50 alt=0.342 off_n=-0.1316 off_e=+0.0391 nose_z=+0.0098
2026-09-01 12:15:52,546 [INFO] core.mission.gorev3_pickup: [KANCA_IZ] t=9.62 alt=0.341 off_n=-0.1235 off_e=+0.0375 nose_z=+0.0096
2026-09-01 12:15:52,664 [INFO] core.mission.gorev3_pickup: [KANCA_IZ] t=9.73 alt=0.340 off_n=-0.1151 off_e=+0.0349 nose_z=+0.0097
2026-09-01 12:15:52,782 [INFO] core.mission.gorev3_pickup: [KANCA_IZ] t=9.85 alt=0.340 off_n=-0.1112 off_e=+0.0311 nose_z=+0.0108
2026-09-01 12:15:52,897 [INFO] core.mission.gorev3_pickup: [KANCA_IZ] t=9.97 alt=0.339 off_n=-0.1101 off_e=+0.0274 nose_z=+0.0122
2026-09-01 12:15:53,018 [INFO] core.mission.gorev3_pickup: [KANCA_IZ] t=10.09 alt=0.339 off_n=-0.1087 off_e=+0.0243 nose_z=+0.0135
2026-09-01 12:15:53,100 [INFO] gz_system.main_gz: Dashboard paint loop: 0.0 FPS (main thread)
2026-09-01 12:15:53,134 [INFO] core.mission.gorev3_pickup: [KANCA_IZ] t=10.20 alt=0.339 off_n=-0.1064 off_e=+0.0198 nose_z=+0.0155
2026-09-01 12:15:53,254 [INFO] core.mission.gorev3_pickup: [KANCA_IZ] t=10.32 alt=0.339 off_n=-0.1044 off_e=+0.0160 nose_z=+0.0175
2026-09-01 12:15:53,255 [INFO] gz_system.gz_payload_actuator: [HOOK] APPROACHING  lat=  44.9mm ins=  +58.5mm tilt=  6.4deg v=0.019m/s age=0.03s  [lateral(44.9mm>10.2mm), too_deep(+58.5mm>+19.9mm)]
2026-09-01 12:15:53,374 [INFO] core.mission.gorev3_pickup: [KANCA_IZ] t=10.44 alt=0.342 off_n=-0.1025 off_e=+0.0125 nose_z=+0.0195
2026-09-01 12:15:53,492 [INFO] core.mission.gorev3_pickup: [KANCA_IZ] t=10.56 alt=0.345 off_n=-0.1009 off_e=+0.0092 nose_z=+0.0215
QGC port check failed, reporting UNKNOWN: (pid=56065)
2026-09-01 12:15:53,608 [INFO] core.mission.gorev3_pickup: [KANCA_IZ] t=10.68 alt=0.348 off_n=-0.0996 off_e=+0.0053 nose_z=+0.0235
2026-09-01 12:15:53,730 [INFO] core.mission.gorev3_pickup: [KANCA_IZ] t=10.80 alt=0.349 off_n=-0.0987 off_e=+0.0023 nose_z=+0.0247
2026-09-01 12:15:53,846 [INFO] core.mission.gorev3_pickup: [KANCA_IZ] t=10.92 alt=0.351 off_n=-0.0961 off_e=-0.0016 nose_z=+0.0259
2026-09-01 12:15:53,968 [INFO] core.mission.gorev3_pickup: [KANCA_IZ] t=11.04 alt=0.352 off_n=-0.0926 off_e=-0.0045 nose_z=+0.0266
2026-09-01 12:15:54,088 [INFO] core.mission.gorev3_pickup: [KANCA_IZ] t=11.16 alt=0.351 off_n=-0.0888 off_e=-0.0065 nose_z=+0.0274
2026-09-01 12:15:54,205 [INFO] core.mission.gorev3_pickup: [KANCA_IZ] t=11.27 alt=0.351 off_n=-0.0871 off_e=-0.0063 nose_z=+0.0281
2026-09-01 12:15:54,256 [INFO] gz_system.gz_payload_actuator: [HOOK] APPROACHING  lat=  44.7mm ins=  +47.3mm tilt=  0.8deg v=0.033m/s age=0.01s  [lateral(44.7mm>10.2mm), too_deep(+47.3mm>+19.9mm)]
2026-09-01 12:15:54,323 [INFO] core.mission.gorev3_pickup: [KANCA_IZ] t=11.39 alt=0.351 off_n=-0.0881 off_e=-0.0042 nose_z=+0.0290
2026-09-01 12:15:54,439 [INFO] core.mission.gorev3_pickup: [KANCA_IZ] t=11.51 alt=0.351 off_n=-0.0905 off_e=-0.0020 nose_z=+0.0299
2026-09-01 12:15:54,558 [INFO] core.mission.gorev3_pickup: [KANCA_IZ] t=11.63 alt=0.351 off_n=-0.0922 off_e=-0.0009 nose_z=+0.0307
2026-09-01 12:15:54,676 [INFO] core.mission.gorev3_pickup: [KANCA_IZ] t=11.75 alt=0.350 off_n=-0.0928 off_e=-0.0008 nose_z=+0.0317
2026-09-01 12:15:54,798 [INFO] core.mission.gorev3_pickup: [KANCA_IZ] t=11.87 alt=0.351 off_n=-0.0919 off_e=-0.0018 nose_z=+0.0327
2026-09-01 12:15:54,914 [INFO] core.detection.vision_runtime: [VISION] detect() calisiyor -- bu karede 1 tespit: ['KIRMIZI_DIKDORTGEN']
2026-09-01 12:15:54,914 [INFO] core.mission.gorev3_pickup: [KANCA_IZ] t=11.98 alt=0.351 off_n=-0.0898 off_e=-0.0031 nose_z=+0.0338
2026-09-01 12:15:55,032 [INFO] core.mission.gorev3_pickup: [KANCA_IZ] t=12.10 alt=0.351 off_n=-0.0885 off_e=-0.0035 nose_z=+0.0348
2026-09-01 12:15:55,151 [INFO] core.mission.gorev3_pickup: [KANCA_IZ] t=12.22 alt=0.352 off_n=-0.0884 off_e=-0.0030 nose_z=+0.0359
2026-09-01 12:15:55,267 [INFO] core.mission.gorev3_pickup: [KANCA_IZ] t=12.34 alt=0.353 off_n=-0.0895 off_e=-0.0021 nose_z=+0.0369
2026-09-01 12:15:55,267 [INFO] gz_system.gz_payload_actuator: [HOOK] APPROACHING  lat=  53.3mm ins=  +39.1mm tilt=  0.4deg v=0.013m/s age=0.02s  [lateral(53.3mm>10.2mm), too_deep(+39.1mm>+19.9mm)]
2026-09-01 12:15:55,383 [INFO] core.mission.gorev3_pickup: [KANCA_IZ] t=12.45 alt=0.354 off_n=-0.0910 off_e=-0.0015 nose_z=+0.0378
2026-09-01 12:15:55,498 [INFO] core.mission.gorev3_pickup: [KANCA_IZ] t=12.57 alt=0.354 off_n=-0.0917 off_e=-0.0014 nose_z=+0.0384
QGC port check failed, reporting UNKNOWN: (pid=56065)
2026-09-01 12:15:55,613 [INFO] core.mission.gorev3_pickup: [KANCA_IZ] t=12.68 alt=0.355 off_n=-0.0917 off_e=-0.0021 nose_z=+0.0390
2026-09-01 12:15:55,729 [INFO] core.mission.gorev3_pickup: [KANCA_IZ] t=12.80 alt=0.355 off_n=-0.0908 off_e=-0.0032 nose_z=+0.0395
2026-09-01 12:15:55,848 [INFO] core.mission.gorev3_pickup: [KANCA_IZ] t=12.92 alt=0.355 off_n=-0.0904 off_e=-0.0021 nose_z=+0.0399
2026-09-01 12:15:55,962 [INFO] core.mission.gorev3_pickup: [KANCA_IZ] t=13.03 alt=0.356 off_n=-0.0910 off_e=+0.0017 nose_z=+0.0404
2026-09-01 12:15:56,080 [INFO] core.mission.gorev3_pickup: [KANCA_IZ] t=13.15 alt=0.356 off_n=-0.0911 off_e=+0.0056 nose_z=+0.0409
2026-09-01 12:15:56,195 [INFO] core.mission.gorev3_pickup: [KANCA_IZ] t=13.27 alt=0.356 off_n=-0.0907 off_e=+0.0085 nose_z=+0.0413
2026-09-01 12:15:56,311 [INFO] core.mission.gorev3_pickup: [KANCA_IZ] t=13.38 alt=0.355 off_n=-0.0901 off_e=+0.0106 nose_z=+0.0416
2026-09-01 12:15:56,312 [INFO] gz_system.gz_payload_actuator: [HOOK] APPROACHING  lat=  40.7mm ins=  +34.4mm tilt=  3.9deg v=0.005m/s age=0.04s  [lateral(40.7mm>10.2mm), too_deep(+34.4mm>+19.9mm)]
2026-09-01 12:15:56,430 [INFO] core.mission.gorev3_pickup: [KANCA_IZ] t=13.50 alt=0.355 off_n=-0.0889 off_e=+0.0125 nose_z=+0.0421
2026-09-01 12:15:56,548 [INFO] core.mission.gorev3_pickup: [KANCA_IZ] t=13.62 alt=0.355 off_n=-0.0874 off_e=+0.0139 nose_z=+0.0426
2026-09-01 12:15:56,663 [INFO] core.mission.gorev3_pickup: [KANCA_IZ] t=13.73 alt=0.353 off_n=-0.0857 off_e=+0.0151 nose_z=+0.0432
2026-09-01 12:15:56,785 [INFO] core.mission.gorev3_pickup: [KANCA_IZ] t=13.85 alt=0.351 off_n=-0.0843 off_e=+0.0149 nose_z=+0.0438
2026-09-01 12:15:56,902 [INFO] core.mission.gorev3_pickup: [KANCA_IZ] t=13.97 alt=0.350 off_n=-0.0822 off_e=+0.0145 nose_z=+0.0448
2026-09-01 12:15:57,021 [INFO] core.mission.gorev3_pickup: [KANCA_IZ] t=14.09 alt=0.348 off_n=-0.0805 off_e=+0.0135 nose_z=+0.0459
2026-09-01 12:15:57,138 [INFO] core.mission.gorev3_pickup: [KANCA_IZ] t=14.21 alt=0.348 off_n=-0.0789 off_e=+0.0120 nose_z=+0.0474
2026-09-01 12:15:57,254 [INFO] core.mission.gorev3_pickup: [KANCA_IZ] t=14.32 alt=0.348 off_n=-0.0773 off_e=+0.0100 nose_z=+0.0492
2026-09-01 12:15:57,375 [INFO] core.mission.gorev3_pickup: [KANCA_IZ] t=14.45 alt=0.350 off_n=-0.0773 off_e=+0.0078 nose_z=+0.0509
2026-09-01 12:15:57,376 [INFO] gz_system.gz_payload_actuator: [HOOK] APPROACHING  lat=  40.1mm ins=  +25.1mm tilt=  4.6deg v=0.019m/s age=0.03s  [lateral(40.1mm>10.2mm), too_deep(+25.1mm>+19.9mm)]
2026-09-01 12:15:57,502 [INFO] core.mission.gorev3_pickup: [KANCA_IZ] t=14.57 alt=0.352 off_n=-0.0799 off_e=+0.0051 nose_z=+0.0524
QGC port check failed, reporting UNKNOWN: (pid=56065)
2026-09-01 12:15:57,623 [INFO] core.mission.gorev3_pickup: [KANCA_IZ] t=14.69 alt=0.353 off_n=-0.0853 off_e=+0.0016 nose_z=+0.0539
2026-09-01 12:15:57,744 [INFO] core.mission.gorev3_pickup: [KANCA_IZ] t=14.81 alt=0.355 off_n=-0.0905 off_e=-0.0019 nose_z=+0.0550
2026-09-01 12:15:57,871 [INFO] core.mission.gorev3_pickup: [KANCA_IZ] t=14.94 alt=0.356 off_n=-0.0951 off_e=-0.0055 nose_z=+0.0561
2026-09-01 12:15:57,989 [INFO] core.detection.vision_runtime: [VISION] detect() calisiyor -- bu karede 1 tespit: ['KIRMIZI_DIKDORTGEN']
2026-09-01 12:15:57,990 [INFO] core.mission.gorev3_pickup: [KANCA_IZ] t=15.06 alt=0.357 off_n=-0.0964 off_e=-0.0073 nose_z=+0.0571
2026-09-01 12:15:58,112 [INFO] core.mission.gorev3_pickup: [KANCA_IZ] t=15.18 alt=0.358 off_n=-0.0943 off_e=-0.0062 nose_z=+0.0576
2026-09-01 12:15:58,133 [INFO] gz_system.main_gz: Dashboard paint loop: 0.0 FPS (main thread)
2026-09-01 12:15:58,234 [INFO] core.mission.gorev3_pickup: [KANCA_IZ] t=15.30 alt=0.359 off_n=-0.0899 off_e=-0.0029 nose_z=+0.0581
2026-09-01 12:15:58,356 [INFO] core.mission.gorev3_pickup: [KANCA_IZ] t=15.43 alt=0.360 off_n=-0.0871 off_e=-0.0005 nose_z=+0.0585
2026-09-01 12:15:58,408 [INFO] gz_system.gz_payload_actuator: [HOOK] APPROACHING  lat=  60.2mm ins=  +17.3mm tilt=  1.4deg v=0.036m/s age=0.01s  [lateral(60.2mm>10.2mm)]
2026-09-01 12:15:58,475 [INFO] core.mission.gorev3_pickup: [KANCA_IZ] t=15.55 alt=0.362 off_n=-0.0866 off_e=+0.0006 nose_z=+0.0587
2026-09-01 12:15:58,597 [INFO] core.mission.gorev3_pickup: [KANCA_IZ] t=15.67 alt=0.362 off_n=-0.0885 off_e=-0.0005 nose_z=+0.0587
2026-09-01 12:15:58,719 [INFO] core.mission.gorev3_pickup: [KANCA_IZ] t=15.79 alt=0.362 off_n=-0.0908 off_e=-0.0025 nose_z=+0.0587
2026-09-01 12:15:58,839 [INFO] core.mission.gorev3_pickup: [KANCA_IZ] t=15.91 alt=0.362 off_n=-0.0921 off_e=-0.0042 nose_z=+0.0587
2026-09-01 12:15:58,960 [INFO] core.mission.gorev3_pickup: [KANCA_IZ] t=16.03 alt=0.361 off_n=-0.0917 off_e=-0.0048 nose_z=+0.0587
2026-09-01 12:15:59,083 [INFO] core.mission.gorev3_pickup: [KANCA_IZ] t=16.15 alt=0.361 off_n=-0.0902 off_e=-0.0039 nose_z=+0.0588
2026-09-01 12:15:59,206 [INFO] core.mission.gorev3_pickup: [KANCA_IZ] t=16.28 alt=0.362 off_n=-0.0890 off_e=-0.0025 nose_z=+0.0588
2026-09-01 12:15:59,325 [INFO] core.mission.gorev3_pickup: [KANCA_IZ] t=16.40 alt=0.362 off_n=-0.0889 off_e=-0.0013 nose_z=+0.0588
2026-09-01 12:15:59,447 [INFO] core.mission.gorev3_pickup: [KANCA_IZ] t=16.52 alt=0.362 off_n=-0.0899 off_e=-0.0012 nose_z=+0.0586
2026-09-01 12:15:59,448 [INFO] gz_system.gz_payload_actuator: [HOOK] APPROACHING  lat=  65.6mm ins=  +17.4mm tilt=  0.5deg v=0.013m/s age=0.03s  [lateral(65.6mm>10.2mm)]
QGC port check failed, reporting UNKNOWN: (pid=56065)
2026-09-01 12:15:59,574 [INFO] core.mission.gorev3_pickup: [KANCA_IZ] t=16.64 alt=0.363 off_n=-0.0912 off_e=-0.0021 nose_z=+0.0584
2026-09-01 12:15:59,692 [INFO] core.mission.gorev3_pickup: [KANCA_IZ] t=16.76 alt=0.364 off_n=-0.0921 off_e=-0.0037 nose_z=+0.0580
2026-09-01 12:15:59,810 [INFO] core.mission.gorev3_pickup: [KANCA_IZ] t=16.88 alt=0.364 off_n=-0.0919 off_e=-0.0048 nose_z=+0.0575
2026-09-01 12:15:59,934 [INFO] core.mission.gorev3_pickup: [KANCA_IZ] t=17.00 alt=0.365 off_n=-0.0909 off_e=-0.0055 nose_z=+0.0569
2026-09-01 12:16:00,061 [INFO] core.mission.gorev3_pickup: [KANCA_IZ] t=17.13 alt=0.365 off_n=-0.0899 off_e=-0.0053 nose_z=+0.0559
2026-09-01 12:16:00,181 [INFO] core.mission.gorev3_pickup: [KANCA_IZ] t=17.25 alt=0.365 off_n=-0.0897 off_e=-0.0045 nose_z=+0.0550
2026-09-01 12:16:00,299 [INFO] core.mission.gorev3_pickup: [KANCA_IZ] t=17.37 alt=0.364 off_n=-0.0904 off_e=-0.0034 nose_z=+0.0540
2026-09-01 12:16:00,422 [INFO] core.mission.gorev3_pickup: [KANCA_IZ] t=17.49 alt=0.363 off_n=-0.0913 off_e=-0.0026 nose_z=+0.0529
2026-09-01 12:16:00,473 [INFO] gz_system.gz_payload_actuator: [HOOK] APPROACHING  lat=  67.2mm ins=  +23.7mm tilt=  0.4deg v=0.016m/s age=0.01s  [lateral(67.2mm>10.2mm), too_deep(+23.7mm>+19.9mm)]
2026-09-01 12:16:00,541 [INFO] core.mission.gorev3_pickup: [KANCA_IZ] t=17.61 alt=0.362 off_n=-0.0914 off_e=-0.0023 nose_z=+0.0519
2026-09-01 12:16:00,662 [INFO] core.mission.gorev3_pickup: [KANCA_IZ] t=17.73 alt=0.361 off_n=-0.0908 off_e=-0.0024 nose_z=+0.0512
2026-09-01 12:16:00,778 [INFO] core.mission.gorev3_pickup: [KANCA_IZ] t=17.85 alt=0.360 off_n=-0.0898 off_e=-0.0025 nose_z=+0.0506
2026-09-01 12:16:00,895 [INFO] core.mission.gorev3_pickup: [KANCA_IZ] t=17.97 alt=0.359 off_n=-0.0892 off_e=-0.0027 nose_z=+0.0501
2026-09-01 12:16:01,012 [INFO] core.detection.vision_runtime: [VISION] detect() calisiyor -- bu karede 1 tespit: ['KIRMIZI_DIKDORTGEN']
2026-09-01 12:16:01,013 [INFO] core.mission.gorev3_pickup: [KANCA_IZ] t=18.08 alt=0.359 off_n=-0.0892 off_e=-0.0027 nose_z=+0.0496
2026-09-01 12:16:01,130 [INFO] core.mission.gorev3_pickup: [KANCA_IZ] t=18.20 alt=0.357 off_n=-0.0898 off_e=-0.0027 nose_z=+0.0493
2026-09-01 12:16:01,249 [INFO] core.mission.gorev3_pickup: [KANCA_IZ] t=18.32 alt=0.356 off_n=-0.0906 off_e=-0.0026 nose_z=+0.0493
2026-09-01 12:16:01,365 [INFO] core.mission.gorev3_pickup: [KANCA_IZ] t=18.44 alt=0.355 off_n=-0.0914 off_e=-0.0025 nose_z=+0.0493
2026-09-01 12:16:01,480 [INFO] core.mission.gorev3_pickup: [KANCA_IZ] t=18.55 alt=0.356 off_n=-0.0916 off_e=-0.0025 nose_z=+0.0494
2026-09-01 12:16:01,481 [INFO] gz_system.gz_payload_actuator: [HOOK] APPROACHING  lat=  67.6mm ins=  +26.5mm tilt=  0.3deg v=0.012m/s age=0.00s  [lateral(67.6mm>10.2mm), too_deep(+26.5mm>+19.9mm)]
QGC port check failed, reporting UNKNOWN: (pid=56065)
2026-09-01 12:16:01,599 [INFO] core.mission.gorev3_pickup: [KANCA_IZ] t=18.67 alt=0.357 off_n=-0.0912 off_e=-0.0025 nose_z=+0.0496
2026-09-01 12:16:01,715 [INFO] core.mission.gorev3_pickup: [KANCA_IZ] t=18.78 alt=0.359 off_n=-0.0909 off_e=-0.0025 nose_z=+0.0496
2026-09-01 12:16:01,834 [INFO] core.mission.gorev3_pickup: [KANCA_IZ] t=18.90 alt=0.360 off_n=-0.0909 off_e=-0.0025 nose_z=+0.0493
2026-09-01 12:16:01,949 [INFO] core.mission.gorev3_pickup: [KANCA_IZ] t=19.02 alt=0.364 off_n=-0.0913 off_e=-0.0024 nose_z=+0.0488
2026-09-01 12:16:02,065 [INFO] core.mission.gorev3_pickup: [KANCA_IZ] t=19.13 alt=0.365 off_n=-0.0919 off_e=-0.0023 nose_z=+0.0479
2026-09-01 12:16:02,182 [INFO] core.mission.gorev3_pickup: [KANCA_IZ] t=19.25 alt=0.366 off_n=-0.0923 off_e=-0.0021 nose_z=+0.0467
2026-09-01 12:16:02,183 [INFO] gz_system.gz_payload_actuator: [KANCA_DENGE] oturma penceresi ortalama kanca_ofset=(-0.0972, +0.0076)  (202 ornek)
2026-09-01 12:16:02,183 [WARNING] gz_system.gz_payload_actuator: [HOOK] OTURMADI (12.0 s). En iyi ESZAMANLI ornek: lat=  40.0mm ins=  +19.7mm tilt=  1.3deg v=0.032m/s age=0.04s (1 kapi ihlali). CAPTURE_CANDIDATE ornegi: 0/202. Kapi retleri: lateral=202, too_deep=166, rel_speed=12, tilt=10. Sinirlar: yanal<=10.2 mm, dwell 0.30 s.
2026-09-01 12:16:02,183 [WARNING] gz_system.gz_payload_actuator: [HOOK] oturma dogrulanmadi (12.0s) -- /hook/attach YAYINLANMADI, vinc cekiliyor, tekrar denenecek
2026-09-01 12:16:02,183 [INFO] gz_system.gz_payload_actuator: [HOOK] vinc -> 0.00 m
I0901 12:16:02.184269 13714567 fork_posix.cc:71] Other threads are currently calling into gRPC, skipping fork() handlers
2026-09-01 12:16:02,303 [INFO] core.mission.gorev3_pickup: [KANCA_IZ] t=19.37 alt=0.367 off_n=-0.0922 off_e=-0.0020 nose_z=+0.0452
2026-09-01 12:16:02,425 [INFO] core.mission.gorev3_pickup: [KANCA_IZ] t=19.49 alt=0.366 off_n=-0.0919 off_e=-0.0023 nose_z=+0.0435
2026-09-01 12:16:02,540 [INFO] core.mission.gorev3_pickup: [KANCA_IZ] t=19.61 alt=0.366 off_n=-0.0916 off_e=-0.0028 nose_z=+0.0417
2026-09-01 12:16:02,657 [INFO] core.mission.gorev3_pickup: [KANCA_IZ] t=19.73 alt=0.364 off_n=-0.0928 off_e=-0.0017 nose_z=+0.0401
2026-09-01 12:16:02,773 [INFO] core.mission.gorev3_pickup: [KANCA_IZ] t=19.84 alt=0.361 off_n=-0.0968 off_e=+0.0028 nose_z=+0.0389
2026-09-01 12:16:02,891 [INFO] core.mission.gorev3_pickup: [KANCA_IZ] t=19.96 alt=0.360 off_n=-0.1008 off_e=+0.0069 nose_z=+0.0381
2026-09-01 12:16:03,010 [INFO] core.mission.gorev3_pickup: [KANCA_IZ] t=20.08 alt=0.359 off_n=-0.1052 off_e=+0.0116 nose_z=+0.0375
2026-09-01 12:16:03,128 [INFO] core.mission.gorev3_pickup: [KANCA_IZ] t=20.20 alt=0.358 off_n=-0.1081 off_e=+0.0152 nose_z=+0.0374
2026-09-01 12:16:03,143 [INFO] gz_system.main_gz: Dashboard paint loop: 0.0 FPS (main thread)
2026-09-01 12:16:03,246 [INFO] core.mission.gorev3_pickup: [KANCA_IZ] t=20.32 alt=0.357 off_n=-0.1121 off_e=+0.0204 nose_z=+0.0377
2026-09-01 12:16:03,365 [INFO] core.mission.gorev3_pickup: [KANCA_IZ] t=20.44 alt=0.355 off_n=-0.1125 off_e=+0.0246 nose_z=+0.1066
2026-09-01 12:16:03,481 [INFO] core.mission.gorev3_pickup: [KANCA_IZ] t=20.55 alt=0.353 off_n=-0.1040 off_e=+0.0122 nose_z=+0.2163
QGC port check failed, reporting UNKNOWN: (pid=56065)
2026-09-01 12:16:03,596 [INFO] core.mission.gorev3_pickup: [KANCA_IZ] t=20.67 alt=0.353 off_n=-0.1303 off_e=+0.0555 nose_z=+0.3542
2026-09-01 12:16:03,713 [INFO] core.mission.gorev3_pickup: [KANCA_IZ] t=20.78 alt=0.352 off_n=-0.1256 off_e=+0.0676 nose_z=+0.4416
2026-09-01 12:16:03,827 [INFO] core.mission.gorev3_pickup: [KANCA_IZ] t=20.90 alt=0.352 off_n=-0.0974 off_e=+0.0515 nose_z=+0.4168
2026-09-01 12:16:03,943 [INFO] core.mission.gorev3_pickup: [KANCA_IZ] t=21.01 alt=0.351 off_n=-0.0442 off_e=+0.0018 nose_z=+0.3929
2026-09-01 12:16:04,057 [INFO] core.detection.vision_runtime: [VISION] detect() calisiyor -- bu karede 0 tespit: []
2026-09-01 12:16:04,057 [INFO] core.mission.gorev3_pickup: [KANCA_IZ] t=21.13 alt=0.351 off_n=-0.0137 off_e=-0.0475 nose_z=+0.3972
2026-09-01 12:16:04,178 [INFO] core.mission.gorev3_pickup: [KANCA_IZ] t=21.25 alt=0.350 off_n=-0.0239 off_e=-0.0634 nose_z=+0.3991
2026-09-01 12:16:04,249 [INFO] core.mission.gorev3_pickup: [YENIDEN_HIZA] deneme 2 oncesi, kanca havada -- duzeltme yeniden kosuluyor
2026-09-01 12:16:04,249 [INFO] core.mission.gorev3_pickup: [SON_DUZELTME] 1/6 yanal 82.3 mm -> (kuzey -0.034, dogu +0.023)  | kanca_ofset=(-0.0566, -0.0540) arac_ned=(34.2473, -9.5098) kanca_mutlak=(34.1907, -9.5639)
2026-09-01 12:16:04,294 [INFO] core.mission.gorev3_pickup: [KANCA_IZ] t=21.36 alt=0.351 off_n=-0.0734 off_e=-0.0440 nose_z=+0.3891
2026-09-01 12:16:04,412 [INFO] core.mission.gorev3_pickup: [KANCA_IZ] t=21.48 alt=0.352 off_n=-0.1174 off_e=-0.0043 nose_z=+0.3883
2026-09-01 12:16:04,531 [INFO] core.mission.gorev3_pickup: [KANCA_IZ] t=21.60 alt=0.353 off_n=-0.1326 off_e=+0.0242 nose_z=+0.3927
2026-09-01 12:16:04,651 [INFO] core.mission.gorev3_pickup: [KANCA_IZ] t=21.72 alt=0.355 off_n=-0.1162 off_e=+0.0300 nose_z=+0.3907
2026-09-01 12:16:04,770 [INFO] core.mission.gorev3_pickup: [KANCA_IZ] t=21.84 alt=0.358 off_n=-0.0899 off_e=+0.0140 nose_z=+0.3871
2026-09-01 12:16:04,892 [INFO] core.mission.gorev3_pickup: [KANCA_IZ] t=21.96 alt=0.359 off_n=-0.0615 off_e=-0.0172 nose_z=+0.3883
2026-09-01 12:16:05,009 [INFO] core.mission.gorev3_pickup: [KANCA_IZ] t=22.08 alt=0.361 off_n=-0.0590 off_e=-0.0326 nose_z=+0.3897
2026-09-01 12:16:05,126 [INFO] core.mission.gorev3_pickup: [KANCA_IZ] t=22.20 alt=0.362 off_n=-0.0753 off_e=-0.0283 nose_z=+0.3870
2026-09-01 12:16:05,246 [INFO] core.mission.gorev3_pickup: [KANCA_IZ] t=22.32 alt=0.364 off_n=-0.0974 off_e=-0.0104 nose_z=+0.3845
2026-09-01 12:16:05,366 [INFO] core.mission.gorev3_pickup: [KANCA_IZ] t=22.44 alt=0.366 off_n=-0.1112 off_e=+0.0084 nose_z=+0.3844
2026-09-01 12:16:05,483 [INFO] core.mission.gorev3_pickup: [KANCA_IZ] t=22.55 alt=0.367 off_n=-0.1099 off_e=+0.0166 nose_z=+0.3834
QGC port check failed, reporting UNKNOWN: (pid=56065)
2026-09-01 12:16:05,601 [INFO] core.mission.gorev3_pickup: [KANCA_IZ] t=22.67 alt=0.367 off_n=-0.0967 off_e=+0.0113 nose_z=+0.3806
2026-09-01 12:16:05,719 [INFO] core.mission.gorev3_pickup: [KANCA_IZ] t=22.79 alt=0.366 off_n=-0.0802 off_e=-0.0038 nose_z=+0.3785
2026-09-01 12:16:05,835 [INFO] core.mission.gorev3_pickup: [KANCA_IZ] t=22.90 alt=0.364 off_n=-0.0736 off_e=-0.0150 nose_z=+0.3776
2026-09-01 12:16:05,950 [INFO] core.mission.gorev3_pickup: [KANCA_IZ] t=23.02 alt=0.362 off_n=-0.0775 off_e=-0.0179 nose_z=+0.3763
2026-09-01 12:16:06,071 [INFO] core.mission.gorev3_pickup: [KANCA_IZ] t=23.14 alt=0.360 off_n=-0.0882 off_e=-0.0117 nose_z=+0.3748
2026-09-01 12:16:06,203 [INFO] core.mission.gorev3_pickup: [KANCA_IZ] t=23.27 alt=0.357 off_n=-0.0982 off_e=-0.0016 nose_z=+0.3743
2026-09-01 12:16:06,327 [INFO] core.mission.gorev3_pickup: [KANCA_IZ] t=23.40 alt=0.357 off_n=-0.1015 off_e=+0.0060 nose_z=+0.3743
2026-09-01 12:16:06,448 [INFO] core.mission.gorev3_pickup: [KANCA_IZ] t=23.52 alt=0.356 off_n=-0.0960 off_e=+0.0056 nose_z=+0.3740
2026-09-01 12:16:06,571 [INFO] core.mission.gorev3_pickup: [KANCA_IZ] t=23.64 alt=0.356 off_n=-0.0879 off_e=-0.0005 nose_z=+0.3738
2026-09-01 12:16:06,688 [INFO] core.mission.gorev3_pickup: [KANCA_IZ] t=23.76 alt=0.355 off_n=-0.0824 off_e=-0.0071 nose_z=+0.3741
2026-09-01 12:16:06,805 [INFO] core.mission.gorev3_pickup: [KANCA_IZ] t=23.88 alt=0.354 off_n=-0.0822 off_e=-0.0106 nose_z=+0.3745
2026-09-01 12:16:06,926 [INFO] core.mission.gorev3_pickup: [KANCA_IZ] t=24.00 alt=0.354 off_n=-0.0867 off_e=-0.0089 nose_z=+0.3749
2026-09-01 12:16:07,045 [INFO] core.mission.gorev3_pickup: [KANCA_IZ] t=24.12 alt=0.355 off_n=-0.0926 off_e=-0.0039 nose_z=+0.3753
2026-09-01 12:16:07,163 [INFO] core.detection.vision_runtime: [VISION] detect() calisiyor -- bu karede 1 tespit: ['KIRMIZI_DIKDORTGEN']
2026-09-01 12:16:07,163 [INFO] core.mission.gorev3_pickup: [KANCA_IZ] t=24.23 alt=0.356 off_n=-0.0958 off_e=+0.0007 nose_z=+0.3760
2026-09-01 12:16:07,280 [INFO] core.mission.gorev3_pickup: [KANCA_IZ] t=24.35 alt=0.358 off_n=-0.0948 off_e=+0.0021 nose_z=+0.3762
2026-09-01 12:16:07,308 [INFO] core.mission.gorev3_pickup: [SON_DUZELTME] 2/6 yanal 42.5 mm -> (kuzey +0.007, dogu -0.020)  | kanca_ofset=(-0.0937, +0.0017) arac_ned=(34.2020, -9.4801) kanca_mutlak=(34.1083, -9.4784)
2026-09-01 12:16:07,401 [INFO] core.mission.gorev3_pickup: [KANCA_IZ] t=24.47 alt=0.362 off_n=-0.0908 off_e=-0.0002 nose_z=+0.3760
2026-09-01 12:16:07,518 [INFO] core.mission.gorev3_pickup: [KANCA_IZ] t=24.59 alt=0.363 off_n=-0.0871 off_e=-0.0040 nose_z=+0.3756
QGC port check failed, reporting UNKNOWN: (pid=56065)
2026-09-01 12:16:07,635 [INFO] core.mission.gorev3_pickup: [KANCA_IZ] t=24.71 alt=0.364 off_n=-0.0856 off_e=-0.0068 nose_z=+0.3750
2026-09-01 12:16:07,759 [INFO] core.mission.gorev3_pickup: [KANCA_IZ] t=24.83 alt=0.364 off_n=-0.0873 off_e=-0.0066 nose_z=+0.3740
2026-09-01 12:16:07,878 [INFO] core.mission.gorev3_pickup: [KANCA_IZ] t=24.95 alt=0.363 off_n=-0.0902 off_e=-0.0043 nose_z=+0.3730
2026-09-01 12:16:08,006 [INFO] core.mission.gorev3_pickup: [KANCA_IZ] t=25.08 alt=0.362 off_n=-0.0926 off_e=-0.0017 nose_z=+0.3721
2026-09-01 12:16:08,126 [INFO] core.mission.gorev3_pickup: [KANCA_IZ] t=25.20 alt=0.361 off_n=-0.0927 off_e=-0.0005 nose_z=+0.3712
2026-09-01 12:16:08,151 [INFO] gz_system.main_gz: Dashboard paint loop: 0.0 FPS (main thread)
2026-09-01 12:16:08,269 [INFO] core.mission.gorev3_pickup: [KANCA_IZ] t=25.34 alt=0.359 off_n=-0.0912 off_e=-0.0012 nose_z=+0.3707
2026-09-01 12:16:08,391 [INFO] core.mission.gorev3_pickup: [KANCA_IZ] t=25.46 alt=0.358 off_n=-0.0889 off_e=-0.0031 nose_z=+0.3702
2026-09-01 12:16:08,521 [INFO] core.mission.gorev3_pickup: [KANCA_IZ] t=25.59 alt=0.355 off_n=-0.0878 off_e=-0.0047 nose_z=+0.3702
2026-09-01 12:16:08,646 [INFO] core.mission.gorev3_pickup: [KANCA_IZ] t=25.72 alt=0.354 off_n=-0.0885 off_e=-0.0049 nose_z=+0.3705
2026-09-01 12:16:08,766 [INFO] core.mission.gorev3_pickup: [KANCA_IZ] t=25.84 alt=0.353 off_n=-0.0902 off_e=-0.0037 nose_z=+0.3710
2026-09-01 12:16:08,886 [INFO] core.mission.gorev3_pickup: [KANCA_IZ] t=25.96 alt=0.352 off_n=-0.0913 off_e=-0.0025 nose_z=+0.3717
2026-09-01 12:16:09,005 [INFO] core.mission.gorev3_pickup: [KANCA_IZ] t=26.07 alt=0.352 off_n=-0.0914 off_e=-0.0017 nose_z=+0.3726
2026-09-01 12:16:09,124 [INFO] core.mission.gorev3_pickup: [KANCA_IZ] t=26.19 alt=0.352 off_n=-0.0906 off_e=-0.0020 nose_z=+0.3734
2026-09-01 12:16:09,241 [INFO] core.mission.gorev3_pickup: [KANCA_IZ] t=26.31 alt=0.352 off_n=-0.0895 off_e=-0.0028 nose_z=+0.3742
2026-09-01 12:16:09,362 [INFO] core.mission.gorev3_pickup: [KANCA_IZ] t=26.43 alt=0.353 off_n=-0.0889 off_e=-0.0036 nose_z=+0.3750
2026-09-01 12:16:09,479 [INFO] core.mission.gorev3_pickup: [KANCA_IZ] t=26.55 alt=0.353 off_n=-0.0890 off_e=-0.0039 nose_z=+0.3757
QGC port check failed, reporting UNKNOWN: (pid=56065)
2026-09-01 12:16:09,600 [INFO] core.mission.gorev3_pickup: [KANCA_IZ] t=26.67 alt=0.352 off_n=-0.0898 off_e=-0.0035 nose_z=+0.3765
2026-09-01 12:16:09,719 [INFO] core.mission.gorev3_pickup: [KANCA_IZ] t=26.79 alt=0.351 off_n=-0.0905 off_e=-0.0029 nose_z=+0.3772
2026-09-01 12:16:09,841 [INFO] core.mission.gorev3_pickup: [KANCA_IZ] t=26.91 alt=0.351 off_n=-0.0908 off_e=-0.0023 nose_z=+0.3781
2026-09-01 12:16:09,842 [INFO] core.mission.gorev3_pickup: [SON_DUZELTME] 3/6 yanal 6.6 mm -- hedefin icinde.
2026-09-01 12:16:09,842 [INFO] core.mission.gorev3_pickup: [YENIDEN_HIZA] deneme 2 icin yeni yanal: 6.6 mm
2026-09-01 12:16:09,842 [INFO] gz_system.gz_payload_actuator: [HOOK] alma denemesi 2/3
2026-09-01 12:16:09,842 [INFO] gz_system.gz_payload_actuator: [HOOK] vinc salimi: 0.397 m  (irtifa=0.367 m, guverte=0.070, zincir ofseti=0.060, pay=0.040)
2026-09-01 12:16:09,842 [INFO] gz_system.gz_payload_actuator: [HOOK] vinc -> 0.40 m
I0901 12:16:09.844158 13714567 fork_posix.cc:71] Other threads are currently calling into gRPC, skipping fork() handlers
2026-09-01 12:16:09,963 [INFO] core.mission.gorev3_pickup: [KANCA_IZ] t=27.03 alt=0.351 off_n=-0.0905 off_e=-0.0023 nose_z=+0.3791
2026-09-01 12:16:10,084 [INFO] core.mission.gorev3_pickup: [KANCA_IZ] t=27.15 alt=0.353 off_n=-0.0898 off_e=-0.0029 nose_z=+0.3801
2026-09-01 12:16:10,207 [INFO] core.detection.vision_runtime: [VISION] detect() calisiyor -- bu karede 1 tespit: ['KIRMIZI_DIKDORTGEN']
2026-09-01 12:16:10,207 [INFO] core.mission.gorev3_pickup: [KANCA_IZ] t=27.28 alt=0.355 off_n=-0.0894 off_e=-0.0035 nose_z=+0.3809
2026-09-01 12:16:10,333 [INFO] core.mission.gorev3_pickup: [KANCA_IZ] t=27.40 alt=0.360 off_n=-0.0894 off_e=-0.0037 nose_z=+0.3812
2026-09-01 12:16:10,454 [INFO] core.mission.gorev3_pickup: [KANCA_IZ] t=27.52 alt=0.362 off_n=-0.0898 off_e=-0.0033 nose_z=+0.3809
2026-09-01 12:16:10,569 [INFO] core.mission.gorev3_pickup: [KANCA_IZ] t=27.64 alt=0.364 off_n=-0.0902 off_e=-0.0029 nose_z=+0.3803
2026-09-01 12:16:10,692 [INFO] core.mission.gorev3_pickup: [KANCA_IZ] t=27.76 alt=0.366 off_n=-0.0905 off_e=-0.0027 nose_z=+0.3793
2026-09-01 12:16:10,808 [INFO] core.mission.gorev3_pickup: [KANCA_IZ] t=27.88 alt=0.367 off_n=-0.0904 off_e=-0.0028 nose_z=+0.3781
2026-09-01 12:16:10,928 [INFO] core.mission.gorev3_pickup: [KANCA_IZ] t=28.00 alt=0.368 off_n=-0.0900 off_e=-0.0031 nose_z=+0.3766
2026-09-01 12:16:10,953 [INFO] gz_system.gz_payload_actuator: [HOOK] APPROACHING  lat=  38.5mm ins= -300.1mm tilt=  0.1deg v=  infm/s age=0.01s  [lateral(38.5mm>10.2mm), too_high(-300.1mm<-4.0mm), rel_speed(inf>0.05m/s)]
2026-09-01 12:16:11,047 [INFO] core.mission.gorev3_pickup: [KANCA_IZ] t=28.12 alt=0.368 off_n=-0.0893 off_e=-0.0033 nose_z=+0.3436
2026-09-01 12:16:11,164 [INFO] core.mission.gorev3_pickup: [KANCA_IZ] t=28.23 alt=0.369 off_n=-0.0898 off_e=-0.0034 nose_z=+0.2844
2026-09-01 12:16:11,286 [INFO] core.mission.gorev3_pickup: [KANCA_IZ] t=28.36 alt=0.370 off_n=-0.0908 off_e=-0.0033 nose_z=+0.2225
2026-09-01 12:16:11,404 [INFO] core.mission.gorev3_pickup: [KANCA_IZ] t=28.47 alt=0.370 off_n=-0.0917 off_e=-0.0032 nose_z=+0.1519
2026-09-01 12:16:11,525 [INFO] core.mission.gorev3_pickup: [KANCA_IZ] t=28.59 alt=0.369 off_n=-0.0918 off_e=-0.0032 nose_z=+0.0999
QGC port check failed, reporting UNKNOWN: (pid=56065)
2026-09-01 12:16:11,643 [INFO] core.mission.gorev3_pickup: [KANCA_IZ] t=28.71 alt=0.369 off_n=-0.0890 off_e=-0.0059 nose_z=+0.0716
2026-09-01 12:16:11,760 [INFO] core.mission.gorev3_pickup: [KANCA_IZ] t=28.83 alt=0.373 off_n=-0.0912 off_e=-0.0092 nose_z=+0.0699
2026-09-01 12:16:11,878 [INFO] core.mission.gorev3_pickup: [KANCA_IZ] t=28.95 alt=0.375 off_n=-0.0946 off_e=-0.0105 nose_z=+0.0699
2026-09-01 12:16:11,996 [INFO] core.mission.gorev3_pickup: [KANCA_IZ] t=29.07 alt=0.376 off_n=-0.0988 off_e=-0.0100 nose_z=+0.0700
2026-09-01 12:16:11,996 [INFO] gz_system.gz_payload_actuator: [HOOK] APPROACHING  lat=  39.8mm ins=   +6.0mm tilt= 38.4deg v=0.004m/s age=0.02s  [lateral(39.8mm>10.2mm), tilt(38.4deg>15.0deg)]
2026-09-01 12:16:12,112 [INFO] core.mission.gorev3_pickup: [KANCA_IZ] t=29.18 alt=0.377 off_n=-0.1035 off_e=-0.0083 nose_z=+0.0701
2026-09-01 12:16:12,228 [INFO] core.mission.gorev3_pickup: [KANCA_IZ] t=29.30 alt=0.377 off_n=-0.1073 off_e=-0.0065 nose_z=+0.0703
2026-09-01 12:16:12,346 [INFO] core.mission.gorev3_pickup: [KANCA_IZ] t=29.42 alt=0.377 off_n=-0.1121 off_e=-0.0043 nose_z=+0.0705
2026-09-01 12:16:12,465 [INFO] core.mission.gorev3_pickup: [KANCA_IZ] t=29.54 alt=0.377 off_n=-0.1159 off_e=-0.0031 nose_z=+0.0707
2026-09-01 12:16:12,587 [INFO] core.mission.gorev3_pickup: [KANCA_IZ] t=29.66 alt=0.377 off_n=-0.1192 off_e=-0.0027 nose_z=+0.0709
2026-09-01 12:16:12,703 [INFO] core.mission.gorev3_pickup: [KANCA_IZ] t=29.77 alt=0.376 off_n=-0.1211 off_e=-0.0034 nose_z=+0.0710
2026-09-01 12:16:12,820 [INFO] core.mission.gorev3_pickup: [KANCA_IZ] t=29.89 alt=0.376 off_n=-0.1217 off_e=-0.0053 nose_z=+0.0709
2026-09-01 12:16:12,941 [INFO] core.mission.gorev3_pickup: [KANCA_IZ] t=30.01 alt=0.375 off_n=-0.1210 off_e=-0.0079 nose_z=+0.0708
2026-09-01 12:16:13,055 [INFO] core.mission.gorev3_pickup: [KANCA_IZ] t=30.13 alt=0.374 off_n=-0.1191 off_e=-0.0112 nose_z=+0.0706
2026-09-01 12:16:13,056 [INFO] gz_system.gz_payload_actuator: [HOOK] APPROACHING  lat=  40.2mm ins=   +5.4mm tilt= 39.1deg v=0.013m/s age=0.02s  [lateral(40.2mm>10.2mm), tilt(39.1deg>15.0deg)]
2026-09-01 12:16:13,170 [INFO] core.mission.gorev3_pickup: [KANCA_IZ] t=30.24 alt=0.374 off_n=-0.1162 off_e=-0.0146 nose_z=+0.0704
2026-09-01 12:16:13,188 [INFO] gz_system.main_gz: Dashboard paint loop: 0.0 FPS (main thread)
2026-09-01 12:16:13,288 [INFO] core.detection.vision_runtime: [VISION] detect() calisiyor -- bu karede 1 tespit: ['KIRMIZI_DIKDORTGEN']
2026-09-01 12:16:13,288 [INFO] core.mission.gorev3_pickup: [KANCA_IZ] t=30.36 alt=0.373 off_n=-0.1126 off_e=-0.0180 nose_z=+0.0701
2026-09-01 12:16:13,405 [INFO] core.mission.gorev3_pickup: [KANCA_IZ] t=30.47 alt=0.373 off_n=-0.1082 off_e=-0.0212 nose_z=+0.0692
2026-09-01 12:16:13,520 [INFO] core.mission.gorev3_pickup: [KANCA_IZ] t=30.59 alt=0.373 off_n=-0.1035 off_e=-0.0239 nose_z=+0.0690
QGC port check failed, reporting UNKNOWN: (pid=56065)
2026-09-01 12:16:13,637 [INFO] core.mission.gorev3_pickup: [KANCA_IZ] t=30.71 alt=0.372 off_n=-0.0995 off_e=-0.0257 nose_z=+0.0687
2026-09-01 12:16:13,753 [INFO] core.mission.gorev3_pickup: [KANCA_IZ] t=30.82 alt=0.372 off_n=-0.0950 off_e=-0.0269 nose_z=+0.0685
2026-09-01 12:16:13,876 [INFO] core.mission.gorev3_pickup: [KANCA_IZ] t=30.95 alt=0.371 off_n=-0.0904 off_e=-0.0271 nose_z=+0.0683
2026-09-01 12:16:13,991 [INFO] core.mission.gorev3_pickup: [KANCA_IZ] t=31.06 alt=0.370 off_n=-0.0866 off_e=-0.0263 nose_z=+0.0682
2026-09-01 12:16:14,109 [INFO] core.mission.gorev3_pickup: [KANCA_IZ] t=31.18 alt=0.366 off_n=-0.0833 off_e=-0.0246 nose_z=+0.0681
2026-09-01 12:16:14,109 [INFO] gz_system.gz_payload_actuator: [HOOK] APPROACHING  lat=  38.9mm ins=   +7.9mm tilt= 48.0deg v=0.004m/s age=0.02s  [lateral(38.9mm>10.2mm), tilt(48.0deg>15.0deg)]
2026-09-01 12:16:14,228 [INFO] core.mission.gorev3_pickup: [KANCA_IZ] t=31.30 alt=0.364 off_n=-0.0808 off_e=-0.0223 nose_z=+0.0681
2026-09-01 12:16:14,345 [INFO] core.mission.gorev3_pickup: [KANCA_IZ] t=31.41 alt=0.362 off_n=-0.0790 off_e=-0.0194 nose_z=+0.0681
2026-09-01 12:16:14,462 [INFO] core.mission.gorev3_pickup: [KANCA_IZ] t=31.53 alt=0.360 off_n=-0.0780 off_e=-0.0164 nose_z=+0.0682
2026-09-01 12:16:14,580 [INFO] core.mission.gorev3_pickup: [KANCA_IZ] t=31.65 alt=0.359 off_n=-0.0775 off_e=-0.0132 nose_z=+0.0683
2026-09-01 12:16:14,696 [INFO] core.mission.gorev3_pickup: [KANCA_IZ] t=31.77 alt=0.357 off_n=-0.0776 off_e=-0.0100 nose_z=+0.0684
2026-09-01 12:16:14,815 [INFO] core.mission.gorev3_pickup: [KANCA_IZ] t=31.88 alt=0.357 off_n=-0.0782 off_e=-0.0071 nose_z=+0.0686
2026-09-01 12:16:14,932 [INFO] core.mission.gorev3_pickup: [KANCA_IZ] t=32.00 alt=0.358 off_n=-0.0791 off_e=-0.0040 nose_z=+0.0687
2026-09-01 12:16:15,049 [INFO] core.mission.gorev3_pickup: [KANCA_IZ] t=32.12 alt=0.359 off_n=-0.0802 off_e=-0.0014 nose_z=+0.0688
2026-09-01 12:16:15,174 [INFO] core.mission.gorev3_pickup: [KANCA_IZ] t=32.24 alt=0.359 off_n=-0.0816 off_e=+0.0011 nose_z=+0.0690
2026-09-01 12:16:15,175 [INFO] gz_system.gz_payload_actuator: [HOOK] APPROACHING  lat=  39.5mm ins=   +7.0mm tilt= 40.7deg v=0.008m/s age=0.03s  [lateral(39.5mm>10.2mm), tilt(40.7deg>15.0deg)]
2026-09-01 12:16:15,291 [INFO] core.mission.gorev3_pickup: [KANCA_IZ] t=32.36 alt=0.359 off_n=-0.0831 off_e=+0.0032 nose_z=+0.0691
2026-09-01 12:16:15,412 [INFO] core.mission.gorev3_pickup: [KANCA_IZ] t=32.48 alt=0.359 off_n=-0.0847 off_e=+0.0054 nose_z=+0.0692
2026-09-01 12:16:15,526 [INFO] core.mission.gorev3_pickup: [KANCA_IZ] t=32.60 alt=0.359 off_n=-0.0864 off_e=+0.0079 nose_z=+0.0693
QGC port check failed, reporting UNKNOWN: (pid=56065)
2026-09-01 12:16:15,646 [INFO] core.mission.gorev3_pickup: [KANCA_IZ] t=32.72 alt=0.359 off_n=-0.0877 off_e=+0.0103 nose_z=+0.0694
2026-09-01 12:16:15,765 [INFO] core.mission.gorev3_pickup: [KANCA_IZ] t=32.83 alt=0.359 off_n=-0.0889 off_e=+0.0130 nose_z=+0.0696
2026-09-01 12:16:15,883 [INFO] core.mission.gorev3_pickup: [KANCA_IZ] t=32.95 alt=0.358 off_n=-0.0901 off_e=+0.0160 nose_z=+0.0697
2026-09-01 12:16:16,000 [INFO] core.mission.gorev3_pickup: [KANCA_IZ] t=33.07 alt=0.356 off_n=-0.0913 off_e=+0.0194 nose_z=+0.0699
2026-09-01 12:16:16,118 [INFO] core.mission.gorev3_pickup: [KANCA_IZ] t=33.19 alt=0.356 off_n=-0.0925 off_e=+0.0230 nose_z=+0.0702
2026-09-01 12:16:16,238 [INFO] core.mission.gorev3_pickup: [KANCA_IZ] t=33.31 alt=0.356 off_n=-0.0936 off_e=+0.0266 nose_z=+0.0704
2026-09-01 12:16:16,238 [INFO] gz_system.gz_payload_actuator: [HOOK] APPROACHING  lat=  41.1mm ins=   +5.6mm tilt= 30.9deg v=0.015m/s age=0.04s  [lateral(41.1mm>10.2mm), tilt(30.9deg>15.0deg)]
2026-09-01 12:16:16,355 [INFO] core.detection.vision_runtime: [VISION] detect() calisiyor -- bu karede 1 tespit: ['KIRMIZI_DIKDORTGEN']
2026-09-01 12:16:16,355 [INFO] core.mission.gorev3_pickup: [KANCA_IZ] t=33.43 alt=0.356 off_n=-0.0949 off_e=+0.0307 nose_z=+0.0707
2026-09-01 12:16:16,475 [INFO] core.mission.gorev3_pickup: [KANCA_IZ] t=33.54 alt=0.357 off_n=-0.0958 off_e=+0.0339 nose_z=+0.0710
2026-09-01 12:16:16,593 [INFO] core.mission.gorev3_pickup: [KANCA_IZ] t=33.66 alt=0.357 off_n=-0.0965 off_e=+0.0370 nose_z=+0.0712
2026-09-01 12:16:16,713 [INFO] core.mission.gorev3_pickup: [KANCA_IZ] t=33.78 alt=0.358 off_n=-0.0970 off_e=+0.0396 nose_z=+0.0714
2026-09-01 12:16:16,832 [INFO] core.mission.gorev3_pickup: [KANCA_IZ] t=33.90 alt=0.359 off_n=-0.0975 off_e=+0.0423 nose_z=+0.0717
2026-09-01 12:16:16,951 [INFO] core.mission.gorev3_pickup: [KANCA_IZ] t=34.02 alt=0.359 off_n=-0.0979 off_e=+0.0450 nose_z=+0.0719
2026-09-01 12:16:17,071 [INFO] core.mission.gorev3_pickup: [KANCA_IZ] t=34.14 alt=0.358 off_n=-0.0981 off_e=+0.0472 nose_z=+0.0721
2026-09-01 12:16:17,187 [INFO] core.mission.gorev3_pickup: [KANCA_IZ] t=34.26 alt=0.356 off_n=-0.0983 off_e=+0.0494 nose_z=+0.0723
2026-09-01 12:16:17,238 [INFO] gz_system.gz_payload_actuator: [HOOK] APPROACHING  lat=  42.2mm ins=   +3.6mm tilt= 19.4deg v=0.012m/s age=0.01s  [lateral(42.2mm>10.2mm), tilt(19.4deg>15.0deg)]
2026-09-01 12:16:17,308 [INFO] core.mission.gorev3_pickup: [KANCA_IZ] t=34.38 alt=0.355 off_n=-0.0987 off_e=+0.0516 nose_z=+0.0725
2026-09-01 12:16:17,426 [INFO] core.mission.gorev3_pickup: [KANCA_IZ] t=34.50 alt=0.353 off_n=-0.0994 off_e=+0.0536 nose_z=+0.0728
2026-09-01 12:16:17,548 [INFO] core.mission.gorev3_pickup: [KANCA_IZ] t=34.62 alt=0.353 off_n=-0.1006 off_e=+0.0556 nose_z=+0.0730
QGC port check failed, reporting UNKNOWN: (pid=56065)
2026-09-01 12:16:17,670 [INFO] core.mission.gorev3_pickup: [KANCA_IZ] t=34.74 alt=0.353 off_n=-0.1019 off_e=+0.0571 nose_z=+0.0733
2026-09-01 12:16:17,787 [INFO] core.mission.gorev3_pickup: [KANCA_IZ] t=34.86 alt=0.354 off_n=-0.1041 off_e=+0.0585 nose_z=+0.0735
2026-09-01 12:16:17,906 [INFO] core.mission.gorev3_pickup: [KANCA_IZ] t=34.98 alt=0.355 off_n=-0.1061 off_e=+0.0594 nose_z=+0.0738
2026-09-01 12:16:18,023 [INFO] core.mission.gorev3_pickup: [KANCA_IZ] t=35.09 alt=0.357 off_n=-0.1082 off_e=+0.0603 nose_z=+0.0740
2026-09-01 12:16:18,141 [INFO] core.mission.gorev3_pickup: [KANCA_IZ] t=35.21 alt=0.359 off_n=-0.1105 off_e=+0.0617 nose_z=+0.0736
2026-09-01 12:16:18,207 [INFO] gz_system.main_gz: Dashboard paint loop: 0.0 FPS (main thread)
2026-09-01 12:16:18,259 [INFO] core.mission.gorev3_pickup: [KANCA_IZ] t=35.33 alt=0.360 off_n=-0.1148 off_e=+0.0754 nose_z=+0.0588
2026-09-01 12:16:18,260 [INFO] gz_system.gz_payload_actuator: [HOOK] APPROACHING  lat=  55.6mm ins=  +17.0mm tilt= 12.2deg v=0.156m/s age=0.02s  [lateral(55.6mm>10.2mm), rel_speed(0.156>0.05m/s)]
2026-09-01 12:16:18,377 [INFO] core.mission.gorev3_pickup: [KANCA_IZ] t=35.45 alt=0.359 off_n=-0.1142 off_e=+0.0694 nose_z=+0.0526
2026-09-01 12:16:18,492 [INFO] core.mission.gorev3_pickup: [KANCA_IZ] t=35.56 alt=0.356 off_n=-0.1150 off_e=+0.0704 nose_z=+0.0500
2026-09-01 12:16:18,610 [INFO] core.mission.gorev3_pickup: [KANCA_IZ] t=35.68 alt=0.353 off_n=-0.1140 off_e=+0.0711 nose_z=+0.0473
2026-09-01 12:16:18,728 [INFO] core.mission.gorev3_pickup: [KANCA_IZ] t=35.80 alt=0.347 off_n=-0.1119 off_e=+0.0720 nose_z=+0.0448
2026-09-01 12:16:18,845 [INFO] core.mission.gorev3_pickup: [KANCA_IZ] t=35.91 alt=0.346 off_n=-0.1092 off_e=+0.0731 nose_z=+0.0430
2026-09-01 12:16:18,960 [INFO] core.mission.gorev3_pickup: [KANCA_IZ] t=36.03 alt=0.345 off_n=-0.1060 off_e=+0.0743 nose_z=+0.0417
2026-09-01 12:16:19,080 [INFO] core.mission.gorev3_pickup: [KANCA_IZ] t=36.15 alt=0.344 off_n=-0.1032 off_e=+0.0752 nose_z=+0.0409
2026-09-01 12:16:19,195 [INFO] core.mission.gorev3_pickup: [KANCA_IZ] t=36.27 alt=0.344 off_n=-0.0999 off_e=+0.0761 nose_z=+0.0402
2026-09-01 12:16:19,309 [INFO] core.mission.gorev3_pickup: [KANCA_IZ] t=36.38 alt=0.344 off_n=-0.0966 off_e=+0.0769 nose_z=+0.0398
2026-09-01 12:16:19,309 [INFO] gz_system.gz_payload_actuator: [HOOK] APPROACHING  lat=  48.8mm ins=  +36.2mm tilt= 21.5deg v=0.006m/s age=0.03s  [lateral(48.8mm>10.2mm), too_deep(+36.2mm>+19.9mm), tilt(21.5deg>15.0deg)]
2026-09-01 12:16:19,424 [INFO] core.detection.vision_runtime: [VISION] detect() calisiyor -- bu karede 1 tespit: ['KIRMIZI_DIKDORTGEN']
2026-09-01 12:16:19,425 [INFO] core.mission.gorev3_pickup: [KANCA_IZ] t=36.49 alt=0.345 off_n=-0.0936 off_e=+0.0774 nose_z=+0.0395
2026-09-01 12:16:19,538 [INFO] core.mission.gorev3_pickup: [KANCA_IZ] t=36.61 alt=0.345 off_n=-0.0909 off_e=+0.0777 nose_z=+0.0392
QGC port check failed, reporting UNKNOWN: (pid=56065)
2026-09-01 12:16:19,656 [INFO] core.mission.gorev3_pickup: [KANCA_IZ] t=36.73 alt=0.346 off_n=-0.0888 off_e=+0.0776 nose_z=+0.0390
2026-09-01 12:16:19,773 [INFO] core.mission.gorev3_pickup: [KANCA_IZ] t=36.84 alt=0.346 off_n=-0.0877 off_e=+0.0772 nose_z=+0.0386
2026-09-01 12:16:19,888 [INFO] core.mission.gorev3_pickup: [KANCA_IZ] t=36.96 alt=0.347 off_n=-0.0871 off_e=+0.0761 nose_z=+0.0379
2026-09-01 12:16:20,001 [INFO] core.mission.gorev3_pickup: [KANCA_IZ] t=37.07 alt=0.349 off_n=-0.0873 off_e=+0.0748 nose_z=+0.0372
2026-09-01 12:16:20,118 [INFO] core.mission.gorev3_pickup: [KANCA_IZ] t=37.19 alt=0.350 off_n=-0.0881 off_e=+0.0727 nose_z=+0.0360
2026-09-01 12:16:20,235 [INFO] core.mission.gorev3_pickup: [KANCA_IZ] t=37.30 alt=0.351 off_n=-0.0895 off_e=+0.0699 nose_z=+0.0345
2026-09-01 12:16:20,350 [INFO] core.mission.gorev3_pickup: [KANCA_IZ] t=37.42 alt=0.351 off_n=-0.0912 off_e=+0.0670 nose_z=+0.0330
2026-09-01 12:16:20,350 [INFO] gz_system.gz_payload_actuator: [HOOK] APPROACHING  lat=  48.0mm ins=  +43.0mm tilt= 18.8deg v=0.012m/s age=0.03s  [lateral(48.0mm>10.2mm), too_deep(+43.0mm>+19.9mm), tilt(18.8deg>15.0deg)]
2026-09-01 12:16:20,468 [INFO] core.mission.gorev3_pickup: [KANCA_IZ] t=37.54 alt=0.351 off_n=-0.0933 off_e=+0.0635 nose_z=+0.0313
2026-09-01 12:16:20,586 [INFO] core.mission.gorev3_pickup: [KANCA_IZ] t=37.66 alt=0.350 off_n=-0.0955 off_e=+0.0598 nose_z=+0.0297
2026-09-01 12:16:20,713 [INFO] core.mission.gorev3_pickup: [KANCA_IZ] t=37.78 alt=0.348 off_n=-0.0977 off_e=+0.0558 nose_z=+0.0282
2026-09-01 12:16:20,836 [INFO] core.mission.gorev3_pickup: [KANCA_IZ] t=37.91 alt=0.345 off_n=-0.0999 off_e=+0.0512 nose_z=+0.0271
2026-09-01 12:16:20,959 [INFO] core.mission.gorev3_pickup: [KANCA_IZ] t=38.03 alt=0.345 off_n=-0.1013 off_e=+0.0477 nose_z=+0.0265
2026-09-01 12:16:21,079 [INFO] core.mission.gorev3_pickup: [KANCA_IZ] t=38.15 alt=0.343 off_n=-0.1022 off_e=+0.0445 nose_z=+0.0263
2026-09-01 12:16:21,196 [INFO] core.mission.gorev3_pickup: [KANCA_IZ] t=38.27 alt=0.342 off_n=-0.1026 off_e=+0.0413 nose_z=+0.0261
2026-09-01 12:16:21,314 [INFO] core.mission.gorev3_pickup: [KANCA_IZ] t=38.38 alt=0.341 off_n=-0.1021 off_e=+0.0382 nose_z=+0.0260
2026-09-01 12:16:21,366 [INFO] gz_system.gz_payload_actuator: [HOOK] APPROACHING  lat=  46.5mm ins=  +49.9mm tilt= 11.1deg v=0.006m/s age=0.00s  [lateral(46.5mm>10.2mm), too_deep(+49.9mm>+19.9mm)]
2026-09-01 12:16:21,434 [INFO] core.mission.gorev3_pickup: [KANCA_IZ] t=38.50 alt=0.340 off_n=-0.1004 off_e=+0.0353 nose_z=+0.0262
2026-09-01 12:16:21,553 [INFO] core.mission.gorev3_pickup: [KANCA_IZ] t=38.62 alt=0.340 off_n=-0.0979 off_e=+0.0327 nose_z=+0.0267
QGC port check failed, reporting UNKNOWN: (pid=56065)
2026-09-01 12:16:21,675 [INFO] core.mission.gorev3_pickup: [KANCA_IZ] t=38.74 alt=0.341 off_n=-0.0947 off_e=+0.0303 nose_z=+0.0273
2026-09-01 12:16:21,792 [INFO] core.mission.gorev3_pickup: [KANCA_IZ] t=38.86 alt=0.342 off_n=-0.0902 off_e=+0.0275 nose_z=+0.0281
2026-09-01 12:16:21,909 [INFO] core.mission.gorev3_pickup: [KANCA_IZ] t=38.98 alt=0.344 off_n=-0.0859 off_e=+0.0251 nose_z=+0.0288
2026-09-01 12:16:22,030 [INFO] core.mission.gorev3_pickup: [KANCA_IZ] t=39.10 alt=0.345 off_n=-0.0811 off_e=+0.0227 nose_z=+0.0295
2026-09-01 12:16:22,148 [INFO] core.mission.gorev3_pickup: [KANCA_IZ] t=39.22 alt=0.345 off_n=-0.0766 off_e=+0.0204 nose_z=+0.0303
2026-09-01 12:16:22,265 [INFO] core.mission.gorev3_pickup: [KANCA_IZ] t=39.33 alt=0.344 off_n=-0.0725 off_e=+0.0182 nose_z=+0.0313
2026-09-01 12:16:22,382 [INFO] core.mission.gorev3_pickup: [KANCA_IZ] t=39.45 alt=0.343 off_n=-0.0711 off_e=+0.0161 nose_z=+0.0324
2026-09-01 12:16:22,382 [INFO] gz_system.gz_payload_actuator: [HOOK] APPROACHING  lat=  45.2mm ins=  +43.4mm tilt=  7.4deg v=0.028m/s age=0.02s  [lateral(45.2mm>10.2mm), too_deep(+43.4mm>+19.9mm)]
2026-09-01 12:16:22,500 [INFO] core.detection.vision_runtime: [VISION] detect() calisiyor -- bu karede 1 tespit: ['KIRMIZI_DIKDORTGEN']
2026-09-01 12:16:22,500 [INFO] core.mission.gorev3_pickup: [KANCA_IZ] t=39.57 alt=0.343 off_n=-0.0721 off_e=+0.0144 nose_z=+0.0334
2026-09-01 12:16:22,620 [INFO] core.mission.gorev3_pickup: [KANCA_IZ] t=39.69 alt=0.343 off_n=-0.0758 off_e=+0.0123 nose_z=+0.0346
2026-09-01 12:16:22,740 [INFO] core.mission.gorev3_pickup: [KANCA_IZ] t=39.81 alt=0.343 off_n=-0.0809 off_e=+0.0103 nose_z=+0.0358
2026-09-01 12:16:22,858 [INFO] core.mission.gorev3_pickup: [KANCA_IZ] t=39.93 alt=0.344 off_n=-0.0848 off_e=+0.0085 nose_z=+0.0372
2026-09-01 12:16:22,976 [INFO] core.mission.gorev3_pickup: [KANCA_IZ] t=40.05 alt=0.344 off_n=-0.0864 off_e=+0.0068 nose_z=+0.0389
2026-09-01 12:16:22,976 [INFO] gz_system.gz_payload_actuator: [KANCA_DENGE] oturma penceresi ortalama kanca_ofset=(-0.0955, +0.0253)  (204 ornek)
2026-09-01 12:16:22,976 [WARNING] gz_system.gz_payload_actuator: [HOOK] OTURMADI (12.0 s). En iyi ESZAMANLI ornek: lat=  42.5mm ins=   +2.7mm tilt= 14.6deg v=0.013m/s age=0.03s (1 kapi ihlali). CAPTURE_CANDIDATE ornegi: 0/204. Kapi retleri: lateral=204, tilt=145, too_deep=79, rel_speed=21, too_high=11. Sinirlar: yanal<=10.2 mm, dwell 0.30 s.
2026-09-01 12:16:22,976 [WARNING] gz_system.gz_payload_actuator: [HOOK] oturma dogrulanmadi (12.0s) -- /hook/attach YAYINLANMADI, vinc cekiliyor, tekrar denenecek
2026-09-01 12:16:22,976 [INFO] gz_system.gz_payload_actuator: [HOOK] vinc -> 0.00 m
I0901 12:16:22.977512 13714567 fork_posix.cc:71] Other threads are currently calling into gRPC, skipping fork() handlers
2026-09-01 12:16:23,106 [INFO] core.mission.gorev3_pickup: [KANCA_IZ] t=40.18 alt=0.345 off_n=-0.0857 off_e=+0.0053 nose_z=+0.0405
2026-09-01 12:16:23,226 [INFO] core.mission.gorev3_pickup: [KANCA_IZ] t=40.30 alt=0.347 off_n=-0.0849 off_e=+0.0037 nose_z=+0.0423
2026-09-01 12:16:23,230 [INFO] gz_system.main_gz: Dashboard paint loop: 0.0 FPS (main thread)
2026-09-01 12:16:23,346 [INFO] core.mission.gorev3_pickup: [KANCA_IZ] t=40.42 alt=0.349 off_n=-0.0851 off_e=+0.0023 nose_z=+0.0438
2026-09-01 12:16:23,467 [INFO] core.mission.gorev3_pickup: [KANCA_IZ] t=40.54 alt=0.350 off_n=-0.0864 off_e=+0.0008 nose_z=+0.0450
QGC port check failed, reporting UNKNOWN: (pid=56065)
2026-09-01 12:16:23,586 [INFO] core.mission.gorev3_pickup: [KANCA_IZ] t=40.66 alt=0.352 off_n=-0.0888 off_e=-0.0006 nose_z=+0.0460
2026-09-01 12:16:23,710 [INFO] core.mission.gorev3_pickup: [KANCA_IZ] t=40.78 alt=0.354 off_n=-0.0912 off_e=-0.0017 nose_z=+0.0469
2026-09-01 12:16:23,832 [INFO] core.mission.gorev3_pickup: [KANCA_IZ] t=40.90 alt=0.355 off_n=-0.0930 off_e=-0.0021 nose_z=+0.0474
2026-09-01 12:16:23,950 [INFO] core.mission.gorev3_pickup: [KANCA_IZ] t=41.02 alt=0.356 off_n=-0.0942 off_e=-0.0022 nose_z=+0.0478
2026-09-01 12:16:24,072 [INFO] core.mission.gorev3_pickup: [KANCA_IZ] t=41.14 alt=0.357 off_n=-0.0942 off_e=-0.0016 nose_z=+0.0480
2026-09-01 12:16:24,190 [INFO] core.mission.gorev3_pickup: [KANCA_IZ] t=41.26 alt=0.357 off_n=-0.0923 off_e=+0.0003 nose_z=+0.1089
2026-09-01 12:16:24,309 [INFO] core.mission.gorev3_pickup: [KANCA_IZ] t=41.38 alt=0.356 off_n=-0.0687 off_e=-0.0086 nose_z=+0.2230
2026-09-01 12:16:24,428 [INFO] core.mission.gorev3_pickup: [KANCA_IZ] t=41.50 alt=0.354 off_n=-0.0301 off_e=+0.0651 nose_z=+0.3094
2026-09-01 12:16:24,545 [INFO] core.mission.gorev3_pickup: [KANCA_IZ] t=41.61 alt=0.354 off_n=-0.0379 off_e=+0.1476 nose_z=+0.4250
2026-09-01 12:16:24,663 [INFO] core.mission.gorev3_pickup: [KANCA_IZ] t=41.73 alt=0.354 off_n=-0.0608 off_e=+0.1416 nose_z=+0.4547
2026-09-01 12:16:24,783 [INFO] core.mission.gorev3_pickup: [KANCA_IZ] t=41.85 alt=0.355 off_n=-0.0898 off_e=+0.0812 nose_z=+0.4256
2026-09-01 12:16:24,904 [INFO] core.mission.gorev3_pickup: [KANCA_IZ] t=41.97 alt=0.355 off_n=-0.1065 off_e=-0.0069 nose_z=+0.4075
2026-09-01 12:16:25,022 [INFO] core.mission.gorev3_pickup: [KANCA_IZ] t=42.09 alt=0.355 off_n=-0.0972 off_e=-0.0630 nose_z=+0.4114
2026-09-01 12:16:25,075 [INFO] core.mission.gorev3_pickup: [YENIDEN_HIZA] deneme 3 oncesi, kanca havada -- duzeltme yeniden kosuluyor
2026-09-01 12:16:25,076 [INFO] core.mission.gorev3_pickup: [SON_DUZELTME] 1/6 yanal 34.4 mm -> (kuzey +0.001, dogu +0.017)  | kanca_ofset=(-0.0875, -0.0652) arac_ned=(34.2076, -9.4879) kanca_mutlak=(34.1201, -9.5531)
2026-09-01 12:16:25,141 [INFO] core.mission.gorev3_pickup: [KANCA_IZ] t=42.21 alt=0.356 off_n=-0.0806 off_e=-0.0596 nose_z=+0.4073
2026-09-01 12:16:25,263 [INFO] core.mission.gorev3_pickup: [KANCA_IZ] t=42.33 alt=0.356 off_n=-0.0646 off_e=-0.0211 nose_z=+0.4001
2026-09-01 12:16:25,380 [INFO] core.mission.gorev3_pickup: [KANCA_IZ] t=42.45 alt=0.356 off_n=-0.0632 off_e=+0.0304 nose_z=+0.4016
2026-09-01 12:16:25,497 [INFO] core.mission.gorev3_pickup: [KANCA_IZ] t=42.57 alt=0.357 off_n=-0.0734 off_e=+0.0449 nose_z=+0.4032
QGC port check failed, reporting UNKNOWN: (pid=56065)
2026-09-01 12:16:25,617 [INFO] core.detection.vision_runtime: [VISION] detect() calisiyor -- bu karede 1 tespit: ['KIRMIZI_DIKDORTGEN']
2026-09-01 12:16:25,617 [INFO] core.mission.gorev3_pickup: [KANCA_IZ] t=42.69 alt=0.357 off_n=-0.0895 off_e=+0.0311 nose_z=+0.3999
2026-09-01 12:16:25,733 [INFO] core.mission.gorev3_pickup: [KANCA_IZ] t=42.80 alt=0.360 off_n=-0.1005 off_e=-0.0058 nose_z=+0.3975
2026-09-01 12:16:25,854 [INFO] core.mission.gorev3_pickup: [KANCA_IZ] t=42.92 alt=0.361 off_n=-0.0995 off_e=-0.0312 nose_z=+0.3991
2026-09-01 12:16:25,972 [INFO] core.mission.gorev3_pickup: [KANCA_IZ] t=43.04 alt=0.362 off_n=-0.0901 off_e=-0.0357 nose_z=+0.3993
2026-09-01 12:16:26,092 [INFO] core.mission.gorev3_pickup: [KANCA_IZ] t=43.16 alt=0.363 off_n=-0.0822 off_e=-0.0217 nose_z=+0.3977
2026-09-01 12:16:26,210 [INFO] core.mission.gorev3_pickup: [KANCA_IZ] t=43.28 alt=0.364 off_n=-0.0779 off_e=+0.0028 nose_z=+0.3969
2026-09-01 12:16:26,327 [INFO] core.mission.gorev3_pickup: [KANCA_IZ] t=43.40 alt=0.365 off_n=-0.0818 off_e=+0.0202 nose_z=+0.3974
2026-09-01 12:16:26,445 [INFO] core.mission.gorev3_pickup: [KANCA_IZ] t=43.51 alt=0.366 off_n=-0.0889 off_e=+0.0180 nose_z=+0.3965
2026-09-01 12:16:26,564 [INFO] core.mission.gorev3_pickup: [KANCA_IZ] t=43.63 alt=0.367 off_n=-0.0952 off_e=+0.0028 nose_z=+0.3949
2026-09-01 12:16:26,683 [INFO] core.mission.gorev3_pickup: [KANCA_IZ] t=43.75 alt=0.367 off_n=-0.0966 off_e=-0.0128 nose_z=+0.3943
2026-09-01 12:16:26,803 [INFO] core.mission.gorev3_pickup: [KANCA_IZ] t=43.87 alt=0.368 off_n=-0.0935 off_e=-0.0208 nose_z=+0.3937
2026-09-01 12:16:26,919 [INFO] core.mission.gorev3_pickup: [KANCA_IZ] t=43.99 alt=0.369 off_n=-0.0885 off_e=-0.0169 nose_z=+0.3922
2026-09-01 12:16:27,041 [INFO] core.mission.gorev3_pickup: [KANCA_IZ] t=44.11 alt=0.369 off_n=-0.0849 off_e=-0.0055 nose_z=+0.3906
2026-09-01 12:16:27,158 [INFO] core.mission.gorev3_pickup: [KANCA_IZ] t=44.23 alt=0.369 off_n=-0.0848 off_e=+0.0056 nose_z=+0.3893
2026-09-01 12:16:27,276 [INFO] core.mission.gorev3_pickup: [KANCA_IZ] t=44.35 alt=0.368 off_n=-0.0883 off_e=+0.0089 nose_z=+0.3877
2026-09-01 12:16:27,393 [INFO] core.mission.gorev3_pickup: [KANCA_IZ] t=44.46 alt=0.366 off_n=-0.0919 off_e=+0.0032 nose_z=+0.3861
2026-09-01 12:16:27,511 [INFO] core.mission.gorev3_pickup: [KANCA_IZ] t=44.58 alt=0.362 off_n=-0.0936 off_e=-0.0052 nose_z=+0.3849
QGC port check failed, reporting UNKNOWN: (pid=56065)
2026-09-01 12:16:27,630 [INFO] core.mission.gorev3_pickup: [KANCA_IZ] t=44.70 alt=0.360 off_n=-0.0928 off_e=-0.0115 nose_z=+0.3841
2026-09-01 12:16:27,752 [INFO] core.mission.gorev3_pickup: [KANCA_IZ] t=44.82 alt=0.359 off_n=-0.0902 off_e=-0.0116 nose_z=+0.3835
2026-09-01 12:16:27,868 [INFO] core.mission.gorev3_pickup: [KANCA_IZ] t=44.94 alt=0.358 off_n=-0.0878 off_e=-0.0067 nose_z=+0.3831
2026-09-01 12:16:27,881 [INFO] core.mission.gorev3_pickup: [SON_DUZELTME] 2/6 yanal 15.3 mm -> (kuzey +0.007, dogu -0.002)  | kanca_ofset=(-0.0873, -0.0047) arac_ned=(34.1945, -9.5097) kanca_mutlak=(34.1072, -9.5144)
2026-09-01 12:16:28,245 [INFO] gz_system.main_gz: Dashboard paint loop: 0.0 FPS (main thread)
2026-09-01 12:16:28,716 [INFO] core.detection.vision_runtime: [VISION] detect() calisiyor -- bu karede 1 tespit: ['KIRMIZI_DIKDORTGEN']
QGC port check failed, reporting UNKNOWN: (pid=56065)
2026-09-01 12:16:30,493 [INFO] core.mission.gorev3_pickup: [SON_DUZELTME] 3/6 yanal 13.4 mm -> (kuzey +0.005, dogu +0.004)  | kanca_ofset=(-0.0897, -0.0039) arac_ned=(34.2009, -9.5229) kanca_mutlak=(34.1113, -9.5268)
QGC port check failed, reporting UNKNOWN: (pid=56065)
2026-09-01 12:16:31,781 [INFO] core.detection.vision_runtime: [VISION] detect() calisiyor -- bu karede 1 tespit: ['KIRMIZI_DIKDORTGEN']
2026-09-01 12:16:33,078 [INFO] core.mission.gorev3_pickup: [SON_DUZELTME] 4/6 yanal 7.6 mm -- hedefin icinde.
2026-09-01 12:16:33,078 [INFO] core.mission.gorev3_pickup: [YENIDEN_HIZA] deneme 3 icin yeni yanal: 7.6 mm
2026-09-01 12:16:33,078 [INFO] gz_system.gz_payload_actuator: [HOOK] alma denemesi 3/3
2026-09-01 12:16:33,078 [INFO] gz_system.gz_payload_actuator: [HOOK] vinc salimi: 0.397 m  (irtifa=0.367 m, guverte=0.070, zincir ofseti=0.060, pay=0.040)
2026-09-01 12:16:33,078 [INFO] gz_system.gz_payload_actuator: [HOOK] vinc -> 0.40 m
I0901 12:16:33.079237 13714567 fork_posix.cc:71] Other threads are currently calling into gRPC, skipping fork() handlers
2026-09-01 12:16:33,282 [INFO] gz_system.main_gz: Dashboard paint loop: 0.0 FPS (main thread)
QGC port check failed, reporting UNKNOWN: (pid=56065)
2026-09-01 12:16:34,121 [INFO] gz_system.gz_payload_actuator: [HOOK] APPROACHING  lat=  58.9mm ins= -299.9mm tilt=  0.1deg v=  infm/s age=0.01s  [lateral(58.9mm>10.2mm), too_high(-299.9mm<-4.0mm), rel_speed(inf>0.05m/s)]
2026-09-01 12:16:34,825 [INFO] core.detection.vision_runtime: [VISION] detect() calisiyor -- bu karede 0 tespit: []
2026-09-01 12:16:35,163 [INFO] gz_system.gz_payload_actuator: [HOOK] APPROACHING  lat=  59.3mm ins=  +40.8mm tilt=  0.3deg v=0.025m/s age=0.02s  [lateral(59.3mm>10.2mm), too_deep(+40.8mm>+19.9mm)]
QGC port check failed, reporting UNKNOWN: (pid=56065)
2026-09-01 12:16:36,170 [INFO] gz_system.gz_payload_actuator: [HOOK] APPROACHING  lat=  57.6mm ins=  +33.0mm tilt=  6.9deg v=0.010m/s age=0.02s  [lateral(57.6mm>10.2mm), too_deep(+33.0mm>+19.9mm)]
2026-09-01 12:16:37,218 [INFO] gz_system.gz_payload_actuator: [HOOK] APPROACHING  lat=  58.7mm ins=  +34.0mm tilt=  8.3deg v=0.007m/s age=0.02s  [lateral(58.7mm>10.2mm), too_deep(+34.0mm>+19.9mm)]
QGC port check failed, reporting UNKNOWN: (pid=56065)
2026-09-01 12:16:37,832 [INFO] core.detection.vision_runtime: [VISION] detect() calisiyor -- bu karede 1 tespit: ['KIRMIZI_DIKDORTGEN']
2026-09-01 12:16:38,219 [INFO] gz_system.gz_payload_actuator: [HOOK] APPROACHING  lat=  59.1mm ins=  +47.5mm tilt=  9.0deg v=0.015m/s age=0.01s  [lateral(59.1mm>10.2mm), too_deep(+47.5mm>+19.9mm)]
2026-09-01 12:16:38,304 [INFO] gz_system.main_gz: Dashboard paint loop: 0.0 FPS (main thread)
2026-09-01 12:16:39,271 [INFO] gz_system.gz_payload_actuator: [HOOK] APPROACHING  lat=  57.7mm ins=  +54.2mm tilt=  7.6deg v=0.008m/s age=0.02s  [lateral(57.7mm>10.2mm), too_deep(+54.2mm>+19.9mm)]
QGC port check failed, reporting UNKNOWN: (pid=56065)
2026-09-01 12:16:40,274 [INFO] gz_system.gz_payload_actuator: [HOOK] APPROACHING  lat=  58.7mm ins=  +31.8mm tilt= 11.1deg v=0.026m/s age=0.02s  [lateral(58.7mm>10.2mm), too_deep(+31.8mm>+19.9mm)]
2026-09-01 12:16:40,836 [INFO] core.detection.vision_runtime: [VISION] detect() calisiyor -- bu karede 1 tespit: ['KIRMIZI_DIKDORTGEN']
2026-09-01 12:16:41,283 [INFO] gz_system.gz_payload_actuator: [HOOK] APPROACHING  lat=  55.2mm ins=  +23.3mm tilt= 14.3deg v=0.004m/s age=0.01s  [lateral(55.2mm>10.2mm), too_deep(+23.3mm>+19.9mm)]
QGC port check failed, reporting UNKNOWN: (pid=56065)
2026-09-01 12:16:42,293 [INFO] gz_system.gz_payload_actuator: [HOOK] APPROACHING  lat=  48.2mm ins=  +31.7mm tilt= 10.3deg v=0.038m/s age=0.02s  [lateral(48.2mm>10.2mm), too_deep(+31.7mm>+19.9mm)]
2026-09-01 12:16:43,303 [INFO] gz_system.gz_payload_actuator: [HOOK] APPROACHING  lat=  39.1mm ins=  +36.5mm tilt=  0.3deg v=0.007m/s age=0.03s  [lateral(39.1mm>10.2mm), too_deep(+36.5mm>+19.9mm)]
2026-09-01 12:16:43,316 [INFO] gz_system.main_gz: Dashboard paint loop: 0.0 FPS (main thread)
QGC port check failed, reporting UNKNOWN: (pid=56065)
2026-09-01 12:16:43,875 [INFO] core.detection.vision_runtime: [VISION] detect() calisiyor -- bu karede 1 tespit: ['KIRMIZI_DIKDORTGEN']
2026-09-01 12:16:44,330 [INFO] gz_system.gz_payload_actuator: [HOOK] APPROACHING  lat=  42.2mm ins=  +28.9mm tilt= 10.4deg v=0.018m/s age=0.01s  [lateral(42.2mm>10.2mm), too_deep(+28.9mm>+19.9mm)]
2026-09-01 12:16:45,341 [INFO] gz_system.gz_payload_actuator: [HOOK] APPROACHING  lat=  44.8mm ins=  +16.3mm tilt= 19.4deg v=0.005m/s age=0.01s  [lateral(44.8mm>10.2mm), tilt(19.4deg>15.0deg)]
QGC port check failed, reporting UNKNOWN: (pid=56065)
2026-09-01 12:16:46,128 [INFO] gz_system.gz_payload_actuator: [KANCA_DENGE] oturma penceresi ortalama kanca_ofset=(-0.0790, -0.0317)  (215 ornek)
2026-09-01 12:16:46,128 [WARNING] gz_system.gz_payload_actuator: [HOOK] OTURMADI (12.0 s). En iyi ESZAMANLI ornek: lat=  38.5mm ins=  +37.4mm tilt=  1.2deg v=0.027m/s age=0.00s (2 kapi ihlali). CAPTURE_CANDIDATE ornegi: 0/215. Kapi retleri: lateral=215, too_deep=181, tilt=30, rel_speed=15, too_high=12. Sinirlar: yanal<=10.2 mm, dwell 0.30 s.
2026-09-01 12:16:46,128 [WARNING] gz_system.gz_payload_actuator: [HOOK] oturma dogrulanmadi (12.0s) -- /hook/attach YAYINLANMADI, vinc cekiliyor, tekrar denenecek
2026-09-01 12:16:46,128 [INFO] gz_system.gz_payload_actuator: [HOOK] vinc -> 0.00 m
I0901 12:16:46.128953 13714567 fork_posix.cc:71] Other threads are currently calling into gRPC, skipping fork() handlers
2026-09-01 12:16:46,917 [INFO] core.detection.vision_runtime: [VISION] detect() calisiyor -- bu karede 1 tespit: ['KIRMIZI_DIKDORTGEN']
QGC port check failed, reporting UNKNOWN: (pid=56065)
2026-09-01 12:16:48,116 [INFO] gz_system.gz_payload_actuator: [HOOK] son deneme (3/3) -- yeniden hizalama atlandi, arkasindan deneme gelmeyecek
2026-09-01 12:16:48,117 [ERROR] gz_system.gz_payload_actuator: [HOOK] 3 denemede yuk OTURMADI -- hicbir /hook/attach yayinlanmadi.
2026-09-01 12:16:48,117 [INFO] gz_system.gz_payload_actuator: [HOOK] vinc -> 0.00 m
I0901 12:16:48.117483 13714567 fork_posix.cc:71] Other threads are currently calling into gRPC, skipping fork() handlers
2026-09-01 12:16:48,329 [INFO] gz_system.main_gz: Dashboard paint loop: 0.0 FPS (main thread)
2026-09-01 12:16:49,104 [ERROR] core.mission.gorev3_pickup: Yük alma mekanizması yükü alamadı -- Görev 3 Faz 1 başarısız.
2026-09-01 12:16:49,104 [ERROR] core.mission.gorev3_orchestrator: GOREV 3 FAZ 1 (ALMA) BASARISIZ
2026-09-01 12:16:49,105 [WARNING] core.mission.master_fsm: GOREV 2 TAMAMLANDI ANCAK GOREV 3 BASARISIZ - yalnizca Gorev 2 puani gecerli olabilir
2026-09-01 12:16:49,105 [INFO] core.mission.master_fsm: RETURNING_TO_START_FINISH (dist=35.5 m) -- hedef (47.3977459, 8.5461639) @ 15.0m, sebep: gorev3_failed
2026-09-01 12:16:49,105 [INFO] core.navigation.centering_controller: Kayitli GPS konumuna gidiliyor: lat=47.3977459, lon=8.5461639, alt=15.0m
QGC port check failed, reporting UNKNOWN: (pid=57778)
2026-09-01 12:16:49,976 [INFO] core.detection.vision_runtime: [VISION] detect() calisiyor -- bu karede 2 tespit: ['MAVI_ALTIGEN', 'KIRMIZI_DIKDORTGEN']
QGC port check failed, reporting UNKNOWN: (pid=57778)
2026-09-01 12:16:53,068 [INFO] core.detection.vision_runtime: [VISION] detect() calisiyor -- bu karede 0 tespit: []
2026-09-01 12:16:53,346 [INFO] gz_system.main_gz: Dashboard paint loop: 0.0 FPS (main thread)
QGC port check failed, reporting UNKNOWN: (pid=57778)
QGC port check failed, reporting UNKNOWN: (pid=57778)
2026-09-01 12:16:56,149 [INFO] core.detection.vision_runtime: [VISION] detect() calisiyor -- bu karede 0 tespit: []
QGC port check failed, reporting UNKNOWN: (pid=57778)
2026-09-01 12:16:58,369 [INFO] gz_system.main_gz: Dashboard paint loop: 0.0 FPS (main thread)
2026-09-01 12:16:59,235 [INFO] core.detection.vision_runtime: [VISION] detect() calisiyor -- bu karede 0 tespit: []
2026-09-01 12:16:59,567 [INFO] core.mission.master_fsm: Baslangic/bitis noktasina ulasildi -- checkpoint'e uzaklik 0.6 m. Inis baslatiliyor.
2026-09-01 12:16:59,568 [INFO] core.mission.master_fsm: Son iniş gerçekleştiriliyor...
2026-09-01 12:16:59,568 [INFO] mavsdk_common.mavsdk_backend_base: İniş yapılıyor...
2026-09-01 12:16:59,587 [INFO] core.detection.detection_publisher: [DETECTION_PUB] yayin kapatiliyor (gonderilen=3013, atlanan=0).
2026-09-01 12:16:59,587 [INFO] core.detection.vision_runtime: [VISION] pipeline durduruldu.
[CAMERA_CLIENT] Stopping client...
[CAMERA_CLIENT] Shutdown complete.
I0901 12:16:59.670441 13714569 fork_posix.cc:71] Other threads are currently calling into gRPC, skipping fork() handlers
QGC port check failed, reporting UNKNOWN: (pid=57809)
[CAMERA_SERVICE_MANAGER] Stopping (PID: 56967)...
I0901 12:16:59.677029 13714569 fork_posix.cc:71] Other threads are currently calling into gRPC, skipping fork() handlers
I0901 12:16:59.706185 13714569 fork_posix.cc:71] Other threads are currently calling into gRPC, skipping fork() handlers
[CAMERA_SERVICE_MANAGER] Stopped.
