2026-09-01 08:19:30,504 [INFO] gz_system.main_gz: gz-transport env: GZ_PARTITION=kursad40 GZ_IP=127.0.0.1
2026-09-01 08:19:30,506 [INFO] gz_system.gz_camera_source: Gazebo kamera servisi kontrol ediliyor (topic=/world/default/model/x500_mono_cam_down_0/link/camera_link/sensor/camera/image)...
[CAMERA_SERVICE_MANAGER] Starting camera_service.py (topic=/world/default/model/x500_mono_cam_down_0/link/camera_link/sensor/camera/image, zmq=tcp://127.0.0.1:5555)...
QGC port check failed, reporting UNKNOWN: (pid=23991)
[CAMERA_SERVICE_MANAGER] gz-transport env for child: GZ_PARTITION=kursad40 GZ_IP=127.0.0.1
[CAMERA_SERVICE_MANAGER] Started (PID: 24046).
[CAMERA_CLIENT] Connecting to ZMQ publisher at tcp://127.0.0.1:5555...2026-09-01 08:19:31,520 [INFO] gz_system.gz_camera_source: Gazebo kamera istemcisi baslatildi.

[CAMERA_CLIENT] Connected. Waiting for frames...
2026-09-01 08:19:31,523 [INFO] gz_system.gz_pose_monitor: Gazebo poz izleyicisi basladi: /world/default/dynamic_pose/info
2026-09-01 08:19:31,523 [INFO] core.detection.detection_publisher: [DETECTION_PUB] tespit yayini acik: tcp://127.0.0.1:5556
2026-09-01 08:19:31,524 [INFO] core.detection.vision_runtime: [VISION] pipeline basladi (mission omru boyunca calisir).
2026-09-01 08:19:31,524 [INFO] core.mission.master_fsm: MASTER MISSION CONTROLLER BASLATILDI
2026-09-01 08:19:31,524 [WARNING] core.detection.vision_runtime: Frame grab loop hatasi (art arda 1. hata, mission etkilenmez): Gazebo kameradan kare okunamadi. Henuz kare alinmadi veya baglanti koptu.
2026-09-01 08:19:31,524 [WARNING] core.detection.vision_runtime: [VISION] detect() basarisiz (art arda 1. hata, mission etkilenmez): Gazebo kameradan kare okunamadi. Henuz kare alinmadi veya baglanti koptu.
2026-09-01 08:19:31,524 [INFO] core.mission.gorev2_orchestrator: GOREV 2 BASLIYOR
2026-09-01 08:19:31,524 [INFO] mavsdk_common.mavsdk_backend_base: Drone'a bağlanılıyor: udp://:14540
Connection using udp:// is deprecated, please use udpin:// or udpout:// (cli_arg.cpp:28)
2026-09-01 08:19:32,459 [INFO] mavsdk_common.mavsdk_backend_base: Drone bağlantısı bekleniyor...
2026-09-01 08:19:32,460 [INFO] mavsdk_common.mavsdk_backend_base: Drone bağlandı!
2026-09-01 08:19:32,479 [INFO] mavsdk_common.mavsdk_backend_base: [TELEMETRY] position rate 10.0 Hz istendi.
2026-09-01 08:19:32,498 [INFO] mavsdk_common.mavsdk_backend_base: [TELEMETRY] position_velocity_ned rate 10.0 Hz istendi.
QGC port check failed, reporting UNKNOWN: (pid=23991)
2026-09-01 08:19:32,511 [INFO] mavsdk_common.mavsdk_backend_base: [TELEMETRY] attitude_euler rate 10.0 Hz istendi.
2026-09-01 08:19:33,173 [INFO] mavsdk_common.mavsdk_backend_base: Drone arm ediliyor...
2026-09-01 08:19:33,192 [INFO] mavsdk_common.mavsdk_backend_base: Kalkış yapılıyor (Hedef: 15.0m)...
QGC port check failed, reporting UNKNOWN: (pid=23991)
2026-09-01 08:19:34,573 [INFO] core.detection.vision_runtime: [VISION] detect() calisiyor -- bu karede 0 tespit: []
2026-09-01 08:19:35,521 [INFO] gz_system.main_gz: Dashboard paint loop: 0.0 FPS (main thread)
QGC port check failed, reporting UNKNOWN: (pid=23991)
2026-09-01 08:19:37,601 [INFO] core.detection.vision_runtime: [VISION] detect() calisiyor -- bu karede 0 tespit: []
QGC port check failed, reporting UNKNOWN: (pid=23991)
2026-09-01 08:19:40,522 [INFO] gz_system.main_gz: Dashboard paint loop: 0.0 FPS (main thread)
QGC port check failed, reporting UNKNOWN: (pid=23991)
2026-09-01 08:19:40,634 [INFO] core.detection.vision_runtime: [VISION] detect() calisiyor -- bu karede 0 tespit: []
QGC port check failed, reporting UNKNOWN: (pid=23991)
2026-09-01 08:19:43,666 [INFO] core.detection.vision_runtime: [VISION] detect() calisiyor -- bu karede 0 tespit: []
QGC port check failed, reporting UNKNOWN: (pid=23991)
2026-09-01 08:19:45,543 [INFO] gz_system.main_gz: Dashboard paint loop: 0.0 FPS (main thread)
QGC port check failed, reporting UNKNOWN: (pid=23991)
2026-09-01 08:19:46,712 [INFO] core.detection.vision_runtime: [VISION] detect() calisiyor -- bu karede 0 tespit: []
QGC port check failed, reporting UNKNOWN: (pid=23991)
2026-09-01 08:19:49,758 [INFO] core.detection.vision_runtime: [VISION] detect() calisiyor -- bu karede 0 tespit: []
2026-09-01 08:19:49,762 [INFO] core.mission.gorev2_orchestrator: Start Checkpoint kaydedildi: (47.3977462, 8.5461638, 14.145000457763672)
2026-09-01 08:19:49,812 [INFO] core.mission.gorev2_orchestrator: [ROUTE_REJOIN] rota ekseni tespit edildi: sabit=lon (lat_span=0.001258, lon_span=0.000000).
2026-09-01 08:19:49,842 [INFO] core.mission.gorev2_orchestrator: [MISSION_START] Rota dogrulandi (3 item): 0:NAV_TAKEOFF, 1:NAV_WAYPOINT, 2:NAV_WAYPOINT
2026-09-01 08:19:49,842 [INFO] core.mission.gorev2_orchestrator: [MISSION_START] Baslangic indeksi: 1
2026-09-01 08:19:49,843 [INFO] core.mission.gorev2_orchestrator: [MISSION_START] 3.0s stabilizasyon bekleniyor...
QGC port check failed, reporting UNKNOWN: (pid=23991)
2026-09-01 08:19:50,554 [INFO] gz_system.main_gz: Dashboard paint loop: 0.0 FPS (main thread)
QGC port check failed, reporting UNKNOWN: (pid=24101)
2026-09-01 08:19:52,789 [INFO] core.detection.vision_runtime: [VISION] detect() calisiyor -- bu karede 0 tespit: []
2026-09-01 08:19:53,376 [INFO] core.mission.gorev2_orchestrator: [MISSION_START] PX4 mevcut gorev ogesi 1 olarak ayarlandi (seq0 NAV_TAKEOFF atlandi -- kalkis zaten yapildi).
2026-09-01 08:19:53,376 [INFO] core.mission.gorev2_orchestrator: [MISSION_START] Yuklu gorev baslatiliyor...
Received ack for not-existing command: 176! Ignoring... (mavlink_command_sender.cpp:304)
2026-09-01 08:19:54,389 [INFO] core.mission.gorev2_orchestrator: [MISSION_START] PX4 MISSION moduna gecti -- arama fazi basliyor.
QGC port check failed, reporting UNKNOWN: (pid=24101)
2026-09-01 08:19:55,574 [INFO] gz_system.main_gz: Dashboard paint loop: 0.0 FPS (main thread)
2026-09-01 08:19:55,830 [INFO] core.detection.vision_runtime: [VISION] detect() calisiyor -- bu karede 0 tespit: []
QGC port check failed, reporting UNKNOWN: (pid=24101)
QGC port check failed, reporting UNKNOWN: (pid=24101)
2026-09-01 08:19:58,870 [INFO] core.detection.vision_runtime: [VISION] detect() calisiyor -- bu karede 0 tespit: []
QGC port check failed, reporting UNKNOWN: (pid=24101)
2026-09-01 08:20:00,602 [INFO] gz_system.main_gz: Dashboard paint loop: 0.0 FPS (main thread)
2026-09-01 08:20:01,910 [INFO] core.detection.vision_runtime: [VISION] detect() calisiyor -- bu karede 0 tespit: []
QGC port check failed, reporting UNKNOWN: (pid=24101)
2026-09-01 08:20:02,899 [INFO] core.navigation.centering_controller: Mission modu durduruluyor, Offboard'a geciliyor...
2026-09-01 08:20:02,899 [INFO] mavsdk_common.mavsdk_backend_base: Mission'dan Offboard'a geçiş yapılıyor...
2026-09-01 08:20:02,910 [INFO] mavsdk_common.mavsdk_backend_base: Offboard başlatılıyor...
Received ack for not-existing command: 176! Ignoring... (mavlink_command_sender.cpp:304)
Received ack for not-existing command: 176! Ignoring... (mavlink_command_sender.cpp:304)
2026-09-01 08:20:03,319 [INFO] core.mission.gorev2_orchestrator: KIRMIZI_UCGEN kucuk bir hedef -- merkezleme icin 8.0 m'ye alcaliniyor.
2026-09-01 08:20:03,319 [INFO] core.navigation.centering_controller: KIRMIZI_UCGEN hedefine merkezleniyor (irtifa hedefi: 8.0m, irtifa bandi +/-0.30m)...
2026-09-01 08:20:03,319 [WARNING] core.navigation.centering_controller: [CENTERING] KIRMIZI_UCGEN 1/200 hedef kayboldu (feed canli, hedef bu karede yok)
2026-09-01 08:20:03,624 [INFO] core.detection.camera_intrinsics: [CAMERA] intrinsics: hfov=1.7400 rad (99.7 deg) 1280x960 -> f=539.9 px (kaynak: ../../../Tools/simulation/gz/models/mono_cam/model.sdf)
2026-09-01 08:20:03,828 [INFO] core.navigation.centering_controller: [CENTERING] KIRMIZI_UCGEN 6/200 dx=-56px dy=+55px d=2.2m ex=-0.0875 ey=+0.1146 (tol +/-0.010) alt_err=+7.10m -> fwd=-0.17 right=-0.15 down=+0.45 m/s
2026-09-01 08:20:04,336 [INFO] core.navigation.centering_controller: [CENTERING] KIRMIZI_UCGEN 11/200 dx=-63px dy=-79px d=2.8m ex=-0.0984 ey=-0.1646 (tol +/-0.010) alt_err=+6.79m -> fwd=+0.25 right=-0.15 down=+1.20 m/s
QGC port check failed, reporting UNKNOWN: (pid=24101)
2026-09-01 08:20:04,876 [INFO] core.navigation.centering_controller: [CENTERING] KIRMIZI_UCGEN 16/200 dx=-63px dy=-164px d=4.6m ex=-0.0984 ey=-0.3417 (tol +/-0.010) alt_err=+6.12m -> fwd=+0.51 right=-0.15 down=+1.95 m/s
2026-09-01 08:20:04,988 [INFO] core.detection.vision_runtime: [VISION] detect() calisiyor -- bu karede 1 tespit: ['KIRMIZI_UCGEN']
2026-09-01 08:20:05,427 [INFO] core.navigation.centering_controller: [CENTERING] KIRMIZI_UCGEN 21/200 dx=-64px dy=-171px d=4.4m ex=-0.1000 ey=-0.3563 (tol +/-0.010) alt_err=+5.16m -> fwd=+0.53 right=-0.15 down=+2.58 m/s
2026-09-01 08:20:05,637 [INFO] gz_system.main_gz: Dashboard paint loop: 0.0 FPS (main thread)
2026-09-01 08:20:05,978 [INFO] core.navigation.centering_controller: [CENTERING] KIRMIZI_UCGEN 26/200 dx=-66px dy=-155px d=3.9m ex=-0.1031 ey=-0.3229 (tol +/-0.010) alt_err=+4.38m -> fwd=+0.48 right=-0.15 down=+2.19 m/s
2026-09-01 08:20:06,527 [INFO] core.navigation.centering_controller: [CENTERING] KIRMIZI_UCGEN 31/200 dx=-68px dy=-148px d=3.5m ex=-0.1062 ey=-0.3083 (tol +/-0.010) alt_err=+3.45m -> fwd=+0.46 right=-0.16 down=+1.72 m/s
QGC port check failed, reporting UNKNOWN: (pid=24101)
2026-09-01 08:20:07,079 [INFO] core.navigation.centering_controller: [CENTERING] KIRMIZI_UCGEN 36/200 dx=-67px dy=-151px d=3.3m ex=-0.1047 ey=-0.3146 (tol +/-0.010) alt_err=+2.69m -> fwd=+0.47 right=-0.16 down=+1.35 m/s
2026-09-01 08:20:07,630 [INFO] core.navigation.centering_controller: [CENTERING] KIRMIZI_UCGEN 41/200 dx=-66px dy=-155px d=3.1m ex=-0.1031 ey=-0.3229 (tol +/-0.010) alt_err=+1.90m -> fwd=+0.48 right=-0.15 down=+0.95 m/s
2026-09-01 08:20:08,068 [INFO] core.detection.vision_runtime: [VISION] detect() calisiyor -- bu karede 1 tespit: ['KIRMIZI_UCGEN']
2026-09-01 08:20:08,179 [INFO] core.navigation.centering_controller: [CENTERING] KIRMIZI_UCGEN 46/200 dx=-63px dy=-154px d=2.9m ex=-0.0984 ey=-0.3208 (tol +/-0.010) alt_err=+1.44m -> fwd=+0.48 right=-0.15 down=+0.72 m/s
QGC port check failed, reporting UNKNOWN: (pid=24101)
2026-09-01 08:20:08,731 [INFO] core.navigation.centering_controller: [CENTERING] KIRMIZI_UCGEN 51/200 dx=-61px dy=-149px d=2.7m ex=-0.0953 ey=-0.3104 (tol +/-0.010) alt_err=+1.03m -> fwd=+0.47 right=-0.15 down=+0.51 m/s
2026-09-01 08:20:09,284 [INFO] core.navigation.centering_controller: [CENTERING] KIRMIZI_UCGEN 56/200 dx=-56px dy=-142px d=2.5m ex=-0.0875 ey=-0.2958 (tol +/-0.010) alt_err=+0.79m -> fwd=+0.44 right=-0.15 down=+0.40 m/s
2026-09-01 08:20:09,833 [INFO] core.navigation.centering_controller: [CENTERING] KIRMIZI_UCGEN 61/200 dx=-52px dy=-134px d=2.3m ex=-0.0813 ey=-0.2792 (tol +/-0.010) alt_err=+0.57m -> fwd=+0.42 right=-0.15 down=+0.29 m/s
2026-09-01 08:20:10,384 [INFO] core.navigation.centering_controller: [CENTERING] KIRMIZI_UCGEN 66/200 dx=-45px dy=-125px d=2.1m ex=-0.0703 ey=-0.2604 (tol +/-0.010) alt_err=+0.44m -> fwd=+0.39 right=-0.15 down=+0.22 m/s
QGC port check failed, reporting UNKNOWN: (pid=24101)
2026-09-01 08:20:10,656 [INFO] gz_system.main_gz: Dashboard paint loop: 0.0 FPS (main thread)
2026-09-01 08:20:10,935 [INFO] core.navigation.centering_controller: [CENTERING] KIRMIZI_UCGEN 71/200 dx=-43px dy=-116px d=1.9m ex=-0.0672 ey=-0.2417 (tol +/-0.010) alt_err=+0.31m -> fwd=+0.36 right=-0.15 down=+0.16 m/s
2026-09-01 08:20:11,154 [INFO] core.detection.vision_runtime: [VISION] detect() calisiyor -- bu karede 1 tespit: ['KIRMIZI_UCGEN']
2026-09-01 08:20:11,484 [INFO] core.navigation.centering_controller: [CENTERING] KIRMIZI_UCGEN 76/200 dx=-36px dy=-108px d=1.7m ex=-0.0563 ey=-0.2250 (tol +/-0.010) alt_err=+0.25m -> fwd=+0.34 right=-0.15 down=+0.12 m/s
2026-09-01 08:20:12,034 [INFO] core.navigation.centering_controller: [CENTERING] KIRMIZI_UCGEN 81/200 dx=-32px dy=-99px d=1.6m ex=-0.0500 ey=-0.2062 (tol +/-0.010) alt_err=+0.19m -> fwd=+0.31 right=-0.15 down=+0.09 m/s
QGC port check failed, reporting UNKNOWN: (pid=24101)
2026-09-01 08:20:12,585 [INFO] core.navigation.centering_controller: [CENTERING] KIRMIZI_UCGEN 86/200 dx=-26px dy=-92px d=1.4m ex=-0.0406 ey=-0.1917 (tol +/-0.010) alt_err=+0.15m -> fwd=+0.29 right=-0.15 down=+0.07 m/s
2026-09-01 08:20:13,134 [INFO] core.navigation.centering_controller: [CENTERING] KIRMIZI_UCGEN 91/200 dx=-23px dy=-83px d=1.3m ex=-0.0359 ey=-0.1729 (tol +/-0.010) alt_err=+0.11m -> fwd=+0.26 right=-0.15 down=+0.05 m/s
2026-09-01 08:20:13,685 [INFO] core.navigation.centering_controller: [CENTERING] KIRMIZI_UCGEN 96/200 dx=-15px dy=-76px d=1.2m ex=-0.0234 ey=-0.1583 (tol +/-0.010) alt_err=+0.08m -> fwd=+0.24 right=-0.15 down=+0.04 m/s
2026-09-01 08:20:14,233 [INFO] core.detection.vision_runtime: [VISION] detect() calisiyor -- bu karede 1 tespit: ['KIRMIZI_UCGEN']
2026-09-01 08:20:14,234 [INFO] core.navigation.centering_controller: [CENTERING] KIRMIZI_UCGEN 101/200 dx=-10px dy=-69px d=1.0m ex=-0.0156 ey=-0.1437 (tol +/-0.010) alt_err=+0.06m -> fwd=+0.22 right=-0.15 down=+0.03 m/s
QGC port check failed, reporting UNKNOWN: (pid=24101)
2026-09-01 08:20:14,783 [INFO] core.navigation.centering_controller: [CENTERING] KIRMIZI_UCGEN 106/200 dx=+2px dy=-62px d=0.9m ex=+0.0031 ey=-0.1292 (tol +/-0.010) alt_err=+0.04m -> fwd=+0.19 right=+0.00 down=+0.02 m/s
2026-09-01 08:20:15,333 [INFO] core.navigation.centering_controller: [CENTERING] KIRMIZI_UCGEN 111/200 dx=+19px dy=-56px d=0.9m ex=+0.0297 ey=-0.1167 (tol +/-0.010) alt_err=+0.02m -> fwd=+0.17 right=+0.15 down=+0.01 m/s
2026-09-01 08:20:15,660 [INFO] gz_system.main_gz: Dashboard paint loop: 0.0 FPS (main thread)
2026-09-01 08:20:15,883 [INFO] core.navigation.centering_controller: [CENTERING] KIRMIZI_UCGEN 116/200 dx=+5px dy=-50px d=0.7m ex=+0.0078 ey=-0.1042 (tol +/-0.010) alt_err=+0.01m -> fwd=+0.16 right=+0.00 down=+0.01 m/s
2026-09-01 08:20:16,432 [INFO] core.navigation.centering_controller: [CENTERING] KIRMIZI_UCGEN 121/200 dx=-18px dy=-45px d=0.7m ex=-0.0281 ey=-0.0938 (tol +/-0.010) alt_err=+0.01m -> fwd=+0.15 right=-0.15 down=+0.00 m/s
QGC port check failed, reporting UNKNOWN: (pid=24101)
2026-09-01 08:20:16,979 [INFO] core.navigation.centering_controller: [CENTERING] KIRMIZI_UCGEN 126/200 dx=-12px dy=-41px d=0.6m ex=-0.0187 ey=-0.0854 (tol +/-0.010) alt_err=+0.00m -> fwd=+0.15 right=-0.15 down=+0.00 m/s
2026-09-01 08:20:17,311 [INFO] core.detection.vision_runtime: [VISION] detect() calisiyor -- bu karede 1 tespit: ['KIRMIZI_UCGEN']
2026-09-01 08:20:17,532 [INFO] core.navigation.centering_controller: [CENTERING] KIRMIZI_UCGEN 131/200 dx=+0px dy=-37px d=0.5m ex=+0.0000 ey=-0.0771 (tol +/-0.010) alt_err=-0.01m -> fwd=+0.15 right=+0.00 down=-0.01 m/s
2026-09-01 08:20:18,079 [INFO] core.navigation.centering_controller: [CENTERING] KIRMIZI_UCGEN 136/200 dx=+24px dy=-32px d=0.6m ex=+0.0375 ey=-0.0667 (tol +/-0.010) alt_err=-0.01m -> fwd=+0.15 right=+0.15 down=-0.00 m/s
QGC port check failed, reporting UNKNOWN: (pid=24101)
2026-09-01 08:20:18,629 [INFO] core.navigation.centering_controller: [CENTERING] KIRMIZI_UCGEN 141/200 dx=+11px dy=-27px d=0.4m ex=+0.0172 ey=-0.0563 (tol +/-0.010) alt_err=-0.01m -> fwd=+0.15 right=+0.15 down=-0.00 m/s
2026-09-01 08:20:19,176 [INFO] core.navigation.centering_controller: [CENTERING] KIRMIZI_UCGEN 146/200 dx=+1px dy=-23px d=0.3m ex=+0.0016 ey=-0.0479 (tol +/-0.010) alt_err=-0.00m -> fwd=+0.15 right=+0.00 down=-0.00 m/s
2026-09-01 08:20:19,727 [INFO] core.navigation.centering_controller: [CENTERING] KIRMIZI_UCGEN 151/200 dx=-22px dy=-19px d=0.4m ex=-0.0344 ey=-0.0396 (tol +/-0.010) alt_err=+0.00m -> fwd=+0.15 right=-0.15 down=+0.00 m/s
2026-09-01 08:20:20,279 [INFO] core.navigation.centering_controller: [CENTERING] KIRMIZI_UCGEN 156/200 dx=-10px dy=-14px d=0.3m ex=-0.0156 ey=-0.0292 (tol +/-0.010) alt_err=+0.00m -> fwd=+0.15 right=-0.15 down=+0.00 m/s
2026-09-01 08:20:20,390 [INFO] core.detection.vision_runtime: [VISION] detect() calisiyor -- bu karede 1 tespit: ['KIRMIZI_UCGEN']
QGC port check failed, reporting UNKNOWN: (pid=24101)
2026-09-01 08:20:20,693 [INFO] gz_system.main_gz: Dashboard paint loop: 0.0 FPS (main thread)
2026-09-01 08:20:20,831 [INFO] core.navigation.centering_controller: [CENTERING] KIRMIZI_UCGEN 161/200 dx=+9px dy=-7px d=0.2m ex=+0.0141 ey=-0.0146 (tol +/-0.010) alt_err=-0.01m -> fwd=+0.15 right=+0.15 down=-0.01 m/s
2026-09-01 08:20:21,383 [INFO] core.navigation.centering_controller: [CENTERING] KIRMIZI_UCGEN 166/200 dx=+19px dy=+5px d=0.3m ex=+0.0297 ey=+0.0104 (tol +/-0.010) alt_err=-0.03m -> fwd=-0.15 right=+0.15 down=-0.01 m/s
2026-09-01 08:20:21,933 [INFO] core.navigation.centering_controller: [CENTERING] KIRMIZI_UCGEN 171/200 dx=+3px dy=+18px d=0.3m ex=+0.0047 ey=+0.0375 (tol +/-0.010) alt_err=-0.04m -> fwd=-0.15 right=+0.00 down=-0.02 m/s
2026-09-01 08:20:22,485 [INFO] core.navigation.centering_controller: [CENTERING] KIRMIZI_UCGEN 176/200 dx=-22px dy=+4px d=0.3m ex=-0.0344 ey=+0.0083 (tol +/-0.010) alt_err=-0.04m -> fwd=+0.00 right=-0.15 down=-0.02 m/s
QGC port check failed, reporting UNKNOWN: (pid=24101)
2026-09-01 08:20:23,038 [INFO] core.navigation.centering_controller: [CENTERING] KIRMIZI_UCGEN 181/200 dx=-10px dy=-27px d=0.4m ex=-0.0156 ey=-0.0563 (tol +/-0.010) alt_err=-0.04m -> fwd=+0.15 right=-0.15 down=-0.02 m/s
2026-09-01 08:20:23,476 [INFO] core.detection.vision_runtime: [VISION] detect() calisiyor -- bu karede 1 tespit: ['KIRMIZI_UCGEN']
2026-09-01 08:20:23,588 [INFO] core.navigation.centering_controller: [CENTERING] KIRMIZI_UCGEN 186/200 dx=+10px dy=-16px d=0.3m ex=+0.0156 ey=-0.0333 (tol +/-0.010) alt_err=-0.03m -> fwd=+0.15 right=+0.15 down=-0.01 m/s
2026-09-01 08:20:24,141 [INFO] core.navigation.centering_controller: [CENTERING] KIRMIZI_UCGEN 191/200 dx=+23px dy=-6px d=0.4m ex=+0.0359 ey=-0.0125 (tol +/-0.010) alt_err=-0.03m -> fwd=+0.15 right=+0.15 down=-0.01 m/s
QGC port check failed, reporting UNKNOWN: (pid=24101)
2026-09-01 08:20:24,689 [INFO] core.navigation.centering_controller: [CENTERING] KIRMIZI_UCGEN 196/200 dx=+5px dy=+18px d=0.3m ex=+0.0078 ey=+0.0375 (tol +/-0.010) alt_err=-0.02m -> fwd=-0.15 right=+0.00 down=-0.01 m/s
2026-09-01 08:20:25,239 [ERROR] core.navigation.centering_controller: Merkezleme zaman asimina ugradi! (200 deneme / 20.0s butcesi doldu)
2026-09-01 08:20:25,239 [WARNING] core.mission.gorev2_orchestrator: [RETRY_IN_PLACE] KIRMIZI_UCGEN 1/3 merkezlenemedi -- 5s yerinde beklenip tekrar denenecek (hedef goruniyor, d=0.59m).
2026-09-01 08:20:25,722 [INFO] gz_system.main_gz: Dashboard paint loop: 0.0 FPS (main thread)
2026-09-01 08:20:26,557 [INFO] core.detection.vision_runtime: [VISION] detect() calisiyor -- bu karede 1 tespit: ['KIRMIZI_UCGEN']
QGC port check failed, reporting UNKNOWN: (pid=24101)
QGC port check failed, reporting UNKNOWN: (pid=24101)
2026-09-01 08:20:29,640 [INFO] core.detection.vision_runtime: [VISION] detect() calisiyor -- bu karede 1 tespit: ['KIRMIZI_UCGEN']
2026-09-01 08:20:30,297 [INFO] core.navigation.centering_controller: KIRMIZI_UCGEN hedefine merkezleniyor (irtifa hedefi: 8.0m, irtifa bandi +/-0.30m)...
2026-09-01 08:20:30,297 [INFO] core.navigation.centering_controller: Merkezleme tamamlandi. (attempt 1/150, dx=-6px dy=-4px ex=-0.0094 ey=-0.0083 alt_err=-0.05m)
QGC port check failed, reporting UNKNOWN: (pid=24101)
2026-09-01 08:20:30,723 [INFO] gz_system.main_gz: Dashboard paint loop: 0.0 FPS (main thread)
QGC port check failed, reporting UNKNOWN: (pid=24101)
2026-09-01 08:20:32,712 [INFO] core.detection.vision_runtime: [VISION] detect() calisiyor -- bu karede 1 tespit: ['KIRMIZI_UCGEN']
2026-09-01 08:20:33,373 [INFO] core.mission.gorev2_orchestrator: [POST_LOCK_DRIFT] KIRMIZI_UCGEN 3s: peak=4.1px final=4.1px (11.43cm / 11.43cm), 28 ornek, 0 kayip
2026-09-01 08:20:33,373 [INFO] core.navigation.centering_controller: 2.0 saniye hover yapiliyor (Konum dogrulama)...
QGC port check failed, reporting UNKNOWN: (pid=24101)
2026-09-01 08:20:35,463 [INFO] core.position_log.position_store: Konum basariyla kaydedildi: KIRMIZI_UCGEN (ilk)
2026-09-01 08:20:35,464 [INFO] core.mission.gorev2_orchestrator: Kirmizi Ucgen ortalandi ama payload 1 henuz birakilmadi -- interlock geregi yerinde birakma atlaniyor; toplu birakmada dogru sirada yapilacak.
2026-09-01 08:20:35,464 [INFO] core.mission.gorev2_orchestrator: [ROUTE_REJOIN] rota hattina donuluyor (sabit eksen=lon): hedef lat=47.3981765 lon=8.5461639 (mevcut lat=47.3981765 lon=8.5461437).
2026-09-01 08:20:35,464 [INFO] core.navigation.centering_controller: Kayitli GPS konumuna gidiliyor: lat=47.3981765, lon=8.5461639, alt=15.0m
2026-09-01 08:20:35,748 [INFO] gz_system.main_gz: Dashboard paint loop: 0.0 FPS (main thread)
2026-09-01 08:20:35,791 [INFO] core.detection.vision_runtime: [VISION] detect() calisiyor -- bu karede 1 tespit: ['KIRMIZI_UCGEN']
QGC port check failed, reporting UNKNOWN: (pid=24101)
QGC port check failed, reporting UNKNOWN: (pid=24101)
2026-09-01 08:20:38,885 [INFO] core.detection.vision_runtime: [VISION] detect() calisiyor -- bu karede 1 tespit: ['KIRMIZI_UCGEN']
2026-09-01 08:20:39,873 [INFO] mavsdk_common.mavsdk_backend_base: Offboard durduruluyor...
Received ack for not-existing command: 176! Ignoring... (mavlink_command_sender.cpp:304)
QGC port check failed, reporting UNKNOWN: (pid=24101)
2026-09-01 08:20:40,684 [INFO] core.mission.gorev2_orchestrator: [MISSION_RESUME] rota 2. ogeden devam ettiriliyor.
Received ack for not-existing command: 176! Ignoring... (mavlink_command_sender.cpp:304)
2026-09-01 08:20:40,765 [INFO] gz_system.main_gz: Dashboard paint loop: 0.0 FPS (main thread)
2026-09-01 08:20:41,961 [INFO] core.detection.vision_runtime: [VISION] detect() calisiyor -- bu karede 1 tespit: ['KIRMIZI_UCGEN']
QGC port check failed, reporting UNKNOWN: (pid=24101)
QGC port check failed, reporting UNKNOWN: (pid=24101)
2026-09-01 08:20:45,038 [INFO] core.detection.vision_runtime: [VISION] detect() calisiyor -- bu karede 1 tespit: ['KIRMIZI_UCGEN']
2026-09-01 08:20:45,795 [INFO] gz_system.main_gz: Dashboard paint loop: 0.0 FPS (main thread)
QGC port check failed, reporting UNKNOWN: (pid=24101)
2026-09-01 08:20:48,082 [INFO] core.detection.vision_runtime: [VISION] detect() calisiyor -- bu karede 1 tespit: ['KIRMIZI_DIKDORTGEN']
QGC port check failed, reporting UNKNOWN: (pid=24101)
QGC port check failed, reporting UNKNOWN: (pid=24101)
2026-09-01 08:20:50,812 [INFO] gz_system.main_gz: Dashboard paint loop: 0.0 FPS (main thread)
2026-09-01 08:20:51,166 [INFO] core.detection.vision_runtime: [VISION] detect() calisiyor -- bu karede 2 tespit: ['KIRMIZI_DIKDORTGEN', 'MAVI_DIKDORTGEN']
QGC port check failed, reporting UNKNOWN: (pid=24101)
2026-09-01 08:20:54,255 [INFO] core.detection.vision_runtime: [VISION] detect() calisiyor -- bu karede 1 tespit: ['MAVI_DIKDORTGEN']
QGC port check failed, reporting UNKNOWN: (pid=24101)
2026-09-01 08:20:55,324 [INFO] core.navigation.centering_controller: Mission modu durduruluyor, Offboard'a geciliyor...
2026-09-01 08:20:55,324 [INFO] mavsdk_common.mavsdk_backend_base: Mission'dan Offboard'a geçiş yapılıyor...
Received ack for not-existing command: 176! Ignoring... (mavlink_command_sender.cpp:304)
2026-09-01 08:20:55,341 [INFO] mavsdk_common.mavsdk_backend_base: Offboard başlatılıyor...
Received ack for not-existing command: 176! Ignoring... (mavlink_command_sender.cpp:304)
2026-09-01 08:20:55,844 [INFO] gz_system.main_gz: Dashboard paint loop: 0.0 FPS (main thread)
2026-09-01 08:20:56,365 [INFO] core.navigation.centering_controller: MAVI_ALTIGEN hedefine merkezleniyor (irtifa hedefi: 15.0m, irtifa bandi +/-0.30m)...
2026-09-01 08:20:56,366 [INFO] core.navigation.centering_controller: [CENTERING] MAVI_ALTIGEN 1/150 dx=+352px dy=+26px d=9.8m ex=+0.5500 ey=+0.0542 (tol +/-0.010) alt_err=+0.06m -> fwd=-0.15 right=+0.15 down=+0.03 m/s
QGC port check failed, reporting UNKNOWN: (pid=24101)
2026-09-01 08:20:56,922 [INFO] core.navigation.centering_controller: [CENTERING] MAVI_ALTIGEN 6/150 dx=+430px dy=-113px d=12.4m ex=+0.6719 ey=-0.2354 (tol +/-0.010) alt_err=+0.01m -> fwd=+0.35 right=+0.90 down=+0.01 m/s
2026-09-01 08:20:57,258 [INFO] core.detection.vision_runtime: [VISION] detect() calisiyor -- bu karede 1 tespit: ['MAVI_ALTIGEN']
2026-09-01 08:20:57,483 [INFO] core.navigation.centering_controller: [CENTERING] MAVI_ALTIGEN 11/150 dx=+450px dy=-155px d=13.2m ex=+0.7031 ey=-0.3229 (tol +/-0.010) alt_err=+0.02m -> fwd=+0.48 right=+1.05 down=+0.01 m/s
2026-09-01 08:20:58,038 [INFO] core.navigation.centering_controller: [CENTERING] MAVI_ALTIGEN 16/150 dx=+354px dy=-120px d=10.4m ex=+0.5531 ey=-0.2500 (tol +/-0.010) alt_err=+0.02m -> fwd=+0.38 right=+0.83 down=+0.01 m/s
2026-09-01 08:20:58,591 [INFO] core.navigation.centering_controller: [CENTERING] MAVI_ALTIGEN 21/150 dx=+313px dy=-100px d=9.1m ex=+0.4891 ey=-0.2083 (tol +/-0.010) alt_err=+0.01m -> fwd=+0.31 right=+0.73 down=+0.00 m/s
QGC port check failed, reporting UNKNOWN: (pid=24101)
2026-09-01 08:20:59,142 [INFO] core.navigation.centering_controller: [CENTERING] MAVI_ALTIGEN 26/150 dx=+306px dy=-99px d=8.9m ex=+0.4781 ey=-0.2062 (tol +/-0.010) alt_err=-0.00m -> fwd=+0.31 right=+0.72 down=-0.00 m/s
2026-09-01 08:20:59,691 [INFO] core.navigation.centering_controller: [CENTERING] MAVI_ALTIGEN 31/150 dx=+297px dy=-101px d=8.7m ex=+0.4641 ey=-0.2104 (tol +/-0.010) alt_err=-0.01m -> fwd=+0.32 right=+0.70 down=-0.00 m/s
2026-09-01 08:21:00,241 [INFO] core.navigation.centering_controller: [CENTERING] MAVI_ALTIGEN 36/150 dx=+279px dy=-98px d=8.2m ex=+0.4359 ey=-0.2042 (tol +/-0.010) alt_err=-0.01m -> fwd=+0.31 right=+0.65 down=-0.00 m/s
2026-09-01 08:21:00,350 [INFO] core.detection.vision_runtime: [VISION] detect() calisiyor -- bu karede 1 tespit: ['MAVI_ALTIGEN']
QGC port check failed, reporting UNKNOWN: (pid=24101)
2026-09-01 08:21:00,792 [INFO] core.navigation.centering_controller: [CENTERING] MAVI_ALTIGEN 41/150 dx=+261px dy=-94px d=7.7m ex=+0.4078 ey=-0.1958 (tol +/-0.010) alt_err=-0.01m -> fwd=+0.29 right=+0.61 down=-0.01 m/s
2026-09-01 08:21:00,861 [INFO] gz_system.main_gz: Dashboard paint loop: 0.0 FPS (main thread)
2026-09-01 08:21:01,344 [INFO] core.navigation.centering_controller: [CENTERING] MAVI_ALTIGEN 46/150 dx=+248px dy=-91px d=7.3m ex=+0.3875 ey=-0.1896 (tol +/-0.010) alt_err=-0.02m -> fwd=+0.28 right=+0.58 down=-0.01 m/s
2026-09-01 08:21:01,892 [INFO] core.navigation.centering_controller: [CENTERING] MAVI_ALTIGEN 51/150 dx=+235px dy=-89px d=7.0m ex=+0.3672 ey=-0.1854 (tol +/-0.010) alt_err=-0.02m -> fwd=+0.28 right=+0.55 down=-0.01 m/s
2026-09-01 08:21:02,443 [INFO] core.navigation.centering_controller: [CENTERING] MAVI_ALTIGEN 56/150 dx=+222px dy=-88px d=6.6m ex=+0.3469 ey=-0.1833 (tol +/-0.010) alt_err=-0.03m -> fwd=+0.27 right=+0.52 down=-0.01 m/s
QGC port check failed, reporting UNKNOWN: (pid=24101)
2026-09-01 08:21:02,993 [INFO] core.navigation.centering_controller: [CENTERING] MAVI_ALTIGEN 61/150 dx=+210px dy=-83px d=6.3m ex=+0.3281 ey=-0.1729 (tol +/-0.010) alt_err=-0.03m -> fwd=+0.26 right=+0.49 down=-0.01 m/s
2026-09-01 08:21:03,432 [INFO] core.detection.vision_runtime: [VISION] detect() calisiyor -- bu karede 1 tespit: ['MAVI_ALTIGEN']
2026-09-01 08:21:03,544 [INFO] core.navigation.centering_controller: [CENTERING] MAVI_ALTIGEN 66/150 dx=+200px dy=-80px d=6.0m ex=+0.3125 ey=-0.1667 (tol +/-0.010) alt_err=-0.02m -> fwd=+0.25 right=+0.47 down=-0.01 m/s
2026-09-01 08:21:04,098 [INFO] core.navigation.centering_controller: [CENTERING] MAVI_ALTIGEN 71/150 dx=+188px dy=-78px d=5.6m ex=+0.2938 ey=-0.1625 (tol +/-0.010) alt_err=-0.02m -> fwd=+0.24 right=+0.44 down=-0.01 m/s
2026-09-01 08:21:04,653 [INFO] core.navigation.centering_controller: [CENTERING] MAVI_ALTIGEN 76/150 dx=+179px dy=-75px d=5.4m ex=+0.2797 ey=-0.1562 (tol +/-0.010) alt_err=-0.02m -> fwd=+0.23 right=+0.42 down=-0.01 m/s
QGC port check failed, reporting UNKNOWN: (pid=24101)
2026-09-01 08:21:05,205 [INFO] core.navigation.centering_controller: [CENTERING] MAVI_ALTIGEN 81/150 dx=+169px dy=-71px d=5.1m ex=+0.2641 ey=-0.1479 (tol +/-0.010) alt_err=-0.01m -> fwd=+0.22 right=+0.40 down=-0.01 m/s
2026-09-01 08:21:05,756 [INFO] core.navigation.centering_controller: [CENTERING] MAVI_ALTIGEN 86/150 dx=+160px dy=-69px d=4.8m ex=+0.2500 ey=-0.1437 (tol +/-0.010) alt_err=-0.01m -> fwd=+0.22 right=+0.38 down=-0.00 m/s
2026-09-01 08:21:05,870 [INFO] gz_system.main_gz: Dashboard paint loop: 0.0 FPS (main thread)
2026-09-01 08:21:06,313 [INFO] core.navigation.centering_controller: [CENTERING] MAVI_ALTIGEN 91/150 dx=+151px dy=-65px d=4.6m ex=+0.2359 ey=-0.1354 (tol +/-0.010) alt_err=-0.01m -> fwd=+0.20 right=+0.35 down=-0.00 m/s
2026-09-01 08:21:06,535 [INFO] core.detection.vision_runtime: [VISION] detect() calisiyor -- bu karede 1 tespit: ['MAVI_ALTIGEN']
QGC port check failed, reporting UNKNOWN: (pid=24101)
2026-09-01 08:21:06,869 [INFO] core.navigation.centering_controller: [CENTERING] MAVI_ALTIGEN 96/150 dx=+145px dy=-63px d=4.4m ex=+0.2266 ey=-0.1313 (tol +/-0.010) alt_err=-0.01m -> fwd=+0.20 right=+0.34 down=-0.01 m/s
2026-09-01 08:21:07,424 [INFO] core.navigation.centering_controller: [CENTERING] MAVI_ALTIGEN 101/150 dx=+139px dy=-57px d=4.2m ex=+0.2172 ey=-0.1187 (tol +/-0.010) alt_err=-0.01m -> fwd=+0.18 right=+0.33 down=-0.01 m/s
2026-09-01 08:21:07,975 [INFO] core.navigation.centering_controller: [CENTERING] MAVI_ALTIGEN 106/150 dx=+133px dy=-55px d=4.0m ex=+0.2078 ey=-0.1146 (tol +/-0.010) alt_err=-0.02m -> fwd=+0.17 right=+0.31 down=-0.01 m/s
2026-09-01 08:21:08,534 [INFO] core.navigation.centering_controller: [CENTERING] MAVI_ALTIGEN 111/150 dx=+127px dy=-52px d=3.8m ex=+0.1984 ey=-0.1083 (tol +/-0.010) alt_err=-0.02m -> fwd=+0.16 right=+0.30 down=-0.01 m/s
QGC port check failed, reporting UNKNOWN: (pid=24101)
2026-09-01 08:21:09,096 [INFO] core.navigation.centering_controller: [CENTERING] MAVI_ALTIGEN 116/150 dx=+121px dy=-49px d=3.6m ex=+0.1891 ey=-0.1021 (tol +/-0.010) alt_err=-0.01m -> fwd=+0.15 right=+0.28 down=-0.00 m/s
2026-09-01 08:21:09,535 [INFO] core.detection.vision_runtime: [VISION] detect() calisiyor -- bu karede 1 tespit: ['MAVI_ALTIGEN']
2026-09-01 08:21:09,656 [INFO] core.navigation.centering_controller: [CENTERING] MAVI_ALTIGEN 121/150 dx=+116px dy=-46px d=3.5m ex=+0.1812 ey=-0.0958 (tol +/-0.010) alt_err=-0.00m -> fwd=+0.15 right=+0.27 down=-0.00 m/s
2026-09-01 08:21:10,201 [INFO] core.navigation.centering_controller: [CENTERING] MAVI_ALTIGEN 126/150 dx=+111px dy=-44px d=3.3m ex=+0.1734 ey=-0.0917 (tol +/-0.010) alt_err=+0.00m -> fwd=+0.15 right=+0.26 down=+0.00 m/s
QGC port check failed, reporting UNKNOWN: (pid=24101)
2026-09-01 08:21:10,756 [INFO] core.navigation.centering_controller: [CENTERING] MAVI_ALTIGEN 131/150 dx=+106px dy=-41px d=3.2m ex=+0.1656 ey=-0.0854 (tol +/-0.010) alt_err=+0.00m -> fwd=+0.15 right=+0.25 down=+0.00 m/s
2026-09-01 08:21:10,871 [INFO] gz_system.main_gz: Dashboard paint loop: 0.0 FPS (main thread)
2026-09-01 08:21:11,308 [INFO] core.navigation.centering_controller: [CENTERING] MAVI_ALTIGEN 136/150 dx=+99px dy=-39px d=3.0m ex=+0.1547 ey=-0.0813 (tol +/-0.010) alt_err=-0.00m -> fwd=+0.15 right=+0.23 down=-0.00 m/s
2026-09-01 08:21:11,858 [INFO] core.navigation.centering_controller: [CENTERING] MAVI_ALTIGEN 141/150 dx=+95px dy=-36px d=2.8m ex=+0.1484 ey=-0.0750 (tol +/-0.010) alt_err=+0.01m -> fwd=+0.15 right=+0.22 down=+0.00 m/s
2026-09-01 08:21:12,408 [INFO] core.navigation.centering_controller: [CENTERING] MAVI_ALTIGEN 146/150 dx=+92px dy=-34px d=2.7m ex=+0.1437 ey=-0.0708 (tol +/-0.010) alt_err=+0.01m -> fwd=+0.15 right=+0.22 down=+0.01 m/s
2026-09-01 08:21:12,627 [INFO] core.detection.vision_runtime: [VISION] detect() calisiyor -- bu karede 1 tespit: ['MAVI_ALTIGEN']
QGC port check failed, reporting UNKNOWN: (pid=24101)
2026-09-01 08:21:12,957 [ERROR] core.navigation.centering_controller: Merkezleme zaman asimina ugradi! (150 deneme / 15.0s butcesi doldu)
2026-09-01 08:21:12,957 [WARNING] core.mission.gorev2_orchestrator: [RETRY_IN_PLACE] MAVI_ALTIGEN 1/3 merkezlenemedi -- 5s yerinde beklenip tekrar denenecek (hedef goruniyor, d=2.55m).
QGC port check failed, reporting UNKNOWN: (pid=24101)
2026-09-01 08:21:15,710 [INFO] core.detection.vision_runtime: [VISION] detect() calisiyor -- bu karede 1 tespit: ['MAVI_ALTIGEN']
2026-09-01 08:21:15,890 [INFO] gz_system.main_gz: Dashboard paint loop: 0.0 FPS (main thread)
QGC port check failed, reporting UNKNOWN: (pid=24101)
2026-09-01 08:21:18,024 [INFO] core.navigation.centering_controller: MAVI_ALTIGEN hedefine merkezleniyor (irtifa hedefi: 15.0m, irtifa bandi +/-0.30m)...
2026-09-01 08:21:18,026 [INFO] core.navigation.centering_controller: [CENTERING] MAVI_ALTIGEN 1/150 dx=+83px dy=-29px d=2.4m ex=+0.1297 ey=-0.0604 (tol +/-0.010) alt_err=-0.02m -> fwd=+0.15 right=+0.15 down=-0.01 m/s
2026-09-01 08:21:18,575 [INFO] core.navigation.centering_controller: [CENTERING] MAVI_ALTIGEN 6/150 dx=+100px dy=-40px d=3.0m ex=+0.1562 ey=-0.0833 (tol +/-0.010) alt_err=-0.02m -> fwd=+0.15 right=+0.23 down=-0.01 m/s
QGC port check failed, reporting UNKNOWN: (pid=24101)
2026-09-01 08:21:18,795 [INFO] core.detection.vision_runtime: [VISION] detect() calisiyor -- bu karede 1 tespit: ['MAVI_ALTIGEN']
2026-09-01 08:21:19,126 [INFO] core.navigation.centering_controller: [CENTERING] MAVI_ALTIGEN 11/150 dx=+88px dy=-30px d=2.6m ex=+0.1375 ey=-0.0625 (tol +/-0.010) alt_err=-0.02m -> fwd=+0.15 right=+0.21 down=-0.01 m/s
2026-09-01 08:21:19,674 [INFO] core.navigation.centering_controller: [CENTERING] MAVI_ALTIGEN 16/150 dx=+78px dy=-24px d=2.3m ex=+0.1219 ey=-0.0500 (tol +/-0.010) alt_err=-0.02m -> fwd=+0.15 right=+0.18 down=-0.01 m/s
2026-09-01 08:21:20,222 [INFO] core.navigation.centering_controller: [CENTERING] MAVI_ALTIGEN 21/150 dx=+73px dy=-22px d=2.1m ex=+0.1141 ey=-0.0458 (tol +/-0.010) alt_err=-0.01m -> fwd=+0.15 right=+0.17 down=-0.01 m/s
QGC port check failed, reporting UNKNOWN: (pid=24101)
2026-09-01 08:21:20,771 [INFO] core.navigation.centering_controller: [CENTERING] MAVI_ALTIGEN 26/150 dx=+70px dy=-20px d=2.0m ex=+0.1094 ey=-0.0417 (tol +/-0.010) alt_err=-0.03m -> fwd=+0.15 right=+0.16 down=-0.01 m/s
2026-09-01 08:21:20,931 [INFO] gz_system.main_gz: Dashboard paint loop: 0.0 FPS (main thread)
2026-09-01 08:21:21,322 [INFO] core.navigation.centering_controller: [CENTERING] MAVI_ALTIGEN 31/150 dx=+67px dy=-16px d=1.9m ex=+0.1047 ey=-0.0333 (tol +/-0.010) alt_err=-0.03m -> fwd=+0.15 right=+0.16 down=-0.02 m/s
2026-09-01 08:21:21,868 [INFO] core.detection.vision_runtime: [VISION] detect() calisiyor -- bu karede 1 tespit: ['MAVI_ALTIGEN']
2026-09-01 08:21:21,869 [INFO] core.navigation.centering_controller: [CENTERING] MAVI_ALTIGEN 36/150 dx=+65px dy=-13px d=1.8m ex=+0.1016 ey=-0.0271 (tol +/-0.010) alt_err=-0.02m -> fwd=+0.15 right=+0.15 down=-0.01 m/s
2026-09-01 08:21:22,420 [INFO] core.navigation.centering_controller: [CENTERING] MAVI_ALTIGEN 41/150 dx=+61px dy=-10px d=1.7m ex=+0.0953 ey=-0.0208 (tol +/-0.010) alt_err=-0.01m -> fwd=+0.15 right=+0.15 down=-0.01 m/s
QGC port check failed, reporting UNKNOWN: (pid=24101)
2026-09-01 08:21:22,970 [INFO] core.navigation.centering_controller: [CENTERING] MAVI_ALTIGEN 46/150 dx=+58px dy=-7px d=1.6m ex=+0.0906 ey=-0.0146 (tol +/-0.010) alt_err=-0.01m -> fwd=+0.15 right=+0.15 down=-0.01 m/s
2026-09-01 08:21:23,522 [INFO] core.navigation.centering_controller: [CENTERING] MAVI_ALTIGEN 51/150 dx=+55px dy=+8px d=1.5m ex=+0.0859 ey=+0.0167 (tol +/-0.010) alt_err=-0.01m -> fwd=-0.15 right=+0.15 down=-0.01 m/s
2026-09-01 08:21:24,072 [INFO] core.navigation.centering_controller: [CENTERING] MAVI_ALTIGEN 56/150 dx=+53px dy=+15px d=1.5m ex=+0.0828 ey=+0.0312 (tol +/-0.010) alt_err=-0.00m -> fwd=-0.15 right=+0.15 down=-0.00 m/s
2026-09-01 08:21:24,621 [INFO] core.navigation.centering_controller: [CENTERING] MAVI_ALTIGEN 61/150 dx=+50px dy=+1px d=1.4m ex=+0.0781 ey=+0.0021 (tol +/-0.010) alt_err=-0.01m -> fwd=+0.00 right=+0.15 down=-0.01 m/s
QGC port check failed, reporting UNKNOWN: (pid=24101)
2026-09-01 08:21:24,950 [INFO] core.detection.vision_runtime: [VISION] detect() calisiyor -- bu karede 1 tespit: ['MAVI_ALTIGEN']
2026-09-01 08:21:25,171 [INFO] core.navigation.centering_controller: [CENTERING] MAVI_ALTIGEN 66/150 dx=+46px dy=-24px d=1.4m ex=+0.0719 ey=-0.0500 (tol +/-0.010) alt_err=-0.01m -> fwd=+0.15 right=+0.15 down=-0.01 m/s
2026-09-01 08:21:25,724 [INFO] core.navigation.centering_controller: [CENTERING] MAVI_ALTIGEN 71/150 dx=+43px dy=-10px d=1.2m ex=+0.0672 ey=-0.0208 (tol +/-0.010) alt_err=-0.01m -> fwd=+0.15 right=+0.15 down=-0.00 m/s
2026-09-01 08:21:25,966 [INFO] gz_system.main_gz: Dashboard paint loop: 0.0 FPS (main thread)
2026-09-01 08:21:26,275 [INFO] core.navigation.centering_controller: [CENTERING] MAVI_ALTIGEN 76/150 dx=+39px dy=-2px d=1.1m ex=+0.0609 ey=-0.0042 (tol +/-0.010) alt_err=-0.02m -> fwd=+0.00 right=+0.15 down=-0.01 m/s
QGC port check failed, reporting UNKNOWN: (pid=24101)
2026-09-01 08:21:26,825 [INFO] core.navigation.centering_controller: [CENTERING] MAVI_ALTIGEN 81/150 dx=+36px dy=+21px d=1.2m ex=+0.0563 ey=+0.0437 (tol +/-0.010) alt_err=-0.03m -> fwd=-0.15 right=+0.15 down=-0.01 m/s
2026-09-01 08:21:27,374 [INFO] core.navigation.centering_controller: [CENTERING] MAVI_ALTIGEN 86/150 dx=+34px dy=+7px d=1.0m ex=+0.0531 ey=+0.0146 (tol +/-0.010) alt_err=-0.02m -> fwd=-0.15 right=+0.15 down=-0.01 m/s
2026-09-01 08:21:27,925 [INFO] core.navigation.centering_controller: [CENTERING] MAVI_ALTIGEN 91/150 dx=+30px dy=-12px d=0.9m ex=+0.0469 ey=-0.0250 (tol +/-0.010) alt_err=-0.01m -> fwd=+0.15 right=+0.15 down=-0.01 m/s
2026-09-01 08:21:28,033 [INFO] core.detection.vision_runtime: [VISION] detect() calisiyor -- bu karede 1 tespit: ['MAVI_ALTIGEN']
2026-09-01 08:21:28,473 [INFO] core.navigation.centering_controller: [CENTERING] MAVI_ALTIGEN 96/150 dx=+27px dy=-19px d=0.9m ex=+0.0422 ey=-0.0396 (tol +/-0.010) alt_err=-0.01m -> fwd=+0.15 right=+0.15 down=-0.01 m/s
QGC port check failed, reporting UNKNOWN: (pid=24101)
2026-09-01 08:21:29,023 [INFO] core.navigation.centering_controller: [CENTERING] MAVI_ALTIGEN 101/150 dx=+24px dy=-8px d=0.7m ex=+0.0375 ey=-0.0167 (tol +/-0.010) alt_err=-0.02m -> fwd=+0.15 right=+0.15 down=-0.01 m/s
2026-09-01 08:21:29,574 [INFO] core.navigation.centering_controller: [CENTERING] MAVI_ALTIGEN 106/150 dx=+22px dy=-2px d=0.6m ex=+0.0344 ey=-0.0042 (tol +/-0.010) alt_err=-0.02m -> fwd=+0.00 right=+0.15 down=-0.01 m/s
2026-09-01 08:21:30,122 [INFO] core.navigation.centering_controller: [CENTERING] MAVI_ALTIGEN 111/150 dx=+19px dy=+19px d=0.7m ex=+0.0297 ey=+0.0396 (tol +/-0.010) alt_err=-0.02m -> fwd=-0.15 right=+0.15 down=-0.01 m/s
2026-09-01 08:21:30,675 [INFO] core.navigation.centering_controller: [CENTERING] MAVI_ALTIGEN 116/150 dx=+16px dy=+9px d=0.5m ex=+0.0250 ey=+0.0187 (tol +/-0.010) alt_err=-0.02m -> fwd=-0.15 right=+0.15 down=-0.01 m/s
QGC port check failed, reporting UNKNOWN: (pid=24101)
2026-09-01 08:21:30,980 [INFO] gz_system.main_gz: Dashboard paint loop: 0.0 FPS (main thread)
2026-09-01 08:21:31,114 [INFO] core.detection.vision_runtime: [VISION] detect() calisiyor -- bu karede 1 tespit: ['MAVI_ALTIGEN']
2026-09-01 08:21:31,227 [INFO] core.navigation.centering_controller: [CENTERING] MAVI_ALTIGEN 121/150 dx=+13px dy=-6px d=0.4m ex=+0.0203 ey=-0.0125 (tol +/-0.010) alt_err=-0.02m -> fwd=+0.15 right=+0.15 down=-0.01 m/s
2026-09-01 08:21:31,778 [INFO] core.navigation.centering_controller: [CENTERING] MAVI_ALTIGEN 126/150 dx=+9px dy=-21px d=0.6m ex=+0.0141 ey=-0.0437 (tol +/-0.010) alt_err=-0.02m -> fwd=+0.15 right=+0.15 down=-0.01 m/s
2026-09-01 08:21:32,325 [INFO] core.navigation.centering_controller: [CENTERING] MAVI_ALTIGEN 131/150 dx=+7px dy=-8px d=0.3m ex=+0.0109 ey=-0.0167 (tol +/-0.010) alt_err=-0.02m -> fwd=+0.15 right=+0.15 down=-0.01 m/s
2026-09-01 08:21:32,543 [INFO] core.navigation.centering_controller: Merkezleme tamamlandi. (attempt 133/150, dx=+5px dy=-4px ex=+0.0078 ey=-0.0083 alt_err=-0.03m)
QGC port check failed, reporting UNKNOWN: (pid=24101)
2026-09-01 08:21:34,189 [INFO] core.detection.vision_runtime: [VISION] detect() calisiyor -- bu karede 1 tespit: ['MAVI_ALTIGEN']
QGC port check failed, reporting UNKNOWN: (pid=24101)
2026-09-01 08:21:35,610 [INFO] core.mission.gorev2_orchestrator: [POST_LOCK_DRIFT] MAVI_ALTIGEN 3s: peak=19.2px final=9.2px (53.11cm / 25.49cm), 28 ornek, 0 kayip
2026-09-01 08:21:35,610 [INFO] core.navigation.centering_controller: 2.0 saniye hover yapiliyor (Konum dogrulama)...
2026-09-01 08:21:35,991 [INFO] gz_system.main_gz: Dashboard paint loop: 0.0 FPS (main thread)
QGC port check failed, reporting UNKNOWN: (pid=24101)
2026-09-01 08:21:37,251 [INFO] core.detection.vision_runtime: [VISION] detect() calisiyor -- bu karede 1 tespit: ['MAVI_ALTIGEN']
2026-09-01 08:21:37,689 [INFO] core.position_log.position_store: Konum basariyla kaydedildi: MAVI_ALTIGEN (ikinci)
2026-09-01 08:21:37,689 [INFO] core.mission.gorev2_orchestrator: Mavi Altigen ortalandi -- KIRMIZI yuk hemen birakiliyor.
2026-09-01 08:21:37,689 [INFO] core.mission.gorev2_fsm: PAYLOAD MISSION 1 basliyor (Mavi Altigen / RED payload)
2026-09-01 08:21:37,689 [INFO] core.navigation.centering_controller: Kayitli GPS konumuna gidiliyor: lat=47.3988314, lon=8.5462989, alt=15.0m
2026-09-01 08:21:37,689 [INFO] core.mission.payload_release: Yük bırakma başlatılıyor: MAVI_ALTIGEN
2026-09-01 08:21:37,689 [INFO] core.navigation.centering_controller: MAVI_ALTIGEN hedefine merkezleniyor (irtifa hedefi: 10.0m, irtifa bandi +/-0.30m)...
2026-09-01 08:21:37,690 [INFO] core.navigation.centering_controller: [CENTERING] MAVI_ALTIGEN 1/200 dx=+0px dy=+4px d=0.1m ex=+0.0000 ey=+0.0083 (tol +/-0.010) alt_err=+4.98m -> fwd=+0.00 right=+0.00 down=+0.15 m/s
2026-09-01 08:21:38,233 [INFO] core.navigation.centering_controller: [CENTERING] MAVI_ALTIGEN 6/200 dx=+1px dy=+5px d=0.1m ex=+0.0016 ey=+0.0104 (tol +/-0.010) alt_err=+4.86m -> fwd=-0.15 right=+0.00 down=+0.90 m/s
QGC port check failed, reporting UNKNOWN: (pid=24101)
2026-09-01 08:21:38,833 [INFO] core.navigation.centering_controller: [CENTERING] MAVI_ALTIGEN 11/200 dx=+1px dy=+15px d=0.4m ex=+0.0016 ey=+0.0312 (tol +/-0.010) alt_err=+4.24m -> fwd=-0.15 right=+0.00 down=+1.65 m/s
2026-09-01 08:21:39,390 [INFO] core.navigation.centering_controller: [CENTERING] MAVI_ALTIGEN 16/200 dx=+1px dy=+5px d=0.1m ex=+0.0016 ey=+0.0104 (tol +/-0.010) alt_err=+3.47m -> fwd=-0.15 right=+0.00 down=+1.73 m/s
2026-09-01 08:21:39,947 [INFO] core.navigation.centering_controller: [CENTERING] MAVI_ALTIGEN 21/200 dx=+2px dy=-12px d=0.3m ex=+0.0031 ey=-0.0250 (tol +/-0.010) alt_err=+2.54m -> fwd=+0.15 right=+0.00 down=+1.27 m/s
2026-09-01 08:21:40,277 [INFO] core.detection.vision_runtime: [VISION] detect() calisiyor -- bu karede 1 tespit: ['MAVI_ALTIGEN']
2026-09-01 08:21:40,498 [INFO] core.navigation.centering_controller: [CENTERING] MAVI_ALTIGEN 26/200 dx=+0px dy=-16px d=0.4m ex=+0.0000 ey=-0.0333 (tol +/-0.010) alt_err=+1.90m -> fwd=+0.15 right=+0.00 down=+0.95 m/s
QGC port check failed, reporting UNKNOWN: (pid=24101)
2026-09-01 08:21:40,992 [INFO] gz_system.main_gz: Dashboard paint loop: 0.0 FPS (main thread)
2026-09-01 08:21:41,051 [INFO] core.navigation.centering_controller: [CENTERING] MAVI_ALTIGEN 31/200 dx=+2px dy=-5px d=0.1m ex=+0.0031 ey=-0.0104 (tol +/-0.010) alt_err=+1.37m -> fwd=+0.15 right=+0.00 down=+0.68 m/s
2026-09-01 08:21:41,602 [INFO] core.navigation.centering_controller: [CENTERING] MAVI_ALTIGEN 36/200 dx=+2px dy=+18px d=0.4m ex=+0.0031 ey=+0.0375 (tol +/-0.010) alt_err=+1.04m -> fwd=-0.15 right=+0.00 down=+0.52 m/s
2026-09-01 08:21:42,153 [INFO] core.navigation.centering_controller: [CENTERING] MAVI_ALTIGEN 41/200 dx=+1px dy=+12px d=0.2m ex=+0.0016 ey=+0.0250 (tol +/-0.010) alt_err=+0.79m -> fwd=-0.15 right=+0.00 down=+0.39 m/s
2026-09-01 08:21:42,704 [INFO] core.navigation.centering_controller: [CENTERING] MAVI_ALTIGEN 46/200 dx=+2px dy=+0px d=0.0m ex=+0.0031 ey=+0.0000 (tol +/-0.010) alt_err=+0.56m -> fwd=+0.00 right=+0.00 down=+0.28 m/s
QGC port check failed, reporting UNKNOWN: (pid=24101)
2026-09-01 08:21:43,250 [INFO] core.navigation.centering_controller: [CENTERING] MAVI_ALTIGEN 51/200 dx=+3px dy=-23px d=0.4m ex=+0.0047 ey=-0.0479 (tol +/-0.010) alt_err=+0.42m -> fwd=+0.15 right=+0.00 down=+0.21 m/s
2026-09-01 08:21:43,359 [INFO] core.detection.vision_runtime: [VISION] detect() calisiyor -- bu karede 1 tespit: ['MAVI_ALTIGEN']
2026-09-01 08:21:43,798 [INFO] core.navigation.centering_controller: [CENTERING] MAVI_ALTIGEN 56/200 dx=+1px dy=-9px d=0.2m ex=+0.0016 ey=-0.0187 (tol +/-0.010) alt_err=+0.33m -> fwd=+0.15 right=+0.00 down=+0.16 m/s
2026-09-01 08:21:44,016 [INFO] core.navigation.centering_controller: Merkezleme tamamlandi. (attempt 58/200, dx=+2px dy=-3px ex=+0.0031 ey=-0.0063 alt_err=+0.30m)
2026-09-01 08:21:44,017 [INFO] core.navigation.centering_controller: MAVI_ALTIGEN hedefine merkezleniyor (irtifa hedefi: 5.0m, irtifa bandi +/-0.30m)...
2026-09-01 08:21:44,017 [INFO] core.navigation.centering_controller: [CENTERING] MAVI_ALTIGEN 1/200 dx=+2px dy=-3px d=0.1m ex=+0.0031 ey=-0.0063 (tol +/-0.010) alt_err=+5.30m -> fwd=+0.00 right=+0.00 down=+0.15 m/s
2026-09-01 08:21:44,562 [INFO] core.navigation.centering_controller: [CENTERING] MAVI_ALTIGEN 6/200 dx=+1px dy=+25px d=0.5m ex=+0.0016 ey=+0.0521 (tol +/-0.010) alt_err=+5.13m -> fwd=-0.15 right=+0.00 down=+0.90 m/s
QGC port check failed, reporting UNKNOWN: (pid=24101)
2026-09-01 08:21:45,108 [INFO] core.navigation.centering_controller: [CENTERING] MAVI_ALTIGEN 11/200 dx=+3px dy=+18px d=0.3m ex=+0.0047 ey=+0.0375 (tol +/-0.010) alt_err=+4.62m -> fwd=-0.15 right=+0.00 down=+1.65 m/s
2026-09-01 08:21:45,654 [INFO] core.navigation.centering_controller: [CENTERING] MAVI_ALTIGEN 16/200 dx=+4px dy=+9px d=0.2m ex=+0.0063 ey=+0.0187 (tol +/-0.010) alt_err=+3.68m -> fwd=-0.15 right=+0.00 down=+1.85 m/s
2026-09-01 08:21:45,999 [INFO] gz_system.main_gz: Dashboard paint loop: 0.0 FPS (main thread)
2026-09-01 08:21:46,200 [INFO] core.navigation.centering_controller: [CENTERING] MAVI_ALTIGEN 21/200 dx=+3px dy=-4px d=0.1m ex=+0.0047 ey=-0.0083 (tol +/-0.010) alt_err=+2.93m -> fwd=+0.00 right=+0.00 down=+1.47 m/s
2026-09-01 08:21:46,418 [INFO] core.detection.vision_runtime: [VISION] detect() calisiyor -- bu karede 1 tespit: ['MAVI_ALTIGEN']
2026-09-01 08:21:46,746 [INFO] core.navigation.centering_controller: [CENTERING] MAVI_ALTIGEN 26/200 dx=+4px dy=-22px d=0.3m ex=+0.0063 ey=-0.0458 (tol +/-0.010) alt_err=+2.21m -> fwd=+0.15 right=+0.00 down=+1.11 m/s
QGC port check failed, reporting UNKNOWN: (pid=24101)
2026-09-01 08:21:47,292 [INFO] core.navigation.centering_controller: [CENTERING] MAVI_ALTIGEN 31/200 dx=+4px dy=-9px d=0.1m ex=+0.0063 ey=-0.0187 (tol +/-0.010) alt_err=+1.58m -> fwd=+0.15 right=+0.00 down=+0.79 m/s
2026-09-01 08:21:47,838 [INFO] core.navigation.centering_controller: [CENTERING] MAVI_ALTIGEN 36/200 dx=+6px dy=+15px d=0.2m ex=+0.0094 ey=+0.0312 (tol +/-0.010) alt_err=+1.19m -> fwd=-0.15 right=+0.00 down=+0.60 m/s
2026-09-01 08:21:48,381 [INFO] core.navigation.centering_controller: [CENTERING] MAVI_ALTIGEN 41/200 dx=+19px dy=+20px d=0.3m ex=+0.0297 ey=+0.0417 (tol +/-0.010) alt_err=+0.86m -> fwd=-0.15 right=+0.15 down=+0.43 m/s
QGC port check failed, reporting UNKNOWN: (pid=24101)
2026-09-01 08:21:48,926 [INFO] core.navigation.centering_controller: [CENTERING] MAVI_ALTIGEN 46/200 dx=+7px dy=+5px d=0.1m ex=+0.0109 ey=+0.0104 (tol +/-0.010) alt_err=+0.66m -> fwd=-0.15 right=+0.15 down=+0.33 m/s
2026-09-01 08:21:49,473 [INFO] core.detection.vision_runtime: [VISION] detect() calisiyor -- bu karede 1 tespit: ['MAVI_ALTIGEN']
2026-09-01 08:21:49,474 [INFO] core.navigation.centering_controller: [CENTERING] MAVI_ALTIGEN 51/200 dx=-15px dy=-25px d=0.3m ex=-0.0234 ey=-0.0521 (tol +/-0.010) alt_err=+0.48m -> fwd=+0.15 right=-0.15 down=+0.24 m/s
2026-09-01 08:21:50,021 [INFO] core.navigation.centering_controller: [CENTERING] MAVI_ALTIGEN 56/200 dx=-19px dy=-18px d=0.3m ex=-0.0297 ey=-0.0375 (tol +/-0.010) alt_err=+0.38m -> fwd=+0.15 right=-0.15 down=+0.19 m/s
2026-09-01 08:21:50,568 [INFO] core.navigation.centering_controller: Merkezleme tamamlandi. (attempt 61/200, dx=-1px dy=-4px ex=-0.0016 ey=-0.0083 alt_err=+0.28m)
2026-09-01 08:21:50,569 [INFO] core.navigation.centering_controller: MAVI_ALTIGEN hedefine merkezleniyor (irtifa hedefi: 0.45m, irtifa bandi +/-0.05m)...
2026-09-01 08:21:50,570 [INFO] core.navigation.centering_controller: [CENTERING] MAVI_ALTIGEN 1/200 dx=-1px dy=-4px d=0.0m ex=-0.0016 ey=-0.0083 (tol +/-0.010) alt_err=+4.83m -> fwd=+0.00 right=+0.00 down=+0.15 m/s
QGC port check failed, reporting UNKNOWN: (pid=24101)
2026-09-01 08:21:51,009 [INFO] gz_system.main_gz: Dashboard paint loop: 0.0 FPS (main thread)
2026-09-01 08:21:51,115 [INFO] core.navigation.centering_controller: [CENTERING] MAVI_ALTIGEN 6/200 dx=+25px dy=+26px d=0.3m ex=+0.0391 ey=+0.0542 (tol +/-0.010) alt_err=+4.71m -> fwd=-0.15 right=+0.15 down=+0.90 m/s
2026-09-01 08:21:51,664 [INFO] core.navigation.centering_controller: [CENTERING] MAVI_ALTIGEN 11/200 dx=+16px dy=+20px d=0.2m ex=+0.0250 ey=+0.0417 (tol +/-0.010) alt_err=+4.10m -> fwd=-0.15 right=+0.15 down=+1.65 m/s
2026-09-01 08:21:52,210 [INFO] core.navigation.centering_controller: [CENTERING] MAVI_ALTIGEN 16/200 dx=+2px dy=+3px d=0.0m ex=+0.0031 ey=+0.0063 (tol +/-0.010) alt_err=+3.33m -> fwd=+0.00 right=+0.00 down=+1.66 m/s
2026-09-01 08:21:52,536 [INFO] core.detection.vision_runtime: [VISION] detect() calisiyor -- bu karede 1 tespit: ['MAVI_ALTIGEN']
QGC port check failed, reporting UNKNOWN: (pid=24101)
2026-09-01 08:21:52,754 [INFO] core.navigation.centering_controller: [CENTERING] MAVI_ALTIGEN 21/200 dx=-28px dy=-30px d=0.2m ex=-0.0437 ey=-0.0625 (tol +/-0.010) alt_err=+2.41m -> fwd=+0.13 right=-0.15 down=+1.21 m/s
2026-09-01 08:21:53,301 [INFO] core.navigation.centering_controller: [CENTERING] MAVI_ALTIGEN 26/200 dx=-12px dy=-20px d=0.1m ex=-0.0187 ey=-0.0417 (tol +/-0.010) alt_err=+1.82m -> fwd=+0.10 right=-0.13 down=+0.91 m/s
2026-09-01 08:21:53,849 [INFO] core.navigation.centering_controller: [CENTERING] MAVI_ALTIGEN 31/200 dx=+32px dy=+2px d=0.1m ex=+0.0500 ey=+0.0031 (tol +/-0.010) alt_err=+1.39m -> fwd=+0.00 right=+0.11 down=+0.69 m/s
2026-09-01 08:21:54,395 [INFO] core.navigation.centering_controller: [CENTERING] MAVI_ALTIGEN 36/200 dx=+39px dy=+28px d=0.1m ex=+0.0609 ey=+0.0594 (tol +/-0.010) alt_err=+1.00m -> fwd=-0.09 right=+0.09 down=+0.50 m/s
QGC port check failed, reporting UNKNOWN: (pid=24101)
2026-09-01 08:21:54,945 [INFO] core.navigation.centering_controller: [CENTERING] MAVI_ALTIGEN 41/200 dx=+16px dy=+16px d=0.0m ex=+0.0242 ey=+0.0333 (tol +/-0.010) alt_err=+0.72m -> fwd=-0.05 right=+0.07 down=+0.36 m/s
2026-09-01 08:21:55,493 [INFO] core.navigation.centering_controller: [CENTERING] MAVI_ALTIGEN 46/200 dx=-8px dy=-10px d=0.0m ex=-0.0133 ey=-0.0208 (tol +/-0.010) alt_err=+0.55m -> fwd=+0.04 right=-0.06 down=+0.28 m/s
2026-09-01 08:21:55,602 [INFO] core.detection.vision_runtime: [VISION] detect() calisiyor -- bu karede 1 tespit: ['MAVI_ALTIGEN']
2026-09-01 08:21:56,031 [INFO] gz_system.main_gz: Dashboard paint loop: 0.0 FPS (main thread)
2026-09-01 08:21:56,045 [INFO] core.navigation.centering_controller: [CENTERING] MAVI_ALTIGEN 51/200 dx=-30px dy=-8px d=0.0m ex=-0.0469 ey=-0.0156 (tol +/-0.010) alt_err=+0.42m -> fwd=+0.04 right=-0.07 down=+0.21 m/s
2026-09-01 08:21:56,597 [INFO] core.navigation.centering_controller: [CENTERING] MAVI_ALTIGEN 56/200 dx=-6px dy=+0px d=0.0m ex=-0.0094 ey=+0.0000 (tol +/-0.010) alt_err=+0.31m -> fwd=+0.00 right=+0.00 down=+0.16 m/s
QGC port check failed, reporting UNKNOWN: (pid=24101)
2026-09-01 08:21:57,148 [INFO] core.navigation.centering_controller: [CENTERING] MAVI_ALTIGEN 61/200 dx=+0px dy=+0px d=0.0m ex=+0.0000 ey=+0.0000 (tol +/-0.010) alt_err=+0.24m -> fwd=+0.00 right=+0.00 down=+0.12 m/s
2026-09-01 08:21:57,693 [INFO] core.navigation.centering_controller: [CENTERING] MAVI_ALTIGEN 66/200 dx=+0px dy=+0px d=0.0m ex=+0.0000 ey=+0.0000 (tol +/-0.010) alt_err=+0.18m -> fwd=+0.00 right=+0.00 down=+0.09 m/s
2026-09-01 08:21:57,803 [WARNING] core.navigation.centering_controller: [LOW_ALT_OPEN_LOOP_DESCENT] MAVI_ALTIGEN: goruntu 0.63m'de kayboldu -- dondurulmus kestirime (47.3988310, 8.5462990, offset=0.0cm @ 0.63m) gore 0.45m'ye alcalmaya devam.
2026-09-01 08:21:58,672 [INFO] core.detection.vision_runtime: [VISION] detect() calisiyor -- bu karede 0 tespit: []
QGC port check failed, reporting UNKNOWN: (pid=24101)
2026-09-01 08:21:58,890 [INFO] core.navigation.centering_controller: [LOW_ALT_OPEN_LOOP_DESCENT] MAVI_ALTIGEN: 0.490m'ye ulasildi (hedef 0.45m).
2026-09-01 08:21:58,890 [INFO] core.navigation.centering_controller: [AIM_OFFSET_APPLIED] MAVI_ALTIGEN: montaj (ileri=0.00, sag=0.04) m, yon=2.6 deg -> tutma noktasi (47.3988310, 8.5462985) olarak otelendi (kuzey +0.00, dogu -0.03 m).
2026-09-01 08:21:58,998 [INFO] core.navigation.centering_controller: [MOUNT_TRANSLATE_DONE] MAVI_ALTIGEN: kalan 4.3 cm, sure 0.11 s (yakinsadi).
2026-09-01 08:21:58,998 [WARNING] core.navigation.centering_controller: [LOW_ALT_OPEN_LOOP_DESCENT] MAVI_ALTIGEN: goruntu 0.48m'de kayboldu -- dondurulmus kestirime (47.3988310, 8.5462985, offset=0.0cm @ 0.63m) gore 0.45m'ye alcalmaya devam.
2026-09-01 08:21:58,999 [INFO] core.navigation.centering_controller: [LOW_ALT_OPEN_LOOP_DESCENT] MAVI_ALTIGEN: 0.478m'ye ulasildi (hedef 0.45m).
2026-09-01 08:21:58,999 [INFO] core.navigation.centering_controller: 0.1m ileri hareket ediliyor (0.3 m/s, 0.3s)...
2026-09-01 08:21:59,432 [INFO] core.mission.payload_release: [RELEASE_OFFSET] MAVI_ALTIGEN: {'shape_type': 'MAVI_ALTIGEN', 'altitude_m': 0.471, 'target_visible': False, 'best_known_offset_cm': 5.94, 'best_known_offset_alt_m': 5.275}
2026-09-01 08:21:59,432 [INFO] core.mission.payload_release: [MOUNT_VECTOR_MEASURED] MAVI_ALTIGEN: {'world_dx': 0.035, 'world_dy': 0.0007, 'gazebo_yaw_deg': 89.17, 'body_forward_m': 0.0012, 'body_right_m': 0.035} (uygulanan: (0.0, 0.035))
2026-09-01 08:21:59,432 [INFO] gz_system.gz_payload_actuator: Gazebo DetachableJoint tetikleniyor: /payload/detach/red
I0901 08:21:59.432680 13275972 fork_posix.cc:71] Other threads are currently calling into gRPC, skipping fork() handlers
I0901 08:21:59.487452 13275972 fork_posix.cc:71] Other threads are currently calling into gRPC, skipping fork() handlers
I0901 08:21:59.541766 13275972 fork_posix.cc:71] Other threads are currently calling into gRPC, skipping fork() handlers
I0901 08:21:59.587998 13275972 fork_posix.cc:71] Other threads are currently calling into gRPC, skipping fork() handlers
I0901 08:21:59.639381 13275972 fork_posix.cc:71] Other threads are currently calling into gRPC, skipping fork() handlers
2026-09-01 08:22:00,617 [INFO] gz_system.gz_payload_actuator: Yuk ayrildi (red), gecikme 1.103 s.
2026-09-01 08:22:00,617 [INFO] core.mission.payload_release: [PAYLOAD_RELEASED] PAYLOAD 1 RELEASED @0.47m
QGC port check failed, reporting UNKNOWN: (pid=24101)
2026-09-01 08:22:01,051 [INFO] gz_system.main_gz: Dashboard paint loop: 0.0 FPS (main thread)
2026-09-01 08:22:01,754 [INFO] core.detection.vision_runtime: [VISION] detect() calisiyor -- bu karede 1 tespit: ['KIRMIZI_DIKDORTGEN']
2026-09-01 08:22:02,619 [INFO] core.mission.payload_release: [PAYLOAD_FINAL_POSE] MAVI_ALTIGEN: x=10.237 y=95.700 z=0.039 merkeze 8134.6 cm egim 0.2 deg (HEDEF DISINDA)
2026-09-01 08:22:02,619 [INFO] core.mission.payload_release: Doğrulama işareti aranıyor: KIRMIZI_DIKDORTGEN
2026-09-01 08:22:02,619 [INFO] core.mission.payload_release: Yük bırakma DOĞRULANDI: KIRMIZI_DIKDORTGEN tespit edildi.
2026-09-01 08:22:02,619 [INFO] core.navigation.centering_controller: 15.0m irtifasina tirmaniliyor (goruntuden bagimsiz)...
QGC port check failed, reporting UNKNOWN: (pid=24101)
QGC port check failed, reporting UNKNOWN: (pid=24101)
2026-09-01 08:22:04,848 [INFO] core.detection.vision_runtime: [VISION] detect() calisiyor -- bu karede 1 tespit: ['MAVI_ALTIGEN']
2026-09-01 08:22:06,087 [INFO] gz_system.main_gz: Dashboard paint loop: 0.0 FPS (main thread)
QGC port check failed, reporting UNKNOWN: (pid=24101)
2026-09-01 08:22:07,901 [INFO] core.detection.vision_runtime: [VISION] detect() calisiyor -- bu karede 1 tespit: ['MAVI_ALTIGEN']
QGC port check failed, reporting UNKNOWN: (pid=24101)
QGC port check failed, reporting UNKNOWN: (pid=24101)
2026-09-01 08:22:10,960 [INFO] core.detection.vision_runtime: [VISION] detect() calisiyor -- bu karede 1 tespit: ['MAVI_ALTIGEN']
2026-09-01 08:22:11,107 [INFO] gz_system.main_gz: Dashboard paint loop: 0.0 FPS (main thread)
2026-09-01 08:22:12,265 [INFO] core.mission.gorev2_orchestrator: SEARCH COMPLETE: MAVI_ALTIGEN ve KIRMIZI_UCGEN ikisi de kaydedildi. Mission kalici olarak sona erdi, Offboard tek yetkili.
2026-09-01 08:22:12,372 [INFO] core.mission.gorev2_orchestrator: Bir veya iki yuk hala birakilmamis -- toplu birakma calistiriliyor.
2026-09-01 08:22:12,372 [INFO] core.mission.gorev2_fsm: PAYLOAD MISSION 1 basliyor (Mavi Altigen / RED payload)
2026-09-01 08:22:12,372 [INFO] core.navigation.centering_controller: Kayitli GPS konumuna gidiliyor: lat=47.3988314, lon=8.5462989, alt=15.0m
2026-09-01 08:22:12,372 [INFO] core.mission.payload_release: Yük bırakma başlatılıyor: MAVI_ALTIGEN
2026-09-01 08:22:12,372 [INFO] core.navigation.centering_controller: MAVI_ALTIGEN hedefine merkezleniyor (irtifa hedefi: 10.0m, irtifa bandi +/-0.30m)...
2026-09-01 08:22:12,373 [INFO] core.navigation.centering_controller: [CENTERING] MAVI_ALTIGEN 1/200 dx=-1px dy=+5px d=0.1m ex=-0.0016 ey=+0.0104 (tol +/-0.010) alt_err=+4.71m -> fwd=-0.15 right=+0.00 down=+0.15 m/s
QGC port check failed, reporting UNKNOWN: (pid=24101)
2026-09-01 08:22:12,918 [INFO] core.navigation.centering_controller: [CENTERING] MAVI_ALTIGEN 6/200 dx=+0px dy=+15px d=0.4m ex=+0.0000 ey=+0.0312 (tol +/-0.010) alt_err=+4.60m -> fwd=-0.15 right=+0.00 down=+0.90 m/s
2026-09-01 08:22:13,487 [INFO] core.navigation.centering_controller: [CENTERING] MAVI_ALTIGEN 11/200 dx=-1px dy=+9px d=0.2m ex=-0.0016 ey=+0.0187 (tol +/-0.010) alt_err=+4.11m -> fwd=-0.15 right=+0.00 down=+1.65 m/s
2026-09-01 08:22:14,040 [INFO] core.detection.vision_runtime: [VISION] detect() calisiyor -- bu karede 1 tespit: ['MAVI_ALTIGEN']
2026-09-01 08:22:14,041 [INFO] core.navigation.centering_controller: [CENTERING] MAVI_ALTIGEN 16/200 dx=-2px dy=+3px d=0.1m ex=-0.0031 ey=+0.0063 (tol +/-0.010) alt_err=+3.18m -> fwd=+0.00 right=+0.00 down=+1.59 m/s
2026-09-01 08:22:14,593 [INFO] core.navigation.centering_controller: [CENTERING] MAVI_ALTIGEN 21/200 dx=-1px dy=-20px d=0.5m ex=-0.0016 ey=-0.0417 (tol +/-0.010) alt_err=+2.42m -> fwd=+0.15 right=+0.00 down=+1.21 m/s
QGC port check failed, reporting UNKNOWN: (pid=24101)
2026-09-01 08:22:15,144 [INFO] core.navigation.centering_controller: [CENTERING] MAVI_ALTIGEN 26/200 dx=+0px dy=-10px d=0.2m ex=+0.0000 ey=-0.0208 (tol +/-0.010) alt_err=+1.71m -> fwd=+0.15 right=+0.00 down=+0.85 m/s
2026-09-01 08:22:15,693 [INFO] core.navigation.centering_controller: [CENTERING] MAVI_ALTIGEN 31/200 dx=-1px dy=+4px d=0.1m ex=-0.0016 ey=+0.0083 (tol +/-0.010) alt_err=+1.29m -> fwd=+0.00 right=+0.00 down=+0.65 m/s
2026-09-01 08:22:16,108 [INFO] gz_system.main_gz: Dashboard paint loop: 0.0 FPS (main thread)
2026-09-01 08:22:16,243 [INFO] core.navigation.centering_controller: [CENTERING] MAVI_ALTIGEN 36/200 dx=-1px dy=+21px d=0.4m ex=-0.0016 ey=+0.0437 (tol +/-0.010) alt_err=+0.91m -> fwd=-0.15 right=+0.00 down=+0.45 m/s
QGC port check failed, reporting UNKNOWN: (pid=24101)
2026-09-01 08:22:16,791 [INFO] core.navigation.centering_controller: [CENTERING] MAVI_ALTIGEN 41/200 dx=+0px dy=+8px d=0.2m ex=+0.0000 ey=+0.0167 (tol +/-0.010) alt_err=+0.70m -> fwd=-0.15 right=+0.00 down=+0.35 m/s
2026-09-01 08:22:17,117 [INFO] core.detection.vision_runtime: [VISION] detect() calisiyor -- bu karede 1 tespit: ['MAVI_ALTIGEN']
2026-09-01 08:22:17,334 [INFO] core.navigation.centering_controller: [CENTERING] MAVI_ALTIGEN 46/200 dx=-1px dy=-4px d=0.1m ex=-0.0016 ey=-0.0083 (tol +/-0.010) alt_err=+0.52m -> fwd=+0.00 right=+0.00 down=+0.26 m/s
2026-09-01 08:22:17,877 [INFO] core.navigation.centering_controller: [CENTERING] MAVI_ALTIGEN 51/200 dx=-1px dy=-19px d=0.4m ex=-0.0016 ey=-0.0396 (tol +/-0.010) alt_err=+0.41m -> fwd=+0.15 right=+0.00 down=+0.20 m/s
2026-09-01 08:22:18,424 [INFO] core.navigation.centering_controller: [CENTERING] MAVI_ALTIGEN 56/200 dx=-2px dy=-8px d=0.2m ex=-0.0031 ey=-0.0167 (tol +/-0.010) alt_err=+0.30m -> fwd=+0.15 right=+0.00 down=+0.15 m/s
2026-09-01 08:22:18,640 [INFO] core.navigation.centering_controller: Merkezleme tamamlandi. (attempt 58/200, dx=-2px dy=-4px ex=-0.0031 ey=-0.0083 alt_err=+0.28m)
2026-09-01 08:22:18,641 [INFO] core.navigation.centering_controller: MAVI_ALTIGEN hedefine merkezleniyor (irtifa hedefi: 5.0m, irtifa bandi +/-0.30m)...
2026-09-01 08:22:18,641 [INFO] core.navigation.centering_controller: [CENTERING] MAVI_ALTIGEN 1/200 dx=-2px dy=-4px d=0.1m ex=-0.0031 ey=-0.0083 (tol +/-0.010) alt_err=+5.28m -> fwd=+0.00 right=+0.00 down=+0.15 m/s
QGC port check failed, reporting UNKNOWN: (pid=24101)
2026-09-01 08:22:19,188 [INFO] core.navigation.centering_controller: [CENTERING] MAVI_ALTIGEN 6/200 dx=-1px dy=+23px d=0.4m ex=-0.0016 ey=+0.0479 (tol +/-0.010) alt_err=+5.16m -> fwd=-0.15 right=+0.00 down=+0.90 m/s
2026-09-01 08:22:19,731 [INFO] core.navigation.centering_controller: [CENTERING] MAVI_ALTIGEN 11/200 dx=-1px dy=+16px d=0.3m ex=-0.0016 ey=+0.0333 (tol +/-0.010) alt_err=+4.55m -> fwd=-0.15 right=+0.00 down=+1.65 m/s
2026-09-01 08:22:20,165 [INFO] core.detection.vision_runtime: [VISION] detect() calisiyor -- bu karede 1 tespit: ['MAVI_ALTIGEN']
2026-09-01 08:22:20,275 [INFO] core.navigation.centering_controller: [CENTERING] MAVI_ALTIGEN 16/200 dx=-2px dy=+4px d=0.1m ex=-0.0031 ey=+0.0083 (tol +/-0.010) alt_err=+3.78m -> fwd=+0.00 right=+0.00 down=+1.89 m/s
QGC port check failed, reporting UNKNOWN: (pid=24101)
2026-09-01 08:22:20,822 [INFO] core.navigation.centering_controller: [CENTERING] MAVI_ALTIGEN 21/200 dx=+0px dy=-23px d=0.3m ex=+0.0000 ey=-0.0479 (tol +/-0.010) alt_err=+3.00m -> fwd=+0.15 right=+0.00 down=+1.50 m/s
2026-09-01 08:22:21,132 [INFO] gz_system.main_gz: Dashboard paint loop: 0.0 FPS (main thread)
2026-09-01 08:22:21,367 [INFO] core.navigation.centering_controller: [CENTERING] MAVI_ALTIGEN 26/200 dx=+1px dy=-12px d=0.2m ex=+0.0016 ey=-0.0250 (tol +/-0.010) alt_err=+2.14m -> fwd=+0.15 right=+0.00 down=+1.07 m/s
2026-09-01 08:22:21,910 [INFO] core.navigation.centering_controller: [CENTERING] MAVI_ALTIGEN 31/200 dx=+3px dy=+6px d=0.1m ex=+0.0047 ey=+0.0125 (tol +/-0.010) alt_err=+1.61m -> fwd=-0.15 right=+0.00 down=+0.80 m/s
2026-09-01 08:22:22,454 [INFO] core.navigation.centering_controller: [CENTERING] MAVI_ALTIGEN 36/200 dx=+5px dy=+21px d=0.2m ex=+0.0078 ey=+0.0437 (tol +/-0.010) alt_err=+1.16m -> fwd=-0.15 right=+0.00 down=+0.58 m/s
QGC port check failed, reporting UNKNOWN: (pid=24101)
2026-09-01 08:22:22,999 [INFO] core.navigation.centering_controller: [CENTERING] MAVI_ALTIGEN 41/200 dx=+4px dy=+7px d=0.1m ex=+0.0063 ey=+0.0146 (tol +/-0.010) alt_err=+0.88m -> fwd=-0.15 right=+0.00 down=+0.44 m/s
2026-09-01 08:22:23,215 [INFO] core.detection.vision_runtime: [VISION] detect() calisiyor -- bu karede 1 tespit: ['MAVI_ALTIGEN']
2026-09-01 08:22:23,542 [INFO] core.navigation.centering_controller: [CENTERING] MAVI_ALTIGEN 46/200 dx=+3px dy=-12px d=0.1m ex=+0.0047 ey=-0.0250 (tol +/-0.010) alt_err=+0.64m -> fwd=+0.15 right=+0.00 down=+0.32 m/s
2026-09-01 08:22:24,089 [INFO] core.navigation.centering_controller: [CENTERING] MAVI_ALTIGEN 51/200 dx=+3px dy=-18px d=0.2m ex=+0.0047 ey=-0.0375 (tol +/-0.010) alt_err=+0.50m -> fwd=+0.15 right=+0.00 down=+0.25 m/s
2026-09-01 08:22:24,634 [INFO] core.navigation.centering_controller: [CENTERING] MAVI_ALTIGEN 56/200 dx=+2px dy=-4px d=0.0m ex=+0.0031 ey=-0.0083 (tol +/-0.010) alt_err=+0.36m -> fwd=+0.00 right=+0.00 down=+0.18 m/s
QGC port check failed, reporting UNKNOWN: (pid=24101)
2026-09-01 08:22:25,178 [INFO] core.navigation.centering_controller: [CENTERING] MAVI_ALTIGEN 61/200 dx=+3px dy=+28px d=0.3m ex=+0.0047 ey=+0.0583 (tol +/-0.010) alt_err=+0.29m -> fwd=-0.15 right=+0.00 down=+0.14 m/s
2026-09-01 08:22:25,723 [INFO] core.navigation.centering_controller: [CENTERING] MAVI_ALTIGEN 66/200 dx=+3px dy=+19px d=0.2m ex=+0.0047 ey=+0.0396 (tol +/-0.010) alt_err=+0.21m -> fwd=-0.15 right=+0.00 down=+0.10 m/s
2026-09-01 08:22:26,166 [INFO] gz_system.main_gz: Dashboard paint loop: 0.0 FPS (main thread)
2026-09-01 08:22:26,271 [INFO] core.detection.vision_runtime: [VISION] detect() calisiyor -- bu karede 1 tespit: ['MAVI_ALTIGEN']
2026-09-01 08:22:26,273 [INFO] core.navigation.centering_controller: [CENTERING] MAVI_ALTIGEN 71/200 dx=+3px dy=+6px d=0.1m ex=+0.0047 ey=+0.0125 (tol +/-0.010) alt_err=+0.16m -> fwd=-0.15 right=+0.00 down=+0.08 m/s
2026-09-01 08:22:26,488 [INFO] core.navigation.centering_controller: Merkezleme tamamlandi. (attempt 73/200, dx=+2px dy=+2px ex=+0.0031 ey=+0.0042 alt_err=+0.15m)
2026-09-01 08:22:26,490 [INFO] core.navigation.centering_controller: MAVI_ALTIGEN hedefine merkezleniyor (irtifa hedefi: 0.45m, irtifa bandi +/-0.05m)...
2026-09-01 08:22:26,490 [INFO] core.navigation.centering_controller: [CENTERING] MAVI_ALTIGEN 1/200 dx=+2px dy=+2px d=0.0m ex=+0.0031 ey=+0.0042 (tol +/-0.010) alt_err=+4.70m -> fwd=+0.00 right=+0.00 down=+0.15 m/s
QGC port check failed, reporting UNKNOWN: (pid=24101)
2026-09-01 08:22:27,037 [INFO] core.navigation.centering_controller: [CENTERING] MAVI_ALTIGEN 6/200 dx=+4px dy=-24px d=0.2m ex=+0.0063 ey=-0.0500 (tol +/-0.010) alt_err=+4.54m -> fwd=+0.15 right=+0.00 down=+0.90 m/s
2026-09-01 08:22:27,579 [INFO] core.navigation.centering_controller: [CENTERING] MAVI_ALTIGEN 11/200 dx=+2px dy=-16px d=0.1m ex=+0.0031 ey=-0.0333 (tol +/-0.010) alt_err=+4.03m -> fwd=+0.15 right=+0.00 down=+1.65 m/s
2026-09-01 08:22:28,123 [INFO] core.navigation.centering_controller: [CENTERING] MAVI_ALTIGEN 16/200 dx=+2px dy=-7px d=0.0m ex=+0.0031 ey=-0.0146 (tol +/-0.010) alt_err=+3.10m -> fwd=+0.15 right=+0.00 down=+1.55 m/s
2026-09-01 08:22:28,669 [INFO] core.navigation.centering_controller: [CENTERING] MAVI_ALTIGEN 21/200 dx=+2px dy=+25px d=0.1m ex=+0.0031 ey=+0.0521 (tol +/-0.010) alt_err=+2.37m -> fwd=-0.13 right=+0.00 down=+1.18 m/s
QGC port check failed, reporting UNKNOWN: (pid=24101)
2026-09-01 08:22:29,211 [INFO] core.navigation.centering_controller: [CENTERING] MAVI_ALTIGEN 26/200 dx=+12px dy=+18px d=0.1m ex=+0.0187 ey=+0.0375 (tol +/-0.010) alt_err=+1.78m -> fwd=-0.10 right=+0.13 down=+0.89 m/s
2026-09-01 08:22:29,319 [INFO] core.detection.vision_runtime: [VISION] detect() calisiyor -- bu karede 1 tespit: ['MAVI_ALTIGEN']
2026-09-01 08:22:29,760 [INFO] core.navigation.centering_controller: [CENTERING] MAVI_ALTIGEN 31/200 dx=+16px dy=-2px d=0.1m ex=+0.0250 ey=-0.0042 (tol +/-0.010) alt_err=+1.28m -> fwd=+0.00 right=+0.10 down=+0.64 m/s
2026-09-01 08:22:30,312 [INFO] core.navigation.centering_controller: [CENTERING] MAVI_ALTIGEN 36/200 dx=-8px dy=-26px d=0.1m ex=-0.0133 ey=-0.0552 (tol +/-0.010) alt_err=+0.98m -> fwd=+0.08 right=-0.08 down=+0.49 m/s
QGC port check failed, reporting UNKNOWN: (pid=24101)
2026-09-01 08:22:30,866 [INFO] core.navigation.centering_controller: [CENTERING] MAVI_ALTIGEN 41/200 dx=-32px dy=-10px d=0.1m ex=-0.0508 ey=-0.0219 (tol +/-0.010) alt_err=+0.70m -> fwd=+0.05 right=-0.08 down=+0.35 m/s
2026-09-01 08:22:31,198 [INFO] gz_system.main_gz: Dashboard paint loop: 0.0 FPS (main thread)
2026-09-01 08:22:31,419 [INFO] core.navigation.centering_controller: [CENTERING] MAVI_ALTIGEN 46/200 dx=-15px dy=+22px d=0.0m ex=-0.0234 ey=+0.0448 (tol +/-0.010) alt_err=+0.54m -> fwd=-0.07 right=-0.06 down=+0.27 m/s
2026-09-01 08:22:31,971 [INFO] core.navigation.centering_controller: [CENTERING] MAVI_ALTIGEN 51/200 dx=+6px dy=+6px d=0.0m ex=+0.0086 ey=+0.0125 (tol +/-0.010) alt_err=+0.39m -> fwd=-0.04 right=+0.00 down=+0.20 m/s
2026-09-01 08:22:32,413 [INFO] core.detection.vision_runtime: [VISION] detect() calisiyor -- bu karede 2 tespit: ['MAVI_ALTIGEN', 'KIRMIZI_DIKDORTGEN']
2026-09-01 08:22:32,523 [INFO] core.navigation.centering_controller: [CENTERING] MAVI_ALTIGEN 56/200 dx=+8px dy=+0px d=0.0m ex=+0.0117 ey=+0.0000 (tol +/-0.010) alt_err=+0.30m -> fwd=+0.00 right=+0.04 down=+0.15 m/s
QGC port check failed, reporting UNKNOWN: (pid=24101)
2026-09-01 08:22:33,076 [INFO] core.navigation.centering_controller: [CENTERING] MAVI_ALTIGEN 61/200 dx=+0px dy=+0px d=0.0m ex=+0.0000 ey=+0.0000 (tol +/-0.010) alt_err=+0.24m -> fwd=+0.00 right=+0.00 down=+0.12 m/s
2026-09-01 08:22:33,633 [INFO] core.navigation.centering_controller: [CENTERING] MAVI_ALTIGEN 66/200 dx=+0px dy=+0px d=0.0m ex=+0.0000 ey=+0.0000 (tol +/-0.010) alt_err=+0.17m -> fwd=+0.00 right=+0.00 down=+0.09 m/s
2026-09-01 08:22:33,742 [WARNING] core.navigation.centering_controller: [LOW_ALT_OPEN_LOOP_DESCENT] MAVI_ALTIGEN: goruntu 0.62m'de kayboldu -- dondurulmus kestirime (47.3988312, 8.5462993, offset=0.0cm @ 0.62m) gore 0.45m'ye alcalmaya devam.
2026-09-01 08:22:34,735 [INFO] core.navigation.centering_controller: [LOW_ALT_OPEN_LOOP_DESCENT] MAVI_ALTIGEN: 0.492m'ye ulasildi (hedef 0.45m).
2026-09-01 08:22:34,735 [INFO] core.navigation.centering_controller: [AIM_OFFSET_APPLIED] MAVI_ALTIGEN: montaj (ileri=0.00, sag=0.04) m, yon=1.9 deg -> tutma noktasi (47.3988312, 8.5462989) olarak otelendi (kuzey +0.00, dogu -0.03 m).
QGC port check failed, reporting UNKNOWN: (pid=24101)
2026-09-01 08:22:35,174 [INFO] core.navigation.centering_controller: [MOUNT_TRANSLATE_DONE] MAVI_ALTIGEN: kalan 4.2 cm, sure 0.44 s (yakinsadi).
2026-09-01 08:22:35,175 [WARNING] core.navigation.centering_controller: [LOW_ALT_OPEN_LOOP_DESCENT] MAVI_ALTIGEN: goruntu 0.48m'de kayboldu -- dondurulmus kestirime (47.3988312, 8.5462989, offset=0.0cm @ 0.62m) gore 0.45m'ye alcalmaya devam.
2026-09-01 08:22:35,175 [INFO] core.navigation.centering_controller: [LOW_ALT_OPEN_LOOP_DESCENT] MAVI_ALTIGEN: 0.477m'ye ulasildi (hedef 0.45m).
2026-09-01 08:22:35,175 [INFO] core.navigation.centering_controller: 0.1m ileri hareket ediliyor (0.3 m/s, 0.3s)...
2026-09-01 08:22:35,505 [INFO] core.detection.vision_runtime: [VISION] detect() calisiyor -- bu karede 1 tespit: ['KIRMIZI_DIKDORTGEN']
2026-09-01 08:22:35,616 [INFO] core.mission.payload_release: [RELEASE_OFFSET] MAVI_ALTIGEN: {'shape_type': 'MAVI_ALTIGEN', 'altitude_m': 0.481, 'target_visible': False, 'best_known_offset_cm': 2.48, 'best_known_offset_alt_m': 5.145}
2026-09-01 08:22:35,616 [INFO] core.mission.payload_release: [MOUNT_VECTOR_MEASURED] MAVI_ALTIGEN: {'world_dx': 0.0841, 'world_dy': 0.082, 'gazebo_yaw_deg': 89.85, 'body_forward_m': 0.0822, 'body_right_m': 0.0838} (uygulanan: (0.0, 0.035))
2026-09-01 08:22:35,616 [INFO] gz_system.gz_payload_actuator: Gazebo DetachableJoint tetikleniyor: /payload/detach/red
I0901 08:22:35.616972 13275972 fork_posix.cc:71] Other threads are currently calling into gRPC, skipping fork() handlers
I0901 08:22:35.672317 13275972 fork_posix.cc:71] Other threads are currently calling into gRPC, skipping fork() handlers
I0901 08:22:35.726449 13275972 fork_posix.cc:71] Other threads are currently calling into gRPC, skipping fork() handlers
I0901 08:22:35.771201 13275972 fork_posix.cc:71] Other threads are currently calling into gRPC, skipping fork() handlers
I0901 08:22:35.821140 13275972 fork_posix.cc:71] Other threads are currently calling into gRPC, skipping fork() handlers
2026-09-01 08:22:36,221 [INFO] gz_system.main_gz: Dashboard paint loop: 0.0 FPS (main thread)
2026-09-01 08:22:36,768 [INFO] gz_system.gz_payload_actuator: Yuk ayrildi (red), gecikme 0.000 s.
2026-09-01 08:22:36,768 [INFO] core.mission.payload_release: [PAYLOAD_RELEASED] PAYLOAD 2 RELEASED @0.48m
QGC port check failed, reporting UNKNOWN: (pid=24101)
2026-09-01 08:22:38,603 [INFO] core.detection.vision_runtime: [VISION] detect() calisiyor -- bu karede 1 tespit: ['KIRMIZI_DIKDORTGEN']
2026-09-01 08:22:38,770 [INFO] core.mission.payload_release: [PAYLOAD_FINAL_POSE] MAVI_ALTIGEN: x=10.237 y=95.700 z=0.040 merkeze 8134.6 cm egim 0.2 deg (HEDEF DISINDA)
2026-09-01 08:22:38,770 [INFO] core.mission.payload_release: Doğrulama işareti aranıyor: KIRMIZI_DIKDORTGEN
2026-09-01 08:22:38,770 [INFO] core.mission.payload_release: Yük bırakma DOĞRULANDI: KIRMIZI_DIKDORTGEN tespit edildi.
2026-09-01 08:22:38,770 [INFO] core.navigation.centering_controller: 15.0m irtifasina tirmaniliyor (goruntuden bagimsiz)...
QGC port check failed, reporting UNKNOWN: (pid=24101)
QGC port check failed, reporting UNKNOWN: (pid=24101)
2026-09-01 08:22:41,238 [INFO] gz_system.main_gz: Dashboard paint loop: 0.0 FPS (main thread)
2026-09-01 08:22:41,677 [INFO] core.detection.vision_runtime: [VISION] detect() calisiyor -- bu karede 1 tespit: ['MAVI_ALTIGEN']
QGC port check failed, reporting UNKNOWN: (pid=24101)
2026-09-01 08:22:44,716 [INFO] core.detection.vision_runtime: [VISION] detect() calisiyor -- bu karede 1 tespit: ['MAVI_ALTIGEN']
QGC port check failed, reporting UNKNOWN: (pid=24101)
2026-09-01 08:22:46,277 [INFO] gz_system.main_gz: Dashboard paint loop: 0.0 FPS (main thread)
QGC port check failed, reporting UNKNOWN: (pid=24101)
2026-09-01 08:22:47,769 [INFO] core.detection.vision_runtime: [VISION] detect() calisiyor -- bu karede 1 tespit: ['MAVI_ALTIGEN']
2026-09-01 08:22:48,424 [INFO] core.mission.gorev2_fsm: PAYLOAD MISSION 2 basliyor (Kirmizi Ucgen / BLUE payload)
2026-09-01 08:22:48,424 [INFO] core.navigation.centering_controller: Kayitli GPS konumuna gidiliyor: lat=47.3981765, lon=8.5461437, alt=15.0m
QGC port check failed, reporting UNKNOWN: (pid=24101)
QGC port check failed, reporting UNKNOWN: (pid=24101)
2026-09-01 08:22:50,856 [INFO] core.detection.vision_runtime: [VISION] detect() calisiyor -- bu karede 1 tespit: ['MAVI_ALTIGEN']
2026-09-01 08:22:51,318 [INFO] gz_system.main_gz: Dashboard paint loop: 0.0 FPS (main thread)
QGC port check failed, reporting UNKNOWN: (pid=24101)
2026-09-01 08:22:53,871 [INFO] core.detection.vision_runtime: [VISION] detect() calisiyor -- bu karede 1 tespit: ['KIRMIZI_DIKDORTGEN']
QGC port check failed, reporting UNKNOWN: (pid=24101)
2026-09-01 08:22:56,334 [INFO] gz_system.main_gz: Dashboard paint loop: 0.0 FPS (main thread)
QGC port check failed, reporting UNKNOWN: (pid=24101)
2026-09-01 08:22:56,886 [INFO] core.detection.vision_runtime: [VISION] detect() calisiyor -- bu karede 1 tespit: ['KIRMIZI_UCGEN']
2026-09-01 08:22:56,887 [INFO] core.mission.payload_release: Yük bırakma başlatılıyor: KIRMIZI_UCGEN
2026-09-01 08:22:56,887 [INFO] core.navigation.centering_controller: KIRMIZI_UCGEN hedefine merkezleniyor (irtifa hedefi: 10.0m, irtifa bandi +/-0.30m)...
2026-09-01 08:22:56,888 [INFO] core.navigation.centering_controller: [CENTERING] KIRMIZI_UCGEN 1/200 dx=+42px dy=-224px d=6.3m ex=+0.0656 ey=-0.4667 (tol +/-0.010) alt_err=+5.00m -> fwd=+0.15 right=+0.15 down=+0.15 m/s
2026-09-01 08:22:57,441 [INFO] core.navigation.centering_controller: [CENTERING] KIRMIZI_UCGEN 6/200 dx=+16px dy=-70px d=2.0m ex=+0.0250 ey=-0.1458 (tol +/-0.010) alt_err=+4.88m -> fwd=+0.22 right=+0.15 down=+0.90 m/s
2026-09-01 08:22:57,998 [INFO] core.navigation.centering_controller: [CENTERING] KIRMIZI_UCGEN 11/200 dx=+9px dy=-49px d=1.3m ex=+0.0141 ey=-0.1021 (tol +/-0.010) alt_err=+4.41m -> fwd=+0.15 right=+0.15 down=+1.65 m/s
2026-09-01 08:22:58,549 [INFO] core.navigation.centering_controller: [CENTERING] KIRMIZI_UCGEN 16/200 dx=-3px dy=-52px d=1.3m ex=-0.0047 ey=-0.1083 (tol +/-0.010) alt_err=+3.46m -> fwd=+0.16 right=+0.00 down=+1.73 m/s
QGC port check failed, reporting UNKNOWN: (pid=24101)
2026-09-01 08:22:59,101 [INFO] core.navigation.centering_controller: [CENTERING] KIRMIZI_UCGEN 21/200 dx=-19px dy=-52px d=1.3m ex=-0.0297 ey=-0.1083 (tol +/-0.010) alt_err=+2.51m -> fwd=+0.16 right=-0.15 down=+1.26 m/s
2026-09-01 08:22:59,652 [INFO] core.navigation.centering_controller: [CENTERING] KIRMIZI_UCGEN 26/200 dx=-4px dy=-44px d=1.0m ex=-0.0063 ey=-0.0917 (tol +/-0.010) alt_err=+1.87m -> fwd=+0.15 right=+0.00 down=+0.93 m/s
2026-09-01 08:22:59,983 [INFO] core.detection.vision_runtime: [VISION] detect() calisiyor -- bu karede 1 tespit: ['KIRMIZI_UCGEN']
2026-09-01 08:23:00,207 [INFO] core.navigation.centering_controller: [CENTERING] KIRMIZI_UCGEN 31/200 dx=+18px dy=-33px d=0.8m ex=+0.0281 ey=-0.0688 (tol +/-0.010) alt_err=+1.30m -> fwd=+0.15 right=+0.15 down=+0.65 m/s
2026-09-01 08:23:00,757 [INFO] core.navigation.centering_controller: [CENTERING] KIRMIZI_UCGEN 36/200 dx=+2px dy=-19px d=0.4m ex=+0.0031 ey=-0.0396 (tol +/-0.010) alt_err=+0.97m -> fwd=+0.15 right=+0.00 down=+0.48 m/s
QGC port check failed, reporting UNKNOWN: (pid=24101)
2026-09-01 08:23:01,307 [INFO] core.navigation.centering_controller: [CENTERING] KIRMIZI_UCGEN 41/200 dx=-28px dy=-5px d=0.6m ex=-0.0437 ey=-0.0104 (tol +/-0.010) alt_err=+0.69m -> fwd=+0.15 right=-0.15 down=+0.34 m/s
2026-09-01 08:23:01,346 [INFO] gz_system.main_gz: Dashboard paint loop: 0.0 FPS (main thread)
2026-09-01 08:23:01,858 [INFO] core.navigation.centering_controller: [CENTERING] KIRMIZI_UCGEN 46/200 dx=-18px dy=+28px d=0.6m ex=-0.0281 ey=+0.0583 (tol +/-0.010) alt_err=+0.54m -> fwd=-0.15 right=-0.15 down=+0.27 m/s
2026-09-01 08:23:02,408 [INFO] core.navigation.centering_controller: [CENTERING] KIRMIZI_UCGEN 51/200 dx=-11px dy=+35px d=0.7m ex=-0.0172 ey=+0.0729 (tol +/-0.010) alt_err=+0.39m -> fwd=-0.15 right=-0.15 down=+0.20 m/s
QGC port check failed, reporting UNKNOWN: (pid=24101)
2026-09-01 08:23:02,954 [INFO] core.navigation.centering_controller: [CENTERING] KIRMIZI_UCGEN 56/200 dx=-7px dy=+36px d=0.7m ex=-0.0109 ey=+0.0750 (tol +/-0.010) alt_err=+0.31m -> fwd=-0.15 right=-0.15 down=+0.15 m/s
2026-09-01 08:23:03,062 [INFO] core.detection.vision_runtime: [VISION] detect() calisiyor -- bu karede 1 tespit: ['KIRMIZI_UCGEN']
2026-09-01 08:23:03,503 [INFO] core.navigation.centering_controller: [CENTERING] KIRMIZI_UCGEN 61/200 dx=+1px dy=+38px d=0.7m ex=+0.0016 ey=+0.0792 (tol +/-0.010) alt_err=+0.22m -> fwd=-0.15 right=+0.00 down=+0.11 m/s
2026-09-01 08:23:04,052 [INFO] core.navigation.centering_controller: [CENTERING] KIRMIZI_UCGEN 66/200 dx=+14px dy=+42px d=0.8m ex=+0.0219 ey=+0.0875 (tol +/-0.010) alt_err=+0.17m -> fwd=-0.15 right=+0.15 down=+0.09 m/s
2026-09-01 08:23:04,601 [INFO] core.navigation.centering_controller: [CENTERING] KIRMIZI_UCGEN 71/200 dx=+3px dy=+45px d=0.8m ex=+0.0047 ey=+0.0938 (tol +/-0.010) alt_err=+0.13m -> fwd=-0.15 right=+0.00 down=+0.07 m/s
QGC port check failed, reporting UNKNOWN: (pid=24101)
2026-09-01 08:23:05,152 [INFO] core.navigation.centering_controller: [CENTERING] KIRMIZI_UCGEN 76/200 dx=-26px dy=+47px d=1.0m ex=-0.0406 ey=+0.0979 (tol +/-0.010) alt_err=+0.10m -> fwd=-0.15 right=-0.15 down=+0.05 m/s
2026-09-01 08:23:05,700 [INFO] core.navigation.centering_controller: [CENTERING] KIRMIZI_UCGEN 81/200 dx=-15px dy=+48px d=0.9m ex=-0.0234 ey=+0.1000 (tol +/-0.010) alt_err=+0.07m -> fwd=-0.15 right=-0.15 down=+0.04 m/s
2026-09-01 08:23:06,139 [INFO] core.detection.vision_runtime: [VISION] detect() calisiyor -- bu karede 1 tespit: ['KIRMIZI_UCGEN']
2026-09-01 08:23:06,250 [INFO] core.navigation.centering_controller: [CENTERING] KIRMIZI_UCGEN 86/200 dx=-7px dy=+48px d=0.9m ex=-0.0109 ey=+0.1000 (tol +/-0.010) alt_err=+0.06m -> fwd=-0.15 right=-0.15 down=+0.03 m/s
2026-09-01 08:23:06,366 [INFO] gz_system.main_gz: Dashboard paint loop: 0.0 FPS (main thread)
2026-09-01 08:23:06,798 [INFO] core.navigation.centering_controller: [CENTERING] KIRMIZI_UCGEN 91/200 dx=+10px dy=+49px d=0.9m ex=+0.0156 ey=+0.1021 (tol +/-0.010) alt_err=+0.03m -> fwd=-0.15 right=+0.15 down=+0.02 m/s
QGC port check failed, reporting UNKNOWN: (pid=24101)
2026-09-01 08:23:07,351 [INFO] core.navigation.centering_controller: [CENTERING] KIRMIZI_UCGEN 96/200 dx=+13px dy=+47px d=0.9m ex=+0.0203 ey=+0.0979 (tol +/-0.010) alt_err=+0.02m -> fwd=-0.15 right=+0.15 down=+0.01 m/s
2026-09-01 08:23:07,902 [INFO] core.navigation.centering_controller: [CENTERING] KIRMIZI_UCGEN 101/200 dx=-5px dy=+44px d=0.8m ex=-0.0078 ey=+0.0917 (tol +/-0.010) alt_err=+0.02m -> fwd=-0.15 right=+0.00 down=+0.01 m/s
2026-09-01 08:23:08,449 [INFO] core.navigation.centering_controller: [CENTERING] KIRMIZI_UCGEN 106/200 dx=-24px dy=+43px d=0.9m ex=-0.0375 ey=+0.0896 (tol +/-0.010) alt_err=+0.01m -> fwd=-0.15 right=-0.15 down=+0.01 m/s
QGC port check failed, reporting UNKNOWN: (pid=24101)
2026-09-01 08:23:08,999 [INFO] core.navigation.centering_controller: [CENTERING] KIRMIZI_UCGEN 111/200 dx=-10px dy=+40px d=0.8m ex=-0.0156 ey=+0.0833 (tol +/-0.010) alt_err=+0.02m -> fwd=-0.15 right=-0.15 down=+0.01 m/s
2026-09-01 08:23:09,216 [INFO] core.detection.vision_runtime: [VISION] detect() calisiyor -- bu karede 1 tespit: ['KIRMIZI_UCGEN']
2026-09-01 08:23:09,546 [INFO] core.navigation.centering_controller: [CENTERING] KIRMIZI_UCGEN 116/200 dx=+7px dy=+38px d=0.7m ex=+0.0109 ey=+0.0792 (tol +/-0.010) alt_err=+0.02m -> fwd=-0.15 right=+0.15 down=+0.01 m/s
2026-09-01 08:23:10,095 [INFO] core.navigation.centering_controller: [CENTERING] KIRMIZI_UCGEN 121/200 dx=+16px dy=+34px d=0.7m ex=+0.0250 ey=+0.0708 (tol +/-0.010) alt_err=+0.03m -> fwd=-0.15 right=+0.15 down=+0.01 m/s
2026-09-01 08:23:10,643 [INFO] core.navigation.centering_controller: [CENTERING] KIRMIZI_UCGEN 126/200 dx=+3px dy=+30px d=0.6m ex=+0.0047 ey=+0.0625 (tol +/-0.010) alt_err=+0.02m -> fwd=-0.15 right=+0.00 down=+0.01 m/s
QGC port check failed, reporting UNKNOWN: (pid=24101)
2026-09-01 08:23:11,190 [INFO] core.navigation.centering_controller: [CENTERING] KIRMIZI_UCGEN 131/200 dx=-21px dy=+26px d=0.6m ex=-0.0328 ey=+0.0542 (tol +/-0.010) alt_err=+0.02m -> fwd=-0.15 right=-0.15 down=+0.01 m/s
2026-09-01 08:23:11,405 [INFO] gz_system.main_gz: Dashboard paint loop: 0.0 FPS (main thread)
2026-09-01 08:23:11,739 [INFO] core.navigation.centering_controller: [CENTERING] KIRMIZI_UCGEN 136/200 dx=-9px dy=+22px d=0.4m ex=-0.0141 ey=+0.0458 (tol +/-0.010) alt_err=+0.02m -> fwd=-0.15 right=-0.15 down=+0.01 m/s
2026-09-01 08:23:12,291 [INFO] core.detection.vision_runtime: [VISION] detect() calisiyor -- bu karede 1 tespit: ['KIRMIZI_UCGEN']
2026-09-01 08:23:12,292 [INFO] core.navigation.centering_controller: [CENTERING] KIRMIZI_UCGEN 141/200 dx=+9px dy=+17px d=0.4m ex=+0.0141 ey=+0.0354 (tol +/-0.010) alt_err=+0.01m -> fwd=-0.15 right=+0.15 down=+0.01 m/s
2026-09-01 08:23:12,843 [INFO] core.navigation.centering_controller: [CENTERING] KIRMIZI_UCGEN 146/200 dx=+19px dy=+12px d=0.4m ex=+0.0297 ey=+0.0250 (tol +/-0.010) alt_err=+0.01m -> fwd=-0.15 right=+0.15 down=+0.00 m/s
QGC port check failed, reporting UNKNOWN: (pid=24101)
2026-09-01 08:23:13,393 [INFO] core.navigation.centering_controller: [CENTERING] KIRMIZI_UCGEN 151/200 dx=+3px dy=+7px d=0.1m ex=+0.0047 ey=+0.0146 (tol +/-0.010) alt_err=-0.00m -> fwd=-0.15 right=+0.00 down=-0.00 m/s
2026-09-01 08:23:13,943 [INFO] core.navigation.centering_controller: [CENTERING] KIRMIZI_UCGEN 156/200 dx=-20px dy=-4px d=0.4m ex=-0.0312 ey=-0.0083 (tol +/-0.010) alt_err=-0.00m -> fwd=+0.00 right=-0.15 down=-0.00 m/s
2026-09-01 08:23:14,493 [INFO] core.navigation.centering_controller: [CENTERING] KIRMIZI_UCGEN 161/200 dx=-8px dy=-18px d=0.4m ex=-0.0125 ey=-0.0375 (tol +/-0.010) alt_err=+0.01m -> fwd=+0.15 right=-0.15 down=+0.00 m/s
QGC port check failed, reporting UNKNOWN: (pid=24101)
2026-09-01 08:23:15,041 [INFO] core.navigation.centering_controller: [CENTERING] KIRMIZI_UCGEN 166/200 dx=+13px dy=-5px d=0.3m ex=+0.0203 ey=-0.0104 (tol +/-0.010) alt_err=+0.00m -> fwd=+0.15 right=+0.15 down=+0.00 m/s
2026-09-01 08:23:15,371 [INFO] core.detection.vision_runtime: [VISION] detect() calisiyor -- bu karede 1 tespit: ['KIRMIZI_UCGEN']
2026-09-01 08:23:15,595 [INFO] core.navigation.centering_controller: [CENTERING] KIRMIZI_UCGEN 171/200 dx=+15px dy=+21px d=0.5m ex=+0.0234 ey=+0.0437 (tol +/-0.010) alt_err=+0.00m -> fwd=-0.15 right=+0.15 down=+0.00 m/s
2026-09-01 08:23:16,146 [INFO] core.navigation.centering_controller: [CENTERING] KIRMIZI_UCGEN 176/200 dx=-3px dy=+16px d=0.3m ex=-0.0047 ey=+0.0333 (tol +/-0.010) alt_err=+0.00m -> fwd=-0.15 right=+0.00 down=+0.00 m/s
2026-09-01 08:23:16,417 [INFO] gz_system.main_gz: Dashboard paint loop: 0.0 FPS (main thread)
2026-09-01 08:23:16,696 [INFO] core.navigation.centering_controller: [CENTERING] KIRMIZI_UCGEN 181/200 dx=-21px dy=+4px d=0.4m ex=-0.0328 ey=+0.0083 (tol +/-0.010) alt_err=+0.00m -> fwd=+0.00 right=-0.15 down=+0.00 m/s
QGC port check failed, reporting UNKNOWN: (pid=24101)
2026-09-01 08:23:17,244 [INFO] core.navigation.centering_controller: [CENTERING] KIRMIZI_UCGEN 186/200 dx=-6px dy=-20px d=0.4m ex=-0.0094 ey=-0.0417 (tol +/-0.010) alt_err=-0.01m -> fwd=+0.15 right=+0.00 down=-0.00 m/s
2026-09-01 08:23:17,795 [INFO] core.navigation.centering_controller: [CENTERING] KIRMIZI_UCGEN 191/200 dx=+16px dy=-10px d=0.3m ex=+0.0250 ey=-0.0208 (tol +/-0.010) alt_err=-0.01m -> fwd=+0.15 right=+0.15 down=-0.01 m/s
2026-09-01 08:23:18,343 [INFO] core.navigation.centering_controller: [CENTERING] KIRMIZI_UCGEN 196/200 dx=+10px dy=+6px d=0.2m ex=+0.0156 ey=+0.0125 (tol +/-0.010) alt_err=-0.02m -> fwd=-0.15 right=+0.15 down=-0.01 m/s
2026-09-01 08:23:18,452 [INFO] core.detection.vision_runtime: [VISION] detect() calisiyor -- bu karede 1 tespit: ['KIRMIZI_UCGEN']
2026-09-01 08:23:18,893 [ERROR] core.navigation.centering_controller: Merkezleme zaman asimina ugradi! (200 deneme / 20.0s butcesi doldu)
2026-09-01 08:23:18,893 [WARNING] core.mission.payload_release: Yaklaşma adımı yakınsamadı (10.0m) -- devam ediliyor.
2026-09-01 08:23:18,894 [INFO] core.navigation.centering_controller: KIRMIZI_UCGEN hedefine merkezleniyor (irtifa hedefi: 5.0m, irtifa bandi +/-0.30m)...
2026-09-01 08:23:18,894 [INFO] core.navigation.centering_controller: [CENTERING] KIRMIZI_UCGEN 1/200 dx=-9px dy=+21px d=0.4m ex=-0.0141 ey=+0.0437 (tol +/-0.010) alt_err=+4.98m -> fwd=-0.15 right=-0.15 down=+0.15 m/s
QGC port check failed, reporting UNKNOWN: (pid=24101)
2026-09-01 08:23:19,444 [INFO] core.navigation.centering_controller: [CENTERING] KIRMIZI_UCGEN 6/200 dx=-20px dy=+8px d=0.4m ex=-0.0312 ey=+0.0167 (tol +/-0.010) alt_err=+4.85m -> fwd=-0.15 right=-0.15 down=+0.90 m/s
2026-09-01 08:23:19,995 [INFO] core.navigation.centering_controller: [CENTERING] KIRMIZI_UCGEN 11/200 dx=-8px dy=+1px d=0.1m ex=-0.0125 ey=+0.0021 (tol +/-0.010) alt_err=+4.38m -> fwd=+0.00 right=-0.15 down=+1.65 m/s
2026-09-01 08:23:20,544 [INFO] core.navigation.centering_controller: [CENTERING] KIRMIZI_UCGEN 16/200 dx=+11px dy=-23px d=0.4m ex=+0.0172 ey=-0.0479 (tol +/-0.010) alt_err=+3.46m -> fwd=+0.15 right=+0.15 down=+1.73 m/s
QGC port check failed, reporting UNKNOWN: (pid=24101)
2026-09-01 08:23:21,096 [INFO] core.navigation.centering_controller: [CENTERING] KIRMIZI_UCGEN 21/200 dx=+17px dy=-9px d=0.3m ex=+0.0266 ey=-0.0187 (tol +/-0.010) alt_err=+2.54m -> fwd=+0.15 right=+0.15 down=+1.27 m/s
2026-09-01 08:23:21,425 [INFO] gz_system.main_gz: Dashboard paint loop: 0.0 FPS (main thread)
2026-09-01 08:23:21,534 [INFO] core.detection.vision_runtime: [VISION] detect() calisiyor -- bu karede 1 tespit: ['KIRMIZI_UCGEN']
2026-09-01 08:23:21,645 [INFO] core.navigation.centering_controller: [CENTERING] KIRMIZI_UCGEN 26/200 dx=+2px dy=+13px d=0.2m ex=+0.0031 ey=+0.0271 (tol +/-0.010) alt_err=+1.90m -> fwd=-0.15 right=+0.00 down=+0.95 m/s
2026-09-01 08:23:22,195 [INFO] core.navigation.centering_controller: [CENTERING] KIRMIZI_UCGEN 31/200 dx=-23px dy=+18px d=0.3m ex=-0.0359 ey=+0.0375 (tol +/-0.010) alt_err=+1.44m -> fwd=-0.15 right=-0.15 down=+0.72 m/s
2026-09-01 08:23:22,745 [INFO] core.navigation.centering_controller: [CENTERING] KIRMIZI_UCGEN 36/200 dx=-10px dy=+3px d=0.1m ex=-0.0156 ey=+0.0063 (tol +/-0.010) alt_err=+1.03m -> fwd=+0.00 right=-0.15 down=+0.52 m/s
QGC port check failed, reporting UNKNOWN: (pid=24101)
2026-09-01 08:23:23,292 [INFO] core.navigation.centering_controller: [CENTERING] KIRMIZI_UCGEN 41/200 dx=+14px dy=-25px d=0.3m ex=+0.0219 ey=-0.0521 (tol +/-0.010) alt_err=+0.75m -> fwd=+0.15 right=+0.15 down=+0.37 m/s
2026-09-01 08:23:23,841 [INFO] core.navigation.centering_controller: [CENTERING] KIRMIZI_UCGEN 46/200 dx=+14px dy=-11px d=0.2m ex=+0.0219 ey=-0.0229 (tol +/-0.010) alt_err=+0.58m -> fwd=+0.15 right=+0.15 down=+0.29 m/s
2026-09-01 08:23:24,391 [INFO] core.navigation.centering_controller: [CENTERING] KIRMIZI_UCGEN 51/200 dx=-12px dy=+15px d=0.2m ex=-0.0187 ey=+0.0312 (tol +/-0.010) alt_err=+0.42m -> fwd=-0.15 right=-0.15 down=+0.21 m/s
2026-09-01 08:23:24,607 [INFO] core.detection.vision_runtime: [VISION] detect() calisiyor -- bu karede 1 tespit: ['KIRMIZI_UCGEN']
QGC port check failed, reporting UNKNOWN: (pid=24101)
2026-09-01 08:23:24,939 [INFO] core.navigation.centering_controller: [CENTERING] KIRMIZI_UCGEN 56/200 dx=-22px dy=+24px d=0.3m ex=-0.0344 ey=+0.0500 (tol +/-0.010) alt_err=+0.33m -> fwd=-0.15 right=-0.15 down=+0.17 m/s
2026-09-01 08:23:25,488 [INFO] core.navigation.centering_controller: [CENTERING] KIRMIZI_UCGEN 61/200 dx=-7px dy=+10px d=0.1m ex=-0.0109 ey=+0.0208 (tol +/-0.010) alt_err=+0.25m -> fwd=-0.15 right=-0.15 down=+0.12 m/s
2026-09-01 08:23:25,816 [INFO] core.navigation.centering_controller: Merkezleme tamamlandi. (attempt 64/200, dx=+5px dy=+4px ex=+0.0078 ey=+0.0083 alt_err=+0.21m)
2026-09-01 08:23:25,817 [INFO] core.navigation.centering_controller: KIRMIZI_UCGEN hedefine merkezleniyor (irtifa hedefi: 0.45m, irtifa bandi +/-0.05m)...
2026-09-01 08:23:25,818 [INFO] core.navigation.centering_controller: [CENTERING] KIRMIZI_UCGEN 1/200 dx=+5px dy=+4px d=0.1m ex=+0.0078 ey=+0.0083 (tol +/-0.010) alt_err=+4.76m -> fwd=+0.00 right=+0.00 down=+0.15 m/s
2026-09-01 08:23:26,367 [INFO] core.navigation.centering_controller: [CENTERING] KIRMIZI_UCGEN 6/200 dx=+26px dy=-23px d=0.3m ex=+0.0406 ey=-0.0479 (tol +/-0.010) alt_err=+4.65m -> fwd=+0.15 right=+0.15 down=+0.90 m/s
2026-09-01 08:23:26,462 [INFO] gz_system.main_gz: Dashboard paint loop: 0.0 FPS (main thread)
QGC port check failed, reporting UNKNOWN: (pid=24101)
2026-09-01 08:23:26,918 [INFO] core.navigation.centering_controller: [CENTERING] KIRMIZI_UCGEN 11/200 dx=+11px dy=-13px d=0.1m ex=+0.0172 ey=-0.0271 (tol +/-0.010) alt_err=+4.07m -> fwd=+0.15 right=+0.15 down=+1.65 m/s
2026-09-01 08:23:27,467 [INFO] core.navigation.centering_controller: [CENTERING] KIRMIZI_UCGEN 16/200 dx=-13px dy=+8px d=0.1m ex=-0.0203 ey=+0.0167 (tol +/-0.010) alt_err=+3.28m -> fwd=-0.15 right=-0.15 down=+1.64 m/s
2026-09-01 08:23:27,686 [INFO] core.detection.vision_runtime: [VISION] detect() calisiyor -- bu karede 1 tespit: ['KIRMIZI_UCGEN']
2026-09-01 08:23:28,016 [INFO] core.navigation.centering_controller: [CENTERING] KIRMIZI_UCGEN 21/200 dx=-26px dy=+31px d=0.2m ex=-0.0406 ey=+0.0646 (tol +/-0.010) alt_err=+2.37m -> fwd=-0.13 right=-0.15 down=+1.19 m/s
2026-09-01 08:23:28,567 [INFO] core.navigation.centering_controller: [CENTERING] KIRMIZI_UCGEN 26/200 dx=-3px dy=+13px d=0.1m ex=-0.0047 ey=+0.0271 (tol +/-0.010) alt_err=+1.79m -> fwd=-0.10 right=+0.00 down=+0.90 m/s
QGC port check failed, reporting UNKNOWN: (pid=24101)
2026-09-01 08:23:29,114 [INFO] core.navigation.centering_controller: [CENTERING] KIRMIZI_UCGEN 31/200 dx=+37px dy=+30px d=0.2m ex=+0.0578 ey=+0.0625 (tol +/-0.010) alt_err=+1.28m -> fwd=-0.09 right=+0.10 down=+0.64 m/s
2026-09-01 08:23:29,664 [INFO] core.navigation.centering_controller: [CENTERING] KIRMIZI_UCGEN 36/200 dx=+24px dy=+16px d=0.1m ex=+0.0383 ey=+0.0323 (tol +/-0.010) alt_err=+0.97m -> fwd=-0.06 right=+0.08 down=+0.49 m/s
2026-09-01 08:23:30,216 [INFO] core.navigation.centering_controller: [CENTERING] KIRMIZI_UCGEN 41/200 dx=+8px dy=+1px d=0.0m ex=+0.0117 ey=+0.0021 (tol +/-0.010) alt_err=+0.69m -> fwd=+0.00 right=+0.07 down=+0.35 m/s
2026-09-01 08:23:30,767 [INFO] core.detection.vision_runtime: [VISION] detect() calisiyor -- bu karede 1 tespit: ['KIRMIZI_UCGEN']
2026-09-01 08:23:30,768 [INFO] core.navigation.centering_controller: [CENTERING] KIRMIZI_UCGEN 46/200 dx=-16px dy=-19px d=0.0m ex=-0.0258 ey=-0.0396 (tol +/-0.010) alt_err=+0.53m -> fwd=+0.06 right=-0.06 down=+0.27 m/s
QGC port check failed, reporting UNKNOWN: (pid=24101)
2026-09-01 08:23:31,319 [INFO] core.navigation.centering_controller: [CENTERING] KIRMIZI_UCGEN 51/200 dx=-23px dy=-13px d=0.0m ex=-0.0359 ey=-0.0271 (tol +/-0.010) alt_err=+0.39m -> fwd=+0.04 right=-0.05 down=+0.20 m/s
2026-09-01 08:23:31,472 [INFO] gz_system.main_gz: Dashboard paint loop: 0.0 FPS (main thread)
2026-09-01 08:23:31,871 [INFO] core.navigation.centering_controller: [CENTERING] KIRMIZI_UCGEN 56/200 dx=-10px dy=+8px d=0.0m ex=-0.0164 ey=+0.0156 (tol +/-0.010) alt_err=+0.31m -> fwd=-0.03 right=-0.05 down=+0.16 m/s
2026-09-01 08:23:32,422 [INFO] core.navigation.centering_controller: [CENTERING] KIRMIZI_UCGEN 61/200 dx=+2px dy=+19px d=0.0m ex=+0.0023 ey=+0.0396 (tol +/-0.010) alt_err=+0.24m -> fwd=-0.06 right=+0.00 down=+0.12 m/s
QGC port check failed, reporting UNKNOWN: (pid=24101)
2026-09-01 08:23:32,975 [INFO] core.navigation.centering_controller: [CENTERING] KIRMIZI_UCGEN 66/200 dx=+16px dy=+4px d=0.0m ex=+0.0258 ey=+0.0083 (tol +/-0.010) alt_err=+0.19m -> fwd=+0.00 right=+0.04 down=+0.09 m/s
2026-09-01 08:23:33,528 [INFO] core.navigation.centering_controller: [CENTERING] KIRMIZI_UCGEN 71/200 dx=+10px dy=-17px d=0.0m ex=+0.0148 ey=-0.0354 (tol +/-0.010) alt_err=+0.15m -> fwd=+0.05 right=+0.04 down=+0.07 m/s
2026-09-01 08:23:33,859 [INFO] core.detection.vision_runtime: [VISION] detect() calisiyor -- bu karede 1 tespit: ['KIRMIZI_UCGEN']
2026-09-01 08:23:34,084 [INFO] core.navigation.centering_controller: [CENTERING] KIRMIZI_UCGEN 76/200 dx=-8px dy=-10px d=0.0m ex=-0.0117 ey=-0.0208 (tol +/-0.010) alt_err=+0.12m -> fwd=+0.03 right=-0.03 down=+0.06 m/s
2026-09-01 08:23:34,641 [INFO] core.navigation.centering_controller: [CENTERING] KIRMIZI_UCGEN 81/200 dx=-10px dy=+20px d=0.0m ex=-0.0156 ey=+0.0406 (tol +/-0.010) alt_err=+0.10m -> fwd=-0.06 right=-0.03 down=+0.05 m/s
QGC port check failed, reporting UNKNOWN: (pid=24101)
2026-09-01 08:23:35,195 [INFO] core.navigation.centering_controller: [CENTERING] KIRMIZI_UCGEN 86/200 dx=+14px dy=+32px d=0.0m ex=+0.0211 ey=+0.0667 (tol +/-0.010) alt_err=+0.08m -> fwd=-0.10 right=+0.03 down=+0.04 m/s
2026-09-01 08:23:35,749 [INFO] core.navigation.centering_controller: [CENTERING] KIRMIZI_UCGEN 91/200 dx=+16px dy=-11px d=0.0m ex=+0.0258 ey=-0.0229 (tol +/-0.010) alt_err=+0.05m -> fwd=+0.03 right=+0.04 down=+0.03 m/s
2026-09-01 08:23:36,303 [INFO] core.navigation.centering_controller: [CENTERING] KIRMIZI_UCGEN 96/200 dx=-14px dy=-48px d=0.0m ex=-0.0211 ey=-0.0990 (tol +/-0.010) alt_err=+0.04m -> fwd=+0.15 right=-0.03 down=+0.02 m/s
2026-09-01 08:23:36,504 [INFO] gz_system.main_gz: Dashboard paint loop: 0.0 FPS (main thread)
2026-09-01 08:23:36,857 [INFO] core.navigation.centering_controller: [CENTERING] KIRMIZI_UCGEN 101/200 dx=-28px dy=+2px d=0.0m ex=-0.0445 ey=+0.0042 (tol +/-0.010) alt_err=+0.03m -> fwd=+0.00 right=-0.07 down=+0.02 m/s
QGC port check failed, reporting UNKNOWN: (pid=24101)
2026-09-01 08:23:36,966 [INFO] core.detection.vision_runtime: [VISION] detect() calisiyor -- bu karede 1 tespit: ['KIRMIZI_UCGEN']
2026-09-01 08:23:37,409 [INFO] core.navigation.centering_controller: [CENTERING] KIRMIZI_UCGEN 106/200 dx=-6px dy=+54px d=0.0m ex=-0.0102 ey=+0.1125 (tol +/-0.010) alt_err=+0.04m -> fwd=-0.17 right=-0.03 down=+0.02 m/s
2026-09-01 08:23:37,961 [INFO] core.navigation.centering_controller: [CENTERING] KIRMIZI_UCGEN 111/200 dx=+24px dy=+26px d=0.0m ex=+0.0383 ey=+0.0542 (tol +/-0.010) alt_err=+0.04m -> fwd=-0.08 right=+0.06 down=+0.02 m/s
2026-09-01 08:23:38,517 [INFO] core.navigation.centering_controller: [CENTERING] KIRMIZI_UCGEN 116/200 dx=-3px dy=-30px d=0.0m ex=-0.0047 ey=-0.0615 (tol +/-0.010) alt_err=+0.03m -> fwd=+0.09 right=+0.00 down=+0.01 m/s
QGC port check failed, reporting UNKNOWN: (pid=24101)
2026-09-01 08:23:39,067 [INFO] core.navigation.centering_controller: [CENTERING] KIRMIZI_UCGEN 121/200 dx=-50px dy=-35px d=0.1m ex=-0.0773 ey=-0.0729 (tol +/-0.010) alt_err=+0.02m -> fwd=+0.11 right=-0.12 down=+0.01 m/s
2026-09-01 08:23:39,619 [INFO] core.navigation.centering_controller: [CENTERING] KIRMIZI_UCGEN 126/200 dx=-8px dy=-2px d=0.0m ex=-0.0117 ey=-0.0031 (tol +/-0.010) alt_err=+0.01m -> fwd=+0.00 right=-0.03 down=+0.00 m/s
2026-09-01 08:23:40,060 [INFO] core.detection.vision_runtime: [VISION] detect() calisiyor -- bu karede 1 tespit: ['KIRMIZI_UCGEN']
2026-09-01 08:23:40,173 [INFO] core.navigation.centering_controller: [CENTERING] KIRMIZI_UCGEN 131/200 dx=+88px dy=+0px d=0.1m ex=+0.1375 ey=+0.0000 (tol +/-0.010) alt_err=+0.00m -> fwd=+0.00 right=+0.21 down=+0.00 m/s
2026-09-01 08:23:40,726 [INFO] core.navigation.centering_controller: [CENTERING] KIRMIZI_UCGEN 136/200 dx=+54px dy=+4px d=0.0m ex=+0.0836 ey=+0.0083 (tol +/-0.010) alt_err=-0.00m -> fwd=+0.00 right=+0.13 down=-0.00 m/s
QGC port check failed, reporting UNKNOWN: (pid=24101)
2026-09-01 08:23:41,281 [INFO] core.navigation.centering_controller: [CENTERING] KIRMIZI_UCGEN 141/200 dx=-96px dy=+18px d=0.1m ex=-0.1508 ey=+0.0375 (tol +/-0.010) alt_err=-0.00m -> fwd=-0.06 right=-0.23 down=-0.00 m/s
2026-09-01 08:23:41,517 [INFO] gz_system.main_gz: Dashboard paint loop: 0.0 FPS (main thread)
2026-09-01 08:23:41,836 [INFO] core.navigation.centering_controller: [CENTERING] KIRMIZI_UCGEN 146/200 dx=-102px dy=+12px d=0.1m ex=-0.1602 ey=+0.0240 (tol +/-0.010) alt_err=+0.00m -> fwd=-0.04 right=-0.24 down=+0.00 m/s
2026-09-01 08:23:42,392 [INFO] core.navigation.centering_controller: [CENTERING] KIRMIZI_UCGEN 151/200 dx=+43px dy=+0px d=0.0m ex=+0.0672 ey=+0.0000 (tol +/-0.010) alt_err=-0.00m -> fwd=+0.00 right=+0.10 down=-0.00 m/s
QGC port check failed, reporting UNKNOWN: (pid=24101)
2026-09-01 08:23:42,946 [INFO] core.navigation.centering_controller: [CENTERING] KIRMIZI_UCGEN 156/200 dx=+128px dy=+0px d=0.1m ex=+0.2000 ey=+0.0000 (tol +/-0.010) alt_err=-0.01m -> fwd=+0.00 right=+0.30 down=-0.00 m/s
2026-09-01 08:23:43,168 [INFO] core.detection.vision_runtime: [VISION] detect() calisiyor -- bu karede 1 tespit: ['KIRMIZI_UCGEN']
2026-09-01 08:23:43,501 [INFO] core.navigation.centering_controller: [CENTERING] KIRMIZI_UCGEN 161/200 dx=+56px dy=-6px d=0.0m ex=+0.0867 ey=-0.0125 (tol +/-0.010) alt_err=-0.01m -> fwd=+0.02 right=+0.13 down=-0.01 m/s
2026-09-01 08:23:44,057 [INFO] core.navigation.centering_controller: [CENTERING] KIRMIZI_UCGEN 166/200 dx=-113px dy=-14px d=0.1m ex=-0.1766 ey=-0.0281 (tol +/-0.010) alt_err=-0.01m -> fwd=+0.04 right=-0.26 down=-0.00 m/s
2026-09-01 08:23:44,616 [INFO] core.navigation.centering_controller: [CENTERING] KIRMIZI_UCGEN 171/200 dx=-99px dy=-6px d=0.1m ex=-0.1547 ey=-0.0135 (tol +/-0.010) alt_err=-0.01m -> fwd=+0.02 right=-0.23 down=-0.00 m/s
QGC port check failed, reporting UNKNOWN: (pid=24101)
2026-09-01 08:23:45,172 [INFO] core.navigation.centering_controller: [CENTERING] KIRMIZI_UCGEN 176/200 dx=+103px dy=+3px d=0.1m ex=+0.1609 ey=+0.0063 (tol +/-0.010) alt_err=-0.00m -> fwd=+0.00 right=+0.24 down=-0.00 m/s
2026-09-01 08:23:45,728 [INFO] core.navigation.centering_controller: [CENTERING] KIRMIZI_UCGEN 181/200 dx=+144px dy=+4px d=0.1m ex=+0.2250 ey=+0.0073 (tol +/-0.010) alt_err=+0.01m -> fwd=+0.00 right=+0.34 down=+0.00 m/s
2026-09-01 08:23:46,177 [INFO] core.detection.vision_runtime: [VISION] detect() calisiyor -- bu karede 1 tespit: ['KIRMIZI_UCGEN']
2026-09-01 08:23:46,290 [INFO] core.navigation.centering_controller: [CENTERING] KIRMIZI_UCGEN 186/200 dx=+6px dy=+18px d=0.0m ex=+0.0094 ey=+0.0385 (tol +/-0.010) alt_err=+0.01m -> fwd=-0.06 right=+0.00 down=+0.01 m/s
2026-09-01 08:23:46,534 [INFO] gz_system.main_gz: Dashboard paint loop: 0.0 FPS (main thread)
2026-09-01 08:23:46,846 [INFO] core.navigation.centering_controller: [CENTERING] KIRMIZI_UCGEN 191/200 dx=-150px dy=+28px d=0.1m ex=-0.2336 ey=+0.0573 (tol +/-0.010) alt_err=+0.01m -> fwd=-0.09 right=-0.35 down=+0.01 m/s
QGC port check failed, reporting UNKNOWN: (pid=24101)
2026-09-01 08:23:47,405 [INFO] core.navigation.centering_controller: [CENTERING] KIRMIZI_UCGEN 196/200 dx=-92px dy=-11px d=0.1m ex=-0.1437 ey=-0.0229 (tol +/-0.010) alt_err=+0.01m -> fwd=+0.03 right=-0.22 down=+0.00 m/s
2026-09-01 08:23:47,963 [ERROR] core.navigation.centering_controller: Merkezleme zaman asimina ugradi! (200 deneme / 20.0s butcesi doldu)
2026-09-01 08:23:47,963 [INFO] core.navigation.centering_controller: [AIM_OFFSET_APPLIED] KIRMIZI_UCGEN: montaj (ileri=0.00, sag=-0.04) m, yon=4.4 deg -> tutma noktasi (47.3981761, 8.5461428) olarak otelendi (kuzey -0.00, dogu +0.03 m).
QGC port check failed, reporting UNKNOWN: (pid=24101)
2026-09-01 08:23:49,186 [INFO] core.detection.vision_runtime: [VISION] detect() calisiyor -- bu karede 1 tespit: ['KIRMIZI_UCGEN']
2026-09-01 08:23:50,070 [INFO] core.navigation.centering_controller: [MOUNT_TRANSLATE_DONE] KIRMIZI_UCGEN: kalan 4.6 cm, sure 2.11 s (yakinsadi).
2026-09-01 08:23:50,070 [WARNING] core.navigation.centering_controller: [LOW_ALT_OPEN_LOOP_DESCENT] KIRMIZI_UCGEN: goruntu 0.44m'de kayboldu -- dondurulmus kestirime (47.3981761, 8.5461428, offset=6.4cm @ 0.45m) gore 0.45m'ye alcalmaya devam.
2026-09-01 08:23:50,071 [INFO] core.navigation.centering_controller: [LOW_ALT_OPEN_LOOP_DESCENT] KIRMIZI_UCGEN: 0.441m'ye ulasildi (hedef 0.45m).
2026-09-01 08:23:50,071 [INFO] core.navigation.centering_controller: 0.1m ileri hareket ediliyor (0.3 m/s, 0.3s)...
2026-09-01 08:23:50,516 [INFO] core.mission.payload_release: [RELEASE_OFFSET] KIRMIZI_UCGEN: {'shape_type': 'KIRMIZI_UCGEN', 'altitude_m': 0.45, 'target_visible': True, 'best_known_offset_cm': 6.08, 'best_known_offset_alt_m': 0.441, 'dx_cm': -5.25, 'dy_cm': -13.5, 'offset_cm': 14.49}
2026-09-01 08:23:50,516 [INFO] core.mission.payload_release: [MOUNT_VECTOR_MEASURED] KIRMIZI_UCGEN: {'world_dx': -0.0352, 'world_dy': 0.0045, 'gazebo_yaw_deg': 85.73, 'body_forward_m': 0.0019, 'body_right_m': -0.0354} (uygulanan: (0.0, -0.035))
2026-09-01 08:23:50,516 [INFO] gz_system.gz_payload_actuator: Gazebo DetachableJoint tetikleniyor: /payload/detach/blue
I0901 08:23:50.517097 13275972 fork_posix.cc:71] Other threads are currently calling into gRPC, skipping fork() handlers
I0901 08:23:50.572845 13275972 fork_posix.cc:71] Other threads are currently calling into gRPC, skipping fork() handlers
I0901 08:23:50.631537 13275972 fork_posix.cc:71] Other threads are currently calling into gRPC, skipping fork() handlers
I0901 08:23:50.672010 13275972 fork_posix.cc:71] Other threads are currently calling into gRPC, skipping fork() handlers
I0901 08:23:50.722700 13275972 fork_posix.cc:71] Other threads are currently calling into gRPC, skipping fork() handlers
QGC port check failed, reporting UNKNOWN: (pid=24101)
2026-09-01 08:23:51,566 [INFO] gz_system.main_gz: Dashboard paint loop: 0.0 FPS (main thread)
2026-09-01 08:23:51,707 [INFO] gz_system.gz_payload_actuator: Yuk ayrildi (blue), gecikme 1.074 s.
2026-09-01 08:23:51,707 [INFO] core.mission.payload_release: [PAYLOAD_RELEASED] PAYLOAD 3 RELEASED @0.45m
2026-09-01 08:23:52,229 [INFO] core.detection.vision_runtime: [VISION] detect() calisiyor -- bu karede 2 tespit: ['KIRMIZI_UCGEN', 'MAVI_DIKDORTGEN']
QGC port check failed, reporting UNKNOWN: (pid=24101)
2026-09-01 08:23:53,709 [INFO] core.mission.payload_release: [PAYLOAD_FINAL_POSE] KIRMIZI_UCGEN: x=-1.505 y=22.828 z=0.041 merkeze 1723.7 cm egim 0.0 deg (HEDEF DISINDA)
2026-09-01 08:23:53,709 [INFO] core.mission.payload_release: Doğrulama işareti aranıyor: MAVI_DIKDORTGEN
2026-09-01 08:23:53,709 [INFO] core.mission.payload_release: Yük bırakma DOĞRULANDI: MAVI_DIKDORTGEN tespit edildi.
2026-09-01 08:23:53,709 [INFO] core.navigation.centering_controller: 1.5m irtifasina tirmaniliyor (goruntuden bagimsiz)...
QGC port check failed, reporting UNKNOWN: (pid=24101)
2026-09-01 08:23:55,278 [INFO] core.detection.vision_runtime: [VISION] detect() calisiyor -- bu karede 2 tespit: ['KIRMIZI_UCGEN', 'MAVI_DIKDORTGEN']
2026-09-01 08:23:55,726 [INFO] core.mission.gorev2_orchestrator: Gorev 2 tamamlandi (Payload Mission 1 + 2 basariyla calisti).
2026-09-01 08:23:55,726 [INFO] core.mission.master_fsm: Görev 2 akışı bitti, doğrudan Görev 3'e geçiliyor...
2026-09-01 08:23:55,726 [INFO] core.mission.gorev3_pickup: Görev 3 Faz 1 (Alma) Başlatıldı.
2026-09-01 08:23:55,726 [INFO] core.mission.gorev3_pickup: Mavi Altıgen konumuna 1.5m irtifada gidiliyor: 47.3988314, 8.5462989
2026-09-01 08:23:55,726 [INFO] core.navigation.centering_controller: Kayitli GPS konumuna gidiliyor: lat=47.3988314, lon=8.5462989, alt=1.5m
2026-09-01 08:23:56,578 [INFO] gz_system.main_gz: Dashboard paint loop: 0.0 FPS (main thread)
QGC port check failed, reporting UNKNOWN: (pid=24101)
2026-09-01 08:23:58,368 [INFO] core.detection.vision_runtime: [VISION] detect() calisiyor -- bu karede 0 tespit: []
QGC port check failed, reporting UNKNOWN: (pid=24101)
QGC port check failed, reporting UNKNOWN: (pid=24101)
2026-09-01 08:24:01,423 [INFO] core.detection.vision_runtime: [VISION] detect() calisiyor -- bu karede 0 tespit: []
2026-09-01 08:24:01,597 [INFO] gz_system.main_gz: Dashboard paint loop: 0.0 FPS (main thread)
QGC port check failed, reporting UNKNOWN: (pid=24101)
2026-09-01 08:24:04,469 [INFO] core.detection.vision_runtime: [VISION] detect() calisiyor -- bu karede 0 tespit: []
QGC port check failed, reporting UNKNOWN: (pid=24101)
2026-09-01 08:24:05,235 [INFO] core.mission.gorev3_pickup: Kırmızı Dikdörtgenin uzun kenarına dik hizalanılıyor: 5.1 -> 6.1 derece
2026-09-01 08:24:06,618 [INFO] gz_system.main_gz: Dashboard paint loop: 0.0 FPS (main thread)
QGC port check failed, reporting UNKNOWN: (pid=24101)
2026-09-01 08:24:07,332 [INFO] core.mission.gorev3_pickup: 1.2m irtifada (gorus dostu) hedefe ortalanıyor...
2026-09-01 08:24:07,332 [INFO] core.navigation.centering_controller: KIRMIZI_DIKDORTGEN hedefine merkezleniyor (irtifa hedefi: 1.2m, irtifa bandi +/-0.30m)...
2026-09-01 08:24:07,332 [WARNING] core.navigation.centering_controller: [CENTERING] KIRMIZI_DIKDORTGEN 1/200 hedef kayboldu (feed canli, hedef bu karede yok)
2026-09-01 08:24:07,555 [INFO] core.detection.vision_runtime: [VISION] detect() calisiyor -- bu karede 2 tespit: ['KIRMIZI_UCGEN', 'MAVI_ALTIGEN']
2026-09-01 08:24:07,887 [INFO] core.navigation.centering_controller: [CENTERING] KIRMIZI_DIKDORTGEN 6/200 dx=-20px dy=+187px d=0.5m ex=-0.0312 ey=+0.3896 (tol +/-0.010) alt_err=+0.31m -> fwd=-0.45 right=-0.09 down=+0.15 m/s
2026-09-01 08:24:08,439 [INFO] core.navigation.centering_controller: [CENTERING] KIRMIZI_DIKDORTGEN 11/200 dx=-3px dy=+126px d=0.3m ex=-0.0047 ey=+0.2625 (tol +/-0.010) alt_err=+0.23m -> fwd=-0.39 right=+0.00 down=+0.12 m/s
2026-09-01 08:24:08,991 [INFO] core.navigation.centering_controller: [CENTERING] KIRMIZI_DIKDORTGEN 16/200 dx=+34px dy=-71px d=0.2m ex=+0.0531 ey=-0.1479 (tol +/-0.010) alt_err=+0.16m -> fwd=+0.21 right=+0.08 down=+0.08 m/s
QGC port check failed, reporting UNKNOWN: (pid=24737)
2026-09-01 08:24:09,543 [INFO] core.navigation.centering_controller: [CENTERING] KIRMIZI_DIKDORTGEN 21/200 dx=+37px dy=-231px d=0.6m ex=+0.0578 ey=-0.4813 (tol +/-0.010) alt_err=+0.11m -> fwd=+0.72 right=+0.09 down=+0.05 m/s
2026-09-01 08:24:10,092 [INFO] core.navigation.centering_controller: [CENTERING] KIRMIZI_DIKDORTGEN 26/200 dx=+27px dy=-227px d=0.5m ex=+0.0422 ey=-0.4729 (tol +/-0.010) alt_err=+0.07m -> fwd=+0.71 right=+0.08 down=+0.03 m/s
2026-09-01 08:24:10,642 [INFO] core.detection.vision_runtime: [VISION] detect() calisiyor -- bu karede 2 tespit: ['MAVI_ALTIGEN', 'KIRMIZI_DIKDORTGEN']
2026-09-01 08:24:10,643 [INFO] core.navigation.centering_controller: [CENTERING] KIRMIZI_DIKDORTGEN 31/200 dx=+18px dy=-104px d=0.2m ex=+0.0281 ey=-0.2167 (tol +/-0.010) alt_err=+0.04m -> fwd=+0.33 right=+0.07 down=+0.02 m/s
QGC port check failed, reporting UNKNOWN: (pid=24737)
2026-09-01 08:24:11,193 [INFO] core.navigation.centering_controller: [CENTERING] KIRMIZI_DIKDORTGEN 36/200 dx=+8px dy=-26px d=0.1m ex=+0.0125 ey=-0.0542 (tol +/-0.010) alt_err=+0.03m -> fwd=+0.08 right=+0.07 down=+0.01 m/s
2026-09-01 08:24:11,641 [INFO] gz_system.main_gz: Dashboard paint loop: 0.0 FPS (main thread)
2026-09-01 08:24:11,742 [INFO] core.navigation.centering_controller: [CENTERING] KIRMIZI_DIKDORTGEN 41/200 dx=-10px dy=-30px d=0.1m ex=-0.0156 ey=-0.0625 (tol +/-0.010) alt_err=+0.02m -> fwd=+0.09 right=-0.07 down=+0.01 m/s
2026-09-01 08:24:12,293 [INFO] core.navigation.centering_controller: [CENTERING] KIRMIZI_DIKDORTGEN 46/200 dx=-13px dy=-77px d=0.2m ex=-0.0203 ey=-0.1604 (tol +/-0.010) alt_err=+0.02m -> fwd=+0.24 right=-0.07 down=+0.01 m/s
2026-09-01 08:24:12,841 [INFO] core.navigation.centering_controller: [CENTERING] KIRMIZI_DIKDORTGEN 51/200 dx=+8px dy=-97px d=0.2m ex=+0.0125 ey=-0.2021 (tol +/-0.010) alt_err=+0.02m -> fwd=+0.30 right=+0.07 down=+0.01 m/s
QGC port check failed, reporting UNKNOWN: (pid=24737)
2026-09-01 08:24:13,391 [INFO] core.navigation.centering_controller: [CENTERING] KIRMIZI_DIKDORTGEN 56/200 dx=+27px dy=-70px d=0.2m ex=+0.0422 ey=-0.1458 (tol +/-0.010) alt_err=+0.01m -> fwd=+0.22 right=+0.07 down=+0.01 m/s
2026-09-01 08:24:13,724 [INFO] core.detection.vision_runtime: [VISION] detect() calisiyor -- bu karede 2 tespit: ['MAVI_ALTIGEN', 'KIRMIZI_DIKDORTGEN']
2026-09-01 08:24:13,946 [INFO] core.navigation.centering_controller: [CENTERING] KIRMIZI_DIKDORTGEN 61/200 dx=+16px dy=-29px d=0.1m ex=+0.0250 ey=-0.0604 (tol +/-0.010) alt_err=+0.01m -> fwd=+0.09 right=+0.07 down=+0.01 m/s
2026-09-01 08:24:14,496 [INFO] core.navigation.centering_controller: [CENTERING] KIRMIZI_DIKDORTGEN 66/200 dx=-3px dy=-15px d=0.0m ex=-0.0047 ey=-0.0312 (tol +/-0.010) alt_err=+0.01m -> fwd=+0.05 right=+0.00 down=+0.00 m/s
QGC port check failed, reporting UNKNOWN: (pid=24737)
2026-09-01 08:24:15,044 [INFO] core.navigation.centering_controller: [CENTERING] KIRMIZI_DIKDORTGEN 71/200 dx=-20px dy=-23px d=0.1m ex=-0.0312 ey=-0.0479 (tol +/-0.010) alt_err=+0.00m -> fwd=+0.07 right=-0.07 down=+0.00 m/s
2026-09-01 08:24:15,593 [INFO] core.navigation.centering_controller: [CENTERING] KIRMIZI_DIKDORTGEN 76/200 dx=-8px dy=-30px d=0.1m ex=-0.0125 ey=-0.0625 (tol +/-0.010) alt_err=+0.01m -> fwd=+0.09 right=-0.07 down=+0.00 m/s
2026-09-01 08:24:16,145 [INFO] core.navigation.centering_controller: [CENTERING] KIRMIZI_DIKDORTGEN 81/200 dx=+11px dy=-26px d=0.1m ex=+0.0172 ey=-0.0542 (tol +/-0.010) alt_err=+0.01m -> fwd=+0.08 right=+0.07 down=+0.01 m/s
2026-09-01 08:24:16,644 [INFO] gz_system.main_gz: Dashboard paint loop: 0.0 FPS (main thread)
2026-09-01 08:24:16,697 [INFO] core.navigation.centering_controller: [CENTERING] KIRMIZI_DIKDORTGEN 86/200 dx=+13px dy=-15px d=0.0m ex=+0.0203 ey=-0.0312 (tol +/-0.010) alt_err=+0.01m -> fwd=+0.05 right=+0.07 down=+0.00 m/s
2026-09-01 08:24:16,808 [INFO] core.detection.vision_runtime: [VISION] detect() calisiyor -- bu karede 2 tespit: ['MAVI_ALTIGEN', 'KIRMIZI_DIKDORTGEN']
QGC port check failed, reporting UNKNOWN: (pid=24737)
2026-09-01 08:24:17,246 [INFO] core.navigation.centering_controller: [CENTERING] KIRMIZI_DIKDORTGEN 91/200 dx=-11px dy=-9px d=0.0m ex=-0.0172 ey=-0.0187 (tol +/-0.010) alt_err=+0.01m -> fwd=+0.05 right=-0.07 down=+0.01 m/s
2026-09-01 08:24:17,794 [INFO] core.navigation.centering_controller: [CENTERING] KIRMIZI_DIKDORTGEN 96/200 dx=-23px dy=-5px d=0.1m ex=-0.0359 ey=-0.0104 (tol +/-0.010) alt_err=+0.02m -> fwd=+0.05 right=-0.07 down=+0.01 m/s
2026-09-01 08:24:18,347 [INFO] core.navigation.centering_controller: [CENTERING] KIRMIZI_DIKDORTGEN 101/200 dx=-9px dy=+5px d=0.0m ex=-0.0141 ey=+0.0104 (tol +/-0.010) alt_err=+0.01m -> fwd=-0.05 right=-0.07 down=+0.01 m/s
2026-09-01 08:24:18,901 [INFO] core.navigation.centering_controller: [CENTERING] KIRMIZI_DIKDORTGEN 106/200 dx=+11px dy=+6px d=0.0m ex=+0.0172 ey=+0.0125 (tol +/-0.010) alt_err=+0.01m -> fwd=-0.05 right=+0.07 down=+0.00 m/s
QGC port check failed, reporting UNKNOWN: (pid=24737)
2026-09-01 08:24:19,451 [INFO] core.navigation.centering_controller: [CENTERING] KIRMIZI_DIKDORTGEN 111/200 dx=+15px dy=-17px d=0.1m ex=+0.0234 ey=-0.0354 (tol +/-0.010) alt_err=+0.01m -> fwd=+0.05 right=+0.07 down=+0.01 m/s
2026-09-01 08:24:19,890 [INFO] core.detection.vision_runtime: [VISION] detect() calisiyor -- bu karede 2 tespit: ['MAVI_ALTIGEN', 'KIRMIZI_DIKDORTGEN']
2026-09-01 08:24:20,002 [INFO] core.navigation.centering_controller: [CENTERING] KIRMIZI_DIKDORTGEN 116/200 dx=-2px dy=-19px d=0.0m ex=-0.0031 ey=-0.0396 (tol +/-0.010) alt_err=+0.02m -> fwd=+0.06 right=+0.00 down=+0.01 m/s
2026-09-01 08:24:20,552 [INFO] core.navigation.centering_controller: [CENTERING] KIRMIZI_DIKDORTGEN 121/200 dx=-14px dy=-2px d=0.0m ex=-0.0219 ey=-0.0042 (tol +/-0.010) alt_err=+0.01m -> fwd=+0.00 right=-0.07 down=+0.01 m/s
QGC port check failed, reporting UNKNOWN: (pid=24737)
2026-09-01 08:24:21,106 [INFO] core.navigation.centering_controller: [CENTERING] KIRMIZI_DIKDORTGEN 126/200 dx=+4px dy=+21px d=0.0m ex=+0.0063 ey=+0.0437 (tol +/-0.010) alt_err=+0.00m -> fwd=-0.07 right=+0.00 down=+0.00 m/s
2026-09-01 08:24:21,658 [INFO] gz_system.main_gz: Dashboard paint loop: 0.0 FPS (main thread)
2026-09-01 08:24:21,658 [INFO] core.navigation.centering_controller: [CENTERING] KIRMIZI_DIKDORTGEN 131/200 dx=+33px dy=+18px d=0.1m ex=+0.0516 ey=+0.0375 (tol +/-0.010) alt_err=-0.00m -> fwd=-0.06 right=+0.08 down=-0.00 m/s
2026-09-01 08:24:22,211 [INFO] core.navigation.centering_controller: [CENTERING] KIRMIZI_DIKDORTGEN 136/200 dx=+24px dy=+1px d=0.1m ex=+0.0375 ey=+0.0021 (tol +/-0.010) alt_err=-0.00m -> fwd=+0.00 right=+0.07 down=-0.00 m/s
2026-09-01 08:24:22,765 [INFO] core.navigation.centering_controller: [CENTERING] KIRMIZI_DIKDORTGEN 141/200 dx=+9px dy=-18px d=0.0m ex=+0.0141 ey=-0.0375 (tol +/-0.010) alt_err=+0.01m -> fwd=+0.06 right=+0.07 down=+0.00 m/s
2026-09-01 08:24:22,986 [INFO] core.detection.vision_runtime: [VISION] detect() calisiyor -- bu karede 2 tespit: ['MAVI_ALTIGEN', 'KIRMIZI_DIKDORTGEN']
QGC port check failed, reporting UNKNOWN: (pid=24737)
2026-09-01 08:24:23,318 [INFO] core.navigation.centering_controller: [CENTERING] KIRMIZI_DIKDORTGEN 146/200 dx=-12px dy=-13px d=0.0m ex=-0.0187 ey=-0.0271 (tol +/-0.010) alt_err=+0.01m -> fwd=+0.05 right=-0.07 down=+0.01 m/s
2026-09-01 08:24:23,869 [INFO] core.navigation.centering_controller: [CENTERING] KIRMIZI_DIKDORTGEN 151/200 dx=-14px dy=-5px d=0.0m ex=-0.0219 ey=-0.0104 (tol +/-0.010) alt_err=+0.01m -> fwd=+0.05 right=-0.07 down=+0.00 m/s
2026-09-01 08:24:24,200 [INFO] core.navigation.centering_controller: Merkezleme tamamlandi. (attempt 154/200, dx=-3px dy=+2px ex=-0.0047 ey=+0.0042 alt_err=+0.00m)
2026-09-01 08:24:24,420 [INFO] core.mission.gorev3_pickup: Kanca hedefin uzerine getiriliyor (govde +0.175m ileri)...
QGC port check failed, reporting UNKNOWN: (pid=24779)
2026-09-01 08:24:26,066 [INFO] core.detection.vision_runtime: [VISION] detect() calisiyor -- bu karede 2 tespit: ['MAVI_ALTIGEN', 'KIRMIZI_DIKDORTGEN']
2026-09-01 08:24:26,680 [INFO] gz_system.main_gz: Dashboard paint loop: 0.0 FPS (main thread)
QGC port check failed, reporting UNKNOWN: (pid=24779)
2026-09-01 08:24:28,484 [INFO] core.mission.gorev3_pickup: 0.9m hizalama irtifasina dikey iniliyor...
QGC port check failed, reporting UNKNOWN: (pid=24779)
2026-09-01 08:24:29,144 [INFO] core.detection.vision_runtime: [VISION] detect() calisiyor -- bu karede 2 tespit: ['MAVI_ALTIGEN', 'KIRMIZI_DIKDORTGEN']
QGC port check failed, reporting UNKNOWN: (pid=24779)
2026-09-01 08:24:31,720 [INFO] gz_system.main_gz: Dashboard paint loop: 0.0 FPS (main thread)
2026-09-01 08:24:32,231 [INFO] core.detection.vision_runtime: [VISION] detect() calisiyor -- bu karede 2 tespit: ['MAVI_ALTIGEN', 'KIRMIZI_DIKDORTGEN']
QGC port check failed, reporting UNKNOWN: (pid=24779)
2026-09-01 08:24:33,551 [INFO] core.mission.gorev3_pickup: [HIZA_KALIBRASYON] goruntu=1.9 cm  gercek=2.2 cm  irtifa=0.91 m
2026-09-01 08:24:33,552 [INFO] core.mission.gorev3_pickup: [GORUNTU] kanca yukun ortasinda: sapma 1.9 cm (tol 5 cm).
QGC port check failed, reporting UNKNOWN: (pid=24779)
2026-09-01 08:24:35,317 [INFO] core.detection.vision_runtime: [VISION] detect() calisiyor -- bu karede 2 tespit: ['MAVI_ALTIGEN', 'KIRMIZI_DIKDORTGEN']
2026-09-01 08:24:35,660 [INFO] core.mission.visual_alignment: [GORSEL_HIZA_TANI] it=1 alt_m=0.914 focal_px=539.94 depth_img_m=0.9335 depth_tel_m=0.894 depth_used_m=0.9335 depth_src=image u=669.35 v=590.13 radius_px=13.45 long_px=83.13 conf=0.998 method=payload-topface-deshadow yaw_deg=6.11 body_fwd_m=-0.1054 body_right_m=0.0507 hook_off_n=-0.0894 hook_off_e=-0.0083 err_raw_m=0.0519 truth_lateral_m=0.0516
2026-09-01 08:24:35,788 [INFO] core.mission.visual_alignment: [GORSEL_HIZA_TANI] it=2 alt_m=0.914 focal_px=539.94 depth_img_m=0.9334 depth_tel_m=0.894 depth_used_m=0.9334 depth_src=image u=668.81 v=591.09 radius_px=13.45 long_px=83.14 conf=0.999 method=payload-topface-deshadow yaw_deg=6.12 body_fwd_m=-0.1071 body_right_m=0.0498 hook_off_n=-0.0893 hook_off_e=-0.0083 err_raw_m=0.0515 truth_lateral_m=0.0517
2026-09-01 08:24:35,915 [INFO] core.mission.visual_alignment: [GORSEL_HIZA_TANI] it=3 alt_m=0.915 focal_px=539.94 depth_img_m=0.9326 depth_tel_m=0.895 depth_used_m=0.9326 depth_src=image u=668.6 v=591.84 radius_px=13.46 long_px=83.22 conf=0.999 method=payload-topface-deshadow yaw_deg=6.12 body_fwd_m=-0.1082 body_right_m=0.0494 hook_off_n=-0.0894 hook_off_e=-0.0084 err_raw_m=0.0516 truth_lateral_m=0.0521
2026-09-01 08:24:36,724 [INFO] gz_system.main_gz: Dashboard paint loop: 0.0 FPS (main thread)
QGC port check failed, reporting UNKNOWN: (pid=24779)
2026-09-01 08:24:37,207 [INFO] core.mission.visual_alignment: [GORSEL_HIZA_TANI] it=4 alt_m=0.924 focal_px=539.94 depth_img_m=0.9345 depth_tel_m=0.904 depth_used_m=0.9345 depth_src=image u=663.81 v=592.22 radius_px=13.43 long_px=83.05 conf=0.999 method=payload-topface-deshadow yaw_deg=6.13 body_fwd_m=-0.1092 body_right_m=0.0412 hook_off_n=-0.0899 hook_off_e=-0.0083 err_raw_m=0.0442 truth_lateral_m=0.0422
2026-09-01 08:24:38,417 [INFO] core.detection.vision_runtime: [VISION] detect() calisiyor -- bu karede 2 tespit: ['MAVI_ALTIGEN', 'KIRMIZI_DIKDORTGEN']
2026-09-01 08:24:38,423 [INFO] core.mission.visual_alignment: [GORSEL_HIZA_TANI] it=5 alt_m=0.92 focal_px=539.94 depth_img_m=0.9197 depth_tel_m=0.9 depth_used_m=0.9197 depth_src=image u=643.46 v=584.5 radius_px=13.65 long_px=84.37 conf=1.0 method=payload-topface-deshadow yaw_deg=6.1 body_fwd_m=-0.093 body_right_m=0.0059 hook_off_n=-0.0897 hook_off_e=-0.0084 err_raw_m=0.0055 truth_lateral_m=0.0076
QGC port check failed, reporting UNKNOWN: (pid=24779)
2026-09-01 08:24:39,635 [INFO] core.mission.visual_alignment: [GORSEL_HIZA_TANI] it=6 alt_m=0.916 focal_px=539.94 depth_img_m=0.9276 depth_tel_m=0.896 depth_used_m=0.9276 depth_src=image u=630.21 v=567.4 radius_px=13.53 long_px=83.65 conf=1.0 method=payload-topface-deshadow yaw_deg=6.11 body_fwd_m=-0.0652 body_right_m=-0.0168 hook_off_n=-0.0898 hook_off_e=-0.0079 err_raw_m=0.0311 truth_lateral_m=0.0309
2026-09-01 08:24:39,635 [INFO] core.mission.visual_alignment: [GORSEL_HIZA] yakinsadi: 11.7 mm, 6 iterasyon, 6 tespit, 0.072 m hareket
2026-09-01 08:24:39,635 [INFO] core.mission.gorev3_pickup: [GORSEL_HIZA] converged: son hata=11.7 mm, 6 iterasyon, 6 tespit, 0.072 m hareket
2026-09-01 08:24:39,635 [INFO] core.mission.gorev3_pickup: [GORSEL_HIZA] yuva GORUNTUDEN olculdu: NED=(120.754, 10.198)
2026-09-01 08:24:39,635 [INFO] core.mission.gorev3_pickup: Vinc salinacak (hedef irtifa 0.30 m icin) -- ARAC HALA 0.92 m'de, kanca serbest asili kalacak.
2026-09-01 08:24:39,635 [INFO] gz_system.gz_payload_actuator: [HOOK] vinc salimi: 0.330 m  (irtifa=0.300 m, guverte=0.070, zincir ofseti=0.060, pay=0.040)
2026-09-01 08:24:39,635 [INFO] gz_system.gz_payload_actuator: [HOOK] vinc -> 0.33 m
I0901 08:24:39.636146 13275972 fork_posix.cc:71] Other threads are currently calling into gRPC, skipping fork() handlers
QGC port check failed, reporting UNKNOWN: (pid=24817)
2026-09-01 08:24:41,504 [INFO] core.detection.vision_runtime: [VISION] detect() calisiyor -- bu karede 1 tespit: ['KIRMIZI_DIKDORTGEN']
2026-09-01 08:24:41,751 [INFO] gz_system.main_gz: Dashboard paint loop: 0.0 FPS (main thread)
QGC port check failed, reporting UNKNOWN: (pid=24817)
2026-09-01 08:24:44,583 [INFO] core.detection.vision_runtime: [VISION] detect() calisiyor -- bu karede 1 tespit: ['KIRMIZI_DIKDORTGEN']
2026-09-01 08:24:44,596 [INFO] core.mission.gorev3_pickup: [SON_DUZELTME] 1/6 yanal 35.2 mm -> (kuzey +0.014, dogu -0.010)  | kanca_ofset=(-0.0897, -0.0078) arac_ned=(120.8152, 10.2256) kanca_mutlak=(120.7255, 10.2178)
QGC port check failed, reporting UNKNOWN: (pid=24817)
2026-09-01 08:24:46,765 [INFO] gz_system.main_gz: Dashboard paint loop: 0.0 FPS (main thread)
QGC port check failed, reporting UNKNOWN: (pid=24817)
2026-09-01 08:24:47,449 [INFO] core.mission.gorev3_pickup: [SON_DUZELTME] 2/6 yanal 25.8 mm -> (kuzey +0.013, dogu +0.003)  | kanca_ofset=(-0.0887, -0.0089) arac_ned=(120.8180, 10.2006) kanca_mutlak=(120.7292, 10.1918)
2026-09-01 08:24:47,638 [INFO] core.detection.vision_runtime: [VISION] detect() calisiyor -- bu karede 1 tespit: ['KIRMIZI_DIKDORTGEN']
QGC port check failed, reporting UNKNOWN: (pid=24817)
2026-09-01 08:24:49,950 [INFO] core.mission.gorev3_pickup: [SON_DUZELTME] 3/6 yanal 31.2 mm -> (kuzey +0.015, dogu -0.003)  | kanca_ofset=(-0.0909, -0.0068) arac_ned=(120.8144, 10.2094) kanca_mutlak=(120.7236, 10.2026)
2026-09-01 08:24:50,720 [INFO] core.detection.vision_runtime: [VISION] detect() calisiyor -- bu karede 1 tespit: ['KIRMIZI_DIKDORTGEN']
QGC port check failed, reporting UNKNOWN: (pid=24817)
2026-09-01 08:24:51,804 [INFO] gz_system.main_gz: Dashboard paint loop: 0.0 FPS (main thread)
2026-09-01 08:24:52,473 [INFO] core.mission.gorev3_pickup: [SON_DUZELTME] 4/6 yanal 36.0 mm -> (kuzey +0.005, dogu +0.017)  | kanca_ofset=(-0.0902, -0.0092) arac_ned=(120.8351, 10.1719) kanca_mutlak=(120.7449, 10.1628)
QGC port check failed, reporting UNKNOWN: (pid=24817)
2026-09-01 08:24:53,788 [INFO] core.detection.vision_runtime: [VISION] detect() calisiyor -- bu karede 1 tespit: ['KIRMIZI_DIKDORTGEN']
2026-09-01 08:24:54,993 [INFO] core.mission.gorev3_pickup: [SON_DUZELTME] 5/6 yanal 20.0 mm -> (kuzey -0.001, dogu +0.010)  | kanca_ofset=(-0.0896, -0.0082) arac_ned=(120.8460, 10.1858) kanca_mutlak=(120.7563, 10.1776)
QGC port check failed, reporting UNKNOWN: (pid=24817)
2026-09-01 08:24:56,826 [INFO] gz_system.main_gz: Dashboard paint loop: 0.0 FPS (main thread)
2026-09-01 08:24:56,861 [INFO] core.detection.vision_runtime: [VISION] detect() calisiyor -- bu karede 1 tespit: ['KIRMIZI_DIKDORTGEN']
QGC port check failed, reporting UNKNOWN: (pid=24817)
2026-09-01 08:24:57,519 [INFO] core.mission.gorev3_pickup: [SON_DUZELTME] 6/6 yanal 21.7 mm -> (kuzey -0.009, dogu +0.006)  | kanca_ofset=(-0.0890, -0.0071) arac_ned=(120.8618, 10.1933) kanca_mutlak=(120.7728, 10.1862)
QGC port check failed, reporting UNKNOWN: (pid=24817)
2026-09-01 08:24:59,939 [INFO] core.detection.vision_runtime: [VISION] detect() calisiyor -- bu karede 1 tespit: ['KIRMIZI_DIKDORTGEN']
2026-09-01 08:25:00,050 [WARNING] core.mission.gorev3_pickup: [SON_DUZELTME] butce doldu; son yanal 21.7 mm
2026-09-01 08:25:00,050 [INFO] core.mission.gorev3_pickup: [KANCA_DENGE] INIS ONCESI irtifa=0.921 m kanca_ofset=(-0.0902, -0.0069)
2026-09-01 08:25:00,050 [INFO] core.mission.gorev3_pickup: Hizalandi -- 0.30 m alma irtifasina SAF DIKEY iniliyor (yanal hareket yok).
2026-09-01 08:25:00,050 [INFO] core.mission.gorev3_pickup: [KANCA_IZ] t=0.00 alt=0.921 off_n=-0.0902 off_e=-0.0069 nose_z=+0.6499
2026-09-01 08:25:00,160 [INFO] core.mission.gorev3_pickup: [KANCA_IZ] t=0.11 alt=0.917 off_n=-0.0895 off_e=-0.0077 nose_z=+0.6444
2026-09-01 08:25:00,271 [INFO] core.mission.gorev3_pickup: [KANCA_IZ] t=0.22 alt=0.890 off_n=-0.0890 off_e=-0.0083 nose_z=+0.6092
2026-09-01 08:25:00,380 [INFO] core.mission.gorev3_pickup: [KANCA_IZ] t=0.33 alt=0.843 off_n=-0.0887 off_e=-0.0095 nose_z=+0.5514
2026-09-01 08:25:00,490 [INFO] core.mission.gorev3_pickup: [KANCA_IZ] t=0.44 alt=0.782 off_n=-0.0887 off_e=-0.0105 nose_z=+0.5017
2026-09-01 08:25:00,601 [INFO] core.mission.gorev3_pickup: [KANCA_IZ] t=0.55 alt=0.726 off_n=-0.0891 off_e=-0.0114 nose_z=+0.4446
2026-09-01 08:25:00,710 [INFO] core.mission.gorev3_pickup: [KANCA_IZ] t=0.66 alt=0.670 off_n=-0.0897 off_e=-0.0113 nose_z=+0.4004
2026-09-01 08:25:00,821 [INFO] core.mission.gorev3_pickup: [KANCA_IZ] t=0.77 alt=0.626 off_n=-0.0903 off_e=-0.0105 nose_z=+0.3544
2026-09-01 08:25:00,930 [INFO] core.mission.gorev3_pickup: [KANCA_IZ] t=0.88 alt=0.586 off_n=-0.0906 off_e=-0.0094 nose_z=+0.3216
2026-09-01 08:25:01,041 [INFO] core.mission.gorev3_pickup: [KANCA_IZ] t=0.99 alt=0.525 off_n=-0.0904 off_e=-0.0083 nose_z=+0.2900
2026-09-01 08:25:01,150 [INFO] core.mission.gorev3_pickup: [KANCA_IZ] t=1.10 alt=0.502 off_n=-0.0900 off_e=-0.0075 nose_z=+0.2621
QGC port check failed, reporting UNKNOWN: (pid=24817)
2026-09-01 08:25:01,261 [INFO] core.mission.gorev3_pickup: [KANCA_IZ] t=1.21 alt=0.480 off_n=-0.0896 off_e=-0.0073 nose_z=+0.2383
2026-09-01 08:25:01,370 [INFO] core.mission.gorev3_pickup: [KANCA_IZ] t=1.32 alt=0.462 off_n=-0.0894 off_e=-0.0074 nose_z=+0.2206
2026-09-01 08:25:01,478 [INFO] core.mission.gorev3_pickup: [KANCA_IZ] t=1.43 alt=0.446 off_n=-0.0895 off_e=-0.0078 nose_z=+0.2034
2026-09-01 08:25:01,587 [INFO] core.mission.gorev3_pickup: [KANCA_IZ] t=1.54 alt=0.432 off_n=-0.0901 off_e=-0.0080 nose_z=+0.1876
2026-09-01 08:25:01,696 [INFO] core.mission.gorev3_pickup: [KANCA_IZ] t=1.65 alt=0.420 off_n=-0.0906 off_e=-0.0079 nose_z=+0.1766
2026-09-01 08:25:01,806 [INFO] core.mission.gorev3_pickup: [KANCA_IZ] t=1.76 alt=0.410 off_n=-0.0909 off_e=-0.0074 nose_z=+0.1646
2026-09-01 08:25:01,830 [INFO] gz_system.main_gz: Dashboard paint loop: 0.0 FPS (main thread)
2026-09-01 08:25:01,918 [INFO] core.mission.gorev3_pickup: [KANCA_IZ] t=1.87 alt=0.399 off_n=-0.0908 off_e=-0.0069 nose_z=+0.1559
2026-09-01 08:25:02,029 [INFO] core.mission.gorev3_pickup: [KANCA_IZ] t=1.98 alt=0.391 off_n=-0.0903 off_e=-0.0064 nose_z=+0.1474
2026-09-01 08:25:02,140 [INFO] core.mission.gorev3_pickup: [KANCA_IZ] t=2.09 alt=0.379 off_n=-0.0897 off_e=-0.0061 nose_z=+0.1398
2026-09-01 08:25:02,250 [INFO] core.mission.gorev3_pickup: [KANCA_IZ] t=2.20 alt=0.374 off_n=-0.0895 off_e=-0.0060 nose_z=+0.1331
2026-09-01 08:25:02,361 [INFO] core.mission.gorev3_pickup: [KANCA_IZ] t=2.31 alt=0.370 off_n=-0.0896 off_e=-0.0059 nose_z=+0.1279
2026-09-01 08:25:02,468 [INFO] core.mission.gorev3_pickup: [KANCA_IZ] t=2.42 alt=0.365 off_n=-0.0900 off_e=-0.0058 nose_z=+0.1223
2026-09-01 08:25:02,578 [INFO] core.mission.gorev3_pickup: [KANCA_IZ] t=2.53 alt=0.362 off_n=-0.0903 off_e=-0.0059 nose_z=+0.1181
2026-09-01 08:25:02,686 [INFO] core.mission.gorev3_pickup: [KANCA_IZ] t=2.64 alt=0.358 off_n=-0.0906 off_e=-0.0060 nose_z=+0.1138
2026-09-01 08:25:02,798 [INFO] core.mission.gorev3_pickup: [KANCA_IZ] t=2.75 alt=0.356 off_n=-0.0906 off_e=-0.0060 nose_z=+0.1103
2026-09-01 08:25:02,910 [INFO] core.mission.gorev3_pickup: [KANCA_IZ] t=2.86 alt=0.355 off_n=-0.0904 off_e=-0.0059 nose_z=+0.1065
2026-09-01 08:25:03,019 [INFO] core.detection.vision_runtime: [VISION] detect() calisiyor -- bu karede 1 tespit: ['KIRMIZI_DIKDORTGEN']
2026-09-01 08:25:03,019 [INFO] core.mission.gorev3_pickup: [KANCA_IZ] t=2.97 alt=0.354 off_n=-0.0901 off_e=-0.0059 nose_z=+0.1030
2026-09-01 08:25:03,130 [INFO] core.mission.gorev3_pickup: [KANCA_IZ] t=3.08 alt=0.352 off_n=-0.0899 off_e=-0.0059 nose_z=+0.0995
QGC port check failed, reporting UNKNOWN: (pid=24817)
2026-09-01 08:25:03,239 [INFO] core.mission.gorev3_pickup: [KANCA_IZ] t=3.19 alt=0.350 off_n=-0.0898 off_e=-0.0062 nose_z=+0.0960
2026-09-01 08:25:03,349 [INFO] core.mission.gorev3_pickup: [KANCA_IZ] t=3.30 alt=0.349 off_n=-0.0897 off_e=-0.0065 nose_z=+0.0933
2026-09-01 08:25:03,459 [INFO] core.mission.gorev3_pickup: [KANCA_IZ] t=3.41 alt=0.349 off_n=-0.0898 off_e=-0.0068 nose_z=+0.0900
2026-09-01 08:25:03,569 [INFO] core.mission.gorev3_pickup: [KANCA_IZ] t=3.52 alt=0.349 off_n=-0.0899 off_e=-0.0069 nose_z=+0.0865
2026-09-01 08:25:03,679 [INFO] core.mission.gorev3_pickup: [KANCA_IZ] t=3.63 alt=0.349 off_n=-0.0901 off_e=-0.0068 nose_z=+0.0831
2026-09-01 08:25:03,789 [INFO] core.mission.gorev3_pickup: [KANCA_IZ] t=3.74 alt=0.349 off_n=-0.0901 off_e=-0.0066 nose_z=+0.0795
2026-09-01 08:25:03,898 [INFO] core.mission.gorev3_pickup: [KANCA_IZ] t=3.85 alt=0.348 off_n=-0.0897 off_e=-0.0064 nose_z=+0.0757
2026-09-01 08:25:04,006 [INFO] core.mission.gorev3_pickup: [KANCA_IZ] t=3.96 alt=0.346 off_n=-0.0913 off_e=-0.0043 nose_z=+0.0755
2026-09-01 08:25:04,114 [INFO] core.mission.gorev3_pickup: [KANCA_IZ] t=4.06 alt=0.345 off_n=-0.0930 off_e=-0.0023 nose_z=+0.0755
2026-09-01 08:25:04,224 [INFO] core.mission.gorev3_pickup: [KANCA_IZ] t=4.17 alt=0.344 off_n=-0.0957 off_e=+0.0002 nose_z=+0.0755
2026-09-01 08:25:04,332 [INFO] core.mission.gorev3_pickup: [KANCA_IZ] t=4.28 alt=0.342 off_n=-0.0988 off_e=+0.0027 nose_z=+0.0755
2026-09-01 08:25:04,441 [INFO] core.mission.gorev3_pickup: [KANCA_IZ] t=4.39 alt=0.341 off_n=-0.1018 off_e=+0.0050 nose_z=+0.0755
2026-09-01 08:25:04,549 [INFO] core.mission.gorev3_pickup: [KANCA_IZ] t=4.50 alt=0.340 off_n=-0.1047 off_e=+0.0075 nose_z=+0.0756
2026-09-01 08:25:04,659 [INFO] core.mission.gorev3_pickup: [KANCA_IZ] t=4.61 alt=0.338 off_n=-0.1077 off_e=+0.0106 nose_z=+0.0756
2026-09-01 08:25:04,768 [INFO] core.mission.gorev3_pickup: [KANCA_IZ] t=4.72 alt=0.336 off_n=-0.1096 off_e=+0.0132 nose_z=+0.0756
2026-09-01 08:25:04,877 [INFO] core.mission.gorev3_pickup: [KANCA_IZ] t=4.83 alt=0.333 off_n=-0.1110 off_e=+0.0163 nose_z=+0.0757
2026-09-01 08:25:04,986 [INFO] core.mission.gorev3_pickup: [KANCA_IZ] t=4.94 alt=0.331 off_n=-0.1114 off_e=+0.0192 nose_z=+0.0757
2026-09-01 08:25:05,094 [INFO] core.mission.gorev3_pickup: [KANCA_IZ] t=5.04 alt=0.330 off_n=-0.1109 off_e=+0.0214 nose_z=+0.0757
QGC port check failed, reporting UNKNOWN: (pid=24817)
2026-09-01 08:25:05,202 [INFO] core.mission.gorev3_pickup: [KANCA_IZ] t=5.15 alt=0.329 off_n=-0.1095 off_e=+0.0240 nose_z=+0.0757
2026-09-01 08:25:05,313 [INFO] core.mission.gorev3_pickup: [KANCA_IZ] t=5.26 alt=0.328 off_n=-0.1073 off_e=+0.0261 nose_z=+0.0757
2026-09-01 08:25:05,422 [INFO] core.mission.gorev3_pickup: [KANCA_IZ] t=5.37 alt=0.327 off_n=-0.1049 off_e=+0.0275 nose_z=+0.0757
2026-09-01 08:25:05,530 [INFO] core.mission.gorev3_pickup: [KANCA_IZ] t=5.48 alt=0.327 off_n=-0.1015 off_e=+0.0288 nose_z=+0.0757
2026-09-01 08:25:05,638 [INFO] core.mission.gorev3_pickup: [KANCA_IZ] t=5.59 alt=0.328 off_n=-0.0977 off_e=+0.0295 nose_z=+0.0757
2026-09-01 08:25:05,748 [INFO] core.mission.gorev3_pickup: [KANCA_IZ] t=5.70 alt=0.328 off_n=-0.0943 off_e=+0.0297 nose_z=+0.0757
2026-09-01 08:25:05,857 [INFO] core.mission.gorev3_pickup: [KANCA_IZ] t=5.81 alt=0.328 off_n=-0.0900 off_e=+0.0294 nose_z=+0.0757
2026-09-01 08:25:05,966 [INFO] core.mission.gorev3_pickup: [KANCA_IZ] t=5.92 alt=0.327 off_n=-0.0865 off_e=+0.0287 nose_z=+0.0757
2026-09-01 08:25:06,074 [INFO] core.detection.vision_runtime: [VISION] detect() calisiyor -- bu karede 1 tespit: ['KIRMIZI_UCGEN']
2026-09-01 08:25:06,074 [INFO] core.mission.gorev3_pickup: [KANCA_IZ] t=6.02 alt=0.327 off_n=-0.0826 off_e=+0.0275 nose_z=+0.0757
2026-09-01 08:25:06,074 [INFO] core.mission.gorev3_pickup: Yük alma mekanizması aktifleşiyor...
2026-09-01 08:25:06,074 [INFO] core.mission.gorev3_pickup: [KANCA_DENGE] INIS SONRASI irtifa=0.327 m kanca_ofset=(-0.0826, +0.0275)  ->  DEGISIM=(+7.6, +34.5) mm  |35.3 mm|
2026-09-01 08:25:06,074 [INFO] gz_system.gz_payload_actuator: [HOOK] alma denemesi 1/3
2026-09-01 08:25:06,074 [INFO] gz_system.gz_payload_actuator: [HOOK] vinc salimi: 0.357 m  (irtifa=0.327 m, guverte=0.070, zincir ofseti=0.060, pay=0.040)
2026-09-01 08:25:06,074 [INFO] gz_system.gz_payload_actuator: [HOOK] vinc -> 0.36 m
I0901 08:25:06.075289 13275972 fork_posix.cc:71] Other threads are currently calling into gRPC, skipping fork() handlers
2026-09-01 08:25:06,183 [INFO] core.mission.gorev3_pickup: [KANCA_IZ] t=6.13 alt=0.327 off_n=-0.0798 off_e=+0.0264 nose_z=+0.0757
2026-09-01 08:25:06,293 [INFO] core.mission.gorev3_pickup: [KANCA_IZ] t=6.24 alt=0.327 off_n=-0.0766 off_e=+0.0248 nose_z=+0.0757
2026-09-01 08:25:06,403 [INFO] core.mission.gorev3_pickup: [KANCA_IZ] t=6.35 alt=0.327 off_n=-0.0741 off_e=+0.0234 nose_z=+0.0757
2026-09-01 08:25:06,512 [INFO] core.mission.gorev3_pickup: [KANCA_IZ] t=6.46 alt=0.327 off_n=-0.0720 off_e=+0.0223 nose_z=+0.0757
2026-09-01 08:25:06,623 [INFO] core.mission.gorev3_pickup: [KANCA_IZ] t=6.57 alt=0.327 off_n=-0.0704 off_e=+0.0217 nose_z=+0.0757
2026-09-01 08:25:06,733 [INFO] core.mission.gorev3_pickup: [KANCA_IZ] t=6.68 alt=0.327 off_n=-0.0689 off_e=+0.0213 nose_z=+0.0757
2026-09-01 08:25:06,843 [INFO] core.mission.gorev3_pickup: [KANCA_IZ] t=6.79 alt=0.326 off_n=-0.0676 off_e=+0.0213 nose_z=+0.0757
2026-09-01 08:25:06,853 [INFO] gz_system.main_gz: Dashboard paint loop: 0.0 FPS (main thread)
2026-09-01 08:25:06,953 [INFO] core.mission.gorev3_pickup: [KANCA_IZ] t=6.90 alt=0.326 off_n=-0.0666 off_e=+0.0215 nose_z=+0.0757
2026-09-01 08:25:07,008 [INFO] gz_system.gz_payload_actuator: [HOOK] APPROACHING  lat=  53.0mm ins=   +0.3mm tilt=  0.0deg v=  infm/s age=0.02s  [lateral(53.0mm>10.2mm), rel_speed(inf>0.05m/s)]
2026-09-01 08:25:07,064 [INFO] core.mission.gorev3_pickup: [KANCA_IZ] t=7.01 alt=0.325 off_n=-0.0646 off_e=+0.0229 nose_z=+0.0762
2026-09-01 08:25:07,174 [INFO] core.mission.gorev3_pickup: [KANCA_IZ] t=7.12 alt=0.326 off_n=-0.0629 off_e=+0.0250 nose_z=+0.0759
QGC port check failed, reporting UNKNOWN: (pid=24817)
2026-09-01 08:25:07,287 [INFO] core.mission.gorev3_pickup: [KANCA_IZ] t=7.24 alt=0.328 off_n=-0.0625 off_e=+0.0263 nose_z=+0.0758
2026-09-01 08:25:07,399 [INFO] core.mission.gorev3_pickup: [KANCA_IZ] t=7.35 alt=0.330 off_n=-0.0628 off_e=+0.0273 nose_z=+0.0758
2026-09-01 08:25:07,511 [INFO] core.mission.gorev3_pickup: [KANCA_IZ] t=7.46 alt=0.332 off_n=-0.0633 off_e=+0.0279 nose_z=+0.0757
2026-09-01 08:25:07,624 [INFO] core.mission.gorev3_pickup: [KANCA_IZ] t=7.57 alt=0.333 off_n=-0.0640 off_e=+0.0283 nose_z=+0.0757
2026-09-01 08:25:07,734 [INFO] core.mission.gorev3_pickup: [KANCA_IZ] t=7.68 alt=0.333 off_n=-0.0645 off_e=+0.0286 nose_z=+0.0757
2026-09-01 08:25:07,846 [INFO] core.mission.gorev3_pickup: [KANCA_IZ] t=7.80 alt=0.334 off_n=-0.0648 off_e=+0.0288 nose_z=+0.0757
2026-09-01 08:25:07,959 [INFO] core.mission.gorev3_pickup: [KANCA_IZ] t=7.91 alt=0.334 off_n=-0.0651 off_e=+0.0292 nose_z=+0.0756
2026-09-01 08:25:08,009 [INFO] gz_system.gz_payload_actuator: [HOOK] APPROACHING  lat=  53.3mm ins=   +0.4mm tilt=  0.0deg v=0.001m/s age=0.01s  [lateral(53.3mm>10.2mm)]
2026-09-01 08:25:08,071 [INFO] core.mission.gorev3_pickup: [KANCA_IZ] t=8.02 alt=0.334 off_n=-0.0652 off_e=+0.0294 nose_z=+0.0756
2026-09-01 08:25:08,181 [INFO] core.mission.gorev3_pickup: [KANCA_IZ] t=8.13 alt=0.333 off_n=-0.0653 off_e=+0.0296 nose_z=+0.0755
2026-09-01 08:25:08,292 [INFO] core.mission.gorev3_pickup: [KANCA_IZ] t=8.24 alt=0.332 off_n=-0.0652 off_e=+0.0298 nose_z=+0.0756
2026-09-01 08:25:08,403 [INFO] core.mission.gorev3_pickup: [KANCA_IZ] t=8.35 alt=0.330 off_n=-0.0648 off_e=+0.0298 nose_z=+0.0755
2026-09-01 08:25:08,515 [INFO] core.mission.gorev3_pickup: [KANCA_IZ] t=8.46 alt=0.330 off_n=-0.0646 off_e=+0.0298 nose_z=+0.0755
2026-09-01 08:25:08,625 [INFO] core.mission.gorev3_pickup: [KANCA_IZ] t=8.57 alt=0.330 off_n=-0.0645 off_e=+0.0297 nose_z=+0.0755
2026-09-01 08:25:08,736 [INFO] core.mission.gorev3_pickup: [KANCA_IZ] t=8.69 alt=0.331 off_n=-0.0643 off_e=+0.0294 nose_z=+0.0755
2026-09-01 08:25:08,848 [INFO] core.mission.gorev3_pickup: [KANCA_IZ] t=8.80 alt=0.332 off_n=-0.0641 off_e=+0.0289 nose_z=+0.0755
2026-09-01 08:25:08,960 [INFO] core.mission.gorev3_pickup: [KANCA_IZ] t=8.91 alt=0.332 off_n=-0.0637 off_e=+0.0279 nose_z=+0.0755
2026-09-01 08:25:09,011 [INFO] gz_system.gz_payload_actuator: [HOOK] APPROACHING  lat=  53.2mm ins=   +0.5mm tilt=  0.0deg v=0.000m/s age=0.01s  [lateral(53.2mm>10.2mm)]
2026-09-01 08:25:09,072 [INFO] core.mission.gorev3_pickup: [KANCA_IZ] t=9.02 alt=0.333 off_n=-0.0633 off_e=+0.0266 nose_z=+0.0755
2026-09-01 08:25:09,182 [INFO] core.detection.vision_runtime: [VISION] detect() calisiyor -- bu karede 2 tespit: ['KIRMIZI_UCGEN', 'KIRMIZI_DIKDORTGEN']
2026-09-01 08:25:09,182 [INFO] core.mission.gorev3_pickup: [KANCA_IZ] t=9.13 alt=0.333 off_n=-0.0627 off_e=+0.0249 nose_z=+0.0755
QGC port check failed, reporting UNKNOWN: (pid=24817)
2026-09-01 08:25:09,292 [INFO] core.mission.gorev3_pickup: [KANCA_IZ] t=9.24 alt=0.332 off_n=-0.0621 off_e=+0.0233 nose_z=+0.0755
2026-09-01 08:25:09,403 [INFO] core.mission.gorev3_pickup: [KANCA_IZ] t=9.35 alt=0.331 off_n=-0.0613 off_e=+0.0212 nose_z=+0.0755
2026-09-01 08:25:09,514 [INFO] core.mission.gorev3_pickup: [KANCA_IZ] t=9.46 alt=0.329 off_n=-0.0605 off_e=+0.0192 nose_z=+0.0755
2026-09-01 08:25:09,625 [INFO] core.mission.gorev3_pickup: [KANCA_IZ] t=9.57 alt=0.327 off_n=-0.0596 off_e=+0.0174 nose_z=+0.0755
2026-09-01 08:25:09,736 [INFO] core.mission.gorev3_pickup: [KANCA_IZ] t=9.69 alt=0.322 off_n=-0.0586 off_e=+0.0159 nose_z=+0.0755
2026-09-01 08:25:09,848 [INFO] core.mission.gorev3_pickup: [KANCA_IZ] t=9.80 alt=0.320 off_n=-0.0576 off_e=+0.0151 nose_z=+0.0755
2026-09-01 08:25:09,960 [INFO] core.mission.gorev3_pickup: [KANCA_IZ] t=9.91 alt=0.317 off_n=-0.0562 off_e=+0.0146 nose_z=+0.0755
2026-09-01 08:25:10,012 [INFO] gz_system.gz_payload_actuator: [HOOK] APPROACHING  lat=  53.5mm ins=   +0.5mm tilt=  0.0deg v=0.000m/s age=0.02s  [lateral(53.5mm>10.2mm)]
2026-09-01 08:25:10,071 [INFO] core.mission.gorev3_pickup: [KANCA_IZ] t=10.02 alt=0.315 off_n=-0.0545 off_e=+0.0148 nose_z=+0.0755
2026-09-01 08:25:10,181 [INFO] core.mission.gorev3_pickup: [KANCA_IZ] t=10.13 alt=0.314 off_n=-0.0528 off_e=+0.0158 nose_z=+0.0755
2026-09-01 08:25:10,292 [INFO] core.mission.gorev3_pickup: [KANCA_IZ] t=10.24 alt=0.312 off_n=-0.0512 off_e=+0.0170 nose_z=+0.0755
2026-09-01 08:25:10,403 [INFO] core.mission.gorev3_pickup: [KANCA_IZ] t=10.35 alt=0.311 off_n=-0.0494 off_e=+0.0186 nose_z=+0.0755
2026-09-01 08:25:10,513 [INFO] core.mission.gorev3_pickup: [KANCA_IZ] t=10.46 alt=0.311 off_n=-0.0477 off_e=+0.0204 nose_z=+0.0755
2026-09-01 08:25:10,624 [INFO] core.mission.gorev3_pickup: [KANCA_IZ] t=10.57 alt=0.311 off_n=-0.0461 off_e=+0.0219 nose_z=+0.0755
2026-09-01 08:25:10,735 [INFO] core.mission.gorev3_pickup: [KANCA_IZ] t=10.68 alt=0.312 off_n=-0.0444 off_e=+0.0235 nose_z=+0.0754
2026-09-01 08:25:10,846 [INFO] core.mission.gorev3_pickup: [KANCA_IZ] t=10.80 alt=0.313 off_n=-0.0426 off_e=+0.0248 nose_z=+0.0754
2026-09-01 08:25:10,958 [INFO] core.mission.gorev3_pickup: [KANCA_IZ] t=10.91 alt=0.314 off_n=-0.0411 off_e=+0.0257 nose_z=+0.0754
2026-09-01 08:25:11,069 [INFO] core.mission.gorev3_pickup: [KANCA_IZ] t=11.02 alt=0.314 off_n=-0.0395 off_e=+0.0263 nose_z=+0.0754
2026-09-01 08:25:11,069 [INFO] gz_system.gz_payload_actuator: [HOOK] APPROACHING  lat=  54.0mm ins=   +0.6mm tilt=  0.0deg v=0.001m/s age=0.02s  [lateral(54.0mm>10.2mm)]
2026-09-01 08:25:11,180 [INFO] core.mission.gorev3_pickup: [KANCA_IZ] t=11.13 alt=0.315 off_n=-0.0380 off_e=+0.0266 nose_z=+0.0754
QGC port check failed, reporting UNKNOWN: (pid=24817)
2026-09-01 08:25:11,292 [INFO] core.mission.gorev3_pickup: [KANCA_IZ] t=11.24 alt=0.317 off_n=-0.0369 off_e=+0.0267 nose_z=+0.0753
2026-09-01 08:25:11,404 [INFO] core.mission.gorev3_pickup: [KANCA_IZ] t=11.35 alt=0.318 off_n=-0.0357 off_e=+0.0262 nose_z=+0.0753
2026-09-01 08:25:11,516 [INFO] core.mission.gorev3_pickup: [KANCA_IZ] t=11.47 alt=0.318 off_n=-0.0348 off_e=+0.0254 nose_z=+0.0753
2026-09-01 08:25:11,627 [INFO] core.mission.gorev3_pickup: [KANCA_IZ] t=11.58 alt=0.319 off_n=-0.0345 off_e=+0.0242 nose_z=+0.0753
2026-09-01 08:25:11,738 [INFO] core.mission.gorev3_pickup: [KANCA_IZ] t=11.69 alt=0.321 off_n=-0.0346 off_e=+0.0228 nose_z=+0.0754
2026-09-01 08:25:11,849 [INFO] core.mission.gorev3_pickup: [KANCA_IZ] t=11.80 alt=0.322 off_n=-0.0351 off_e=+0.0210 nose_z=+0.0754
2026-09-01 08:25:11,859 [INFO] gz_system.main_gz: Dashboard paint loop: 0.0 FPS (main thread)
2026-09-01 08:25:11,960 [INFO] core.mission.gorev3_pickup: [KANCA_IZ] t=11.91 alt=0.323 off_n=-0.0359 off_e=+0.0195 nose_z=+0.0755
2026-09-01 08:25:12,072 [INFO] core.mission.gorev3_pickup: [KANCA_IZ] t=12.02 alt=0.324 off_n=-0.0373 off_e=+0.0176 nose_z=+0.0755
2026-09-01 08:25:12,072 [INFO] gz_system.gz_payload_actuator: [HOOK] APPROACHING  lat=  54.3mm ins=   +0.5mm tilt=  0.0deg v=0.001m/s age=0.02s  [lateral(54.3mm>10.2mm)]
2026-09-01 08:25:12,183 [INFO] core.detection.vision_runtime: [VISION] detect() calisiyor -- bu karede 1 tespit: ['KIRMIZI_DIKDORTGEN']
2026-09-01 08:25:12,183 [INFO] core.mission.gorev3_pickup: [KANCA_IZ] t=12.13 alt=0.325 off_n=-0.0391 off_e=+0.0162 nose_z=+0.0755
2026-09-01 08:25:12,295 [INFO] core.mission.gorev3_pickup: [KANCA_IZ] t=12.24 alt=0.325 off_n=-0.0409 off_e=+0.0153 nose_z=+0.0756
2026-09-01 08:25:12,407 [INFO] core.mission.gorev3_pickup: [KANCA_IZ] t=12.36 alt=0.324 off_n=-0.0432 off_e=+0.0148 nose_z=+0.0756
2026-09-01 08:25:12,519 [INFO] core.mission.gorev3_pickup: [KANCA_IZ] t=12.47 alt=0.323 off_n=-0.0460 off_e=+0.0148 nose_z=+0.0756
2026-09-01 08:25:12,629 [INFO] core.mission.gorev3_pickup: [KANCA_IZ] t=12.58 alt=0.321 off_n=-0.0487 off_e=+0.0150 nose_z=+0.0757
2026-09-01 08:25:12,741 [INFO] core.mission.gorev3_pickup: [KANCA_IZ] t=12.69 alt=0.319 off_n=-0.0512 off_e=+0.0157 nose_z=+0.0758
2026-09-01 08:25:12,851 [INFO] core.mission.gorev3_pickup: [KANCA_IZ] t=12.80 alt=0.319 off_n=-0.0543 off_e=+0.0173 nose_z=+0.0760
2026-09-01 08:25:12,963 [INFO] core.mission.gorev3_pickup: [KANCA_IZ] t=12.91 alt=0.318 off_n=-0.0570 off_e=+0.0194 nose_z=+0.0762
2026-09-01 08:25:13,077 [INFO] core.mission.gorev3_pickup: [KANCA_IZ] t=13.03 alt=0.317 off_n=-0.0598 off_e=+0.0223 nose_z=+0.0764
2026-09-01 08:25:13,077 [INFO] gz_system.gz_payload_actuator: [HOOK] APPROACHING  lat=  54.3mm ins=   -0.4mm tilt=  1.9deg v=0.008m/s age=0.03s  [lateral(54.3mm>10.2mm)]
2026-09-01 08:25:13,189 [INFO] core.mission.gorev3_pickup: [KANCA_IZ] t=13.14 alt=0.315 off_n=-0.0625 off_e=+0.0258 nose_z=+0.0766
QGC port check failed, reporting UNKNOWN: (pid=24817)
2026-09-01 08:25:13,305 [INFO] core.mission.gorev3_pickup: [KANCA_IZ] t=13.26 alt=0.314 off_n=-0.0648 off_e=+0.0298 nose_z=+0.0768
2026-09-01 08:25:13,417 [INFO] core.mission.gorev3_pickup: [KANCA_IZ] t=13.37 alt=0.313 off_n=-0.0669 off_e=+0.0344 nose_z=+0.0770
2026-09-01 08:25:13,530 [INFO] core.mission.gorev3_pickup: [KANCA_IZ] t=13.48 alt=0.313 off_n=-0.0681 off_e=+0.0381 nose_z=+0.0771
2026-09-01 08:25:13,648 [INFO] core.mission.gorev3_pickup: [KANCA_IZ] t=13.60 alt=0.314 off_n=-0.0692 off_e=+0.0426 nose_z=+0.0772
2026-09-01 08:25:13,762 [INFO] core.mission.gorev3_pickup: [KANCA_IZ] t=13.71 alt=0.314 off_n=-0.0697 off_e=+0.0468 nose_z=+0.0771
2026-09-01 08:25:13,879 [INFO] core.mission.gorev3_pickup: [KANCA_IZ] t=13.83 alt=0.315 off_n=-0.0700 off_e=+0.0509 nose_z=+0.0770
2026-09-01 08:25:13,992 [INFO] core.mission.gorev3_pickup: [KANCA_IZ] t=13.94 alt=0.316 off_n=-0.0700 off_e=+0.0546 nose_z=+0.0761
2026-09-01 08:25:14,103 [INFO] core.mission.gorev3_pickup: [KANCA_IZ] t=14.05 alt=0.317 off_n=-0.0697 off_e=+0.0575 nose_z=+0.0758
2026-09-01 08:25:14,103 [INFO] gz_system.gz_payload_actuator: [HOOK] APPROACHING  lat=  55.0mm ins=   +0.0mm tilt=  0.6deg v=0.022m/s age=0.02s  [lateral(55.0mm>10.2mm)]
2026-09-01 08:25:14,211 [INFO] core.mission.gorev3_pickup: [KANCA_IZ] t=14.16 alt=0.318 off_n=-0.0691 off_e=+0.0599 nose_z=+0.0757
2026-09-01 08:25:14,323 [INFO] core.mission.gorev3_pickup: [KANCA_IZ] t=14.27 alt=0.319 off_n=-0.0685 off_e=+0.0616 nose_z=+0.0757
2026-09-01 08:25:14,432 [INFO] core.mission.gorev3_pickup: [KANCA_IZ] t=14.38 alt=0.320 off_n=-0.0675 off_e=+0.0629 nose_z=+0.0756
2026-09-01 08:25:14,542 [INFO] core.mission.gorev3_pickup: [KANCA_IZ] t=14.49 alt=0.320 off_n=-0.0665 off_e=+0.0633 nose_z=+0.0757
2026-09-01 08:25:14,652 [INFO] core.mission.gorev3_pickup: [KANCA_IZ] t=14.60 alt=0.320 off_n=-0.0654 off_e=+0.0628 nose_z=+0.0757
2026-09-01 08:25:14,761 [INFO] core.mission.gorev3_pickup: [KANCA_IZ] t=14.71 alt=0.320 off_n=-0.0646 off_e=+0.0618 nose_z=+0.0757
2026-09-01 08:25:14,870 [INFO] core.mission.gorev3_pickup: [KANCA_IZ] t=14.82 alt=0.318 off_n=-0.0640 off_e=+0.0598 nose_z=+0.0758
2026-09-01 08:25:14,982 [INFO] core.mission.gorev3_pickup: [KANCA_IZ] t=14.93 alt=0.316 off_n=-0.0639 off_e=+0.0577 nose_z=+0.0759
2026-09-01 08:25:15,093 [INFO] core.mission.gorev3_pickup: [KANCA_IZ] t=15.04 alt=0.315 off_n=-0.0642 off_e=+0.0548 nose_z=+0.0761
2026-09-01 08:25:15,144 [INFO] gz_system.gz_payload_actuator: [HOOK] APPROACHING  lat=  55.0mm ins=   -0.2mm tilt=  8.7deg v=0.029m/s age=0.02s  [lateral(55.0mm>10.2mm)]
QGC port check failed, reporting UNKNOWN: (pid=24817)
2026-09-01 08:25:15,202 [INFO] core.detection.vision_runtime: [VISION] detect() calisiyor -- bu karede 1 tespit: ['KIRMIZI_UCGEN']
2026-09-01 08:25:15,202 [INFO] core.mission.gorev3_pickup: [KANCA_IZ] t=15.15 alt=0.313 off_n=-0.0648 off_e=+0.0520 nose_z=+0.0763
2026-09-01 08:25:15,312 [INFO] core.mission.gorev3_pickup: [KANCA_IZ] t=15.26 alt=0.311 off_n=-0.0657 off_e=+0.0496 nose_z=+0.0765
2026-09-01 08:25:15,421 [INFO] core.mission.gorev3_pickup: [KANCA_IZ] t=15.37 alt=0.309 off_n=-0.0668 off_e=+0.0478 nose_z=+0.0766
2026-09-01 08:25:15,530 [INFO] core.mission.gorev3_pickup: [KANCA_IZ] t=15.48 alt=0.307 off_n=-0.0678 off_e=+0.0472 nose_z=+0.0767
2026-09-01 08:25:15,641 [INFO] core.mission.gorev3_pickup: [KANCA_IZ] t=15.59 alt=0.306 off_n=-0.0690 off_e=+0.0474 nose_z=+0.0767
2026-09-01 08:25:15,750 [INFO] core.mission.gorev3_pickup: [KANCA_IZ] t=15.70 alt=0.306 off_n=-0.0700 off_e=+0.0486 nose_z=+0.0767
2026-09-01 08:25:15,859 [INFO] core.mission.gorev3_pickup: [KANCA_IZ] t=15.81 alt=0.305 off_n=-0.0708 off_e=+0.0502 nose_z=+0.0766
2026-09-01 08:25:15,971 [INFO] core.mission.gorev3_pickup: [KANCA_IZ] t=15.92 alt=0.305 off_n=-0.0716 off_e=+0.0524 nose_z=+0.0766
2026-09-01 08:25:16,080 [INFO] core.mission.gorev3_pickup: [KANCA_IZ] t=16.03 alt=0.304 off_n=-0.0724 off_e=+0.0548 nose_z=+0.0765
2026-09-01 08:25:16,191 [INFO] core.mission.gorev3_pickup: [KANCA_IZ] t=16.14 alt=0.304 off_n=-0.0730 off_e=+0.0566 nose_z=+0.0764
2026-09-01 08:25:16,191 [INFO] gz_system.gz_payload_actuator: [HOOK] APPROACHING  lat=  55.8mm ins=   -0.4mm tilt= 11.4deg v=0.013m/s age=0.03s  [lateral(55.8mm>10.2mm)]
2026-09-01 08:25:16,301 [INFO] core.mission.gorev3_pickup: [KANCA_IZ] t=16.25 alt=0.304 off_n=-0.0739 off_e=+0.0584 nose_z=+0.0763
2026-09-01 08:25:16,410 [INFO] core.mission.gorev3_pickup: [KANCA_IZ] t=16.36 alt=0.305 off_n=-0.0748 off_e=+0.0598 nose_z=+0.0762
2026-09-01 08:25:16,518 [INFO] core.mission.gorev3_pickup: [KANCA_IZ] t=16.47 alt=0.306 off_n=-0.0756 off_e=+0.0606 nose_z=+0.0761
2026-09-01 08:25:16,628 [INFO] core.mission.gorev3_pickup: [KANCA_IZ] t=16.58 alt=0.308 off_n=-0.0766 off_e=+0.0609 nose_z=+0.0761
2026-09-01 08:25:16,736 [INFO] core.mission.gorev3_pickup: [KANCA_IZ] t=16.69 alt=0.309 off_n=-0.0778 off_e=+0.0609 nose_z=+0.0760
2026-09-01 08:25:16,846 [INFO] core.mission.gorev3_pickup: [KANCA_IZ] t=16.80 alt=0.310 off_n=-0.0790 off_e=+0.0605 nose_z=+0.0760
2026-09-01 08:25:16,894 [INFO] gz_system.main_gz: Dashboard paint loop: 0.0 FPS (main thread)
2026-09-01 08:25:16,955 [INFO] core.mission.gorev3_pickup: [KANCA_IZ] t=16.90 alt=0.312 off_n=-0.0807 off_e=+0.0597 nose_z=+0.0759
2026-09-01 08:25:17,065 [INFO] core.mission.gorev3_pickup: [KANCA_IZ] t=17.01 alt=0.313 off_n=-0.0824 off_e=+0.0588 nose_z=+0.0759
2026-09-01 08:25:17,174 [INFO] core.mission.gorev3_pickup: [KANCA_IZ] t=17.12 alt=0.313 off_n=-0.0849 off_e=+0.0576 nose_z=+0.0759
QGC port check failed, reporting UNKNOWN: (pid=24817)
2026-09-01 08:25:17,225 [INFO] gz_system.gz_payload_actuator: [HOOK] APPROACHING  lat=  56.0mm ins=   +0.1mm tilt=  2.0deg v=0.003m/s age=0.01s  [lateral(56.0mm>10.2mm)]
2026-09-01 08:25:17,283 [INFO] core.mission.gorev3_pickup: [KANCA_IZ] t=17.23 alt=0.315 off_n=-0.0874 off_e=+0.0566 nose_z=+0.0759
2026-09-01 08:25:17,394 [INFO] core.mission.gorev3_pickup: [KANCA_IZ] t=17.34 alt=0.315 off_n=-0.0906 off_e=+0.0553 nose_z=+0.0759
2026-09-01 08:25:17,505 [INFO] core.mission.gorev3_pickup: [KANCA_IZ] t=17.45 alt=0.316 off_n=-0.0944 off_e=+0.0538 nose_z=+0.0759
2026-09-01 08:25:17,613 [INFO] core.mission.gorev3_pickup: [KANCA_IZ] t=17.56 alt=0.315 off_n=-0.0985 off_e=+0.0522 nose_z=+0.0759
2026-09-01 08:25:17,723 [INFO] core.mission.gorev3_pickup: [KANCA_IZ] t=17.67 alt=0.314 off_n=-0.1020 off_e=+0.0509 nose_z=+0.0759
2026-09-01 08:25:17,831 [INFO] core.mission.gorev3_pickup: [KANCA_IZ] t=17.78 alt=0.313 off_n=-0.1063 off_e=+0.0494 nose_z=+0.0758
2026-09-01 08:25:17,939 [INFO] core.mission.gorev3_pickup: [KANCA_IZ] t=17.89 alt=0.313 off_n=-0.1098 off_e=+0.0482 nose_z=+0.0758
2026-09-01 08:25:18,049 [INFO] core.mission.gorev3_pickup: [KANCA_IZ] t=18.00 alt=0.314 off_n=-0.1140 off_e=+0.0465 nose_z=+0.0758
2026-09-01 08:25:18,157 [INFO] core.mission.gorev3_pickup: [KANCA_IZ] t=18.11 alt=0.315 off_n=-0.1179 off_e=+0.0449 nose_z=+0.0759
2026-09-01 08:25:18,265 [INFO] core.detection.vision_runtime: [VISION] detect() calisiyor -- bu karede 0 tespit: []
2026-09-01 08:25:18,265 [INFO] core.mission.gorev3_pickup: [KANCA_IZ] t=18.21 alt=0.317 off_n=-0.1208 off_e=+0.0440 nose_z=+0.0760
2026-09-01 08:25:18,265 [INFO] gz_system.gz_payload_actuator: [HOOK] APPROACHING  lat=  55.5mm ins=   -0.0mm tilt=  0.4deg v=0.004m/s age=0.02s  [lateral(55.5mm>10.2mm)]
2026-09-01 08:25:18,374 [INFO] core.mission.gorev3_pickup: [KANCA_IZ] t=18.32 alt=0.319 off_n=-0.1237 off_e=+0.0436 nose_z=+0.0762
2026-09-01 08:25:18,481 [INFO] core.mission.gorev3_pickup: [KANCA_IZ] t=18.43 alt=0.321 off_n=-0.1259 off_e=+0.0438 nose_z=+0.0763
2026-09-01 08:25:18,590 [INFO] core.mission.gorev3_pickup: [KANCA_IZ] t=18.54 alt=0.322 off_n=-0.1281 off_e=+0.0447 nose_z=+0.0765
2026-09-01 08:25:18,698 [INFO] core.mission.gorev3_pickup: [KANCA_IZ] t=18.65 alt=0.323 off_n=-0.1294 off_e=+0.0459 nose_z=+0.0766
2026-09-01 08:25:18,808 [INFO] core.mission.gorev3_pickup: [KANCA_IZ] t=18.76 alt=0.323 off_n=-0.1304 off_e=+0.0477 nose_z=+0.0767
2026-09-01 08:25:18,917 [INFO] core.mission.gorev3_pickup: [KANCA_IZ] t=18.87 alt=0.323 off_n=-0.1306 off_e=+0.0495 nose_z=+0.0768
2026-09-01 08:25:19,025 [INFO] core.mission.gorev3_pickup: [KANCA_IZ] t=18.97 alt=0.324 off_n=-0.1302 off_e=+0.0511 nose_z=+0.0769
2026-09-01 08:25:19,025 [INFO] gz_system.gz_payload_actuator: [KANCA_DENGE] oturma penceresi ortalama kanca_ofset=(-0.0681, +0.0371)  (217 ornek)
2026-09-01 08:25:19,025 [WARNING] gz_system.gz_payload_actuator: [HOOK] OTURMADI (12.0 s). En iyi ESZAMANLI ornek: lat=  53.2mm ins=   +0.4mm tilt=  0.0deg v=0.000m/s age=0.01s (1 kapi ihlali). CAPTURE_CANDIDATE ornegi: 0/217. Kapi retleri: lateral=217, tilt=8, rel_speed=2. Sinirlar: yanal<=10.2 mm, dwell 0.30 s.
2026-09-01 08:25:19,025 [WARNING] gz_system.gz_payload_actuator: [HOOK] oturma dogrulanmadi (12.0s) -- /hook/attach YAYINLANMADI, vinc cekiliyor, tekrar denenecek
2026-09-01 08:25:19,025 [INFO] gz_system.gz_payload_actuator: [HOOK] vinc -> 0.00 m
I0901 08:25:19.026041 13275972 fork_posix.cc:71] Other threads are currently calling into gRPC, skipping fork() handlers
2026-09-01 08:25:19,133 [INFO] core.mission.gorev3_pickup: [KANCA_IZ] t=19.08 alt=0.327 off_n=-0.1292 off_e=+0.0528 nose_z=+0.0769
QGC port check failed, reporting UNKNOWN: (pid=24817)
2026-09-01 08:25:19,244 [INFO] core.mission.gorev3_pickup: [KANCA_IZ] t=19.19 alt=0.329 off_n=-0.1280 off_e=+0.0541 nose_z=+0.0768
2026-09-01 08:25:19,351 [INFO] core.mission.gorev3_pickup: [KANCA_IZ] t=19.30 alt=0.331 off_n=-0.1258 off_e=+0.0554 nose_z=+0.0767
2026-09-01 08:25:19,461 [INFO] core.mission.gorev3_pickup: [KANCA_IZ] t=19.41 alt=0.332 off_n=-0.1235 off_e=+0.0562 nose_z=+0.0764
2026-09-01 08:25:19,569 [INFO] core.mission.gorev3_pickup: [KANCA_IZ] t=19.52 alt=0.333 off_n=-0.1205 off_e=+0.0570 nose_z=+0.0757
2026-09-01 08:25:19,677 [INFO] core.mission.gorev3_pickup: [KANCA_IZ] t=19.63 alt=0.334 off_n=-0.1174 off_e=+0.0574 nose_z=+0.0757
2026-09-01 08:25:19,785 [INFO] core.mission.gorev3_pickup: [KANCA_IZ] t=19.73 alt=0.335 off_n=-0.1133 off_e=+0.0580 nose_z=+0.0758
2026-09-01 08:25:19,894 [INFO] core.mission.gorev3_pickup: [KANCA_IZ] t=19.84 alt=0.337 off_n=-0.1097 off_e=+0.0578 nose_z=+0.0759
2026-09-01 08:25:20,002 [INFO] core.mission.gorev3_pickup: [KANCA_IZ] t=19.95 alt=0.338 off_n=-0.1016 off_e=+0.0403 nose_z=+0.1057
2026-09-01 08:25:20,109 [INFO] core.mission.gorev3_pickup: [KANCA_IZ] t=20.06 alt=0.338 off_n=-0.0919 off_e=-0.0173 nose_z=+0.1638
2026-09-01 08:25:20,218 [INFO] core.mission.gorev3_pickup: [KANCA_IZ] t=20.17 alt=0.337 off_n=-0.0631 off_e=-0.0840 nose_z=+0.2464
2026-09-01 08:25:20,328 [INFO] core.mission.gorev3_pickup: [KANCA_IZ] t=20.28 alt=0.334 off_n=-0.0144 off_e=-0.0860 nose_z=+0.3443
2026-09-01 08:25:20,437 [INFO] core.mission.gorev3_pickup: [KANCA_IZ] t=20.39 alt=0.331 off_n=+0.0016 off_e=-0.0755 nose_z=+0.3867
2026-09-01 08:25:20,546 [INFO] core.mission.gorev3_pickup: [KANCA_IZ] t=20.50 alt=0.330 off_n=-0.0203 off_e=-0.0453 nose_z=+0.4004
2026-09-01 08:25:20,654 [INFO] core.mission.gorev3_pickup: [KANCA_IZ] t=20.60 alt=0.328 off_n=-0.0638 off_e=-0.0139 nose_z=+0.3916
2026-09-01 08:25:20,762 [INFO] core.mission.gorev3_pickup: [KANCA_IZ] t=20.71 alt=0.326 off_n=-0.1008 off_e=-0.0001 nose_z=+0.3826
2026-09-01 08:25:20,869 [INFO] core.mission.gorev3_pickup: [KANCA_IZ] t=20.82 alt=0.325 off_n=-0.1265 off_e=-0.0033 nose_z=+0.3745
2026-09-01 08:25:20,953 [INFO] core.mission.gorev3_pickup: [YENIDEN_HIZA] deneme 2 oncesi, kanca havada -- duzeltme yeniden kosuluyor
2026-09-01 08:25:20,953 [INFO] core.mission.gorev3_pickup: [SON_DUZELTME] 1/6 yanal 33.2 mm -> (kuzey +0.014, dogu +0.008)  | kanca_ofset=(-0.1287, -0.0115) arac_ned=(120.8541, 10.1928) kanca_mutlak=(120.7253, 10.1813)
2026-09-01 08:25:20,977 [INFO] core.mission.gorev3_pickup: [KANCA_IZ] t=20.93 alt=0.323 off_n=-0.1276 off_e=-0.0141 nose_z=+0.3677
2026-09-01 08:25:21,089 [INFO] core.mission.gorev3_pickup: [KANCA_IZ] t=21.04 alt=0.322 off_n=-0.1107 off_e=-0.0267 nose_z=+0.3599
2026-09-01 08:25:21,198 [INFO] core.mission.gorev3_pickup: [KANCA_IZ] t=21.15 alt=0.321 off_n=-0.0858 off_e=-0.0308 nose_z=+0.3549
QGC port check failed, reporting UNKNOWN: (pid=24817)
2026-09-01 08:25:21,306 [INFO] core.detection.vision_runtime: [VISION] detect() calisiyor -- bu karede 0 tespit: []
2026-09-01 08:25:21,306 [INFO] core.mission.gorev3_pickup: [KANCA_IZ] t=21.26 alt=0.320 off_n=-0.0710 off_e=-0.0256 nose_z=+0.3521
2026-09-01 08:25:21,416 [INFO] core.mission.gorev3_pickup: [KANCA_IZ] t=21.37 alt=0.319 off_n=-0.0681 off_e=-0.0129 nose_z=+0.3483
2026-09-01 08:25:21,525 [INFO] core.mission.gorev3_pickup: [KANCA_IZ] t=21.47 alt=0.318 off_n=-0.0778 off_e=-0.0030 nose_z=+0.3448
2026-09-01 08:25:21,632 [INFO] core.mission.gorev3_pickup: [KANCA_IZ] t=21.58 alt=0.315 off_n=-0.0949 off_e=+0.0020 nose_z=+0.3418
2026-09-01 08:25:21,741 [INFO] core.mission.gorev3_pickup: [KANCA_IZ] t=21.69 alt=0.314 off_n=-0.1052 off_e=-0.0005 nose_z=+0.3401
2026-09-01 08:25:21,850 [INFO] core.mission.gorev3_pickup: [KANCA_IZ] t=21.80 alt=0.312 off_n=-0.1067 off_e=-0.0080 nose_z=+0.3380
2026-09-01 08:25:21,910 [INFO] gz_system.main_gz: Dashboard paint loop: 0.0 FPS (main thread)
2026-09-01 08:25:21,957 [INFO] core.mission.gorev3_pickup: [KANCA_IZ] t=21.91 alt=0.312 off_n=-0.0985 off_e=-0.0146 nose_z=+0.3359
2026-09-01 08:25:22,066 [INFO] core.mission.gorev3_pickup: [KANCA_IZ] t=22.02 alt=0.310 off_n=-0.0880 off_e=-0.0168 nose_z=+0.3344
2026-09-01 08:25:22,174 [INFO] core.mission.gorev3_pickup: [KANCA_IZ] t=22.12 alt=0.309 off_n=-0.0798 off_e=-0.0148 nose_z=+0.3333
2026-09-01 08:25:22,284 [INFO] core.mission.gorev3_pickup: [KANCA_IZ] t=22.23 alt=0.308 off_n=-0.0776 off_e=-0.0091 nose_z=+0.3322
2026-09-01 08:25:22,392 [INFO] core.mission.gorev3_pickup: [KANCA_IZ] t=22.34 alt=0.307 off_n=-0.0834 off_e=-0.0035 nose_z=+0.3310
2026-09-01 08:25:22,501 [INFO] core.mission.gorev3_pickup: [KANCA_IZ] t=22.45 alt=0.307 off_n=-0.0914 off_e=-0.0015 nose_z=+0.3304
2026-09-01 08:25:22,610 [INFO] core.mission.gorev3_pickup: [KANCA_IZ] t=22.56 alt=0.306 off_n=-0.0969 off_e=-0.0027 nose_z=+0.3300
2026-09-01 08:25:22,718 [INFO] core.mission.gorev3_pickup: [KANCA_IZ] t=22.67 alt=0.306 off_n=-0.0983 off_e=-0.0066 nose_z=+0.3296
2026-09-01 08:25:22,826 [INFO] core.mission.gorev3_pickup: [KANCA_IZ] t=22.78 alt=0.306 off_n=-0.0950 off_e=-0.0099 nose_z=+0.3293
2026-09-01 08:25:22,933 [INFO] core.mission.gorev3_pickup: [KANCA_IZ] t=22.88 alt=0.308 off_n=-0.0887 off_e=-0.0117 nose_z=+0.3289
2026-09-01 08:25:23,041 [INFO] core.mission.gorev3_pickup: [KANCA_IZ] t=22.99 alt=0.309 off_n=-0.0847 off_e=-0.0108 nose_z=+0.3286
2026-09-01 08:25:23,150 [INFO] core.mission.gorev3_pickup: [KANCA_IZ] t=23.10 alt=0.309 off_n=-0.0835 off_e=-0.0078 nose_z=+0.3281
QGC port check failed, reporting UNKNOWN: (pid=24817)
2026-09-01 08:25:23,259 [INFO] core.mission.gorev3_pickup: [KANCA_IZ] t=23.21 alt=0.309 off_n=-0.0856 off_e=-0.0054 nose_z=+0.3276
2026-09-01 08:25:23,368 [INFO] core.mission.gorev3_pickup: [KANCA_IZ] t=23.32 alt=0.309 off_n=-0.0899 off_e=-0.0040 nose_z=+0.3270
2026-09-01 08:25:23,475 [INFO] core.mission.gorev3_pickup: [KANCA_IZ] t=23.42 alt=0.307 off_n=-0.0931 off_e=-0.0046 nose_z=+0.3267
2026-09-01 08:25:23,584 [INFO] core.mission.gorev3_pickup: [KANCA_IZ] t=23.53 alt=0.306 off_n=-0.0941 off_e=-0.0066 nose_z=+0.3265
2026-09-01 08:25:23,692 [INFO] core.mission.gorev3_pickup: [KANCA_IZ] t=23.64 alt=0.305 off_n=-0.0925 off_e=-0.0087 nose_z=+0.3265
2026-09-01 08:25:23,801 [INFO] core.mission.gorev3_pickup: [KANCA_IZ] t=23.75 alt=0.304 off_n=-0.0900 off_e=-0.0096 nose_z=+0.3268
2026-09-01 08:25:23,911 [INFO] core.mission.gorev3_pickup: [KANCA_IZ] t=23.86 alt=0.304 off_n=-0.0874 off_e=-0.0091 nose_z=+0.3273
2026-09-01 08:25:24,022 [INFO] core.mission.gorev3_pickup: [KANCA_IZ] t=23.97 alt=0.303 off_n=-0.0866 off_e=-0.0078 nose_z=+0.3278
2026-09-01 08:25:24,129 [INFO] core.mission.gorev3_pickup: [KANCA_IZ] t=24.08 alt=0.303 off_n=-0.0877 off_e=-0.0061 nose_z=+0.3286
2026-09-01 08:25:24,227 [INFO] core.mission.gorev3_pickup: [SON_DUZELTME] 2/6 yanal 57.2 mm -> (kuzey -0.025, dogu -0.014)  | kanca_ofset=(-0.0896, -0.0055) arac_ned=(120.8937, 10.2312) kanca_mutlak=(120.8042, 10.2257)
2026-09-01 08:25:24,237 [INFO] core.mission.gorev3_pickup: [KANCA_IZ] t=24.19 alt=0.303 off_n=-0.0896 off_e=-0.0055 nose_z=+0.3293
2026-09-01 08:25:24,346 [INFO] core.detection.vision_runtime: [VISION] detect() calisiyor -- bu karede 0 tespit: []
2026-09-01 08:25:24,346 [INFO] core.mission.gorev3_pickup: [KANCA_IZ] t=24.30 alt=0.303 off_n=-0.0915 off_e=-0.0057 nose_z=+0.3302
2026-09-01 08:25:24,455 [INFO] core.mission.gorev3_pickup: [KANCA_IZ] t=24.40 alt=0.304 off_n=-0.0920 off_e=-0.0066 nose_z=+0.3313
2026-09-01 08:25:24,563 [INFO] core.mission.gorev3_pickup: [KANCA_IZ] t=24.51 alt=0.304 off_n=-0.0914 off_e=-0.0076 nose_z=+0.3321
2026-09-01 08:25:24,670 [INFO] core.mission.gorev3_pickup: [KANCA_IZ] t=24.62 alt=0.305 off_n=-0.0899 off_e=-0.0084 nose_z=+0.3332
2026-09-01 08:25:24,780 [INFO] core.mission.gorev3_pickup: [KANCA_IZ] t=24.73 alt=0.305 off_n=-0.0888 off_e=-0.0084 nose_z=+0.3340
2026-09-01 08:25:24,890 [INFO] core.mission.gorev3_pickup: [KANCA_IZ] t=24.84 alt=0.306 off_n=-0.0883 off_e=-0.0078 nose_z=+0.3348
2026-09-01 08:25:24,999 [INFO] core.mission.gorev3_pickup: [KANCA_IZ] t=24.95 alt=0.308 off_n=-0.0888 off_e=-0.0068 nose_z=+0.3355
2026-09-01 08:25:25,110 [INFO] core.mission.gorev3_pickup: [KANCA_IZ] t=25.06 alt=0.309 off_n=-0.0896 off_e=-0.0062 nose_z=+0.3359
QGC port check failed, reporting UNKNOWN: (pid=24817)
2026-09-01 08:25:25,218 [INFO] core.mission.gorev3_pickup: [KANCA_IZ] t=25.17 alt=0.311 off_n=-0.0906 off_e=-0.0061 nose_z=+0.3362
2026-09-01 08:25:25,327 [INFO] core.mission.gorev3_pickup: [KANCA_IZ] t=25.28 alt=0.313 off_n=-0.0909 off_e=-0.0065 nose_z=+0.3362
2026-09-01 08:25:25,435 [INFO] core.mission.gorev3_pickup: [KANCA_IZ] t=25.38 alt=0.317 off_n=-0.0905 off_e=-0.0072 nose_z=+0.3358
2026-09-01 08:25:25,545 [INFO] core.mission.gorev3_pickup: [KANCA_IZ] t=25.49 alt=0.318 off_n=-0.0898 off_e=-0.0076 nose_z=+0.3353
2026-09-01 08:25:25,652 [INFO] core.mission.gorev3_pickup: [KANCA_IZ] t=25.60 alt=0.319 off_n=-0.0891 off_e=-0.0076 nose_z=+0.3344
2026-09-01 08:25:25,761 [INFO] core.mission.gorev3_pickup: [KANCA_IZ] t=25.71 alt=0.319 off_n=-0.0889 off_e=-0.0074 nose_z=+0.3335
2026-09-01 08:25:25,869 [INFO] core.mission.gorev3_pickup: [KANCA_IZ] t=25.82 alt=0.320 off_n=-0.0891 off_e=-0.0070 nose_z=+0.3324
2026-09-01 08:25:25,978 [INFO] core.mission.gorev3_pickup: [KANCA_IZ] t=25.93 alt=0.321 off_n=-0.0897 off_e=-0.0066 nose_z=+0.3308
2026-09-01 08:25:26,085 [INFO] core.mission.gorev3_pickup: [KANCA_IZ] t=26.03 alt=0.321 off_n=-0.0903 off_e=-0.0066 nose_z=+0.3292
2026-09-01 08:25:26,193 [INFO] core.mission.gorev3_pickup: [KANCA_IZ] t=26.14 alt=0.321 off_n=-0.0904 off_e=-0.0068 nose_z=+0.3279
2026-09-01 08:25:26,302 [INFO] core.mission.gorev3_pickup: [KANCA_IZ] t=26.25 alt=0.321 off_n=-0.0903 off_e=-0.0071 nose_z=+0.3262
2026-09-01 08:25:26,409 [INFO] core.mission.gorev3_pickup: [KANCA_IZ] t=26.36 alt=0.322 off_n=-0.0899 off_e=-0.0073 nose_z=+0.3244
2026-09-01 08:25:26,517 [INFO] core.mission.gorev3_pickup: [KANCA_IZ] t=26.47 alt=0.322 off_n=-0.0895 off_e=-0.0073 nose_z=+0.3229
2026-09-01 08:25:26,626 [INFO] core.mission.gorev3_pickup: [KANCA_IZ] t=26.58 alt=0.321 off_n=-0.0894 off_e=-0.0071 nose_z=+0.3210
2026-09-01 08:25:26,734 [INFO] core.mission.gorev3_pickup: [KANCA_IZ] t=26.68 alt=0.318 off_n=-0.0894 off_e=-0.0069 nose_z=+0.3194
2026-09-01 08:25:26,734 [INFO] core.mission.gorev3_pickup: [SON_DUZELTME] 3/6 yanal 46.8 mm -> (kuzey -0.023, dogu -0.006)  | kanca_ofset=(-0.0894, -0.0069) arac_ned=(120.8889, 10.2166) kanca_mutlak=(120.7995, 10.2098)
2026-09-01 08:25:26,845 [INFO] core.mission.gorev3_pickup: [KANCA_IZ] t=26.79 alt=0.316 off_n=-0.0897 off_e=-0.0067 nose_z=+0.3182
2026-09-01 08:25:26,946 [INFO] gz_system.main_gz: Dashboard paint loop: 0.0 FPS (main thread)
2026-09-01 08:25:26,953 [INFO] core.mission.gorev3_pickup: [KANCA_IZ] t=26.90 alt=0.314 off_n=-0.0899 off_e=-0.0068 nose_z=+0.3171
2026-09-01 08:25:27,062 [INFO] core.mission.gorev3_pickup: [KANCA_IZ] t=27.01 alt=0.312 off_n=-0.0900 off_e=-0.0070 nose_z=+0.3163
2026-09-01 08:25:27,169 [INFO] core.mission.gorev3_pickup: [KANCA_IZ] t=27.12 alt=0.310 off_n=-0.0900 off_e=-0.0072 nose_z=+0.3159
QGC port check failed, reporting UNKNOWN: (pid=24817)
2026-09-01 08:25:27,278 [INFO] core.mission.gorev3_pickup: [KANCA_IZ] t=27.23 alt=0.308 off_n=-0.0898 off_e=-0.0073 nose_z=+0.3159
2026-09-01 08:25:27,386 [INFO] core.detection.vision_runtime: [VISION] detect() calisiyor -- bu karede 0 tespit: []
2026-09-01 08:25:27,386 [INFO] core.mission.gorev3_pickup: [KANCA_IZ] t=27.34 alt=0.307 off_n=-0.0896 off_e=-0.0072 nose_z=+0.3162
2026-09-01 08:25:27,495 [INFO] core.mission.gorev3_pickup: [KANCA_IZ] t=27.44 alt=0.307 off_n=-0.0896 off_e=-0.0070 nose_z=+0.3167
2026-09-01 08:25:27,602 [INFO] core.mission.gorev3_pickup: [KANCA_IZ] t=27.55 alt=0.308 off_n=-0.0897 off_e=-0.0069 nose_z=+0.3173
2026-09-01 08:25:27,710 [INFO] core.mission.gorev3_pickup: [KANCA_IZ] t=27.66 alt=0.308 off_n=-0.0898 off_e=-0.0068 nose_z=+0.3178
2026-09-01 08:25:27,818 [INFO] core.mission.gorev3_pickup: [KANCA_IZ] t=27.77 alt=0.309 off_n=-0.0899 off_e=-0.0068 nose_z=+0.3184
2026-09-01 08:25:27,925 [INFO] core.mission.gorev3_pickup: [KANCA_IZ] t=27.87 alt=0.310 off_n=-0.0898 off_e=-0.0070 nose_z=+0.3190
2026-09-01 08:25:28,033 [INFO] core.mission.gorev3_pickup: [KANCA_IZ] t=27.98 alt=0.311 off_n=-0.0897 off_e=-0.0071 nose_z=+0.3194
2026-09-01 08:25:28,142 [INFO] core.mission.gorev3_pickup: [KANCA_IZ] t=28.09 alt=0.311 off_n=-0.0896 off_e=-0.0072 nose_z=+0.3198
2026-09-01 08:25:28,250 [INFO] core.mission.gorev3_pickup: [KANCA_IZ] t=28.20 alt=0.311 off_n=-0.0896 off_e=-0.0072 nose_z=+0.3201
2026-09-01 08:25:28,357 [INFO] core.mission.gorev3_pickup: [KANCA_IZ] t=28.31 alt=0.310 off_n=-0.0896 off_e=-0.0071 nose_z=+0.3205
2026-09-01 08:25:28,466 [INFO] core.mission.gorev3_pickup: [KANCA_IZ] t=28.42 alt=0.310 off_n=-0.0897 off_e=-0.0070 nose_z=+0.3210
2026-09-01 08:25:28,574 [INFO] core.mission.gorev3_pickup: [KANCA_IZ] t=28.52 alt=0.310 off_n=-0.0897 off_e=-0.0071 nose_z=+0.3216
2026-09-01 08:25:28,683 [INFO] core.mission.gorev3_pickup: [KANCA_IZ] t=28.63 alt=0.309 off_n=-0.0897 off_e=-0.0071 nose_z=+0.3223
2026-09-01 08:25:28,790 [INFO] core.mission.gorev3_pickup: [KANCA_IZ] t=28.74 alt=0.308 off_n=-0.0897 off_e=-0.0072 nose_z=+0.3233
2026-09-01 08:25:28,897 [INFO] core.mission.gorev3_pickup: [KANCA_IZ] t=28.85 alt=0.307 off_n=-0.0898 off_e=-0.0071 nose_z=+0.3242
2026-09-01 08:25:29,006 [INFO] core.mission.gorev3_pickup: [KANCA_IZ] t=28.96 alt=0.308 off_n=-0.0899 off_e=-0.0071 nose_z=+0.3254
2026-09-01 08:25:29,115 [INFO] core.mission.gorev3_pickup: [KANCA_IZ] t=29.06 alt=0.308 off_n=-0.0899 off_e=-0.0070 nose_z=+0.3266
QGC port check failed, reporting UNKNOWN: (pid=24817)
2026-09-01 08:25:29,222 [INFO] core.mission.gorev3_pickup: [KANCA_IZ] t=29.17 alt=0.310 off_n=-0.0898 off_e=-0.0071 nose_z=+0.3278
2026-09-01 08:25:29,331 [INFO] core.mission.gorev3_pickup: [KANCA_IZ] t=29.28 alt=0.311 off_n=-0.0896 off_e=-0.0071 nose_z=+0.3287
2026-09-01 08:25:29,331 [INFO] core.mission.gorev3_pickup: [SON_DUZELTME] 4/6 yanal 31.8 mm -> (kuzey -0.011, dogu -0.012)  | kanca_ofset=(-0.0896, -0.0071) arac_ned=(120.8650, 10.2285) kanca_mutlak=(120.7754, 10.2214)
2026-09-01 08:25:29,440 [INFO] core.mission.gorev3_pickup: [KANCA_IZ] t=29.39 alt=0.313 off_n=-0.0896 off_e=-0.0071 nose_z=+0.3297
2026-09-01 08:25:29,549 [INFO] core.mission.gorev3_pickup: [KANCA_IZ] t=29.50 alt=0.314 off_n=-0.0897 off_e=-0.0070 nose_z=+0.3304
2026-09-01 08:25:29,658 [INFO] core.mission.gorev3_pickup: [KANCA_IZ] t=29.61 alt=0.316 off_n=-0.0897 off_e=-0.0070 nose_z=+0.3310
2026-09-01 08:25:29,767 [INFO] core.mission.gorev3_pickup: [KANCA_IZ] t=29.72 alt=0.319 off_n=-0.0896 off_e=-0.0071 nose_z=+0.3313
2026-09-01 08:25:29,876 [INFO] core.mission.gorev3_pickup: [KANCA_IZ] t=29.83 alt=0.321 off_n=-0.0896 off_e=-0.0073 nose_z=+0.3313
2026-09-01 08:25:29,984 [INFO] core.mission.gorev3_pickup: [KANCA_IZ] t=29.93 alt=0.322 off_n=-0.0897 off_e=-0.0073 nose_z=+0.3310
2026-09-01 08:25:30,094 [INFO] core.mission.gorev3_pickup: [KANCA_IZ] t=30.04 alt=0.322 off_n=-0.0898 off_e=-0.0073 nose_z=+0.3303
2026-09-01 08:25:30,202 [INFO] core.mission.gorev3_pickup: [KANCA_IZ] t=30.15 alt=0.321 off_n=-0.0898 off_e=-0.0071 nose_z=+0.3296
2026-09-01 08:25:30,309 [INFO] core.mission.gorev3_pickup: [KANCA_IZ] t=30.26 alt=0.320 off_n=-0.0898 off_e=-0.0069 nose_z=+0.3289
2026-09-01 08:25:30,417 [INFO] core.detection.vision_runtime: [VISION] detect() calisiyor -- bu karede 0 tespit: []
2026-09-01 08:25:30,417 [INFO] core.mission.gorev3_pickup: [KANCA_IZ] t=30.37 alt=0.318 off_n=-0.0896 off_e=-0.0069 nose_z=+0.3284
2026-09-01 08:25:30,525 [INFO] core.mission.gorev3_pickup: [KANCA_IZ] t=30.47 alt=0.317 off_n=-0.0895 off_e=-0.0069 nose_z=+0.3281
2026-09-01 08:25:30,633 [INFO] core.mission.gorev3_pickup: [KANCA_IZ] t=30.58 alt=0.313 off_n=-0.0894 off_e=-0.0071 nose_z=+0.3280
2026-09-01 08:25:30,740 [INFO] core.mission.gorev3_pickup: [KANCA_IZ] t=30.69 alt=0.312 off_n=-0.0895 off_e=-0.0072 nose_z=+0.3281
2026-09-01 08:25:30,851 [INFO] core.mission.gorev3_pickup: [KANCA_IZ] t=30.80 alt=0.310 off_n=-0.0896 off_e=-0.0073 nose_z=+0.3284
2026-09-01 08:25:30,962 [INFO] core.mission.gorev3_pickup: [KANCA_IZ] t=30.91 alt=0.309 off_n=-0.0897 off_e=-0.0071 nose_z=+0.3291
2026-09-01 08:25:31,069 [INFO] core.mission.gorev3_pickup: [KANCA_IZ] t=31.02 alt=0.308 off_n=-0.0897 off_e=-0.0070 nose_z=+0.3300
2026-09-01 08:25:31,177 [INFO] core.mission.gorev3_pickup: [KANCA_IZ] t=31.13 alt=0.307 off_n=-0.0896 off_e=-0.0068 nose_z=+0.3308
QGC port check failed, reporting UNKNOWN: (pid=24817)
2026-09-01 08:25:31,285 [INFO] core.mission.gorev3_pickup: [KANCA_IZ] t=31.23 alt=0.307 off_n=-0.0896 off_e=-0.0068 nose_z=+0.3320
2026-09-01 08:25:31,393 [INFO] core.mission.gorev3_pickup: [KANCA_IZ] t=31.34 alt=0.306 off_n=-0.0895 off_e=-0.0068 nose_z=+0.3331
2026-09-01 08:25:31,501 [INFO] core.mission.gorev3_pickup: [KANCA_IZ] t=31.45 alt=0.305 off_n=-0.0895 off_e=-0.0069 nose_z=+0.3346
2026-09-01 08:25:31,609 [INFO] core.mission.gorev3_pickup: [KANCA_IZ] t=31.56 alt=0.305 off_n=-0.0895 off_e=-0.0071 nose_z=+0.3359
2026-09-01 08:25:31,718 [INFO] core.mission.gorev3_pickup: [KANCA_IZ] t=31.67 alt=0.304 off_n=-0.0896 off_e=-0.0072 nose_z=+0.3376
2026-09-01 08:25:31,825 [INFO] core.mission.gorev3_pickup: [KANCA_IZ] t=31.77 alt=0.302 off_n=-0.0897 off_e=-0.0071 nose_z=+0.3396
2026-09-01 08:25:31,934 [INFO] core.mission.gorev3_pickup: [KANCA_IZ] t=31.88 alt=0.303 off_n=-0.0898 off_e=-0.0070 nose_z=+0.3413
2026-09-01 08:25:31,934 [INFO] core.mission.gorev3_pickup: [SON_DUZELTME] 5/6 yanal 15.3 mm -> (kuzey +0.000, dogu +0.008)  | kanca_ofset=(-0.0898, -0.0070) arac_ned=(120.8432, 10.1893) kanca_mutlak=(120.7534, 10.1823)
2026-09-01 08:25:31,950 [INFO] gz_system.main_gz: Dashboard paint loop: 0.0 FPS (main thread)
2026-09-01 08:25:32,042 [INFO] core.mission.gorev3_pickup: [KANCA_IZ] t=31.99 alt=0.303 off_n=-0.0898 off_e=-0.0070 nose_z=+0.3433
2026-09-01 08:25:32,149 [INFO] core.mission.gorev3_pickup: [KANCA_IZ] t=32.10 alt=0.304 off_n=-0.0899 off_e=-0.0071 nose_z=+0.3451
2026-09-01 08:25:32,257 [INFO] core.mission.gorev3_pickup: [KANCA_IZ] t=32.21 alt=0.306 off_n=-0.0898 off_e=-0.0072 nose_z=+0.3468
2026-09-01 08:25:32,365 [INFO] core.mission.gorev3_pickup: [KANCA_IZ] t=32.31 alt=0.308 off_n=-0.0897 off_e=-0.0070 nose_z=+0.3487
2026-09-01 08:25:32,474 [INFO] core.mission.gorev3_pickup: [KANCA_IZ] t=32.42 alt=0.310 off_n=-0.0896 off_e=-0.0068 nose_z=+0.3502
2026-09-01 08:25:32,581 [INFO] core.mission.gorev3_pickup: [KANCA_IZ] t=32.53 alt=0.313 off_n=-0.0895 off_e=-0.0068 nose_z=+0.3516
2026-09-01 08:25:32,688 [INFO] core.mission.gorev3_pickup: [KANCA_IZ] t=32.64 alt=0.315 off_n=-0.0896 off_e=-0.0069 nose_z=+0.3525
2026-09-01 08:25:32,797 [INFO] core.mission.gorev3_pickup: [KANCA_IZ] t=32.75 alt=0.317 off_n=-0.0898 off_e=-0.0071 nose_z=+0.3532
2026-09-01 08:25:32,905 [INFO] core.mission.gorev3_pickup: [KANCA_IZ] t=32.85 alt=0.318 off_n=-0.0899 off_e=-0.0073 nose_z=+0.3536
2026-09-01 08:25:33,014 [INFO] core.mission.gorev3_pickup: [KANCA_IZ] t=32.96 alt=0.319 off_n=-0.0900 off_e=-0.0073 nose_z=+0.3539
2026-09-01 08:25:33,123 [INFO] core.mission.gorev3_pickup: [KANCA_IZ] t=33.07 alt=0.320 off_n=-0.0900 off_e=-0.0073 nose_z=+0.3541
QGC port check failed, reporting UNKNOWN: (pid=24817)
2026-09-01 08:25:33,232 [INFO] core.mission.gorev3_pickup: [KANCA_IZ] t=33.18 alt=0.321 off_n=-0.0899 off_e=-0.0071 nose_z=+0.3541
2026-09-01 08:25:33,341 [INFO] core.mission.gorev3_pickup: [KANCA_IZ] t=33.29 alt=0.322 off_n=-0.0899 off_e=-0.0070 nose_z=+0.3539
2026-09-01 08:25:33,449 [INFO] core.detection.vision_runtime: [VISION] detect() calisiyor -- bu karede 0 tespit: []
2026-09-01 08:25:33,450 [INFO] core.mission.gorev3_pickup: [KANCA_IZ] t=33.40 alt=0.323 off_n=-0.0899 off_e=-0.0070 nose_z=+0.3536
2026-09-01 08:25:33,559 [INFO] core.mission.gorev3_pickup: [KANCA_IZ] t=33.51 alt=0.324 off_n=-0.0898 off_e=-0.0070 nose_z=+0.3532
2026-09-01 08:25:33,668 [INFO] core.mission.gorev3_pickup: [KANCA_IZ] t=33.62 alt=0.324 off_n=-0.0898 off_e=-0.0070 nose_z=+0.3526
2026-09-01 08:25:33,776 [INFO] core.mission.gorev3_pickup: [KANCA_IZ] t=33.73 alt=0.323 off_n=-0.0897 off_e=-0.0072 nose_z=+0.3519
2026-09-01 08:25:33,887 [INFO] core.mission.gorev3_pickup: [KANCA_IZ] t=33.84 alt=0.322 off_n=-0.0897 off_e=-0.0072 nose_z=+0.3514
2026-09-01 08:25:33,997 [INFO] core.mission.gorev3_pickup: [KANCA_IZ] t=33.95 alt=0.320 off_n=-0.0897 off_e=-0.0072 nose_z=+0.3509
2026-09-01 08:25:34,104 [INFO] core.mission.gorev3_pickup: [KANCA_IZ] t=34.05 alt=0.317 off_n=-0.0898 off_e=-0.0071 nose_z=+0.3507
2026-09-01 08:25:34,213 [INFO] core.mission.gorev3_pickup: [KANCA_IZ] t=34.16 alt=0.316 off_n=-0.0898 off_e=-0.0070 nose_z=+0.3509
2026-09-01 08:25:34,322 [INFO] core.mission.gorev3_pickup: [KANCA_IZ] t=34.27 alt=0.314 off_n=-0.0898 off_e=-0.0069 nose_z=+0.3511
2026-09-01 08:25:34,431 [INFO] core.mission.gorev3_pickup: [KANCA_IZ] t=34.38 alt=0.312 off_n=-0.0898 off_e=-0.0069 nose_z=+0.3517
2026-09-01 08:25:34,538 [INFO] core.mission.gorev3_pickup: [KANCA_IZ] t=34.49 alt=0.310 off_n=-0.0897 off_e=-0.0070 nose_z=+0.3524
2026-09-01 08:25:34,538 [INFO] core.mission.gorev3_pickup: [SON_DUZELTME] 6/6 yanal 7.8 mm -- hedefin icinde.
2026-09-01 08:25:34,538 [INFO] core.mission.gorev3_pickup: [YENIDEN_HIZA] deneme 2 icin yeni yanal: 7.8 mm
2026-09-01 08:25:34,538 [INFO] gz_system.gz_payload_actuator: [HOOK] alma denemesi 2/3
2026-09-01 08:25:34,538 [INFO] gz_system.gz_payload_actuator: [HOOK] vinc salimi: 0.357 m  (irtifa=0.327 m, guverte=0.070, zincir ofseti=0.060, pay=0.040)
2026-09-01 08:25:34,538 [INFO] gz_system.gz_payload_actuator: [HOOK] vinc -> 0.36 m
I0901 08:25:34.539276 13275972 fork_posix.cc:71] Other threads are currently calling into gRPC, skipping fork() handlers
2026-09-01 08:25:34,647 [INFO] core.mission.gorev3_pickup: [KANCA_IZ] t=34.60 alt=0.309 off_n=-0.0896 off_e=-0.0071 nose_z=+0.3532
2026-09-01 08:25:34,755 [INFO] core.mission.gorev3_pickup: [KANCA_IZ] t=34.70 alt=0.308 off_n=-0.0895 off_e=-0.0071 nose_z=+0.3545
2026-09-01 08:25:34,862 [INFO] core.mission.gorev3_pickup: [KANCA_IZ] t=34.81 alt=0.306 off_n=-0.0896 off_e=-0.0071 nose_z=+0.3557
2026-09-01 08:25:34,969 [INFO] core.mission.gorev3_pickup: [KANCA_IZ] t=34.92 alt=0.306 off_n=-0.0898 off_e=-0.0071 nose_z=+0.3574
2026-09-01 08:25:35,078 [INFO] core.mission.gorev3_pickup: [KANCA_IZ] t=35.03 alt=0.305 off_n=-0.0899 off_e=-0.0071 nose_z=+0.3588
2026-09-01 08:25:35,186 [INFO] core.mission.gorev3_pickup: [KANCA_IZ] t=35.13 alt=0.304 off_n=-0.0899 off_e=-0.0071 nose_z=+0.3608
QGC port check failed, reporting UNKNOWN: (pid=24817)
2026-09-01 08:25:35,294 [INFO] core.mission.gorev3_pickup: [KANCA_IZ] t=35.24 alt=0.305 off_n=-0.0898 off_e=-0.0071 nose_z=+0.3628
2026-09-01 08:25:35,402 [INFO] core.mission.gorev3_pickup: [KANCA_IZ] t=35.35 alt=0.306 off_n=-0.0896 off_e=-0.0071 nose_z=+0.3644
2026-09-01 08:25:35,472 [INFO] gz_system.gz_payload_actuator: [HOOK] APPROACHING  lat=  48.4mm ins= -289.7mm tilt=  0.0deg v=  infm/s age=0.01s  [lateral(48.4mm>10.2mm), too_high(-289.7mm<-4.0mm), rel_speed(inf>0.05m/s)]
2026-09-01 08:25:35,510 [INFO] core.mission.gorev3_pickup: [KANCA_IZ] t=35.46 alt=0.308 off_n=-0.0892 off_e=-0.0070 nose_z=+0.3527
2026-09-01 08:25:35,617 [INFO] core.mission.gorev3_pickup: [KANCA_IZ] t=35.57 alt=0.310 off_n=-0.0895 off_e=-0.0070 nose_z=+0.3086
2026-09-01 08:25:35,725 [INFO] core.mission.gorev3_pickup: [KANCA_IZ] t=35.67 alt=0.314 off_n=-0.0904 off_e=-0.0071 nose_z=+0.2522
2026-09-01 08:25:35,834 [INFO] core.mission.gorev3_pickup: [KANCA_IZ] t=35.78 alt=0.318 off_n=-0.0909 off_e=-0.0071 nose_z=+0.2031
2026-09-01 08:25:35,943 [INFO] core.mission.gorev3_pickup: [KANCA_IZ] t=35.89 alt=0.319 off_n=-0.0910 off_e=-0.0072 nose_z=+0.1455
2026-09-01 08:25:36,050 [INFO] core.mission.gorev3_pickup: [KANCA_IZ] t=36.00 alt=0.318 off_n=-0.0904 off_e=-0.0073 nose_z=+0.0886
2026-09-01 08:25:36,161 [INFO] core.mission.gorev3_pickup: [KANCA_IZ] t=36.11 alt=0.316 off_n=-0.0895 off_e=-0.0074 nose_z=+0.0563
2026-09-01 08:25:36,271 [INFO] core.mission.gorev3_pickup: [KANCA_IZ] t=36.22 alt=0.315 off_n=-0.0883 off_e=-0.0073 nose_z=+0.0368
2026-09-01 08:25:36,379 [INFO] core.mission.gorev3_pickup: [KANCA_IZ] t=36.33 alt=0.314 off_n=-0.0879 off_e=-0.0073 nose_z=+0.0276
2026-09-01 08:25:36,487 [INFO] core.detection.vision_runtime: [VISION] detect() calisiyor -- bu karede 0 tespit: []
2026-09-01 08:25:36,487 [INFO] core.mission.gorev3_pickup: [KANCA_IZ] t=36.44 alt=0.314 off_n=-0.0882 off_e=-0.0074 nose_z=+0.0247
2026-09-01 08:25:36,487 [INFO] gz_system.gz_payload_actuator: [HOOK] APPROACHING  lat=  51.4mm ins=  +51.3mm tilt=  0.4deg v=0.028m/s age=0.02s  [lateral(51.4mm>10.2mm), too_deep(+51.3mm>+19.9mm)]
2026-09-01 08:25:36,597 [INFO] core.mission.gorev3_pickup: [KANCA_IZ] t=36.55 alt=0.314 off_n=-0.0892 off_e=-0.0079 nose_z=+0.0254
2026-09-01 08:25:36,707 [INFO] core.mission.gorev3_pickup: [KANCA_IZ] t=36.66 alt=0.315 off_n=-0.0900 off_e=-0.0084 nose_z=+0.0260
2026-09-01 08:25:36,817 [INFO] core.mission.gorev3_pickup: [KANCA_IZ] t=36.77 alt=0.315 off_n=-0.0904 off_e=-0.0086 nose_z=+0.0268
2026-09-01 08:25:36,927 [INFO] core.mission.gorev3_pickup: [KANCA_IZ] t=36.88 alt=0.316 off_n=-0.0902 off_e=-0.0083 nose_z=+0.0276
2026-09-01 08:25:36,975 [INFO] gz_system.main_gz: Dashboard paint loop: 0.0 FPS (main thread)
2026-09-01 08:25:37,036 [INFO] core.mission.gorev3_pickup: [KANCA_IZ] t=36.99 alt=0.318 off_n=-0.0893 off_e=-0.0086 nose_z=+0.0281
2026-09-01 08:25:37,147 [INFO] core.mission.gorev3_pickup: [KANCA_IZ] t=37.10 alt=0.319 off_n=-0.0876 off_e=-0.0105 nose_z=+0.0285
QGC port check failed, reporting UNKNOWN: (pid=24817)
2026-09-01 08:25:37,258 [INFO] core.mission.gorev3_pickup: [KANCA_IZ] t=37.21 alt=0.319 off_n=-0.0855 off_e=-0.0128 nose_z=+0.0289
2026-09-01 08:25:37,370 [INFO] core.mission.gorev3_pickup: [KANCA_IZ] t=37.32 alt=0.319 off_n=-0.0835 off_e=-0.0152 nose_z=+0.0292
2026-09-01 08:25:37,480 [INFO] core.mission.gorev3_pickup: [KANCA_IZ] t=37.43 alt=0.320 off_n=-0.0815 off_e=-0.0177 nose_z=+0.0295
2026-09-01 08:25:37,531 [INFO] gz_system.gz_payload_actuator: [HOOK] APPROACHING  lat=  44.3mm ins=  +46.4mm tilt=  4.4deg v=0.007m/s age=0.00s  [lateral(44.3mm>10.2mm), too_deep(+46.4mm>+19.9mm)]
2026-09-01 08:25:37,592 [INFO] core.mission.gorev3_pickup: [KANCA_IZ] t=37.54 alt=0.320 off_n=-0.0798 off_e=-0.0199 nose_z=+0.0297
2026-09-01 08:25:37,701 [INFO] core.mission.gorev3_pickup: [KANCA_IZ] t=37.65 alt=0.321 off_n=-0.0777 off_e=-0.0226 nose_z=+0.0299
2026-09-01 08:25:37,811 [INFO] core.mission.gorev3_pickup: [KANCA_IZ] t=37.76 alt=0.321 off_n=-0.0760 off_e=-0.0249 nose_z=+0.0300
2026-09-01 08:25:37,924 [INFO] core.mission.gorev3_pickup: [KANCA_IZ] t=37.87 alt=0.321 off_n=-0.0740 off_e=-0.0278 nose_z=+0.0302
2026-09-01 08:25:38,033 [INFO] core.mission.gorev3_pickup: [KANCA_IZ] t=37.98 alt=0.319 off_n=-0.0722 off_e=-0.0304 nose_z=+0.0305
2026-09-01 08:25:38,143 [INFO] core.mission.gorev3_pickup: [KANCA_IZ] t=38.09 alt=0.318 off_n=-0.0706 off_e=-0.0328 nose_z=+0.0307
2026-09-01 08:25:38,252 [INFO] core.mission.gorev3_pickup: [KANCA_IZ] t=38.20 alt=0.317 off_n=-0.0693 off_e=-0.0345 nose_z=+0.0310
2026-09-01 08:25:38,363 [INFO] core.mission.gorev3_pickup: [KANCA_IZ] t=38.31 alt=0.317 off_n=-0.0680 off_e=-0.0360 nose_z=+0.0313
2026-09-01 08:25:38,473 [INFO] core.mission.gorev3_pickup: [KANCA_IZ] t=38.42 alt=0.316 off_n=-0.0672 off_e=-0.0369 nose_z=+0.0315
2026-09-01 08:25:38,583 [INFO] core.mission.gorev3_pickup: [KANCA_IZ] t=38.53 alt=0.316 off_n=-0.0668 off_e=-0.0375 nose_z=+0.0318
2026-09-01 08:25:38,583 [INFO] gz_system.gz_payload_actuator: [HOOK] APPROACHING  lat=  46.5mm ins=  +44.2mm tilt= 11.0deg v=0.003m/s age=0.02s  [lateral(46.5mm>10.2mm), too_deep(+44.2mm>+19.9mm)]
2026-09-01 08:25:38,691 [INFO] core.mission.gorev3_pickup: [KANCA_IZ] t=38.64 alt=0.316 off_n=-0.0671 off_e=-0.0379 nose_z=+0.0321
2026-09-01 08:25:38,801 [INFO] core.mission.gorev3_pickup: [KANCA_IZ] t=38.75 alt=0.316 off_n=-0.0678 off_e=-0.0380 nose_z=+0.0323
2026-09-01 08:25:38,912 [INFO] core.mission.gorev3_pickup: [KANCA_IZ] t=38.86 alt=0.316 off_n=-0.0692 off_e=-0.0380 nose_z=+0.0323
2026-09-01 08:25:39,022 [INFO] core.mission.gorev3_pickup: [KANCA_IZ] t=38.97 alt=0.316 off_n=-0.0710 off_e=-0.0377 nose_z=+0.0323
2026-09-01 08:25:39,132 [INFO] core.mission.gorev3_pickup: [KANCA_IZ] t=39.08 alt=0.319 off_n=-0.0732 off_e=-0.0373 nose_z=+0.0322
QGC port check failed, reporting UNKNOWN: (pid=24817)
2026-09-01 08:25:39,242 [INFO] core.mission.gorev3_pickup: [KANCA_IZ] t=39.19 alt=0.320 off_n=-0.0756 off_e=-0.0368 nose_z=+0.0321
2026-09-01 08:25:39,350 [INFO] core.mission.gorev3_pickup: [KANCA_IZ] t=39.30 alt=0.322 off_n=-0.0779 off_e=-0.0364 nose_z=+0.0319
2026-09-01 08:25:39,461 [INFO] core.mission.gorev3_pickup: [KANCA_IZ] t=39.41 alt=0.323 off_n=-0.0810 off_e=-0.0361 nose_z=+0.0315
2026-09-01 08:25:39,570 [INFO] core.detection.vision_runtime: [VISION] detect() calisiyor -- bu karede 1 tespit: ['KIRMIZI_DIKDORTGEN']
2026-09-01 08:25:39,570 [INFO] core.mission.gorev3_pickup: [KANCA_IZ] t=39.52 alt=0.323 off_n=-0.0837 off_e=-0.0360 nose_z=+0.0310
2026-09-01 08:25:39,623 [INFO] gz_system.gz_payload_actuator: [HOOK] APPROACHING  lat=  45.4mm ins=  +45.3mm tilt=  7.9deg v=0.007m/s age=0.02s  [lateral(45.4mm>10.2mm), too_deep(+45.3mm>+19.9mm)]
2026-09-01 08:25:39,681 [INFO] core.mission.gorev3_pickup: [KANCA_IZ] t=39.63 alt=0.323 off_n=-0.0868 off_e=-0.0362 nose_z=+0.0304
2026-09-01 08:25:39,790 [INFO] core.mission.gorev3_pickup: [KANCA_IZ] t=39.74 alt=0.324 off_n=-0.0898 off_e=-0.0366 nose_z=+0.0299
2026-09-01 08:25:39,901 [INFO] core.mission.gorev3_pickup: [KANCA_IZ] t=39.85 alt=0.324 off_n=-0.0920 off_e=-0.0373 nose_z=+0.0294
2026-09-01 08:25:40,011 [INFO] core.mission.gorev3_pickup: [KANCA_IZ] t=39.96 alt=0.323 off_n=-0.0943 off_e=-0.0386 nose_z=+0.0290
2026-09-01 08:25:40,119 [INFO] core.mission.gorev3_pickup: [KANCA_IZ] t=40.07 alt=0.322 off_n=-0.0960 off_e=-0.0403 nose_z=+0.0289
2026-09-01 08:25:40,229 [INFO] core.mission.gorev3_pickup: [KANCA_IZ] t=40.18 alt=0.322 off_n=-0.0972 off_e=-0.0422 nose_z=+0.0289
2026-09-01 08:25:40,338 [INFO] core.mission.gorev3_pickup: [KANCA_IZ] t=40.29 alt=0.322 off_n=-0.0985 off_e=-0.0449 nose_z=+0.0290
2026-09-01 08:25:40,447 [INFO] core.mission.gorev3_pickup: [KANCA_IZ] t=40.40 alt=0.323 off_n=-0.0995 off_e=-0.0475 nose_z=+0.0293
2026-09-01 08:25:40,555 [INFO] core.mission.gorev3_pickup: [KANCA_IZ] t=40.50 alt=0.323 off_n=-0.1007 off_e=-0.0509 nose_z=+0.0295
2026-09-01 08:25:40,662 [INFO] core.mission.gorev3_pickup: [KANCA_IZ] t=40.61 alt=0.324 off_n=-0.1020 off_e=-0.0542 nose_z=+0.0298
2026-09-01 08:25:40,662 [INFO] gz_system.gz_payload_actuator: [HOOK] APPROACHING  lat=  46.1mm ins=  +46.2mm tilt= 13.6deg v=0.008m/s age=0.01s  [lateral(46.1mm>10.2mm), too_deep(+46.2mm>+19.9mm)]
2026-09-01 08:25:40,770 [INFO] core.mission.gorev3_pickup: [KANCA_IZ] t=40.72 alt=0.325 off_n=-0.1031 off_e=-0.0569 nose_z=+0.0299
2026-09-01 08:25:40,878 [INFO] core.mission.gorev3_pickup: [KANCA_IZ] t=40.83 alt=0.327 off_n=-0.1047 off_e=-0.0600 nose_z=+0.0299
2026-09-01 08:25:40,987 [INFO] core.mission.gorev3_pickup: [KANCA_IZ] t=40.94 alt=0.327 off_n=-0.1065 off_e=-0.0629 nose_z=+0.0296
2026-09-01 08:25:41,097 [INFO] core.mission.gorev3_pickup: [KANCA_IZ] t=41.05 alt=0.328 off_n=-0.1080 off_e=-0.0649 nose_z=+0.0291
2026-09-01 08:25:41,206 [INFO] core.mission.gorev3_pickup: [KANCA_IZ] t=41.16 alt=0.328 off_n=-0.1099 off_e=-0.0666 nose_z=+0.0282
QGC port check failed, reporting UNKNOWN: (pid=24735)
2026-09-01 08:25:41,314 [INFO] core.mission.gorev3_pickup: [KANCA_IZ] t=41.26 alt=0.327 off_n=-0.1112 off_e=-0.0674 nose_z=+0.0273
2026-09-01 08:25:41,423 [INFO] core.mission.gorev3_pickup: [KANCA_IZ] t=41.37 alt=0.327 off_n=-0.1124 off_e=-0.0677 nose_z=+0.0260
2026-09-01 08:25:41,531 [INFO] core.mission.gorev3_pickup: [KANCA_IZ] t=41.48 alt=0.327 off_n=-0.1130 off_e=-0.0673 nose_z=+0.0245
2026-09-01 08:25:41,640 [INFO] core.mission.gorev3_pickup: [KANCA_IZ] t=41.59 alt=0.326 off_n=-0.1129 off_e=-0.0665 nose_z=+0.0231
2026-09-01 08:25:41,690 [INFO] gz_system.gz_payload_actuator: [HOOK] APPROACHING  lat=  46.6mm ins=  +53.8mm tilt= 17.9deg v=0.013m/s age=0.02s  [lateral(46.6mm>10.2mm), too_deep(+53.8mm>+19.9mm), tilt(17.9deg>15.0deg)]
2026-09-01 08:25:41,749 [INFO] core.mission.gorev3_pickup: [KANCA_IZ] t=41.70 alt=0.324 off_n=-0.1122 off_e=-0.0651 nose_z=+0.0213
2026-09-01 08:25:41,856 [INFO] core.mission.gorev3_pickup: [KANCA_IZ] t=41.81 alt=0.322 off_n=-0.1110 off_e=-0.0634 nose_z=+0.0197
2026-09-01 08:25:41,964 [INFO] core.mission.gorev3_pickup: [KANCA_IZ] t=41.91 alt=0.320 off_n=-0.1098 off_e=-0.0617 nose_z=+0.0185
2026-09-01 08:25:41,981 [INFO] gz_system.main_gz: Dashboard paint loop: 0.0 FPS (main thread)
2026-09-01 08:25:42,075 [INFO] core.mission.gorev3_pickup: [KANCA_IZ] t=42.02 alt=0.319 off_n=-0.1080 off_e=-0.0591 nose_z=+0.0172
2026-09-01 08:25:42,184 [INFO] core.mission.gorev3_pickup: [KANCA_IZ] t=42.13 alt=0.317 off_n=-0.1064 off_e=-0.0567 nose_z=+0.0163
2026-09-01 08:25:42,294 [INFO] core.mission.gorev3_pickup: [KANCA_IZ] t=42.24 alt=0.316 off_n=-0.1043 off_e=-0.0534 nose_z=+0.0154
2026-09-01 08:25:42,402 [INFO] core.mission.gorev3_pickup: [KANCA_IZ] t=42.35 alt=0.315 off_n=-0.1027 off_e=-0.0503 nose_z=+0.0148
2026-09-01 08:25:42,511 [INFO] core.mission.gorev3_pickup: [KANCA_IZ] t=42.46 alt=0.314 off_n=-0.1009 off_e=-0.0467 nose_z=+0.0144
2026-09-01 08:25:42,619 [INFO] core.detection.vision_runtime: [VISION] detect() calisiyor -- bu karede 0 tespit: []
2026-09-01 08:25:42,619 [INFO] core.mission.gorev3_pickup: [KANCA_IZ] t=42.57 alt=0.313 off_n=-0.0997 off_e=-0.0434 nose_z=+0.0142
2026-09-01 08:25:42,727 [INFO] core.mission.gorev3_pickup: [KANCA_IZ] t=42.68 alt=0.313 off_n=-0.0984 off_e=-0.0394 nose_z=+0.0139
2026-09-01 08:25:42,727 [INFO] gz_system.gz_payload_actuator: [HOOK] APPROACHING  lat=  45.2mm ins=  +62.1mm tilt=  9.5deg v=0.007m/s age=0.01s  [lateral(45.2mm>10.2mm), too_deep(+62.1mm>+19.9mm)]
2026-09-01 08:25:42,834 [INFO] core.mission.gorev3_pickup: [KANCA_IZ] t=42.78 alt=0.312 off_n=-0.0974 off_e=-0.0356 nose_z=+0.0138
2026-09-01 08:25:42,942 [INFO] core.mission.gorev3_pickup: [KANCA_IZ] t=42.89 alt=0.311 off_n=-0.0967 off_e=-0.0322 nose_z=+0.0138
2026-09-01 08:25:43,049 [INFO] core.mission.gorev3_pickup: [KANCA_IZ] t=43.00 alt=0.311 off_n=-0.0962 off_e=-0.0287 nose_z=+0.0140
2026-09-01 08:25:43,157 [INFO] core.mission.gorev3_pickup: [KANCA_IZ] t=43.11 alt=0.312 off_n=-0.0960 off_e=-0.0245 nose_z=+0.0145
QGC port check failed, reporting UNKNOWN: (pid=24735)
2026-09-01 08:25:43,266 [INFO] core.mission.gorev3_pickup: [KANCA_IZ] t=43.21 alt=0.312 off_n=-0.0962 off_e=-0.0211 nose_z=+0.0149
2026-09-01 08:25:43,376 [INFO] core.mission.gorev3_pickup: [KANCA_IZ] t=43.32 alt=0.313 off_n=-0.0970 off_e=-0.0169 nose_z=+0.0156
2026-09-01 08:25:43,484 [INFO] core.mission.gorev3_pickup: [KANCA_IZ] t=43.43 alt=0.314 off_n=-0.0981 off_e=-0.0125 nose_z=+0.0163
2026-09-01 08:25:43,593 [INFO] core.mission.gorev3_pickup: [KANCA_IZ] t=43.54 alt=0.314 off_n=-0.0977 off_e=-0.0092 nose_z=+0.0168
2026-09-01 08:25:43,700 [INFO] core.mission.gorev3_pickup: [KANCA_IZ] t=43.65 alt=0.314 off_n=-0.0945 off_e=-0.0055 nose_z=+0.0174
2026-09-01 08:25:43,752 [INFO] gz_system.gz_payload_actuator: [HOOK] APPROACHING  lat=  49.1mm ins=  +58.1mm tilt=  0.8deg v=0.055m/s age=0.00s  [lateral(49.1mm>10.2mm), too_deep(+58.1mm>+19.9mm), rel_speed(0.055>0.05m/s)]
2026-09-01 08:25:43,809 [INFO] core.mission.gorev3_pickup: [KANCA_IZ] t=43.76 alt=0.313 off_n=-0.0903 off_e=-0.0036 nose_z=+0.0180
2026-09-01 08:25:43,918 [INFO] core.mission.gorev3_pickup: [KANCA_IZ] t=43.87 alt=0.313 off_n=-0.0863 off_e=-0.0038 nose_z=+0.0189
2026-09-01 08:25:44,028 [INFO] core.mission.gorev3_pickup: [KANCA_IZ] t=43.98 alt=0.312 off_n=-0.0852 off_e=-0.0056 nose_z=+0.0198
2026-09-01 08:25:44,136 [INFO] core.mission.gorev3_pickup: [KANCA_IZ] t=44.09 alt=0.313 off_n=-0.0867 off_e=-0.0082 nose_z=+0.0208
2026-09-01 08:25:44,244 [INFO] core.mission.gorev3_pickup: [KANCA_IZ] t=44.19 alt=0.315 off_n=-0.0895 off_e=-0.0102 nose_z=+0.0219
2026-09-01 08:25:44,352 [INFO] core.mission.gorev3_pickup: [KANCA_IZ] t=44.30 alt=0.316 off_n=-0.0916 off_e=-0.0107 nose_z=+0.0227
2026-09-01 08:25:44,460 [INFO] core.mission.gorev3_pickup: [KANCA_IZ] t=44.41 alt=0.318 off_n=-0.0924 off_e=-0.0100 nose_z=+0.0235
2026-09-01 08:25:44,568 [INFO] core.mission.gorev3_pickup: [KANCA_IZ] t=44.52 alt=0.320 off_n=-0.0915 off_e=-0.0084 nose_z=+0.0240
2026-09-01 08:25:44,678 [INFO] core.mission.gorev3_pickup: [KANCA_IZ] t=44.63 alt=0.321 off_n=-0.0897 off_e=-0.0070 nose_z=+0.0243
2026-09-01 08:25:44,787 [INFO] core.mission.gorev3_pickup: [KANCA_IZ] t=44.74 alt=0.322 off_n=-0.0876 off_e=-0.0060 nose_z=+0.0244
2026-09-01 08:25:44,788 [INFO] gz_system.gz_payload_actuator: [HOOK] APPROACHING  lat=  76.4mm ins=  +51.6mm tilt=  0.7deg v=0.034m/s age=0.03s  [lateral(76.4mm>10.2mm), too_deep(+51.6mm>+19.9mm)]
2026-09-01 08:25:44,897 [INFO] core.mission.gorev3_pickup: [KANCA_IZ] t=44.85 alt=0.323 off_n=-0.0867 off_e=-0.0060 nose_z=+0.0243
2026-09-01 08:25:45,005 [INFO] core.mission.gorev3_pickup: [KANCA_IZ] t=44.95 alt=0.323 off_n=-0.0873 off_e=-0.0068 nose_z=+0.0241
QGC port check failed, reporting UNKNOWN: (pid=24735)
2026-09-01 08:25:45,655 [INFO] core.detection.vision_runtime: [VISION] detect() calisiyor -- bu karede 0 tespit: []
2026-09-01 08:25:45,813 [INFO] gz_system.gz_payload_actuator: [HOOK] APPROACHING  lat=  71.5mm ins=  +53.1mm tilt=  4.7deg v=0.011m/s age=0.01s  [lateral(71.5mm>10.2mm), too_deep(+53.1mm>+19.9mm)]
2026-09-01 08:25:46,848 [INFO] gz_system.gz_payload_actuator: [HOOK] APPROACHING  lat=  74.5mm ins=  +48.4mm tilt= 14.0deg v=0.006m/s age=0.01s  [lateral(74.5mm>10.2mm), too_deep(+48.4mm>+19.9mm)]
2026-09-01 08:25:47,013 [INFO] gz_system.main_gz: Dashboard paint loop: 0.0 FPS (main thread)
QGC port check failed, reporting UNKNOWN: (pid=24735)
2026-09-01 08:25:47,500 [INFO] gz_system.gz_payload_actuator: [KANCA_DENGE] oturma penceresi ortalama kanca_ofset=(-0.0877, -0.0306)  (221 ornek)
2026-09-01 08:25:47,500 [WARNING] gz_system.gz_payload_actuator: [HOOK] OTURMADI (12.0 s). En iyi ESZAMANLI ornek: lat=  43.0mm ins=  +47.9mm tilt=  0.5deg v=0.020m/s age=0.01s (2 kapi ihlali). CAPTURE_CANDIDATE ornegi: 0/221. Kapi retleri: lateral=221, too_deep=207, tilt=31, rel_speed=24, too_high=12. Sinirlar: yanal<=10.2 mm, dwell 0.30 s.
2026-09-01 08:25:47,500 [WARNING] gz_system.gz_payload_actuator: [HOOK] oturma dogrulanmadi (12.0s) -- /hook/attach YAYINLANMADI, vinc cekiliyor, tekrar denenecek
2026-09-01 08:25:47,500 [INFO] gz_system.gz_payload_actuator: [HOOK] vinc -> 0.00 m
I0901 08:25:47.500764 13275972 fork_posix.cc:71] Other threads are currently calling into gRPC, skipping fork() handlers
2026-09-01 08:25:48,703 [INFO] core.detection.vision_runtime: [VISION] detect() calisiyor -- bu karede 1 tespit: ['KIRMIZI_UCGEN']
QGC port check failed, reporting UNKNOWN: (pid=24735)
2026-09-01 08:25:49,486 [INFO] core.mission.gorev3_pickup: [YENIDEN_HIZA] deneme 3 oncesi, kanca havada -- duzeltme yeniden kosuluyor
2026-09-01 08:25:49,486 [INFO] core.mission.gorev3_pickup: [SON_DUZELTME] 1/6 yanal 60.3 mm -> (kuzey -0.016, dogu +0.026)  | kanca_ofset=(-0.0798, -0.0750) arac_ned=(120.8662, 10.2214) kanca_mutlak=(120.7864, 10.1465)
QGC port check failed, reporting UNKNOWN: (pid=24735)
2026-09-01 08:25:51,768 [INFO] core.detection.vision_runtime: [VISION] detect() calisiyor -- bu karede 1 tespit: ['KIRMIZI_UCGEN']
2026-09-01 08:25:51,990 [INFO] core.mission.gorev3_pickup: [SON_DUZELTME] 2/6 yanal 38.9 mm -> (kuzey -0.011, dogu +0.016)  | kanca_ofset=(-0.0704, -0.0818) arac_ned=(120.8464, 10.2471) kanca_mutlak=(120.7760, 10.1653)
2026-09-01 08:25:52,025 [INFO] gz_system.main_gz: Dashboard paint loop: 0.0 FPS (main thread)
QGC port check failed, reporting UNKNOWN: (pid=24735)
2026-09-01 08:25:54,532 [INFO] core.mission.gorev3_pickup: [SON_DUZELTME] 3/6 yanal 38.3 mm -> (kuzey -0.011, dogu +0.015)  | kanca_ofset=(-0.0716, -0.1082) arac_ned=(120.8486, 10.2749) kanca_mutlak=(120.7770, 10.1666)
2026-09-01 08:25:54,862 [INFO] core.detection.vision_runtime: [VISION] detect() calisiyor -- bu karede 1 tespit: ['KIRMIZI_UCGEN']
QGC port check failed, reporting UNKNOWN: (pid=24735)
2026-09-01 08:25:57,063 [INFO] gz_system.main_gz: Dashboard paint loop: 0.0 FPS (main thread)
2026-09-01 08:25:57,086 [INFO] core.mission.gorev3_pickup: [SON_DUZELTME] 4/6 yanal 49.5 mm -> (kuzey -0.017, dogu +0.018)  | kanca_ofset=(-0.0321, -0.1271) arac_ned=(120.8212, 10.2894) kanca_mutlak=(120.7891, 10.1623)
QGC port check failed, reporting UNKNOWN: (pid=24735)
2026-09-01 08:25:57,864 [INFO] core.detection.vision_runtime: [VISION] detect() calisiyor -- bu karede 1 tespit: ['KIRMIZI_UCGEN']
QGC port check failed, reporting UNKNOWN: (pid=24735)
2026-09-01 08:25:59,648 [INFO] core.mission.gorev3_pickup: [SON_DUZELTME] 5/6 yanal 51.9 mm -> (kuzey -0.018, dogu +0.019)  | kanca_ofset=(-0.0279, -0.1270) arac_ned=(120.8186, 10.2875) kanca_mutlak=(120.7907, 10.1604)
2026-09-01 08:26:00,867 [INFO] core.detection.vision_runtime: [VISION] detect() calisiyor -- bu karede 1 tespit: ['KIRMIZI_UCGEN']
QGC port check failed, reporting UNKNOWN: (pid=24735)
2026-09-01 08:26:02,087 [INFO] gz_system.main_gz: Dashboard paint loop: 0.0 FPS (main thread)
2026-09-01 08:26:02,179 [INFO] core.mission.gorev3_pickup: [SON_DUZELTME] 6/6 yanal 46.0 mm -> (kuzey -0.006, dogu +0.022)  | kanca_ofset=(-0.0308, -0.1417) arac_ned=(120.7971, 10.2948) kanca_mutlak=(120.7663, 10.1531)
QGC port check failed, reporting UNKNOWN: (pid=24735)
2026-09-01 08:26:03,928 [INFO] core.detection.vision_runtime: [VISION] detect() calisiyor -- bu karede 1 tespit: ['KIRMIZI_UCGEN']
2026-09-01 08:26:04,694 [WARNING] core.mission.gorev3_pickup: [SON_DUZELTME] butce doldu; son yanal 46.0 mm
2026-09-01 08:26:04,695 [INFO] core.mission.gorev3_pickup: [YENIDEN_HIZA] deneme 3 icin yeni yanal: 46.0 mm
2026-09-01 08:26:04,695 [INFO] gz_system.gz_payload_actuator: [HOOK] alma denemesi 3/3
2026-09-01 08:26:04,695 [INFO] gz_system.gz_payload_actuator: [HOOK] vinc salimi: 0.357 m  (irtifa=0.327 m, guverte=0.070, zincir ofseti=0.060, pay=0.040)
2026-09-01 08:26:04,695 [INFO] gz_system.gz_payload_actuator: [HOOK] vinc -> 0.36 m
I0901 08:26:04.695530 13275972 fork_posix.cc:71] Other threads are currently calling into gRPC, skipping fork() handlers
QGC port check failed, reporting UNKNOWN: (pid=24735)
2026-09-01 08:26:05,628 [INFO] gz_system.gz_payload_actuator: [HOOK] APPROACHING  lat=  43.5mm ins=  -12.3mm tilt= 70.7deg v=  infm/s age=0.01s  [lateral(43.5mm>10.2mm), too_high(-12.3mm<-4.0mm), tilt(70.7deg>15.0deg), rel_speed(inf>0.05m/s)]
2026-09-01 08:26:06,663 [INFO] gz_system.gz_payload_actuator: [HOOK] APPROACHING  lat=  43.2mm ins=  -12.3mm tilt= 73.1deg v=0.008m/s age=0.03s  [lateral(43.2mm>10.2mm), too_high(-12.3mm<-4.0mm), tilt(73.1deg>15.0deg)]
2026-09-01 08:26:06,994 [INFO] core.detection.vision_runtime: [VISION] detect() calisiyor -- bu karede 1 tespit: ['KIRMIZI_DIKDORTGEN']
2026-09-01 08:26:07,105 [INFO] gz_system.main_gz: Dashboard paint loop: 0.0 FPS (main thread)
QGC port check failed, reporting UNKNOWN: (pid=24735)
2026-09-01 08:26:07,698 [INFO] gz_system.gz_payload_actuator: [HOOK] APPROACHING  lat=  42.1mm ins=  -12.8mm tilt= 80.7deg v=0.006m/s age=0.01s  [lateral(42.1mm>10.2mm), too_high(-12.8mm<-4.0mm), tilt(80.7deg>15.0deg)]
2026-09-01 08:26:08,735 [INFO] gz_system.gz_payload_actuator: [HOOK] APPROACHING  lat=  41.7mm ins=  -12.9mm tilt= 83.8deg v=0.003m/s age=0.02s  [lateral(41.7mm>10.2mm), too_high(-12.9mm<-4.0mm), tilt(83.8deg>15.0deg)]
QGC port check failed, reporting UNKNOWN: (pid=24735)
2026-09-01 08:26:09,768 [INFO] gz_system.gz_payload_actuator: [HOOK] APPROACHING  lat=  40.8mm ins=  -12.9mm tilt= 84.0deg v=0.011m/s age=0.01s  [lateral(40.8mm>10.2mm), too_high(-12.9mm<-4.0mm), tilt(84.0deg>15.0deg)]
2026-09-01 08:26:10,043 [INFO] core.detection.vision_runtime: [VISION] detect() calisiyor -- bu karede 1 tespit: ['KIRMIZI_DIKDORTGEN']
2026-09-01 08:26:10,806 [INFO] gz_system.gz_payload_actuator: [HOOK] APPROACHING  lat=  40.9mm ins=  -12.9mm tilt= 81.2deg v=0.003m/s age=0.01s  [lateral(40.9mm>10.2mm), too_high(-12.9mm<-4.0mm), tilt(81.2deg>15.0deg)]
QGC port check failed, reporting UNKNOWN: (pid=24735)
2026-09-01 08:26:11,834 [INFO] gz_system.gz_payload_actuator: [HOOK] APPROACHING  lat=  41.0mm ins=  -12.9mm tilt= 81.2deg v=0.003m/s age=0.02s  [lateral(41.0mm>10.2mm), too_high(-12.9mm<-4.0mm), tilt(81.2deg>15.0deg)]
2026-09-01 08:26:12,138 [INFO] gz_system.main_gz: Dashboard paint loop: 0.0 FPS (main thread)
2026-09-01 08:26:12,875 [INFO] gz_system.gz_payload_actuator: [HOOK] APPROACHING  lat=  40.9mm ins=  -12.9mm tilt= 82.4deg v=0.008m/s age=0.00s  [lateral(40.9mm>10.2mm), too_high(-12.9mm<-4.0mm), tilt(82.4deg>15.0deg)]
2026-09-01 08:26:13,091 [INFO] core.detection.vision_runtime: [VISION] detect() calisiyor -- bu karede 1 tespit: ['KIRMIZI_DIKDORTGEN']
QGC port check failed, reporting UNKNOWN: (pid=24735)
2026-09-01 08:26:13,906 [INFO] gz_system.gz_payload_actuator: [HOOK] APPROACHING  lat=  42.0mm ins=  -12.9mm tilt= 81.6deg v=0.006m/s age=0.02s  [lateral(42.0mm>10.2mm), too_high(-12.9mm<-4.0mm), tilt(81.6deg>15.0deg)]
2026-09-01 08:26:14,950 [INFO] gz_system.gz_payload_actuator: [HOOK] APPROACHING  lat=  42.5mm ins=  -12.2mm tilt= 70.3deg v=0.018m/s age=0.03s  [lateral(42.5mm>10.2mm), too_high(-12.2mm<-4.0mm), tilt(70.3deg>15.0deg)]
QGC port check failed, reporting UNKNOWN: (pid=24735)
2026-09-01 08:26:15,981 [INFO] gz_system.gz_payload_actuator: [HOOK] APPROACHING  lat=  16.1mm ins=   -9.9mm tilt= 53.0deg v=0.058m/s age=0.02s  [lateral(16.1mm>10.2mm), too_high(-9.9mm<-4.0mm), tilt(53.0deg>15.0deg), rel_speed(0.058>0.05m/s)]
2026-09-01 08:26:16,146 [INFO] core.detection.vision_runtime: [VISION] detect() calisiyor -- bu karede 1 tespit: ['KIRMIZI_DIKDORTGEN']
2026-09-01 08:26:17,015 [INFO] gz_system.gz_payload_actuator: [HOOK] APPROACHING  lat=  19.4mm ins=   -9.6mm tilt= 48.8deg v=0.011m/s age=0.02s  [lateral(19.4mm>10.2mm), too_high(-9.6mm<-4.0mm), tilt(48.8deg>15.0deg)]
2026-09-01 08:26:17,159 [INFO] gz_system.main_gz: Dashboard paint loop: 0.0 FPS (main thread)
QGC port check failed, reporting UNKNOWN: (pid=24735)
2026-09-01 08:26:17,664 [INFO] gz_system.gz_payload_actuator: [KANCA_DENGE] oturma penceresi ortalama kanca_ofset=(-0.0105, -0.1411)  (221 ornek)
2026-09-01 08:26:17,664 [WARNING] gz_system.gz_payload_actuator: [HOOK] OTURMADI (12.0 s). En iyi ESZAMANLI ornek: lat=  16.8mm ins=  -10.0mm tilt= 51.7deg v=0.041m/s age=0.01s (3 kapi ihlali). CAPTURE_CANDIDATE ornegi: 0/221. Kapi retleri: lateral=221, too_high=221, tilt=221, rel_speed=12. Sinirlar: yanal<=10.2 mm, dwell 0.30 s.
2026-09-01 08:26:17,664 [WARNING] gz_system.gz_payload_actuator: [HOOK] oturma dogrulanmadi (12.0s) -- /hook/attach YAYINLANMADI, vinc cekiliyor, tekrar denenecek
2026-09-01 08:26:17,664 [INFO] gz_system.gz_payload_actuator: [HOOK] vinc -> 0.00 m
I0901 08:26:17.664538 13275972 fork_posix.cc:71] Other threads are currently calling into gRPC, skipping fork() handlers
2026-09-01 08:26:19,202 [INFO] core.detection.vision_runtime: [VISION] detect() calisiyor -- bu karede 1 tespit: ['KIRMIZI_DIKDORTGEN']
QGC port check failed, reporting UNKNOWN: (pid=24735)
2026-09-01 08:26:19,621 [INFO] gz_system.gz_payload_actuator: [HOOK] son deneme (3/3) -- yeniden hizalama atlandi, arkasindan deneme gelmeyecek
2026-09-01 08:26:19,622 [ERROR] gz_system.gz_payload_actuator: [HOOK] 3 denemede yuk OTURMADI -- hicbir /hook/attach yayinlanmadi.
2026-09-01 08:26:19,622 [INFO] gz_system.gz_payload_actuator: [HOOK] vinc -> 0.00 m
I0901 08:26:19.622509 13275972 fork_posix.cc:71] Other threads are currently calling into gRPC, skipping fork() handlers
2026-09-01 08:26:20,622 [ERROR] core.mission.gorev3_pickup: Yük alma mekanizması yükü alamadı -- Görev 3 Faz 1 başarısız.
2026-09-01 08:26:20,622 [ERROR] core.mission.gorev3_orchestrator: GOREV 3 FAZ 1 (ALMA) BASARISIZ
2026-09-01 08:26:20,622 [WARNING] core.mission.master_fsm: GOREV 2 TAMAMLANDI ANCAK GOREV 3 BASARISIZ - yalnizca Gorev 2 puani gecerli olabilir
2026-09-01 08:26:20,622 [INFO] core.mission.master_fsm: RETURNING_TO_START_FINISH (dist=121.2 m) -- hedef (47.3977462, 8.5461638) @ 15.0m, sebep: gorev3_failed
2026-09-01 08:26:20,622 [INFO] core.navigation.centering_controller: Kayitli GPS konumuna gidiliyor: lat=47.3977462, lon=8.5461638, alt=15.0m
QGC port check failed, reporting UNKNOWN: (pid=24735)
2026-09-01 08:26:22,165 [INFO] gz_system.main_gz: Dashboard paint loop: 0.0 FPS (main thread)
2026-09-01 08:26:22,254 [INFO] core.detection.vision_runtime: [VISION] detect() calisiyor -- bu karede 0 tespit: []
QGC port check failed, reporting UNKNOWN: (pid=24735)
QGC port check failed, reporting UNKNOWN: (pid=24735)
2026-09-01 08:26:25,314 [INFO] core.detection.vision_runtime: [VISION] detect() calisiyor -- bu karede 1 tespit: ['KIRMIZI_DIKDORTGEN']
2026-09-01 08:26:27,166 [INFO] gz_system.main_gz: Dashboard paint loop: 0.0 FPS (main thread)
QGC port check failed, reporting UNKNOWN: (pid=24735)
2026-09-01 08:26:28,382 [INFO] core.detection.vision_runtime: [VISION] detect() calisiyor -- bu karede 1 tespit: ['KIRMIZI_UCGEN']
QGC port check failed, reporting UNKNOWN: (pid=24735)
QGC port check failed, reporting UNKNOWN: (pid=24735)
2026-09-01 08:26:31,425 [INFO] core.detection.vision_runtime: [VISION] detect() calisiyor -- bu karede 0 tespit: []
2026-09-01 08:26:32,202 [INFO] gz_system.main_gz: Dashboard paint loop: 0.0 FPS (main thread)
QGC port check failed, reporting UNKNOWN: (pid=24735)
2026-09-01 08:26:34,459 [INFO] core.detection.vision_runtime: [VISION] detect() calisiyor -- bu karede 0 tespit: []
QGC port check failed, reporting UNKNOWN: (pid=24735)
2026-09-01 08:26:35,328 [INFO] core.mission.master_fsm: Baslangic/bitis noktasina ulasildi -- checkpoint'e uzaklik 0.6 m. Inis baslatiliyor.
2026-09-01 08:26:35,328 [INFO] core.mission.master_fsm: Son iniş gerçekleştiriliyor...
2026-09-01 08:26:35,328 [INFO] mavsdk_common.mavsdk_backend_base: İniş yapılıyor...
2026-09-01 08:26:35,343 [INFO] core.detection.detection_publisher: [DETECTION_PUB] yayin kapatiliyor (gonderilen=3842, atlanan=0).
2026-09-01 08:26:35,343 [INFO] core.detection.vision_runtime: [VISION] pipeline durduruldu.
[CAMERA_CLIENT] Stopping client...
[CAMERA_CLIENT] Shutdown complete.
I0901 08:26:35.374448 13275974 fork_posix.cc:71] Other threads are currently calling into gRPC, skipping fork() handlers
[CAMERA_SERVICE_MANAGER] Stopping (PID: 24046)...
I0901 08:26:35.379578 13275974 fork_posix.cc:71] Other threads are currently calling into gRPC, skipping fork() handlers
I0901 08:26:35.383309 13275974 fork_posix.cc:71] Other threads are currently calling into gRPC, skipping fork() handlers
[CAMERA_SERVICE_MANAGER] Stopped.
