2026-09-01 06:15:11,956 [INFO] gz_system.main_gz: gz-transport env: GZ_PARTITION=kursad40 GZ_IP=127.0.0.1
2026-09-01 06:15:11,958 [INFO] gz_system.gz_camera_source: Gazebo kamera servisi kontrol ediliyor (topic=/world/default/model/x500_mono_cam_down_0/link/camera_link/sensor/camera/image)...
[CAMERA_SERVICE_MANAGER] Starting camera_service.py (topic=/world/default/model/x500_mono_cam_down_0/link/camera_link/sensor/camera/image, zmq=tcp://127.0.0.1:5555)...
[CAMERA_SERVICE_MANAGER] gz-transport env for child: GZ_PARTITION=kursad40 GZ_IP=127.0.0.1
QGC port check failed, reporting UNKNOWN: (pid=2302)
[CAMERA_SERVICE_MANAGER] Started (PID: 3226).
[CAMERA_CLIENT] Connecting to ZMQ publisher at tcp://127.0.0.1:5555...2026-09-01 06:15:12,970 [INFO] gz_system.gz_camera_source: Gazebo kamera istemcisi baslatildi.

[CAMERA_CLIENT] Connected. Waiting for frames...
2026-09-01 06:15:12,973 [INFO] gz_system.gz_pose_monitor: Gazebo poz izleyicisi basladi: /world/default/dynamic_pose/info
2026-09-01 06:15:12,973 [INFO] core.detection.detection_publisher: [DETECTION_PUB] tespit yayini acik: tcp://127.0.0.1:5556
2026-09-01 06:15:12,973 [INFO] core.detection.vision_runtime: [VISION] pipeline basladi (mission omru boyunca calisir).
2026-09-01 06:15:12,974 [INFO] core.mission.master_fsm: MASTER MISSION CONTROLLER BASLATILDI
2026-09-01 06:15:12,974 [WARNING] core.detection.vision_runtime: Frame grab loop hatasi (art arda 1. hata, mission etkilenmez): Gazebo kameradan kare okunamadi. Henuz kare alinmadi veya baglanti koptu.
2026-09-01 06:15:12,974 [WARNING] core.detection.vision_runtime: [VISION] detect() basarisiz (art arda 1. hata, mission etkilenmez): Gazebo kameradan kare okunamadi. Henuz kare alinmadi veya baglanti koptu.
2026-09-01 06:15:12,974 [INFO] core.mission.gorev2_orchestrator: GOREV 2 BASLIYOR
2026-09-01 06:15:12,974 [INFO] mavsdk_common.mavsdk_backend_base: Drone'a bağlanılıyor: udp://:14540
Connection using udp:// is deprecated, please use udpin:// or udpout:// (cli_arg.cpp:28)
2026-09-01 06:15:13,837 [INFO] mavsdk_common.mavsdk_backend_base: Drone bağlantısı bekleniyor...
2026-09-01 06:15:13,838 [INFO] mavsdk_common.mavsdk_backend_base: Drone bağlandı!
2026-09-01 06:15:13,853 [INFO] mavsdk_common.mavsdk_backend_base: [TELEMETRY] position rate 10.0 Hz istendi.
2026-09-01 06:15:13,873 [INFO] mavsdk_common.mavsdk_backend_base: [TELEMETRY] position_velocity_ned rate 10.0 Hz istendi.
2026-09-01 06:15:13,884 [INFO] mavsdk_common.mavsdk_backend_base: [TELEMETRY] attitude_euler rate 10.0 Hz istendi.
QGC port check failed, reporting UNKNOWN: (pid=2302)
2026-09-01 06:15:14,769 [INFO] mavsdk_common.mavsdk_backend_base: Drone arm ediliyor...
2026-09-01 06:15:14,801 [INFO] mavsdk_common.mavsdk_backend_base: Kalkış yapılıyor (Hedef: 15.0m)...
QGC port check failed, reporting UNKNOWN: (pid=2302)
2026-09-01 06:15:16,034 [INFO] core.detection.vision_runtime: [VISION] detect() calisiyor -- bu karede 0 tespit: []
2026-09-01 06:15:16,966 [INFO] gz_system.main_gz: Dashboard paint loop: 0.0 FPS (main thread)
QGC port check failed, reporting UNKNOWN: (pid=2302)
2026-09-01 06:15:19,067 [INFO] core.detection.vision_runtime: [VISION] detect() calisiyor -- bu karede 0 tespit: []
QGC port check failed, reporting UNKNOWN: (pid=3258)
QGC port check failed, reporting UNKNOWN: (pid=3258)
2026-09-01 06:15:21,970 [INFO] gz_system.main_gz: Dashboard paint loop: 0.0 FPS (main thread)
2026-09-01 06:15:22,102 [INFO] core.detection.vision_runtime: [VISION] detect() calisiyor -- bu karede 0 tespit: []
QGC port check failed, reporting UNKNOWN: (pid=3258)
2026-09-01 06:15:25,132 [INFO] core.detection.vision_runtime: [VISION] detect() calisiyor -- bu karede 0 tespit: []
QGC port check failed, reporting UNKNOWN: (pid=3258)
2026-09-01 06:15:26,981 [INFO] gz_system.main_gz: Dashboard paint loop: 0.0 FPS (main thread)
QGC port check failed, reporting UNKNOWN: (pid=3258)
2026-09-01 06:15:28,168 [INFO] core.detection.vision_runtime: [VISION] detect() calisiyor -- bu karede 0 tespit: []
QGC port check failed, reporting UNKNOWN: (pid=3291)
2026-09-01 06:15:31,205 [INFO] core.detection.vision_runtime: [VISION] detect() calisiyor -- bu karede 0 tespit: []
2026-09-01 06:15:31,362 [INFO] core.mission.gorev2_orchestrator: Start Checkpoint kaydedildi: (47.3977459, 8.5461637, 14.212000846862793)
2026-09-01 06:15:31,398 [INFO] core.mission.gorev2_orchestrator: [ROUTE_REJOIN] rota ekseni tespit edildi: sabit=lon (lat_span=0.001258, lon_span=0.000000).
2026-09-01 06:15:31,424 [INFO] core.mission.gorev2_orchestrator: [MISSION_START] Rota dogrulandi (3 item): 0:NAV_TAKEOFF, 1:NAV_WAYPOINT, 2:NAV_WAYPOINT
2026-09-01 06:15:31,424 [INFO] core.mission.gorev2_orchestrator: [MISSION_START] Baslangic indeksi: 1
2026-09-01 06:15:31,424 [INFO] core.mission.gorev2_orchestrator: [MISSION_START] 3.0s stabilizasyon bekleniyor...
QGC port check failed, reporting UNKNOWN: (pid=3291)
2026-09-01 06:15:31,998 [INFO] gz_system.main_gz: Dashboard paint loop: 0.0 FPS (main thread)
QGC port check failed, reporting UNKNOWN: (pid=3291)
2026-09-01 06:15:34,256 [INFO] core.detection.vision_runtime: [VISION] detect() calisiyor -- bu karede 0 tespit: []
2026-09-01 06:15:34,864 [INFO] core.mission.gorev2_orchestrator: [MISSION_START] PX4 mevcut gorev ogesi 1 olarak ayarlandi (seq0 NAV_TAKEOFF atlandi -- kalkis zaten yapildi).
2026-09-01 06:15:34,864 [INFO] core.mission.gorev2_orchestrator: [MISSION_START] Yuklu gorev baslatiliyor...
Received ack for not-existing command: 176! Ignoring... (mavlink_command_sender.cpp:304)
2026-09-01 06:15:35,881 [INFO] core.mission.gorev2_orchestrator: [MISSION_START] PX4 MISSION moduna gecti -- arama fazi basliyor.
QGC port check failed, reporting UNKNOWN: (pid=3291)
2026-09-01 06:15:36,999 [INFO] gz_system.main_gz: Dashboard paint loop: 0.0 FPS (main thread)
2026-09-01 06:15:37,288 [INFO] core.detection.vision_runtime: [VISION] detect() calisiyor -- bu karede 0 tespit: []
QGC port check failed, reporting UNKNOWN: (pid=3291)
QGC port check failed, reporting UNKNOWN: (pid=3291)
2026-09-01 06:15:40,323 [INFO] core.detection.vision_runtime: [VISION] detect() calisiyor -- bu karede 0 tespit: []
QGC port check failed, reporting UNKNOWN: (pid=3291)
2026-09-01 06:15:42,015 [INFO] gz_system.main_gz: Dashboard paint loop: 0.0 FPS (main thread)
2026-09-01 06:15:43,353 [INFO] core.detection.vision_runtime: [VISION] detect() calisiyor -- bu karede 0 tespit: []
QGC port check failed, reporting UNKNOWN: (pid=3291)
2026-09-01 06:15:44,566 [INFO] core.navigation.centering_controller: Mission modu durduruluyor, Offboard'a geciliyor...
2026-09-01 06:15:44,566 [INFO] mavsdk_common.mavsdk_backend_base: Mission'dan Offboard'a geçiş yapılıyor...
Received ack for not-existing command: 176! Ignoring... (mavlink_command_sender.cpp:304)
2026-09-01 06:15:44,587 [INFO] mavsdk_common.mavsdk_backend_base: Offboard başlatılıyor...
Received ack for not-existing command: 176! Ignoring... (mavlink_command_sender.cpp:304)
2026-09-01 06:15:44,800 [INFO] core.mission.gorev2_orchestrator: KIRMIZI_UCGEN kucuk bir hedef -- merkezleme icin 8.0 m'ye alcaliniyor.
2026-09-01 06:15:44,800 [INFO] core.navigation.centering_controller: KIRMIZI_UCGEN hedefine merkezleniyor (irtifa hedefi: 8.0m, irtifa bandi +/-0.30m)...
2026-09-01 06:15:44,800 [WARNING] core.navigation.centering_controller: [CENTERING] KIRMIZI_UCGEN 1/200 hedef kayboldu (feed canli, hedef bu karede yok)
2026-09-01 06:15:45,224 [INFO] core.detection.camera_intrinsics: [CAMERA] intrinsics: hfov=1.7400 rad (99.7 deg) 1280x960 -> f=539.9 px (kaynak: ../../../Tools/simulation/gz/models/mono_cam/model.sdf)
2026-09-01 06:15:45,333 [INFO] core.navigation.centering_controller: [CENTERING] KIRMIZI_UCGEN 6/200 dx=-61px dy=+85px d=2.9m ex=-0.0953 ey=+0.1771 (tol +/-0.010) alt_err=+7.14m -> fwd=-0.27 right=-0.15 down=+0.30 m/s
2026-09-01 06:15:45,886 [INFO] core.navigation.centering_controller: [CENTERING] KIRMIZI_UCGEN 11/200 dx=-69px dy=-37px d=2.2m ex=-0.1078 ey=-0.0771 (tol +/-0.010) alt_err=+6.85m -> fwd=+0.15 right=-0.16 down=+1.05 m/s
QGC port check failed, reporting UNKNOWN: (pid=3325)
2026-09-01 06:15:46,432 [INFO] core.detection.vision_runtime: [VISION] detect() calisiyor -- bu karede 1 tespit: ['KIRMIZI_UCGEN']
2026-09-01 06:15:46,434 [INFO] core.navigation.centering_controller: [CENTERING] KIRMIZI_UCGEN 16/200 dx=-66px dy=-146px d=4.2m ex=-0.1031 ey=-0.3042 (tol +/-0.010) alt_err=+6.23m -> fwd=+0.46 right=-0.15 down=+1.80 m/s
2026-09-01 06:15:46,987 [INFO] core.navigation.centering_controller: [CENTERING] KIRMIZI_UCGEN 21/200 dx=-67px dy=-163px d=4.3m ex=-0.1047 ey=-0.3396 (tol +/-0.010) alt_err=+5.29m -> fwd=+0.51 right=-0.16 down=+2.55 m/s
2026-09-01 06:15:47,038 [INFO] gz_system.main_gz: Dashboard paint loop: 0.0 FPS (main thread)
2026-09-01 06:15:47,535 [INFO] core.navigation.centering_controller: [CENTERING] KIRMIZI_UCGEN 26/200 dx=-67px dy=-147px d=3.7m ex=-0.1047 ey=-0.3063 (tol +/-0.010) alt_err=+4.52m -> fwd=+0.46 right=-0.16 down=+2.26 m/s
QGC port check failed, reporting UNKNOWN: (pid=3325)
2026-09-01 06:15:48,085 [INFO] core.navigation.centering_controller: [CENTERING] KIRMIZI_UCGEN 31/200 dx=-69px dy=-137px d=3.3m ex=-0.1078 ey=-0.2854 (tol +/-0.010) alt_err=+3.74m -> fwd=+0.43 right=-0.16 down=+1.87 m/s
2026-09-01 06:15:48,636 [INFO] core.navigation.centering_controller: [CENTERING] KIRMIZI_UCGEN 36/200 dx=-73px dy=-140px d=3.2m ex=-0.1141 ey=-0.2917 (tol +/-0.010) alt_err=+2.82m -> fwd=+0.44 right=-0.17 down=+1.41 m/s
2026-09-01 06:15:49,185 [INFO] core.navigation.centering_controller: [CENTERING] KIRMIZI_UCGEN 41/200 dx=-70px dy=-142px d=2.9m ex=-0.1094 ey=-0.2958 (tol +/-0.010) alt_err=+1.99m -> fwd=+0.44 right=-0.16 down=+1.00 m/s
2026-09-01 06:15:49,518 [INFO] core.detection.vision_runtime: [VISION] detect() calisiyor -- bu karede 1 tespit: ['KIRMIZI_UCGEN']
2026-09-01 06:15:49,740 [INFO] core.navigation.centering_controller: [CENTERING] KIRMIZI_UCGEN 46/200 dx=-66px dy=-140px d=2.7m ex=-0.1031 ey=-0.2917 (tol +/-0.010) alt_err=+1.52m -> fwd=+0.44 right=-0.15 down=+0.76 m/s
QGC port check failed, reporting UNKNOWN: (pid=3325)
2026-09-01 06:15:50,290 [INFO] core.navigation.centering_controller: [CENTERING] KIRMIZI_UCGEN 51/200 dx=-65px dy=-136px d=2.5m ex=-0.1016 ey=-0.2833 (tol +/-0.010) alt_err=+1.08m -> fwd=+0.42 right=-0.15 down=+0.54 m/s
2026-09-01 06:15:50,841 [INFO] core.navigation.centering_controller: [CENTERING] KIRMIZI_UCGEN 56/200 dx=-61px dy=-133px d=2.4m ex=-0.0953 ey=-0.2771 (tol +/-0.010) alt_err=+0.82m -> fwd=+0.42 right=-0.15 down=+0.41 m/s
2026-09-01 06:15:51,389 [INFO] core.navigation.centering_controller: [CENTERING] KIRMIZI_UCGEN 61/200 dx=-59px dy=-126px d=2.2m ex=-0.0922 ey=-0.2625 (tol +/-0.010) alt_err=+0.59m -> fwd=+0.39 right=-0.15 down=+0.29 m/s
2026-09-01 06:15:51,938 [INFO] core.navigation.centering_controller: [CENTERING] KIRMIZI_UCGEN 66/200 dx=-53px dy=-117px d=2.0m ex=-0.0828 ey=-0.2437 (tol +/-0.010) alt_err=+0.45m -> fwd=+0.37 right=-0.15 down=+0.23 m/s
QGC port check failed, reporting UNKNOWN: (pid=3325)
2026-09-01 06:15:52,051 [INFO] gz_system.main_gz: Dashboard paint loop: 0.0 FPS (main thread)
2026-09-01 06:15:52,490 [INFO] core.navigation.centering_controller: [CENTERING] KIRMIZI_UCGEN 71/200 dx=-47px dy=-110px d=1.8m ex=-0.0734 ey=-0.2292 (tol +/-0.010) alt_err=+0.33m -> fwd=+0.34 right=-0.15 down=+0.16 m/s
2026-09-01 06:15:52,599 [INFO] core.detection.vision_runtime: [VISION] detect() calisiyor -- bu karede 1 tespit: ['KIRMIZI_UCGEN']
2026-09-01 06:15:53,044 [INFO] core.navigation.centering_controller: [CENTERING] KIRMIZI_UCGEN 76/200 dx=-43px dy=-104px d=1.7m ex=-0.0672 ey=-0.2167 (tol +/-0.010) alt_err=+0.26m -> fwd=+0.33 right=-0.15 down=+0.13 m/s
2026-09-01 06:15:53,594 [INFO] core.navigation.centering_controller: [CENTERING] KIRMIZI_UCGEN 81/200 dx=-36px dy=-97px d=1.6m ex=-0.0563 ey=-0.2021 (tol +/-0.010) alt_err=+0.20m -> fwd=+0.30 right=-0.15 down=+0.10 m/s
QGC port check failed, reporting UNKNOWN: (pid=3325)
2026-09-01 06:15:54,145 [INFO] core.navigation.centering_controller: [CENTERING] KIRMIZI_UCGEN 86/200 dx=-31px dy=-91px d=1.5m ex=-0.0484 ey=-0.1896 (tol +/-0.010) alt_err=+0.16m -> fwd=+0.28 right=-0.15 down=+0.08 m/s
2026-09-01 06:15:54,694 [INFO] core.navigation.centering_controller: [CENTERING] KIRMIZI_UCGEN 91/200 dx=-24px dy=-83px d=1.3m ex=-0.0375 ey=-0.1729 (tol +/-0.010) alt_err=+0.12m -> fwd=+0.26 right=-0.15 down=+0.06 m/s
2026-09-01 06:15:55,247 [INFO] core.navigation.centering_controller: [CENTERING] KIRMIZI_UCGEN 96/200 dx=-17px dy=-76px d=1.2m ex=-0.0266 ey=-0.1583 (tol +/-0.010) alt_err=+0.08m -> fwd=+0.24 right=-0.15 down=+0.04 m/s
2026-09-01 06:15:55,685 [INFO] core.detection.vision_runtime: [VISION] detect() calisiyor -- bu karede 1 tespit: ['KIRMIZI_UCGEN']
2026-09-01 06:15:55,798 [INFO] core.navigation.centering_controller: [CENTERING] KIRMIZI_UCGEN 101/200 dx=-12px dy=-69px d=1.0m ex=-0.0187 ey=-0.1437 (tol +/-0.010) alt_err=+0.05m -> fwd=+0.22 right=-0.15 down=+0.03 m/s
QGC port check failed, reporting UNKNOWN: (pid=3325)
2026-09-01 06:15:56,354 [INFO] core.navigation.centering_controller: [CENTERING] KIRMIZI_UCGEN 106/200 dx=-7px dy=-63px d=0.9m ex=-0.0109 ey=-0.1313 (tol +/-0.010) alt_err=+0.03m -> fwd=+0.20 right=-0.15 down=+0.01 m/s
2026-09-01 06:15:56,910 [INFO] core.navigation.centering_controller: [CENTERING] KIRMIZI_UCGEN 111/200 dx=+12px dy=-57px d=0.9m ex=+0.0187 ey=-0.1187 (tol +/-0.010) alt_err=+0.02m -> fwd=+0.18 right=+0.15 down=+0.01 m/s
2026-09-01 06:15:57,071 [INFO] gz_system.main_gz: Dashboard paint loop: 0.0 FPS (main thread)
2026-09-01 06:15:57,458 [INFO] core.navigation.centering_controller: [CENTERING] KIRMIZI_UCGEN 116/200 dx=+13px dy=-52px d=0.8m ex=+0.0203 ey=-0.1083 (tol +/-0.010) alt_err=+0.02m -> fwd=+0.16 right=+0.15 down=+0.01 m/s
2026-09-01 06:15:58,011 [INFO] core.navigation.centering_controller: [CENTERING] KIRMIZI_UCGEN 121/200 dx=-5px dy=-47px d=0.7m ex=-0.0078 ey=-0.0979 (tol +/-0.010) alt_err=+0.01m -> fwd=+0.15 right=+0.00 down=+0.00 m/s
QGC port check failed, reporting UNKNOWN: (pid=3325)
2026-09-01 06:15:58,560 [INFO] core.navigation.centering_controller: [CENTERING] KIRMIZI_UCGEN 126/200 dx=-26px dy=-43px d=0.7m ex=-0.0406 ey=-0.0896 (tol +/-0.010) alt_err=+0.00m -> fwd=+0.15 right=-0.15 down=+0.00 m/s
2026-09-01 06:15:58,777 [INFO] core.detection.vision_runtime: [VISION] detect() calisiyor -- bu karede 1 tespit: ['KIRMIZI_UCGEN']
2026-09-01 06:15:59,109 [INFO] core.navigation.centering_controller: [CENTERING] KIRMIZI_UCGEN 131/200 dx=-11px dy=-38px d=0.6m ex=-0.0172 ey=-0.0792 (tol +/-0.010) alt_err=-0.00m -> fwd=+0.15 right=-0.15 down=-0.00 m/s
2026-09-01 06:15:59,659 [INFO] core.navigation.centering_controller: [CENTERING] KIRMIZI_UCGEN 136/200 dx=+9px dy=-34px d=0.5m ex=+0.0141 ey=-0.0708 (tol +/-0.010) alt_err=-0.00m -> fwd=+0.15 right=+0.15 down=-0.00 m/s
QGC port check failed, reporting UNKNOWN: (pid=3325)
2026-09-01 06:16:00,212 [INFO] core.navigation.centering_controller: [CENTERING] KIRMIZI_UCGEN 141/200 dx=+19px dy=-30px d=0.5m ex=+0.0297 ey=-0.0625 (tol +/-0.010) alt_err=-0.01m -> fwd=+0.15 right=+0.15 down=-0.01 m/s
2026-09-01 06:16:00,758 [INFO] core.navigation.centering_controller: [CENTERING] KIRMIZI_UCGEN 146/200 dx=+3px dy=-25px d=0.4m ex=+0.0047 ey=-0.0521 (tol +/-0.010) alt_err=-0.01m -> fwd=+0.15 right=+0.00 down=-0.01 m/s
2026-09-01 06:16:01,305 [INFO] core.navigation.centering_controller: [CENTERING] KIRMIZI_UCGEN 151/200 dx=-21px dy=-19px d=0.4m ex=-0.0328 ey=-0.0396 (tol +/-0.010) alt_err=-0.02m -> fwd=+0.15 right=-0.15 down=-0.01 m/s
2026-09-01 06:16:01,859 [INFO] core.detection.vision_runtime: [VISION] detect() calisiyor -- bu karede 1 tespit: ['KIRMIZI_UCGEN']
2026-09-01 06:16:01,859 [INFO] core.navigation.centering_controller: [CENTERING] KIRMIZI_UCGEN 156/200 dx=-10px dy=-14px d=0.3m ex=-0.0156 ey=-0.0292 (tol +/-0.010) alt_err=-0.01m -> fwd=+0.15 right=-0.15 down=-0.01 m/s
QGC port check failed, reporting UNKNOWN: (pid=3325)
2026-09-01 06:16:02,076 [INFO] gz_system.main_gz: Dashboard paint loop: 0.0 FPS (main thread)
2026-09-01 06:16:02,410 [INFO] core.navigation.centering_controller: [CENTERING] KIRMIZI_UCGEN 161/200 dx=+12px dy=-9px d=0.2m ex=+0.0187 ey=-0.0187 (tol +/-0.010) alt_err=-0.01m -> fwd=+0.15 right=+0.15 down=-0.01 m/s
2026-09-01 06:16:02,965 [INFO] core.navigation.centering_controller: [CENTERING] KIRMIZI_UCGEN 166/200 dx=+14px dy=-4px d=0.2m ex=+0.0219 ey=-0.0083 (tol +/-0.010) alt_err=-0.03m -> fwd=+0.00 right=+0.15 down=-0.01 m/s
2026-09-01 06:16:03,517 [INFO] core.navigation.centering_controller: [CENTERING] KIRMIZI_UCGEN 171/200 dx=-2px dy=+17px d=0.3m ex=-0.0031 ey=+0.0354 (tol +/-0.010) alt_err=-0.02m -> fwd=-0.15 right=+0.00 down=-0.01 m/s
QGC port check failed, reporting UNKNOWN: (pid=3325)
2026-09-01 06:16:04,066 [INFO] core.navigation.centering_controller: [CENTERING] KIRMIZI_UCGEN 176/200 dx=-22px dy=+12px d=0.4m ex=-0.0344 ey=+0.0250 (tol +/-0.010) alt_err=-0.02m -> fwd=-0.15 right=-0.15 down=-0.01 m/s
2026-09-01 06:16:04,612 [INFO] core.navigation.centering_controller: [CENTERING] KIRMIZI_UCGEN 181/200 dx=-5px dy=-7px d=0.1m ex=-0.0078 ey=-0.0146 (tol +/-0.010) alt_err=-0.01m -> fwd=+0.15 right=+0.00 down=-0.01 m/s
2026-09-01 06:16:04,942 [INFO] core.detection.vision_runtime: [VISION] detect() calisiyor -- bu karede 1 tespit: ['KIRMIZI_UCGEN']
2026-09-01 06:16:05,164 [INFO] core.navigation.centering_controller: [CENTERING] KIRMIZI_UCGEN 186/200 dx=+18px dy=-24px d=0.4m ex=+0.0281 ey=-0.0500 (tol +/-0.010) alt_err=-0.00m -> fwd=+0.15 right=+0.15 down=-0.00 m/s
2026-09-01 06:16:05,716 [INFO] core.navigation.centering_controller: [CENTERING] KIRMIZI_UCGEN 191/200 dx=+12px dy=-10px d=0.2m ex=+0.0187 ey=-0.0208 (tol +/-0.010) alt_err=-0.00m -> fwd=+0.15 right=+0.15 down=-0.00 m/s
QGC port check failed, reporting UNKNOWN: (pid=3325)
2026-09-01 06:16:06,046 [INFO] core.navigation.centering_controller: Merkezleme tamamlandi. (attempt 194/200, dx=+3px dy=-4px ex=+0.0047 ey=-0.0083 alt_err=-0.01m)
2026-09-01 06:16:07,103 [INFO] gz_system.main_gz: Dashboard paint loop: 0.0 FPS (main thread)
2026-09-01 06:16:08,027 [INFO] core.detection.vision_runtime: [VISION] detect() calisiyor -- bu karede 1 tespit: ['KIRMIZI_UCGEN']
QGC port check failed, reporting UNKNOWN: (pid=3325)
2026-09-01 06:16:09,126 [INFO] core.mission.gorev2_orchestrator: [POST_LOCK_DRIFT] KIRMIZI_UCGEN 3s: peak=24.0px final=9.9px (66.77cm / 27.49cm), 28 ornek, 0 kayip
2026-09-01 06:16:09,127 [INFO] core.navigation.centering_controller: 2.0 saniye hover yapiliyor (Konum dogrulama)...
QGC port check failed, reporting UNKNOWN: (pid=3325)
2026-09-01 06:16:11,106 [INFO] core.detection.vision_runtime: [VISION] detect() calisiyor -- bu karede 1 tespit: ['KIRMIZI_UCGEN']
2026-09-01 06:16:11,216 [INFO] core.position_log.position_store: Konum basariyla kaydedildi: KIRMIZI_UCGEN (ilk)
2026-09-01 06:16:11,216 [INFO] core.mission.gorev2_orchestrator: Kirmizi Ucgen ortalandi ama payload 1 henuz birakilmadi -- interlock geregi yerinde birakma atlaniyor; toplu birakmada dogru sirada yapilacak.
2026-09-01 06:16:11,216 [INFO] core.mission.gorev2_orchestrator: [ROUTE_REJOIN] rota hattina donuluyor (sabit eksen=lon): hedef lat=47.3981840 lon=8.5461642 (mevcut lat=47.3981840 lon=8.5461412).
2026-09-01 06:16:11,216 [INFO] core.navigation.centering_controller: Kayitli GPS konumuna gidiliyor: lat=47.398184, lon=8.5461642, alt=15.0m
QGC port check failed, reporting UNKNOWN: (pid=3325)
2026-09-01 06:16:12,113 [INFO] gz_system.main_gz: Dashboard paint loop: 0.0 FPS (main thread)
QGC port check failed, reporting UNKNOWN: (pid=3325)
2026-09-01 06:16:14,205 [INFO] core.detection.vision_runtime: [VISION] detect() calisiyor -- bu karede 1 tespit: ['KIRMIZI_UCGEN']
2026-09-01 06:16:15,524 [INFO] mavsdk_common.mavsdk_backend_base: Offboard durduruluyor...
Received ack for not-existing command: 176! Ignoring... (mavlink_command_sender.cpp:304)
QGC port check failed, reporting UNKNOWN: (pid=3325)
2026-09-01 06:16:16,161 [INFO] core.mission.gorev2_orchestrator: [MISSION_RESUME] rota 2. ogeden devam ettiriliyor.
Received ack for not-existing command: 176! Ignoring... (mavlink_command_sender.cpp:304)
2026-09-01 06:16:17,142 [INFO] gz_system.main_gz: Dashboard paint loop: 0.0 FPS (main thread)
2026-09-01 06:16:17,284 [INFO] core.detection.vision_runtime: [VISION] detect() calisiyor -- bu karede 1 tespit: ['KIRMIZI_UCGEN']
QGC port check failed, reporting UNKNOWN: (pid=3431)
QGC port check failed, reporting UNKNOWN: (pid=3444)
2026-09-01 06:16:20,379 [INFO] core.detection.vision_runtime: [VISION] detect() calisiyor -- bu karede 1 tespit: ['KIRMIZI_UCGEN']
QGC port check failed, reporting UNKNOWN: (pid=3448)
2026-09-01 06:16:22,173 [INFO] gz_system.main_gz: Dashboard paint loop: 0.0 FPS (main thread)
2026-09-01 06:16:23,417 [INFO] core.detection.vision_runtime: [VISION] detect() calisiyor -- bu karede 0 tespit: []
QGC port check failed, reporting UNKNOWN: (pid=3448)
QGC port check failed, reporting UNKNOWN: (pid=3448)
2026-09-01 06:16:26,471 [INFO] core.detection.vision_runtime: [VISION] detect() calisiyor -- bu karede 0 tespit: []
2026-09-01 06:16:27,199 [INFO] gz_system.main_gz: Dashboard paint loop: 0.0 FPS (main thread)
QGC port check failed, reporting UNKNOWN: (pid=3448)
2026-09-01 06:16:29,569 [INFO] core.detection.vision_runtime: [VISION] detect() calisiyor -- bu karede 3 tespit: ['MAVI_ALTIGEN', 'KIRMIZI_DIKDORTGEN', 'MAVI_DIKDORTGEN']
2026-09-01 06:16:30,016 [INFO] core.navigation.centering_controller: Mission modu durduruluyor, Offboard'a geciliyor...
2026-09-01 06:16:30,016 [INFO] mavsdk_common.mavsdk_backend_base: Mission'dan Offboard'a geçiş yapılıyor...
2026-09-01 06:16:30,027 [INFO] mavsdk_common.mavsdk_backend_base: Offboard başlatılıyor...
Received ack for not-existing command: 176! Ignoring... (mavlink_command_sender.cpp:304)
Received ack for not-existing command: 176! Ignoring... (mavlink_command_sender.cpp:304)
QGC port check failed, reporting UNKNOWN: (pid=3448)
2026-09-01 06:16:30,842 [INFO] core.navigation.centering_controller: MAVI_ALTIGEN hedefine merkezleniyor (irtifa hedefi: 15.0m, irtifa bandi +/-0.30m)...
2026-09-01 06:16:30,843 [INFO] core.navigation.centering_controller: [CENTERING] MAVI_ALTIGEN 1/150 dx=-158px dy=+94px d=5.1m ex=-0.2469 ey=+0.1958 (tol +/-0.010) alt_err=+0.08m -> fwd=-0.15 right=-0.15 down=+0.04 m/s
2026-09-01 06:16:31,348 [INFO] core.navigation.centering_controller: [CENTERING] MAVI_ALTIGEN 6/150 dx=-184px dy=-50px d=5.3m ex=-0.2875 ey=-0.1042 (tol +/-0.010) alt_err=+0.02m -> fwd=+0.15 right=-0.43 down=+0.01 m/s
2026-09-01 06:16:31,895 [INFO] core.navigation.centering_controller: [CENTERING] MAVI_ALTIGEN 11/150 dx=-169px dy=-145px d=6.2m ex=-0.2641 ey=-0.3021 (tol +/-0.010) alt_err=+0.00m -> fwd=+0.45 right=-0.40 down=+0.00 m/s
QGC port check failed, reporting UNKNOWN: (pid=3448)
2026-09-01 06:16:32,218 [INFO] gz_system.main_gz: Dashboard paint loop: 0.0 FPS (main thread)
2026-09-01 06:16:32,458 [INFO] core.navigation.centering_controller: [CENTERING] MAVI_ALTIGEN 16/150 dx=-148px dy=-141px d=5.7m ex=-0.2313 ey=-0.2938 (tol +/-0.010) alt_err=+0.02m -> fwd=+0.44 right=-0.35 down=+0.01 m/s
2026-09-01 06:16:32,680 [INFO] core.detection.vision_runtime: [VISION] detect() calisiyor -- bu karede 3 tespit: ['MAVI_ALTIGEN', 'KIRMIZI_DIKDORTGEN', 'MAVI_DIKDORTGEN']
2026-09-01 06:16:33,020 [INFO] core.navigation.centering_controller: [CENTERING] MAVI_ALTIGEN 21/150 dx=-142px dy=-117px d=5.1m ex=-0.2219 ey=-0.2437 (tol +/-0.010) alt_err=+0.02m -> fwd=+0.37 right=-0.33 down=+0.01 m/s
2026-09-01 06:16:33,579 [INFO] core.navigation.centering_controller: [CENTERING] MAVI_ALTIGEN 26/150 dx=-137px dy=-106px d=4.8m ex=-0.2141 ey=-0.2208 (tol +/-0.010) alt_err=+0.01m -> fwd=+0.33 right=-0.32 down=+0.00 m/s
QGC port check failed, reporting UNKNOWN: (pid=3448)
2026-09-01 06:16:34,138 [INFO] core.navigation.centering_controller: [CENTERING] MAVI_ALTIGEN 31/150 dx=-131px dy=-107px d=4.7m ex=-0.2047 ey=-0.2229 (tol +/-0.010) alt_err=+0.00m -> fwd=+0.33 right=-0.31 down=+0.00 m/s
2026-09-01 06:16:34,695 [INFO] core.navigation.centering_controller: [CENTERING] MAVI_ALTIGEN 36/150 dx=-124px dy=-104px d=4.5m ex=-0.1938 ey=-0.2167 (tol +/-0.010) alt_err=-0.00m -> fwd=+0.33 right=-0.29 down=-0.00 m/s
2026-09-01 06:16:35,258 [INFO] core.navigation.centering_controller: [CENTERING] MAVI_ALTIGEN 41/150 dx=-118px dy=-103px d=4.3m ex=-0.1844 ey=-0.2146 (tol +/-0.010) alt_err=-0.01m -> fwd=+0.32 right=-0.28 down=-0.00 m/s
2026-09-01 06:16:35,703 [INFO] core.detection.vision_runtime: [VISION] detect() calisiyor -- bu karede 3 tespit: ['MAVI_ALTIGEN', 'KIRMIZI_DIKDORTGEN', 'MAVI_DIKDORTGEN']
2026-09-01 06:16:35,816 [INFO] core.navigation.centering_controller: [CENTERING] MAVI_ALTIGEN 46/150 dx=-113px dy=-100px d=4.2m ex=-0.1766 ey=-0.2083 (tol +/-0.010) alt_err=-0.01m -> fwd=+0.31 right=-0.26 down=-0.01 m/s
QGC port check failed, reporting UNKNOWN: (pid=3448)
2026-09-01 06:16:36,381 [INFO] core.navigation.centering_controller: [CENTERING] MAVI_ALTIGEN 51/150 dx=-108px dy=-96px d=4.0m ex=-0.1688 ey=-0.2000 (tol +/-0.010) alt_err=-0.01m -> fwd=+0.30 right=-0.25 down=-0.01 m/s
2026-09-01 06:16:36,937 [INFO] core.navigation.centering_controller: [CENTERING] MAVI_ALTIGEN 56/150 dx=-103px dy=-92px d=3.8m ex=-0.1609 ey=-0.1917 (tol +/-0.010) alt_err=-0.01m -> fwd=+0.29 right=-0.24 down=-0.01 m/s
2026-09-01 06:16:37,232 [INFO] gz_system.main_gz: Dashboard paint loop: 0.0 FPS (main thread)
2026-09-01 06:16:37,498 [INFO] core.navigation.centering_controller: [CENTERING] MAVI_ALTIGEN 61/150 dx=-99px dy=-90px d=3.7m ex=-0.1547 ey=-0.1875 (tol +/-0.010) alt_err=-0.01m -> fwd=+0.28 right=-0.23 down=-0.01 m/s
2026-09-01 06:16:38,057 [INFO] core.navigation.centering_controller: [CENTERING] MAVI_ALTIGEN 66/150 dx=-94px dy=-88px d=3.6m ex=-0.1469 ey=-0.1833 (tol +/-0.010) alt_err=-0.01m -> fwd=+0.27 right=-0.22 down=-0.00 m/s
QGC port check failed, reporting UNKNOWN: (pid=3448)
2026-09-01 06:16:38,609 [INFO] core.navigation.centering_controller: [CENTERING] MAVI_ALTIGEN 71/150 dx=-89px dy=-84px d=3.4m ex=-0.1391 ey=-0.1750 (tol +/-0.010) alt_err=-0.01m -> fwd=+0.26 right=-0.21 down=-0.01 m/s
2026-09-01 06:16:38,718 [INFO] core.detection.vision_runtime: [VISION] detect() calisiyor -- bu karede 2 tespit: ['MAVI_ALTIGEN', 'MAVI_DIKDORTGEN']
2026-09-01 06:16:39,160 [INFO] core.navigation.centering_controller: [CENTERING] MAVI_ALTIGEN 76/150 dx=-84px dy=-82px d=3.3m ex=-0.1313 ey=-0.1708 (tol +/-0.010) alt_err=-0.02m -> fwd=+0.26 right=-0.20 down=-0.01 m/s
2026-09-01 06:16:39,714 [INFO] core.navigation.centering_controller: [CENTERING] MAVI_ALTIGEN 81/150 dx=-79px dy=-79px d=3.1m ex=-0.1234 ey=-0.1646 (tol +/-0.010) alt_err=-0.02m -> fwd=+0.25 right=-0.19 down=-0.01 m/s
QGC port check failed, reporting UNKNOWN: (pid=3448)
2026-09-01 06:16:40,264 [INFO] core.navigation.centering_controller: [CENTERING] MAVI_ALTIGEN 86/150 dx=-74px dy=-75px d=2.9m ex=-0.1156 ey=-0.1562 (tol +/-0.010) alt_err=-0.01m -> fwd=+0.23 right=-0.17 down=-0.01 m/s
2026-09-01 06:16:40,818 [INFO] core.navigation.centering_controller: [CENTERING] MAVI_ALTIGEN 91/150 dx=-70px dy=-72px d=2.8m ex=-0.1094 ey=-0.1500 (tol +/-0.010) alt_err=-0.01m -> fwd=+0.22 right=-0.16 down=-0.01 m/s
2026-09-01 06:16:41,367 [INFO] core.navigation.centering_controller: [CENTERING] MAVI_ALTIGEN 96/150 dx=-66px dy=-70px d=2.7m ex=-0.1031 ey=-0.1458 (tol +/-0.010) alt_err=-0.01m -> fwd=+0.22 right=-0.15 down=-0.01 m/s
2026-09-01 06:16:41,810 [INFO] core.detection.vision_runtime: [VISION] detect() calisiyor -- bu karede 2 tespit: ['MAVI_ALTIGEN', 'MAVI_DIKDORTGEN']
2026-09-01 06:16:41,921 [INFO] core.navigation.centering_controller: [CENTERING] MAVI_ALTIGEN 101/150 dx=-62px dy=-67px d=2.5m ex=-0.0969 ey=-0.1396 (tol +/-0.010) alt_err=-0.01m -> fwd=+0.21 right=-0.15 down=-0.01 m/s
QGC port check failed, reporting UNKNOWN: (pid=3448)
2026-09-01 06:16:42,246 [INFO] gz_system.main_gz: Dashboard paint loop: 0.0 FPS (main thread)
2026-09-01 06:16:42,474 [INFO] core.navigation.centering_controller: [CENTERING] MAVI_ALTIGEN 106/150 dx=-59px dy=-63px d=2.4m ex=-0.0922 ey=-0.1313 (tol +/-0.010) alt_err=-0.00m -> fwd=+0.20 right=-0.15 down=-0.00 m/s
2026-09-01 06:16:43,025 [INFO] core.navigation.centering_controller: [CENTERING] MAVI_ALTIGEN 111/150 dx=-59px dy=-59px d=2.3m ex=-0.0922 ey=-0.1229 (tol +/-0.010) alt_err=+0.00m -> fwd=+0.18 right=-0.15 down=+0.00 m/s
2026-09-01 06:16:43,579 [INFO] core.navigation.centering_controller: [CENTERING] MAVI_ALTIGEN 116/150 dx=-57px dy=-56px d=2.2m ex=-0.0891 ey=-0.1167 (tol +/-0.010) alt_err=+0.00m -> fwd=+0.17 right=-0.15 down=+0.00 m/s
QGC port check failed, reporting UNKNOWN: (pid=3448)
2026-09-01 06:16:44,128 [INFO] core.navigation.centering_controller: [CENTERING] MAVI_ALTIGEN 121/150 dx=-55px dy=-52px d=2.1m ex=-0.0859 ey=-0.1083 (tol +/-0.010) alt_err=-0.01m -> fwd=+0.16 right=-0.15 down=-0.00 m/s
2026-09-01 06:16:44,677 [INFO] core.navigation.centering_controller: [CENTERING] MAVI_ALTIGEN 126/150 dx=-51px dy=-50px d=2.0m ex=-0.0797 ey=-0.1042 (tol +/-0.010) alt_err=-0.01m -> fwd=+0.16 right=-0.15 down=-0.01 m/s
2026-09-01 06:16:44,898 [INFO] core.detection.vision_runtime: [VISION] detect() calisiyor -- bu karede 2 tespit: ['MAVI_ALTIGEN', 'MAVI_DIKDORTGEN']
2026-09-01 06:16:45,229 [INFO] core.navigation.centering_controller: [CENTERING] MAVI_ALTIGEN 131/150 dx=-47px dy=-47px d=1.8m ex=-0.0734 ey=-0.0979 (tol +/-0.010) alt_err=-0.01m -> fwd=+0.15 right=-0.15 down=-0.01 m/s
2026-09-01 06:16:45,654 [INFO] core.navigation.centering_controller: [CENTERING] MAVI_ALTIGEN 136/150 dx=-45px dy=-45px d=1.8m ex=-0.0703 ey=-0.0938 (tol +/-0.010) alt_err=-0.01m -> fwd=+0.15 right=-0.15 down=-0.00 m/s
2026-09-01 06:16:46,212 [INFO] core.navigation.centering_controller: [CENTERING] MAVI_ALTIGEN 141/150 dx=-42px dy=-42px d=1.6m ex=-0.0656 ey=-0.0875 (tol +/-0.010) alt_err=-0.01m -> fwd=+0.15 right=-0.15 down=-0.01 m/s
2026-09-01 06:16:46,757 [INFO] core.navigation.centering_controller: [CENTERING] MAVI_ALTIGEN 146/150 dx=-37px dy=-39px d=1.5m ex=-0.0578 ey=-0.0813 (tol +/-0.010) alt_err=-0.02m -> fwd=+0.15 right=-0.15 down=-0.01 m/s
QGC port check failed, reporting UNKNOWN: (pid=3448)
2026-09-01 06:16:47,264 [INFO] gz_system.main_gz: Dashboard paint loop: 0.0 FPS (main thread)
2026-09-01 06:16:47,308 [ERROR] core.navigation.centering_controller: Merkezleme zaman asimina ugradi! (150 deneme / 15.0s butcesi doldu)
2026-09-01 06:16:47,308 [WARNING] core.mission.gorev2_orchestrator: [RETRY_IN_PLACE] MAVI_ALTIGEN 1/3 merkezlenemedi -- 5s yerinde beklenip tekrar denenecek (hedef goruniyor, d=1.41m).
2026-09-01 06:16:47,967 [INFO] core.detection.vision_runtime: [VISION] detect() calisiyor -- bu karede 2 tespit: ['MAVI_ALTIGEN', 'MAVI_DIKDORTGEN']
QGC port check failed, reporting UNKNOWN: (pid=3448)
QGC port check failed, reporting UNKNOWN: (pid=3448)
2026-09-01 06:16:51,048 [INFO] core.detection.vision_runtime: [VISION] detect() calisiyor -- bu karede 2 tespit: ['MAVI_ALTIGEN', 'MAVI_DIKDORTGEN']
2026-09-01 06:16:52,282 [INFO] gz_system.main_gz: Dashboard paint loop: 0.0 FPS (main thread)
2026-09-01 06:16:52,370 [INFO] core.navigation.centering_controller: MAVI_ALTIGEN hedefine merkezleniyor (irtifa hedefi: 15.0m, irtifa bandi +/-0.30m)...
2026-09-01 06:16:52,371 [INFO] core.navigation.centering_controller: [CENTERING] MAVI_ALTIGEN 1/150 dx=-30px dy=-32px d=1.2m ex=-0.0469 ey=-0.0667 (tol +/-0.010) alt_err=-0.07m -> fwd=+0.15 right=-0.15 down=-0.03 m/s
2026-09-01 06:16:52,931 [INFO] core.navigation.centering_controller: [CENTERING] MAVI_ALTIGEN 6/150 dx=-41px dy=-42px d=1.6m ex=-0.0641 ey=-0.0875 (tol +/-0.010) alt_err=-0.06m -> fwd=+0.15 right=-0.15 down=-0.03 m/s
QGC port check failed, reporting UNKNOWN: (pid=3448)
2026-09-01 06:16:53,478 [INFO] core.navigation.centering_controller: [CENTERING] MAVI_ALTIGEN 11/150 dx=-31px dy=-33px d=1.3m ex=-0.0484 ey=-0.0688 (tol +/-0.010) alt_err=-0.05m -> fwd=+0.15 right=-0.15 down=-0.03 m/s
2026-09-01 06:16:54,032 [INFO] core.navigation.centering_controller: [CENTERING] MAVI_ALTIGEN 16/150 dx=-26px dy=-29px d=1.1m ex=-0.0406 ey=-0.0604 (tol +/-0.010) alt_err=-0.04m -> fwd=+0.15 right=-0.15 down=-0.02 m/s
2026-09-01 06:16:54,141 [INFO] core.detection.vision_runtime: [VISION] detect() calisiyor -- bu karede 2 tespit: ['MAVI_ALTIGEN', 'MAVI_DIKDORTGEN']
2026-09-01 06:16:54,583 [INFO] core.navigation.centering_controller: [CENTERING] MAVI_ALTIGEN 21/150 dx=-23px dy=-26px d=1.0m ex=-0.0359 ey=-0.0542 (tol +/-0.010) alt_err=-0.03m -> fwd=+0.15 right=-0.15 down=-0.01 m/s
QGC port check failed, reporting UNKNOWN: (pid=3448)
2026-09-01 06:16:55,133 [INFO] core.navigation.centering_controller: [CENTERING] MAVI_ALTIGEN 26/150 dx=-20px dy=-23px d=0.8m ex=-0.0312 ey=-0.0479 (tol +/-0.010) alt_err=-0.01m -> fwd=+0.15 right=-0.15 down=-0.01 m/s
2026-09-01 06:16:55,684 [INFO] core.navigation.centering_controller: [CENTERING] MAVI_ALTIGEN 31/150 dx=-16px dy=-20px d=0.7m ex=-0.0250 ey=-0.0417 (tol +/-0.010) alt_err=-0.01m -> fwd=+0.15 right=-0.15 down=-0.00 m/s
2026-09-01 06:16:56,238 [INFO] core.navigation.centering_controller: [CENTERING] MAVI_ALTIGEN 36/150 dx=-14px dy=-17px d=0.6m ex=-0.0219 ey=-0.0354 (tol +/-0.010) alt_err=-0.01m -> fwd=+0.15 right=-0.15 down=-0.00 m/s
2026-09-01 06:16:56,788 [INFO] core.navigation.centering_controller: [CENTERING] MAVI_ALTIGEN 41/150 dx=-12px dy=-14px d=0.5m ex=-0.0187 ey=-0.0292 (tol +/-0.010) alt_err=-0.00m -> fwd=+0.15 right=-0.15 down=-0.00 m/s
QGC port check failed, reporting UNKNOWN: (pid=3448)
2026-09-01 06:16:57,229 [INFO] core.detection.vision_runtime: [VISION] detect() calisiyor -- bu karede 2 tespit: ['MAVI_ALTIGEN', 'MAVI_DIKDORTGEN']
2026-09-01 06:16:57,318 [INFO] gz_system.main_gz: Dashboard paint loop: 0.0 FPS (main thread)
2026-09-01 06:16:57,341 [INFO] core.navigation.centering_controller: [CENTERING] MAVI_ALTIGEN 46/150 dx=-8px dy=-11px d=0.4m ex=-0.0125 ey=-0.0229 (tol +/-0.010) alt_err=+0.00m -> fwd=+0.15 right=-0.15 down=+0.00 m/s
2026-09-01 06:16:57,891 [INFO] core.navigation.centering_controller: [CENTERING] MAVI_ALTIGEN 51/150 dx=+5px dy=-7px d=0.2m ex=+0.0078 ey=-0.0146 (tol +/-0.010) alt_err=+0.00m -> fwd=+0.15 right=+0.00 down=+0.00 m/s
2026-09-01 06:16:58,443 [INFO] core.navigation.centering_controller: [CENTERING] MAVI_ALTIGEN 56/150 dx=+13px dy=-4px d=0.4m ex=+0.0203 ey=-0.0083 (tol +/-0.010) alt_err=+0.00m -> fwd=+0.00 right=+0.15 down=+0.00 m/s
QGC port check failed, reporting UNKNOWN: (pid=3448)
2026-09-01 06:16:58,994 [INFO] core.navigation.centering_controller: [CENTERING] MAVI_ALTIGEN 61/150 dx=-4px dy=+15px d=0.4m ex=-0.0063 ey=+0.0312 (tol +/-0.010) alt_err=+0.00m -> fwd=-0.15 right=+0.00 down=+0.00 m/s
2026-09-01 06:16:59,547 [INFO] core.navigation.centering_controller: [CENTERING] MAVI_ALTIGEN 66/150 dx=-25px dy=+9px d=0.7m ex=-0.0391 ey=+0.0187 (tol +/-0.010) alt_err=+0.01m -> fwd=-0.15 right=-0.15 down=+0.00 m/s
2026-09-01 06:17:00,099 [INFO] core.navigation.centering_controller: [CENTERING] MAVI_ALTIGEN 71/150 dx=-12px dy=-4px d=0.4m ex=-0.0187 ey=-0.0083 (tol +/-0.010) alt_err=+0.00m -> fwd=+0.00 right=-0.15 down=+0.00 m/s
2026-09-01 06:17:00,321 [INFO] core.detection.vision_runtime: [VISION] detect() calisiyor -- bu karede 2 tespit: ['MAVI_ALTIGEN', 'MAVI_DIKDORTGEN']
2026-09-01 06:17:00,653 [INFO] core.navigation.centering_controller: [CENTERING] MAVI_ALTIGEN 76/150 dx=-6px dy=-23px d=0.7m ex=-0.0094 ey=-0.0479 (tol +/-0.010) alt_err=-0.01m -> fwd=+0.15 right=+0.00 down=-0.00 m/s
QGC port check failed, reporting UNKNOWN: (pid=3448)
2026-09-01 06:17:01,204 [INFO] core.navigation.centering_controller: [CENTERING] MAVI_ALTIGEN 81/150 dx=+10px dy=-8px d=0.4m ex=+0.0156 ey=-0.0167 (tol +/-0.010) alt_err=-0.01m -> fwd=+0.15 right=+0.15 down=-0.01 m/s
2026-09-01 06:17:01,758 [INFO] core.navigation.centering_controller: [CENTERING] MAVI_ALTIGEN 86/150 dx=+12px dy=+0px d=0.3m ex=+0.0187 ey=+0.0000 (tol +/-0.010) alt_err=-0.01m -> fwd=+0.00 right=+0.15 down=-0.01 m/s
2026-09-01 06:17:02,310 [INFO] core.navigation.centering_controller: [CENTERING] MAVI_ALTIGEN 91/150 dx=-8px dy=+21px d=0.6m ex=-0.0125 ey=+0.0437 (tol +/-0.010) alt_err=-0.01m -> fwd=-0.15 right=-0.15 down=-0.01 m/s
2026-09-01 06:17:02,352 [INFO] gz_system.main_gz: Dashboard paint loop: 0.0 FPS (main thread)
2026-09-01 06:17:02,863 [INFO] core.navigation.centering_controller: [CENTERING] MAVI_ALTIGEN 96/150 dx=-20px dy=+8px d=0.6m ex=-0.0312 ey=+0.0167 (tol +/-0.010) alt_err=-0.01m -> fwd=-0.15 right=-0.15 down=-0.00 m/s
QGC port check failed, reporting UNKNOWN: (pid=3448)
2026-09-01 06:17:03,413 [INFO] core.detection.vision_runtime: [VISION] detect() calisiyor -- bu karede 2 tespit: ['MAVI_ALTIGEN', 'MAVI_DIKDORTGEN']
2026-09-01 06:17:03,414 [INFO] core.navigation.centering_controller: [CENTERING] MAVI_ALTIGEN 101/150 dx=-6px dy=-12px d=0.4m ex=-0.0094 ey=-0.0250 (tol +/-0.010) alt_err=-0.01m -> fwd=+0.15 right=+0.00 down=-0.01 m/s
2026-09-01 06:17:03,966 [INFO] core.navigation.centering_controller: [CENTERING] MAVI_ALTIGEN 106/150 dx=+15px dy=-18px d=0.7m ex=+0.0234 ey=-0.0375 (tol +/-0.010) alt_err=-0.02m -> fwd=+0.15 right=+0.15 down=-0.01 m/s
2026-09-01 06:17:04,514 [INFO] core.navigation.centering_controller: [CENTERING] MAVI_ALTIGEN 111/150 dx=+12px dy=-5px d=0.4m ex=+0.0187 ey=-0.0104 (tol +/-0.010) alt_err=-0.02m -> fwd=+0.15 right=+0.15 down=-0.01 m/s
2026-09-01 06:17:04,733 [INFO] core.navigation.centering_controller: Merkezleme tamamlandi. (attempt 113/150, dx=+6px dy=-2px ex=+0.0094 ey=-0.0042 alt_err=-0.02m)
QGC port check failed, reporting UNKNOWN: (pid=3448)
2026-09-01 06:17:06,494 [INFO] core.detection.vision_runtime: [VISION] detect() calisiyor -- bu karede 2 tespit: ['MAVI_ALTIGEN', 'MAVI_DIKDORTGEN']
QGC port check failed, reporting UNKNOWN: (pid=3448)
2026-09-01 06:17:07,374 [INFO] gz_system.main_gz: Dashboard paint loop: 0.0 FPS (main thread)
2026-09-01 06:17:07,815 [INFO] core.mission.gorev2_orchestrator: [POST_LOCK_DRIFT] MAVI_ALTIGEN 3s: peak=20.8px final=10.8px (57.5cm / 29.76cm), 28 ornek, 0 kayip
2026-09-01 06:17:07,815 [INFO] core.navigation.centering_controller: 2.0 saniye hover yapiliyor (Konum dogrulama)...
QGC port check failed, reporting UNKNOWN: (pid=3448)
2026-09-01 06:17:09,582 [INFO] core.detection.vision_runtime: [VISION] detect() calisiyor -- bu karede 2 tespit: ['MAVI_ALTIGEN', 'MAVI_DIKDORTGEN']
2026-09-01 06:17:09,915 [INFO] core.position_log.position_store: Konum basariyla kaydedildi: MAVI_ALTIGEN (ikinci)
2026-09-01 06:17:09,915 [INFO] core.mission.gorev2_orchestrator: Mavi Altigen ortalandi -- KIRMIZI yuk hemen birakiliyor.
2026-09-01 06:17:09,915 [INFO] core.mission.gorev2_fsm: PAYLOAD MISSION 1 basliyor (Mavi Altigen / RED payload)
2026-09-01 06:17:09,915 [INFO] core.navigation.centering_controller: Kayitli GPS konumuna gidiliyor: lat=47.3988076, lon=8.546105899999999, alt=15.0m
2026-09-01 06:17:09,916 [INFO] core.mission.payload_release: Yük bırakma başlatılıyor: MAVI_ALTIGEN
2026-09-01 06:17:09,916 [INFO] core.navigation.centering_controller: MAVI_ALTIGEN hedefine merkezleniyor (irtifa hedefi: 10.0m, irtifa bandi +/-0.30m)...
2026-09-01 06:17:09,917 [INFO] core.navigation.centering_controller: [CENTERING] MAVI_ALTIGEN 1/200 dx=-4px dy=+1px d=0.1m ex=-0.0063 ey=+0.0021 (tol +/-0.010) alt_err=+4.94m -> fwd=+0.00 right=+0.00 down=+0.15 m/s
2026-09-01 06:17:10,465 [INFO] core.navigation.centering_controller: [CENTERING] MAVI_ALTIGEN 6/200 dx=-5px dy=+2px d=0.1m ex=-0.0078 ey=+0.0042 (tol +/-0.010) alt_err=+4.83m -> fwd=+0.00 right=+0.00 down=+0.90 m/s
QGC port check failed, reporting UNKNOWN: (pid=3448)
2026-09-01 06:17:11,020 [INFO] core.navigation.centering_controller: [CENTERING] MAVI_ALTIGEN 11/200 dx=-6px dy=+3px d=0.2m ex=-0.0094 ey=+0.0063 (tol +/-0.010) alt_err=+4.23m -> fwd=+0.00 right=+0.00 down=+1.65 m/s
2026-09-01 06:17:11,576 [INFO] core.navigation.centering_controller: [CENTERING] MAVI_ALTIGEN 16/200 dx=-12px dy=+3px d=0.3m ex=-0.0187 ey=+0.0063 (tol +/-0.010) alt_err=+3.43m -> fwd=+0.00 right=-0.15 down=+1.71 m/s
2026-09-01 06:17:12,130 [INFO] core.navigation.centering_controller: [CENTERING] MAVI_ALTIGEN 21/200 dx=-13px dy=+3px d=0.3m ex=-0.0203 ey=+0.0063 (tol +/-0.010) alt_err=+2.50m -> fwd=+0.00 right=-0.15 down=+1.25 m/s
2026-09-01 06:17:12,407 [INFO] gz_system.main_gz: Dashboard paint loop: 0.0 FPS (main thread)
2026-09-01 06:17:12,678 [INFO] core.detection.vision_runtime: [VISION] detect() calisiyor -- bu karede 2 tespit: ['MAVI_ALTIGEN', 'MAVI_DIKDORTGEN']
2026-09-01 06:17:12,679 [INFO] core.navigation.centering_controller: [CENTERING] MAVI_ALTIGEN 26/200 dx=-4px dy=+3px d=0.1m ex=-0.0063 ey=+0.0063 (tol +/-0.010) alt_err=+1.89m -> fwd=+0.00 right=+0.00 down=+0.95 m/s
QGC port check failed, reporting UNKNOWN: (pid=3448)
2026-09-01 06:17:13,229 [INFO] core.navigation.centering_controller: [CENTERING] MAVI_ALTIGEN 31/200 dx=+17px dy=+1px d=0.4m ex=+0.0266 ey=+0.0021 (tol +/-0.010) alt_err=+1.36m -> fwd=+0.00 right=+0.15 down=+0.68 m/s
2026-09-01 06:17:13,780 [INFO] core.navigation.centering_controller: [CENTERING] MAVI_ALTIGEN 36/200 dx=+6px dy=+0px d=0.1m ex=+0.0094 ey=+0.0000 (tol +/-0.010) alt_err=+1.03m -> fwd=+0.00 right=+0.00 down=+0.52 m/s
2026-09-01 06:17:14,334 [INFO] core.navigation.centering_controller: [CENTERING] MAVI_ALTIGEN 41/200 dx=-19px dy=+0px d=0.4m ex=-0.0297 ey=+0.0000 (tol +/-0.010) alt_err=+0.74m -> fwd=+0.00 right=-0.15 down=+0.37 m/s
2026-09-01 06:17:14,882 [INFO] core.navigation.centering_controller: [CENTERING] MAVI_ALTIGEN 46/200 dx=-12px dy=+1px d=0.2m ex=-0.0187 ey=+0.0021 (tol +/-0.010) alt_err=+0.57m -> fwd=+0.00 right=-0.15 down=+0.28 m/s
QGC port check failed, reporting UNKNOWN: (pid=3448)
2026-09-01 06:17:15,429 [INFO] core.navigation.centering_controller: [CENTERING] MAVI_ALTIGEN 51/200 dx=+3px dy=+2px d=0.1m ex=+0.0047 ey=+0.0042 (tol +/-0.010) alt_err=+0.41m -> fwd=+0.00 right=+0.00 down=+0.21 m/s
2026-09-01 06:17:15,756 [INFO] core.detection.vision_runtime: [VISION] detect() calisiyor -- bu karede 1 tespit: ['MAVI_ALTIGEN']
2026-09-01 06:17:15,975 [INFO] core.navigation.centering_controller: [CENTERING] MAVI_ALTIGEN 56/200 dx=+20px dy=+2px d=0.4m ex=+0.0312 ey=+0.0042 (tol +/-0.010) alt_err=+0.32m -> fwd=+0.00 right=+0.15 down=+0.16 m/s
2026-09-01 06:17:16,523 [INFO] core.navigation.centering_controller: Merkezleme tamamlandi. (attempt 61/200, dx=+6px dy=+3px ex=+0.0094 ey=+0.0063 alt_err=+0.23m)
2026-09-01 06:17:16,524 [INFO] core.navigation.centering_controller: MAVI_ALTIGEN hedefine merkezleniyor (irtifa hedefi: 5.0m, irtifa bandi +/-0.30m)...
2026-09-01 06:17:16,525 [INFO] core.navigation.centering_controller: [CENTERING] MAVI_ALTIGEN 1/200 dx=+6px dy=+3px d=0.1m ex=+0.0094 ey=+0.0063 (tol +/-0.010) alt_err=+5.23m -> fwd=+0.00 right=+0.00 down=+0.15 m/s
QGC port check failed, reporting UNKNOWN: (pid=3448)
2026-09-01 06:17:17,069 [INFO] core.navigation.centering_controller: [CENTERING] MAVI_ALTIGEN 6/200 dx=-19px dy=+3px d=0.4m ex=-0.0297 ey=+0.0063 (tol +/-0.010) alt_err=+5.10m -> fwd=+0.00 right=-0.15 down=+0.90 m/s
2026-09-01 06:17:17,427 [INFO] gz_system.main_gz: Dashboard paint loop: 0.0 FPS (main thread)
2026-09-01 06:17:17,609 [INFO] core.navigation.centering_controller: [CENTERING] MAVI_ALTIGEN 11/200 dx=-16px dy=+5px d=0.3m ex=-0.0250 ey=+0.0104 (tol +/-0.010) alt_err=+4.62m -> fwd=-0.15 right=-0.15 down=+1.65 m/s
2026-09-01 06:17:18,151 [INFO] core.navigation.centering_controller: [CENTERING] MAVI_ALTIGEN 16/200 dx=-5px dy=+12px d=0.2m ex=-0.0078 ey=+0.0250 (tol +/-0.010) alt_err=+3.68m -> fwd=-0.15 right=+0.00 down=+1.84 m/s
2026-09-01 06:17:18,693 [INFO] core.navigation.centering_controller: [CENTERING] MAVI_ALTIGEN 21/200 dx=+18px dy=+1px d=0.3m ex=+0.0281 ey=+0.0021 (tol +/-0.010) alt_err=+2.93m -> fwd=+0.00 right=+0.15 down=+1.46 m/s
2026-09-01 06:17:18,801 [INFO] core.detection.vision_runtime: [VISION] detect() calisiyor -- bu karede 1 tespit: ['MAVI_ALTIGEN']
QGC port check failed, reporting UNKNOWN: (pid=3448)
2026-09-01 06:17:19,235 [INFO] core.navigation.centering_controller: [CENTERING] MAVI_ALTIGEN 26/200 dx=+13px dy=-26px d=0.4m ex=+0.0203 ey=-0.0542 (tol +/-0.010) alt_err=+2.08m -> fwd=+0.15 right=+0.15 down=+1.04 m/s
2026-09-01 06:17:19,780 [INFO] core.navigation.centering_controller: [CENTERING] MAVI_ALTIGEN 31/200 dx=-3px dy=-12px d=0.2m ex=-0.0047 ey=-0.0250 (tol +/-0.010) alt_err=+1.58m -> fwd=+0.15 right=+0.00 down=+0.79 m/s
2026-09-01 06:17:20,324 [INFO] core.navigation.centering_controller: [CENTERING] MAVI_ALTIGEN 36/200 dx=-24px dy=+7px d=0.3m ex=-0.0375 ey=+0.0146 (tol +/-0.010) alt_err=+1.21m -> fwd=-0.15 right=-0.15 down=+0.60 m/s
2026-09-01 06:17:20,866 [INFO] core.navigation.centering_controller: [CENTERING] MAVI_ALTIGEN 41/200 dx=-11px dy=+25px d=0.3m ex=-0.0172 ey=+0.0521 (tol +/-0.010) alt_err=+0.87m -> fwd=-0.15 right=-0.15 down=+0.43 m/s
QGC port check failed, reporting UNKNOWN: (pid=3448)
2026-09-01 06:17:21,406 [INFO] core.navigation.centering_controller: [CENTERING] MAVI_ALTIGEN 46/200 dx=+12px dy=+10px d=0.2m ex=+0.0187 ey=+0.0208 (tol +/-0.010) alt_err=+0.67m -> fwd=-0.15 right=+0.15 down=+0.33 m/s
2026-09-01 06:17:21,837 [INFO] core.detection.vision_runtime: [VISION] detect() calisiyor -- bu karede 1 tespit: ['MAVI_ALTIGEN']
2026-09-01 06:17:21,947 [INFO] core.navigation.centering_controller: [CENTERING] MAVI_ALTIGEN 51/200 dx=+14px dy=-1px d=0.1m ex=+0.0219 ey=-0.0021 (tol +/-0.010) alt_err=+0.49m -> fwd=+0.00 right=+0.15 down=+0.24 m/s
2026-09-01 06:17:22,440 [INFO] gz_system.main_gz: Dashboard paint loop: 0.0 FPS (main thread)
2026-09-01 06:17:22,494 [INFO] core.navigation.centering_controller: [CENTERING] MAVI_ALTIGEN 56/200 dx=-12px dy=-22px d=0.3m ex=-0.0187 ey=-0.0458 (tol +/-0.010) alt_err=+0.39m -> fwd=+0.15 right=-0.15 down=+0.19 m/s
QGC port check failed, reporting UNKNOWN: (pid=3448)
2026-09-01 06:17:23,037 [INFO] core.navigation.centering_controller: [CENTERING] MAVI_ALTIGEN 61/200 dx=-23px dy=-9px d=0.2m ex=-0.0359 ey=-0.0187 (tol +/-0.010) alt_err=+0.29m -> fwd=+0.15 right=-0.15 down=+0.14 m/s
2026-09-01 06:17:23,582 [INFO] core.navigation.centering_controller: [CENTERING] MAVI_ALTIGEN 66/200 dx=-2px dy=+14px d=0.1m ex=-0.0031 ey=+0.0292 (tol +/-0.010) alt_err=+0.22m -> fwd=-0.15 right=+0.00 down=+0.11 m/s
2026-09-01 06:17:24,130 [INFO] core.navigation.centering_controller: [CENTERING] MAVI_ALTIGEN 71/200 dx=+29px dy=+25px d=0.4m ex=+0.0453 ey=+0.0521 (tol +/-0.010) alt_err=+0.17m -> fwd=-0.15 right=+0.15 down=+0.09 m/s
2026-09-01 06:17:24,673 [INFO] core.navigation.centering_controller: [CENTERING] MAVI_ALTIGEN 76/200 dx=+14px dy=+6px d=0.1m ex=+0.0219 ey=+0.0125 (tol +/-0.010) alt_err=+0.13m -> fwd=-0.15 right=+0.15 down=+0.06 m/s
2026-09-01 06:17:24,888 [INFO] core.detection.vision_runtime: [VISION] detect() calisiyor -- bu karede 1 tespit: ['MAVI_ALTIGEN']
QGC port check failed, reporting UNKNOWN: (pid=3448)
2026-09-01 06:17:25,215 [INFO] core.navigation.centering_controller: [CENTERING] MAVI_ALTIGEN 81/200 dx=-3px dy=-23px d=0.2m ex=-0.0047 ey=-0.0479 (tol +/-0.010) alt_err=+0.10m -> fwd=+0.15 right=+0.00 down=+0.05 m/s
2026-09-01 06:17:25,755 [INFO] core.navigation.centering_controller: [CENTERING] MAVI_ALTIGEN 86/200 dx=-26px dy=-20px d=0.3m ex=-0.0406 ey=-0.0417 (tol +/-0.010) alt_err=+0.07m -> fwd=+0.15 right=-0.15 down=+0.03 m/s
2026-09-01 06:17:26,300 [INFO] core.navigation.centering_controller: [CENTERING] MAVI_ALTIGEN 91/200 dx=-10px dy=-5px d=0.1m ex=-0.0156 ey=-0.0104 (tol +/-0.010) alt_err=+0.06m -> fwd=+0.15 right=-0.15 down=+0.03 m/s
2026-09-01 06:17:26,409 [INFO] core.navigation.centering_controller: Merkezleme tamamlandi. (attempt 92/200, dx=-6px dy=-4px ex=-0.0094 ey=-0.0083 alt_err=+0.06m)
2026-09-01 06:17:26,409 [INFO] core.navigation.centering_controller: MAVI_ALTIGEN hedefine merkezleniyor (irtifa hedefi: 0.45m, irtifa bandi +/-0.05m)...
2026-09-01 06:17:26,410 [INFO] core.navigation.centering_controller: [CENTERING] MAVI_ALTIGEN 1/200 dx=-6px dy=-4px d=0.1m ex=-0.0094 ey=-0.0083 (tol +/-0.010) alt_err=+4.61m -> fwd=+0.00 right=+0.00 down=+0.15 m/s
2026-09-01 06:17:26,952 [INFO] core.navigation.centering_controller: [CENTERING] MAVI_ALTIGEN 6/200 dx=+19px dy=+28px d=0.3m ex=+0.0297 ey=+0.0583 (tol +/-0.010) alt_err=+4.47m -> fwd=-0.15 right=+0.15 down=+0.90 m/s
QGC port check failed, reporting UNKNOWN: (pid=3448)
2026-09-01 06:17:27,452 [INFO] gz_system.main_gz: Dashboard paint loop: 0.0 FPS (main thread)
2026-09-01 06:17:27,492 [INFO] core.navigation.centering_controller: [CENTERING] MAVI_ALTIGEN 11/200 dx=+20px dy=+17px d=0.2m ex=+0.0312 ey=+0.0354 (tol +/-0.010) alt_err=+3.97m -> fwd=-0.15 right=+0.15 down=+1.65 m/s
2026-09-01 06:17:27,926 [INFO] core.detection.vision_runtime: [VISION] detect() calisiyor -- bu karede 1 tespit: ['MAVI_ALTIGEN']
2026-09-01 06:17:28,039 [INFO] core.navigation.centering_controller: [CENTERING] MAVI_ALTIGEN 16/200 dx=+3px dy=-2px d=0.0m ex=+0.0047 ey=-0.0042 (tol +/-0.010) alt_err=+3.03m -> fwd=+0.00 right=+0.00 down=+1.52 m/s
2026-09-01 06:17:28,580 [INFO] core.navigation.centering_controller: [CENTERING] MAVI_ALTIGEN 21/200 dx=-26px dy=-35px d=0.2m ex=-0.0406 ey=-0.0729 (tol +/-0.010) alt_err=+2.29m -> fwd=+0.12 right=-0.15 down=+1.14 m/s
QGC port check failed, reporting UNKNOWN: (pid=3448)
2026-09-01 06:17:29,125 [INFO] core.navigation.centering_controller: [CENTERING] MAVI_ALTIGEN 26/200 dx=-22px dy=-17px d=0.1m ex=-0.0344 ey=-0.0354 (tol +/-0.010) alt_err=+1.63m -> fwd=+0.09 right=-0.12 down=+0.82 m/s
2026-09-01 06:17:29,669 [INFO] core.navigation.centering_controller: [CENTERING] MAVI_ALTIGEN 31/200 dx=+16px dy=+7px d=0.1m ex=+0.0250 ey=+0.0146 (tol +/-0.010) alt_err=+1.24m -> fwd=-0.08 right=+0.10 down=+0.62 m/s
2026-09-01 06:17:30,217 [INFO] core.navigation.centering_controller: [CENTERING] MAVI_ALTIGEN 36/200 dx=+34px dy=+30px d=0.1m ex=+0.0539 ey=+0.0615 (tol +/-0.010) alt_err=+0.94m -> fwd=-0.09 right=+0.08 down=+0.47 m/s
2026-09-01 06:17:30,758 [INFO] core.navigation.centering_controller: [CENTERING] MAVI_ALTIGEN 41/200 dx=+16px dy=+27px d=0.1m ex=+0.0242 ey=+0.0563 (tol +/-0.010) alt_err=+0.67m -> fwd=-0.08 right=+0.07 down=+0.33 m/s
2026-09-01 06:17:30,975 [INFO] core.detection.vision_runtime: [VISION] detect() calisiyor -- bu karede 1 tespit: ['MAVI_ALTIGEN']
QGC port check failed, reporting UNKNOWN: (pid=3448)
2026-09-01 06:17:31,301 [INFO] core.navigation.centering_controller: [CENTERING] MAVI_ALTIGEN 46/200 dx=-11px dy=+8px d=0.0m ex=-0.0172 ey=+0.0167 (tol +/-0.010) alt_err=+0.52m -> fwd=-0.04 right=-0.06 down=+0.26 m/s
2026-09-01 06:17:31,846 [INFO] core.navigation.centering_controller: [CENTERING] MAVI_ALTIGEN 51/200 dx=-40px dy=+0px d=0.1m ex=-0.0625 ey=+0.0000 (tol +/-0.010) alt_err=+0.39m -> fwd=+0.00 right=-0.09 down=+0.20 m/s
2026-09-01 06:17:32,397 [INFO] core.navigation.centering_controller: [CENTERING] MAVI_ALTIGEN 56/200 dx=+0px dy=+0px d=0.0m ex=+0.0000 ey=+0.0000 (tol +/-0.010) alt_err=+0.31m -> fwd=+0.00 right=+0.00 down=+0.16 m/s
2026-09-01 06:17:32,485 [INFO] gz_system.main_gz: Dashboard paint loop: 0.0 FPS (main thread)
2026-09-01 06:17:32,939 [INFO] core.navigation.centering_controller: [CENTERING] MAVI_ALTIGEN 61/200 dx=+0px dy=+0px d=0.0m ex=+0.0000 ey=+0.0000 (tol +/-0.010) alt_err=+0.22m -> fwd=+0.00 right=+0.00 down=+0.11 m/s
QGC port check failed, reporting UNKNOWN: (pid=3448)
2026-09-01 06:17:33,374 [WARNING] core.navigation.centering_controller: [LOW_ALT_OPEN_LOOP_DESCENT] MAVI_ALTIGEN: goruntu 0.64m'de kayboldu -- dondurulmus kestirime (47.3988075, 8.5461045, offset=0.0cm @ 0.64m) gore 0.45m'ye alcalmaya devam.
2026-09-01 06:17:34,037 [INFO] core.detection.vision_runtime: [VISION] detect() calisiyor -- bu karede 0 tespit: []
2026-09-01 06:17:34,582 [INFO] core.navigation.centering_controller: [LOW_ALT_OPEN_LOOP_DESCENT] MAVI_ALTIGEN: 0.488m'ye ulasildi (hedef 0.45m).
2026-09-01 06:17:34,582 [INFO] core.navigation.centering_controller: [AIM_OFFSET_APPLIED] MAVI_ALTIGEN: montaj (ileri=0.00, sag=0.04) m, yon=3.3 deg -> tutma noktasi (47.3988075, 8.5461040) olarak otelendi (kuzey +0.00, dogu -0.03 m).
QGC port check failed, reporting UNKNOWN: (pid=3448)
2026-09-01 06:17:35,128 [INFO] core.navigation.centering_controller: [MOUNT_TRANSLATE_DONE] MAVI_ALTIGEN: kalan 4.5 cm, sure 0.55 s (yakinsadi).
2026-09-01 06:17:35,128 [WARNING] core.navigation.centering_controller: [LOW_ALT_OPEN_LOOP_DESCENT] MAVI_ALTIGEN: goruntu 0.47m'de kayboldu -- dondurulmus kestirime (47.3988075, 8.5461040, offset=0.0cm @ 0.64m) gore 0.45m'ye alcalmaya devam.
2026-09-01 06:17:35,128 [INFO] core.navigation.centering_controller: [LOW_ALT_OPEN_LOOP_DESCENT] MAVI_ALTIGEN: 0.472m'ye ulasildi (hedef 0.45m).
2026-09-01 06:17:35,128 [INFO] core.navigation.centering_controller: 0.1m ileri hareket ediliyor (0.3 m/s, 0.3s)...
2026-09-01 06:17:35,562 [INFO] core.mission.payload_release: [RELEASE_OFFSET] MAVI_ALTIGEN: {'shape_type': 'MAVI_ALTIGEN', 'altitude_m': 0.473, 'target_visible': False, 'best_known_offset_cm': 9.86, 'best_known_offset_alt_m': 5.055}
2026-09-01 06:17:35,563 [INFO] core.mission.payload_release: [MOUNT_VECTOR_MEASURED] MAVI_ALTIGEN: {'world_dx': 0.0355, 'world_dy': 0.0007, 'gazebo_yaw_deg': 89.62, 'body_forward_m': 0.0009, 'body_right_m': 0.0355} (uygulanan: (0.0, 0.035))
2026-09-01 06:17:35,563 [INFO] gz_system.gz_payload_actuator: Gazebo DetachableJoint tetikleniyor: /payload/detach/red
I0901 06:17:35.563923 13018260 fork_posix.cc:71] Other threads are currently calling into gRPC, skipping fork() handlers
I0901 06:17:35.617571 13018260 fork_posix.cc:71] Other threads are currently calling into gRPC, skipping fork() handlers
I0901 06:17:35.671579 13018260 fork_posix.cc:71] Other threads are currently calling into gRPC, skipping fork() handlers
I0901 06:17:35.717420 13018260 fork_posix.cc:71] Other threads are currently calling into gRPC, skipping fork() handlers
I0901 06:17:35.768105 13018260 fork_posix.cc:71] Other threads are currently calling into gRPC, skipping fork() handlers
2026-09-01 06:17:36,692 [INFO] gz_system.gz_payload_actuator: Yuk ayrildi (red), gecikme 1.088 s.
2026-09-01 06:17:36,692 [INFO] core.mission.payload_release: [PAYLOAD_RELEASED] PAYLOAD 1 RELEASED @0.47m
QGC port check failed, reporting UNKNOWN: (pid=3448)
2026-09-01 06:17:37,089 [INFO] core.detection.vision_runtime: [VISION] detect() calisiyor -- bu karede 1 tespit: ['KIRMIZI_DIKDORTGEN']
2026-09-01 06:17:37,507 [INFO] gz_system.main_gz: Dashboard paint loop: 0.0 FPS (main thread)
2026-09-01 06:17:38,694 [INFO] core.mission.payload_release: [PAYLOAD_FINAL_POSE] MAVI_ALTIGEN: x=-4.556 y=93.119 z=0.035 merkeze 7825.2 cm egim 0.1 deg (HEDEF DISINDA)
2026-09-01 06:17:38,694 [INFO] core.mission.payload_release: Doğrulama işareti aranıyor: KIRMIZI_DIKDORTGEN
2026-09-01 06:17:38,694 [INFO] core.mission.payload_release: Yük bırakma DOĞRULANDI: KIRMIZI_DIKDORTGEN tespit edildi.
2026-09-01 06:17:38,694 [INFO] core.navigation.centering_controller: 15.0m irtifasina tirmaniliyor (goruntuden bagimsiz)...
QGC port check failed, reporting UNKNOWN: (pid=3448)
2026-09-01 06:17:40,161 [INFO] core.detection.vision_runtime: [VISION] detect() calisiyor -- bu karede 2 tespit: ['MAVI_ALTIGEN', 'KIRMIZI_DIKDORTGEN']
QGC port check failed, reporting UNKNOWN: (pid=3448)
2026-09-01 06:17:42,512 [INFO] gz_system.main_gz: Dashboard paint loop: 0.0 FPS (main thread)
QGC port check failed, reporting UNKNOWN: (pid=3448)
2026-09-01 06:17:43,201 [INFO] core.detection.vision_runtime: [VISION] detect() calisiyor -- bu karede 1 tespit: ['MAVI_ALTIGEN']
QGC port check failed, reporting UNKNOWN: (pid=3448)
2026-09-01 06:17:46,281 [INFO] core.detection.vision_runtime: [VISION] detect() calisiyor -- bu karede 2 tespit: ['MAVI_ALTIGEN', 'MAVI_DIKDORTGEN']
QGC port check failed, reporting UNKNOWN: (pid=3448)
2026-09-01 06:17:47,547 [INFO] gz_system.main_gz: Dashboard paint loop: 0.0 FPS (main thread)
2026-09-01 06:17:48,372 [INFO] core.mission.gorev2_orchestrator: SEARCH COMPLETE: MAVI_ALTIGEN ve KIRMIZI_UCGEN ikisi de kaydedildi. Mission kalici olarak sona erdi, Offboard tek yetkili.
2026-09-01 06:17:48,479 [INFO] core.mission.gorev2_orchestrator: Bir veya iki yuk hala birakilmamis -- toplu birakma calistiriliyor.
2026-09-01 06:17:48,479 [INFO] core.mission.gorev2_fsm: PAYLOAD MISSION 1 basliyor (Mavi Altigen / RED payload)
2026-09-01 06:17:48,480 [INFO] core.navigation.centering_controller: Kayitli GPS konumuna gidiliyor: lat=47.3988076, lon=8.546105899999999, alt=15.0m
2026-09-01 06:17:48,480 [INFO] core.mission.payload_release: Yük bırakma başlatılıyor: MAVI_ALTIGEN
2026-09-01 06:17:48,480 [INFO] core.navigation.centering_controller: MAVI_ALTIGEN hedefine merkezleniyor (irtifa hedefi: 10.0m, irtifa bandi +/-0.30m)...
2026-09-01 06:17:48,480 [INFO] core.navigation.centering_controller: [CENTERING] MAVI_ALTIGEN 1/200 dx=+6px dy=+3px d=0.2m ex=+0.0094 ey=+0.0063 (tol +/-0.010) alt_err=+4.71m -> fwd=+0.00 right=+0.00 down=+0.15 m/s
QGC port check failed, reporting UNKNOWN: (pid=3448)
2026-09-01 06:17:49,033 [INFO] core.navigation.centering_controller: [CENTERING] MAVI_ALTIGEN 6/200 dx=+5px dy=+3px d=0.2m ex=+0.0078 ey=+0.0063 (tol +/-0.010) alt_err=+4.63m -> fwd=+0.00 right=+0.00 down=+0.90 m/s
2026-09-01 06:17:49,364 [INFO] core.detection.vision_runtime: [VISION] detect() calisiyor -- bu karede 2 tespit: ['MAVI_ALTIGEN', 'MAVI_DIKDORTGEN']
2026-09-01 06:17:49,586 [INFO] core.navigation.centering_controller: [CENTERING] MAVI_ALTIGEN 11/200 dx=+5px dy=+5px d=0.2m ex=+0.0078 ey=+0.0104 (tol +/-0.010) alt_err=+4.04m -> fwd=-0.15 right=+0.00 down=+1.65 m/s
2026-09-01 06:17:50,139 [INFO] core.navigation.centering_controller: [CENTERING] MAVI_ALTIGEN 16/200 dx=+5px dy=+14px d=0.4m ex=+0.0078 ey=+0.0292 (tol +/-0.010) alt_err=+3.26m -> fwd=-0.15 right=+0.00 down=+1.63 m/s
2026-09-01 06:17:50,691 [INFO] core.navigation.centering_controller: [CENTERING] MAVI_ALTIGEN 21/200 dx=+5px dy=+6px d=0.2m ex=+0.0078 ey=+0.0125 (tol +/-0.010) alt_err=+2.34m -> fwd=-0.15 right=+0.00 down=+1.17 m/s
QGC port check failed, reporting UNKNOWN: (pid=3448)
2026-09-01 06:17:51,243 [INFO] core.navigation.centering_controller: [CENTERING] MAVI_ALTIGEN 26/200 dx=+5px dy=-9px d=0.2m ex=+0.0078 ey=-0.0187 (tol +/-0.010) alt_err=+1.76m -> fwd=+0.15 right=+0.00 down=+0.88 m/s
2026-09-01 06:17:51,794 [INFO] core.navigation.centering_controller: [CENTERING] MAVI_ALTIGEN 31/200 dx=+6px dy=-17px d=0.4m ex=+0.0094 ey=-0.0354 (tol +/-0.010) alt_err=+1.25m -> fwd=+0.15 right=+0.00 down=+0.62 m/s
2026-09-01 06:17:52,346 [INFO] core.navigation.centering_controller: [CENTERING] MAVI_ALTIGEN 36/200 dx=+6px dy=-3px d=0.1m ex=+0.0094 ey=-0.0063 (tol +/-0.010) alt_err=+0.95m -> fwd=+0.00 right=+0.00 down=+0.47 m/s
2026-09-01 06:17:52,455 [INFO] core.detection.vision_runtime: [VISION] detect() calisiyor -- bu karede 2 tespit: ['MAVI_ALTIGEN', 'MAVI_DIKDORTGEN']
2026-09-01 06:17:52,556 [INFO] gz_system.main_gz: Dashboard paint loop: 0.0 FPS (main thread)
2026-09-01 06:17:52,890 [INFO] core.navigation.centering_controller: [CENTERING] MAVI_ALTIGEN 41/200 dx=+5px dy=+23px d=0.5m ex=+0.0078 ey=+0.0479 (tol +/-0.010) alt_err=+0.69m -> fwd=-0.15 right=+0.00 down=+0.34 m/s
QGC port check failed, reporting UNKNOWN: (pid=3448)
2026-09-01 06:17:53,432 [INFO] core.navigation.centering_controller: [CENTERING] MAVI_ALTIGEN 46/200 dx=+6px dy=+12px d=0.3m ex=+0.0094 ey=+0.0250 (tol +/-0.010) alt_err=+0.53m -> fwd=-0.15 right=+0.00 down=+0.27 m/s
2026-09-01 06:17:53,984 [INFO] core.navigation.centering_controller: [CENTERING] MAVI_ALTIGEN 51/200 dx=+6px dy=+2px d=0.1m ex=+0.0094 ey=+0.0042 (tol +/-0.010) alt_err=+0.39m -> fwd=+0.00 right=+0.00 down=+0.20 m/s
2026-09-01 06:17:54,531 [INFO] core.navigation.centering_controller: [CENTERING] MAVI_ALTIGEN 56/200 dx=+5px dy=-20px d=0.4m ex=+0.0078 ey=-0.0417 (tol +/-0.010) alt_err=+0.31m -> fwd=+0.15 right=+0.00 down=+0.16 m/s
QGC port check failed, reporting UNKNOWN: (pid=3448)
2026-09-01 06:17:55,079 [INFO] core.navigation.centering_controller: [CENTERING] MAVI_ALTIGEN 61/200 dx=+7px dy=-9px d=0.2m ex=+0.0109 ey=-0.0187 (tol +/-0.010) alt_err=+0.23m -> fwd=+0.15 right=+0.15 down=+0.12 m/s
2026-09-01 06:17:55,514 [INFO] core.detection.vision_runtime: [VISION] detect() calisiyor -- bu karede 1 tespit: ['MAVI_ALTIGEN']
2026-09-01 06:17:55,628 [INFO] core.navigation.centering_controller: [CENTERING] MAVI_ALTIGEN 66/200 dx=+18px dy=+12px d=0.4m ex=+0.0281 ey=+0.0250 (tol +/-0.010) alt_err=+0.18m -> fwd=-0.15 right=+0.15 down=+0.09 m/s
2026-09-01 06:17:56,174 [INFO] core.navigation.centering_controller: [CENTERING] MAVI_ALTIGEN 71/200 dx=+8px dy=+20px d=0.4m ex=+0.0125 ey=+0.0417 (tol +/-0.010) alt_err=+0.13m -> fwd=-0.15 right=+0.15 down=+0.07 m/s
2026-09-01 06:17:56,716 [INFO] core.navigation.centering_controller: [CENTERING] MAVI_ALTIGEN 76/200 dx=-11px dy=+7px d=0.2m ex=-0.0172 ey=+0.0146 (tol +/-0.010) alt_err=+0.10m -> fwd=-0.15 right=-0.15 down=+0.05 m/s
QGC port check failed, reporting UNKNOWN: (pid=3448)
2026-09-01 06:17:57,259 [INFO] core.navigation.centering_controller: [CENTERING] MAVI_ALTIGEN 81/200 dx=-15px dy=-9px d=0.3m ex=-0.0234 ey=-0.0187 (tol +/-0.010) alt_err=+0.08m -> fwd=+0.15 right=-0.15 down=+0.04 m/s
2026-09-01 06:17:57,587 [INFO] gz_system.main_gz: Dashboard paint loop: 0.0 FPS (main thread)
2026-09-01 06:17:57,806 [INFO] core.navigation.centering_controller: [CENTERING] MAVI_ALTIGEN 86/200 dx=+3px dy=-18px d=0.3m ex=+0.0047 ey=-0.0375 (tol +/-0.010) alt_err=+0.05m -> fwd=+0.15 right=+0.00 down=+0.03 m/s
2026-09-01 06:17:58,353 [INFO] core.navigation.centering_controller: [CENTERING] MAVI_ALTIGEN 91/200 dx=+23px dy=-6px d=0.4m ex=+0.0359 ey=-0.0125 (tol +/-0.010) alt_err=+0.04m -> fwd=+0.15 right=+0.15 down=+0.02 m/s
2026-09-01 06:17:58,570 [INFO] core.detection.vision_runtime: [VISION] detect() calisiyor -- bu karede 1 tespit: ['MAVI_ALTIGEN']
2026-09-01 06:17:58,897 [INFO] core.navigation.centering_controller: [CENTERING] MAVI_ALTIGEN 96/200 dx=+10px dy=+11px d=0.3m ex=+0.0156 ey=+0.0229 (tol +/-0.010) alt_err=+0.04m -> fwd=-0.15 right=+0.15 down=+0.02 m/s
QGC port check failed, reporting UNKNOWN: (pid=3448)
2026-09-01 06:17:59,440 [INFO] core.navigation.centering_controller: [CENTERING] MAVI_ALTIGEN 101/200 dx=-8px dy=+19px d=0.4m ex=-0.0125 ey=+0.0396 (tol +/-0.010) alt_err=+0.04m -> fwd=-0.15 right=-0.15 down=+0.02 m/s
2026-09-01 06:17:59,986 [INFO] core.navigation.centering_controller: [CENTERING] MAVI_ALTIGEN 106/200 dx=-17px dy=+4px d=0.3m ex=-0.0266 ey=+0.0083 (tol +/-0.010) alt_err=+0.04m -> fwd=+0.00 right=-0.15 down=+0.02 m/s
2026-09-01 06:18:00,530 [INFO] core.navigation.centering_controller: [CENTERING] MAVI_ALTIGEN 111/200 dx=-2px dy=-19px d=0.4m ex=-0.0031 ey=-0.0396 (tol +/-0.010) alt_err=+0.04m -> fwd=+0.15 right=+0.00 down=+0.02 m/s
QGC port check failed, reporting UNKNOWN: (pid=3448)
2026-09-01 06:18:01,076 [INFO] core.navigation.centering_controller: [CENTERING] MAVI_ALTIGEN 116/200 dx=+21px dy=-16px d=0.5m ex=+0.0328 ey=-0.0333 (tol +/-0.010) alt_err=+0.03m -> fwd=+0.15 right=+0.15 down=+0.01 m/s
2026-09-01 06:18:01,617 [INFO] core.detection.vision_runtime: [VISION] detect() calisiyor -- bu karede 1 tespit: ['MAVI_ALTIGEN']
2026-09-01 06:18:01,618 [INFO] core.navigation.centering_controller: [CENTERING] MAVI_ALTIGEN 121/200 dx=+10px dy=-4px d=0.2m ex=+0.0156 ey=-0.0083 (tol +/-0.010) alt_err=+0.01m -> fwd=+0.00 right=+0.15 down=+0.00 m/s
2026-09-01 06:18:01,835 [INFO] core.navigation.centering_controller: Merkezleme tamamlandi. (attempt 123/200, dx=+5px dy=+4px ex=+0.0078 ey=+0.0083 alt_err=+0.00m)
2026-09-01 06:18:01,836 [INFO] core.navigation.centering_controller: MAVI_ALTIGEN hedefine merkezleniyor (irtifa hedefi: 5.0m, irtifa bandi +/-0.30m)...
2026-09-01 06:18:01,836 [INFO] core.navigation.centering_controller: [CENTERING] MAVI_ALTIGEN 1/200 dx=+5px dy=+4px d=0.1m ex=+0.0078 ey=+0.0083 (tol +/-0.010) alt_err=+5.00m -> fwd=+0.00 right=+0.00 down=+0.15 m/s
2026-09-01 06:18:02,380 [INFO] core.navigation.centering_controller: [CENTERING] MAVI_ALTIGEN 6/200 dx=-18px dy=+21px d=0.5m ex=-0.0281 ey=+0.0437 (tol +/-0.010) alt_err=+4.87m -> fwd=-0.15 right=-0.15 down=+0.90 m/s
2026-09-01 06:18:02,598 [INFO] gz_system.main_gz: Dashboard paint loop: 0.0 FPS (main thread)
2026-09-01 06:18:02,927 [INFO] core.navigation.centering_controller: [CENTERING] MAVI_ALTIGEN 11/200 dx=-16px dy=+12px d=0.3m ex=-0.0250 ey=+0.0250 (tol +/-0.010) alt_err=+4.36m -> fwd=-0.15 right=-0.15 down=+1.65 m/s
QGC port check failed, reporting UNKNOWN: (pid=3448)
2026-09-01 06:18:03,470 [INFO] core.navigation.centering_controller: [CENTERING] MAVI_ALTIGEN 16/200 dx=-6px dy=+0px d=0.1m ex=-0.0094 ey=+0.0000 (tol +/-0.010) alt_err=+3.42m -> fwd=+0.00 right=+0.00 down=+1.72 m/s
2026-09-01 06:18:04,013 [INFO] core.navigation.centering_controller: [CENTERING] MAVI_ALTIGEN 21/200 dx=+19px dy=-27px d=0.5m ex=+0.0297 ey=-0.0563 (tol +/-0.010) alt_err=+2.65m -> fwd=+0.15 right=+0.15 down=+1.33 m/s
2026-09-01 06:18:04,559 [INFO] core.navigation.centering_controller: [CENTERING] MAVI_ALTIGEN 26/200 dx=+15px dy=-14px d=0.3m ex=+0.0234 ey=-0.0292 (tol +/-0.010) alt_err=+1.99m -> fwd=+0.15 right=+0.15 down=+1.00 m/s
2026-09-01 06:18:04,667 [INFO] core.detection.vision_runtime: [VISION] detect() calisiyor -- bu karede 1 tespit: ['MAVI_ALTIGEN']
QGC port check failed, reporting UNKNOWN: (pid=3448)
2026-09-01 06:18:05,105 [INFO] core.navigation.centering_controller: [CENTERING] MAVI_ALTIGEN 31/200 dx=+4px dy=-2px d=0.1m ex=+0.0063 ey=-0.0042 (tol +/-0.010) alt_err=+1.42m -> fwd=+0.00 right=+0.00 down=+0.71 m/s
2026-09-01 06:18:05,644 [INFO] core.navigation.centering_controller: [CENTERING] MAVI_ALTIGEN 36/200 dx=-22px dy=+22px d=0.4m ex=-0.0344 ey=+0.0458 (tol +/-0.010) alt_err=+1.08m -> fwd=-0.15 right=-0.15 down=+0.54 m/s
2026-09-01 06:18:06,186 [INFO] core.navigation.centering_controller: [CENTERING] MAVI_ALTIGEN 41/200 dx=-8px dy=+8px d=0.1m ex=-0.0125 ey=+0.0167 (tol +/-0.010) alt_err=+0.78m -> fwd=-0.15 right=-0.15 down=+0.39 m/s
2026-09-01 06:18:06,729 [INFO] core.navigation.centering_controller: [CENTERING] MAVI_ALTIGEN 46/200 dx=+22px dy=-9px d=0.2m ex=+0.0344 ey=-0.0187 (tol +/-0.010) alt_err=+0.60m -> fwd=+0.15 right=+0.15 down=+0.30 m/s
QGC port check failed, reporting UNKNOWN: (pid=3448)
2026-09-01 06:18:07,276 [INFO] core.navigation.centering_controller: [CENTERING] MAVI_ALTIGEN 51/200 dx=+17px dy=-26px d=0.3m ex=+0.0266 ey=-0.0542 (tol +/-0.010) alt_err=+0.42m -> fwd=+0.15 right=+0.15 down=+0.21 m/s
2026-09-01 06:18:07,632 [INFO] gz_system.main_gz: Dashboard paint loop: 0.0 FPS (main thread)
2026-09-01 06:18:07,708 [INFO] core.detection.vision_runtime: [VISION] detect() calisiyor -- bu karede 1 tespit: ['MAVI_ALTIGEN']
2026-09-01 06:18:07,819 [INFO] core.navigation.centering_controller: [CENTERING] MAVI_ALTIGEN 56/200 dx=+4px dy=-9px d=0.1m ex=+0.0063 ey=-0.0187 (tol +/-0.010) alt_err=+0.33m -> fwd=+0.15 right=+0.00 down=+0.16 m/s
2026-09-01 06:18:08,359 [INFO] core.navigation.centering_controller: [CENTERING] MAVI_ALTIGEN 61/200 dx=-24px dy=+11px d=0.3m ex=-0.0375 ey=+0.0229 (tol +/-0.010) alt_err=+0.26m -> fwd=-0.15 right=-0.15 down=+0.13 m/s
2026-09-01 06:18:08,910 [INFO] core.navigation.centering_controller: [CENTERING] MAVI_ALTIGEN 66/200 dx=-12px dy=+26px d=0.3m ex=-0.0187 ey=+0.0542 (tol +/-0.010) alt_err=+0.19m -> fwd=-0.15 right=-0.15 down=+0.10 m/s
QGC port check failed, reporting UNKNOWN: (pid=3448)
2026-09-01 06:18:09,456 [INFO] core.navigation.centering_controller: [CENTERING] MAVI_ALTIGEN 71/200 dx=+5px dy=+13px d=0.1m ex=+0.0078 ey=+0.0271 (tol +/-0.010) alt_err=+0.15m -> fwd=-0.15 right=+0.00 down=+0.08 m/s
2026-09-01 06:18:09,997 [INFO] core.navigation.centering_controller: [CENTERING] MAVI_ALTIGEN 76/200 dx=+25px dy=-8px d=0.2m ex=+0.0391 ey=-0.0167 (tol +/-0.010) alt_err=+0.11m -> fwd=+0.15 right=+0.15 down=+0.06 m/s
2026-09-01 06:18:10,543 [INFO] core.navigation.centering_controller: [CENTERING] MAVI_ALTIGEN 81/200 dx=+9px dy=-23px d=0.2m ex=+0.0141 ey=-0.0479 (tol +/-0.010) alt_err=+0.09m -> fwd=+0.15 right=+0.15 down=+0.04 m/s
2026-09-01 06:18:10,758 [INFO] core.detection.vision_runtime: [VISION] detect() calisiyor -- bu karede 1 tespit: ['MAVI_ALTIGEN']
QGC port check failed, reporting UNKNOWN: (pid=3448)
2026-09-01 06:18:11,083 [INFO] core.navigation.centering_controller: [CENTERING] MAVI_ALTIGEN 86/200 dx=-16px dy=-4px d=0.2m ex=-0.0250 ey=-0.0083 (tol +/-0.010) alt_err=+0.06m -> fwd=+0.00 right=-0.15 down=+0.03 m/s
2026-09-01 06:18:11,626 [INFO] core.navigation.centering_controller: [CENTERING] MAVI_ALTIGEN 91/200 dx=-19px dy=+27px d=0.3m ex=-0.0297 ey=+0.0563 (tol +/-0.010) alt_err=+0.04m -> fwd=-0.15 right=-0.15 down=+0.02 m/s
2026-09-01 06:18:12,171 [INFO] core.navigation.centering_controller: [CENTERING] MAVI_ALTIGEN 96/200 dx=-3px dy=+16px d=0.2m ex=-0.0047 ey=+0.0333 (tol +/-0.010) alt_err=+0.03m -> fwd=-0.15 right=+0.00 down=+0.01 m/s
2026-09-01 06:18:12,661 [INFO] gz_system.main_gz: Dashboard paint loop: 0.0 FPS (main thread)
2026-09-01 06:18:12,715 [INFO] core.navigation.centering_controller: [CENTERING] MAVI_ALTIGEN 101/200 dx=+24px dy=+1px d=0.2m ex=+0.0375 ey=+0.0021 (tol +/-0.010) alt_err=+0.01m -> fwd=+0.00 right=+0.15 down=+0.01 m/s
QGC port check failed, reporting UNKNOWN: (pid=3448)
2026-09-01 06:18:13,260 [INFO] core.navigation.centering_controller: [CENTERING] MAVI_ALTIGEN 106/200 dx=+9px dy=-27px d=0.3m ex=+0.0141 ey=-0.0563 (tol +/-0.010) alt_err=+0.01m -> fwd=+0.15 right=+0.15 down=+0.00 m/s
2026-09-01 06:18:13,805 [INFO] core.detection.vision_runtime: [VISION] detect() calisiyor -- bu karede 1 tespit: ['MAVI_ALTIGEN']
2026-09-01 06:18:13,806 [INFO] core.navigation.centering_controller: [CENTERING] MAVI_ALTIGEN 111/200 dx=-14px dy=-10px d=0.2m ex=-0.0219 ey=-0.0208 (tol +/-0.010) alt_err=+0.01m -> fwd=+0.15 right=-0.15 down=+0.00 m/s
2026-09-01 06:18:14,350 [INFO] core.navigation.centering_controller: [CENTERING] MAVI_ALTIGEN 116/200 dx=-20px dy=+0px d=0.2m ex=-0.0312 ey=+0.0000 (tol +/-0.010) alt_err=+0.00m -> fwd=+0.00 right=-0.15 down=+0.00 m/s
2026-09-01 06:18:14,893 [INFO] core.navigation.centering_controller: [CENTERING] MAVI_ALTIGEN 121/200 dx=-5px dy=+25px d=0.2m ex=-0.0078 ey=+0.0521 (tol +/-0.010) alt_err=+0.01m -> fwd=-0.15 right=+0.00 down=+0.00 m/s
QGC port check failed, reporting UNKNOWN: (pid=3448)
2026-09-01 06:18:15,435 [INFO] core.navigation.centering_controller: [CENTERING] MAVI_ALTIGEN 126/200 dx=+21px dy=+12px d=0.2m ex=+0.0328 ey=+0.0250 (tol +/-0.010) alt_err=+0.01m -> fwd=-0.15 right=+0.15 down=+0.00 m/s
2026-09-01 06:18:15,981 [INFO] core.navigation.centering_controller: [CENTERING] MAVI_ALTIGEN 131/200 dx=+15px dy=-10px d=0.2m ex=+0.0234 ey=-0.0208 (tol +/-0.010) alt_err=-0.00m -> fwd=+0.15 right=+0.15 down=-0.00 m/s
2026-09-01 06:18:16,529 [INFO] core.navigation.centering_controller: [CENTERING] MAVI_ALTIGEN 136/200 dx=+4px dy=-24px d=0.2m ex=+0.0063 ey=-0.0500 (tol +/-0.010) alt_err=-0.00m -> fwd=+0.15 right=+0.00 down=-0.00 m/s
2026-09-01 06:18:16,858 [INFO] core.detection.vision_runtime: [VISION] detect() calisiyor -- bu karede 1 tespit: ['MAVI_ALTIGEN']
QGC port check failed, reporting UNKNOWN: (pid=3448)
2026-09-01 06:18:17,078 [INFO] core.navigation.centering_controller: [CENTERING] MAVI_ALTIGEN 141/200 dx=-27px dy=-8px d=0.3m ex=-0.0422 ey=-0.0167 (tol +/-0.010) alt_err=-0.01m -> fwd=+0.15 right=-0.15 down=-0.00 m/s
2026-09-01 06:18:17,622 [INFO] core.navigation.centering_controller: [CENTERING] MAVI_ALTIGEN 146/200 dx=-14px dy=+20px d=0.2m ex=-0.0219 ey=+0.0417 (tol +/-0.010) alt_err=-0.00m -> fwd=-0.15 right=-0.15 down=-0.00 m/s
2026-09-01 06:18:17,683 [INFO] gz_system.main_gz: Dashboard paint loop: 0.0 FPS (main thread)
2026-09-01 06:18:18,173 [INFO] core.navigation.centering_controller: [CENTERING] MAVI_ALTIGEN 151/200 dx=+3px dy=+19px d=0.2m ex=+0.0047 ey=+0.0396 (tol +/-0.010) alt_err=+0.00m -> fwd=-0.15 right=+0.00 down=+0.00 m/s
2026-09-01 06:18:18,720 [INFO] core.navigation.centering_controller: [CENTERING] MAVI_ALTIGEN 156/200 dx=+25px dy=+1px d=0.2m ex=+0.0391 ey=+0.0021 (tol +/-0.010) alt_err=+0.00m -> fwd=+0.00 right=+0.15 down=+0.00 m/s
QGC port check failed, reporting UNKNOWN: (pid=3851)
2026-09-01 06:18:19,265 [INFO] core.navigation.centering_controller: [CENTERING] MAVI_ALTIGEN 161/200 dx=+11px dy=-27px d=0.3m ex=+0.0172 ey=-0.0563 (tol +/-0.010) alt_err=-0.01m -> fwd=+0.15 right=+0.15 down=-0.00 m/s
2026-09-01 06:18:19,808 [INFO] core.navigation.centering_controller: [CENTERING] MAVI_ALTIGEN 166/200 dx=-10px dy=-12px d=0.1m ex=-0.0156 ey=-0.0250 (tol +/-0.010) alt_err=-0.01m -> fwd=+0.15 right=-0.15 down=-0.01 m/s
2026-09-01 06:18:19,916 [INFO] core.detection.vision_runtime: [VISION] detect() calisiyor -- bu karede 1 tespit: ['MAVI_ALTIGEN']
2026-09-01 06:18:20,357 [INFO] core.navigation.centering_controller: [CENTERING] MAVI_ALTIGEN 171/200 dx=-20px dy=+5px d=0.2m ex=-0.0312 ey=+0.0104 (tol +/-0.010) alt_err=-0.01m -> fwd=-0.15 right=-0.15 down=-0.01 m/s
2026-09-01 06:18:20,902 [INFO] core.navigation.centering_controller: [CENTERING] MAVI_ALTIGEN 176/200 dx=+0px dy=+24px d=0.2m ex=+0.0000 ey=+0.0500 (tol +/-0.010) alt_err=-0.01m -> fwd=-0.15 right=+0.00 down=-0.00 m/s
QGC port check failed, reporting UNKNOWN: (pid=3851)
2026-09-01 06:18:21,455 [INFO] core.navigation.centering_controller: [CENTERING] MAVI_ALTIGEN 181/200 dx=+26px dy=+5px d=0.2m ex=+0.0406 ey=+0.0104 (tol +/-0.010) alt_err=-0.02m -> fwd=-0.15 right=+0.15 down=-0.01 m/s
2026-09-01 06:18:22,000 [INFO] core.navigation.centering_controller: [CENTERING] MAVI_ALTIGEN 186/200 dx=+14px dy=-25px d=0.3m ex=+0.0219 ey=-0.0521 (tol +/-0.010) alt_err=-0.01m -> fwd=+0.15 right=+0.15 down=-0.01 m/s
2026-09-01 06:18:22,545 [INFO] core.navigation.centering_controller: [CENTERING] MAVI_ALTIGEN 191/200 dx=-5px dy=-18px d=0.2m ex=-0.0078 ey=-0.0375 (tol +/-0.010) alt_err=-0.01m -> fwd=+0.15 right=+0.00 down=-0.00 m/s
2026-09-01 06:18:22,695 [INFO] gz_system.main_gz: Dashboard paint loop: 0.0 FPS (main thread)
2026-09-01 06:18:22,990 [INFO] core.detection.vision_runtime: [VISION] detect() calisiyor -- bu karede 1 tespit: ['MAVI_ALTIGEN']
QGC port check failed, reporting UNKNOWN: (pid=3851)
2026-09-01 06:18:23,102 [INFO] core.navigation.centering_controller: [CENTERING] MAVI_ALTIGEN 196/200 dx=-24px dy=-3px d=0.2m ex=-0.0375 ey=-0.0063 (tol +/-0.010) alt_err=-0.01m -> fwd=+0.00 right=-0.15 down=-0.01 m/s
2026-09-01 06:18:23,657 [ERROR] core.navigation.centering_controller: Merkezleme zaman asimina ugradi! (200 deneme / 20.0s butcesi doldu)
2026-09-01 06:18:23,658 [WARNING] core.mission.payload_release: Yaklaşma adımı yakınsamadı (5.0m) -- devam ediliyor.
2026-09-01 06:18:23,658 [INFO] core.navigation.centering_controller: MAVI_ALTIGEN hedefine merkezleniyor (irtifa hedefi: 0.45m, irtifa bandi +/-0.05m)...
2026-09-01 06:18:23,658 [INFO] core.navigation.centering_controller: [CENTERING] MAVI_ALTIGEN 1/200 dx=-9px dy=+24px d=0.2m ex=-0.0141 ey=+0.0500 (tol +/-0.010) alt_err=+4.54m -> fwd=-0.15 right=-0.15 down=+0.15 m/s
2026-09-01 06:18:24,201 [INFO] core.navigation.centering_controller: [CENTERING] MAVI_ALTIGEN 6/200 dx=+21px dy=+12px d=0.2m ex=+0.0328 ey=+0.0250 (tol +/-0.010) alt_err=+4.40m -> fwd=-0.15 right=+0.15 down=+0.90 m/s
2026-09-01 06:18:24,750 [INFO] core.navigation.centering_controller: [CENTERING] MAVI_ALTIGEN 11/200 dx=+20px dy=-10px d=0.2m ex=+0.0312 ey=-0.0208 (tol +/-0.010) alt_err=+3.91m -> fwd=+0.15 right=+0.15 down=+1.65 m/s
QGC port check failed, reporting UNKNOWN: (pid=3851)
2026-09-01 06:18:25,303 [INFO] core.navigation.centering_controller: [CENTERING] MAVI_ALTIGEN 16/200 dx=+3px dy=-29px d=0.2m ex=+0.0047 ey=-0.0604 (tol +/-0.010) alt_err=+2.99m -> fwd=+0.15 right=+0.00 down=+1.49 m/s
2026-09-01 06:18:25,848 [INFO] core.navigation.centering_controller: [CENTERING] MAVI_ALTIGEN 21/200 dx=-29px dy=-10px d=0.2m ex=-0.0453 ey=-0.0208 (tol +/-0.010) alt_err=+2.24m -> fwd=+0.12 right=-0.15 down=+1.12 m/s
2026-09-01 06:18:26,062 [INFO] core.detection.vision_runtime: [VISION] detect() calisiyor -- bu karede 1 tespit: ['MAVI_ALTIGEN']
2026-09-01 06:18:26,391 [INFO] core.navigation.centering_controller: [CENTERING] MAVI_ALTIGEN 26/200 dx=-17px dy=+16px d=0.1m ex=-0.0266 ey=+0.0333 (tol +/-0.010) alt_err=+1.60m -> fwd=-0.09 right=-0.12 down=+0.80 m/s
2026-09-01 06:18:26,950 [INFO] core.navigation.centering_controller: [CENTERING] MAVI_ALTIGEN 31/200 dx=+22px dy=+30px d=0.1m ex=+0.0352 ey=+0.0635 (tol +/-0.010) alt_err=+1.23m -> fwd=-0.10 right=+0.10 down=+0.61 m/s
QGC port check failed, reporting UNKNOWN: (pid=3851)
2026-09-01 06:18:27,509 [INFO] core.navigation.centering_controller: [CENTERING] MAVI_ALTIGEN 36/200 dx=+37px dy=+18px d=0.1m ex=+0.0578 ey=+0.0365 (tol +/-0.010) alt_err=+0.88m -> fwd=-0.06 right=+0.09 down=+0.44 m/s
2026-09-01 06:18:27,722 [INFO] gz_system.main_gz: Dashboard paint loop: 0.0 FPS (main thread)
2026-09-01 06:18:28,061 [INFO] core.navigation.centering_controller: [CENTERING] MAVI_ALTIGEN 41/200 dx=+4px dy=+5px d=0.0m ex=+0.0055 ey=+0.0104 (tol +/-0.010) alt_err=+0.67m -> fwd=-0.05 right=+0.00 down=+0.33 m/s
2026-09-01 06:18:28,624 [INFO] core.navigation.centering_controller: [CENTERING] MAVI_ALTIGEN 46/200 dx=-4px dy=-16px d=0.0m ex=-0.0063 ey=-0.0333 (tol +/-0.010) alt_err=+0.49m -> fwd=+0.05 right=+0.00 down=+0.24 m/s
QGC port check failed, reporting UNKNOWN: (pid=3851)
2026-09-01 06:18:29,067 [INFO] core.detection.vision_runtime: [VISION] detect() calisiyor -- bu karede 2 tespit: ['MAVI_ALTIGEN', 'KIRMIZI_DIKDORTGEN']
2026-09-01 06:18:29,179 [INFO] core.navigation.centering_controller: [CENTERING] MAVI_ALTIGEN 51/200 dx=-31px dy=+0px d=0.0m ex=-0.0484 ey=+0.0000 (tol +/-0.010) alt_err=+0.37m -> fwd=+0.00 right=-0.07 down=+0.18 m/s
2026-09-01 06:18:29,731 [INFO] core.navigation.centering_controller: [CENTERING] MAVI_ALTIGEN 56/200 dx=+0px dy=+0px d=0.0m ex=+0.0000 ey=+0.0000 (tol +/-0.010) alt_err=+0.29m -> fwd=+0.00 right=+0.00 down=+0.14 m/s
2026-09-01 06:18:30,282 [INFO] core.navigation.centering_controller: [CENTERING] MAVI_ALTIGEN 61/200 dx=+0px dy=+0px d=0.0m ex=+0.0000 ey=+0.0000 (tol +/-0.010) alt_err=+0.21m -> fwd=+0.00 right=+0.00 down=+0.11 m/s
2026-09-01 06:18:30,834 [INFO] core.navigation.centering_controller: [CENTERING] MAVI_ALTIGEN 66/200 dx=+0px dy=+0px d=0.0m ex=+0.0000 ey=+0.0000 (tol +/-0.010) alt_err=+0.16m -> fwd=+0.00 right=+0.00 down=+0.08 m/s
2026-09-01 06:18:30,945 [WARNING] core.navigation.centering_controller: [LOW_ALT_OPEN_LOOP_DESCENT] MAVI_ALTIGEN: goruntu 0.61m'de kayboldu -- dondurulmus kestirime (47.3988076, 8.5461045, offset=0.0cm @ 0.61m) gore 0.45m'ye alcalmaya devam.
QGC port check failed, reporting UNKNOWN: (pid=3851)
2026-09-01 06:18:31,824 [INFO] core.navigation.centering_controller: [LOW_ALT_OPEN_LOOP_DESCENT] MAVI_ALTIGEN: 0.495m'ye ulasildi (hedef 0.45m).
2026-09-01 06:18:31,824 [INFO] core.navigation.centering_controller: [AIM_OFFSET_APPLIED] MAVI_ALTIGEN: montaj (ileri=0.00, sag=0.04) m, yon=1.4 deg -> tutma noktasi (47.3988076, 8.5461041) olarak otelendi (kuzey +0.00, dogu -0.03 m).
2026-09-01 06:18:32,152 [INFO] core.detection.vision_runtime: [VISION] detect() calisiyor -- bu karede 1 tespit: ['KIRMIZI_DIKDORTGEN']
2026-09-01 06:18:32,372 [INFO] core.navigation.centering_controller: [MOUNT_TRANSLATE_DONE] MAVI_ALTIGEN: kalan 3.9 cm, sure 0.55 s (yakinsadi).
2026-09-01 06:18:32,372 [WARNING] core.navigation.centering_controller: [LOW_ALT_OPEN_LOOP_DESCENT] MAVI_ALTIGEN: goruntu 0.48m'de kayboldu -- dondurulmus kestirime (47.3988076, 8.5461041, offset=0.0cm @ 0.61m) gore 0.45m'ye alcalmaya devam.
2026-09-01 06:18:32,372 [INFO] core.navigation.centering_controller: [LOW_ALT_OPEN_LOOP_DESCENT] MAVI_ALTIGEN: 0.479m'ye ulasildi (hedef 0.45m).
2026-09-01 06:18:32,372 [INFO] core.navigation.centering_controller: 0.1m ileri hareket ediliyor (0.3 m/s, 0.3s)...
2026-09-01 06:18:32,731 [INFO] gz_system.main_gz: Dashboard paint loop: 0.0 FPS (main thread)
2026-09-01 06:18:32,816 [INFO] core.mission.payload_release: [RELEASE_OFFSET] MAVI_ALTIGEN: {'shape_type': 'MAVI_ALTIGEN', 'altitude_m': 0.49, 'target_visible': False, 'best_known_offset_cm': 25.11, 'best_known_offset_alt_m': 4.986}
2026-09-01 06:18:32,816 [INFO] core.mission.payload_release: [MOUNT_VECTOR_MEASURED] MAVI_ALTIGEN: {'world_dx': -0.0484, 'world_dy': 0.0966, 'gazebo_yaw_deg': 90.31, 'body_forward_m': 0.0968, 'body_right_m': -0.0478} (uygulanan: (0.0, 0.035))
2026-09-01 06:18:32,816 [INFO] gz_system.gz_payload_actuator: Gazebo DetachableJoint tetikleniyor: /payload/detach/red
I0901 06:18:32.817700 13018260 fork_posix.cc:71] Other threads are currently calling into gRPC, skipping fork() handlers
I0901 06:18:32.872606 13018260 fork_posix.cc:71] Other threads are currently calling into gRPC, skipping fork() handlers
I0901 06:18:32.929799 13018260 fork_posix.cc:71] Other threads are currently calling into gRPC, skipping fork() handlers
I0901 06:18:33.000210 13018260 fork_posix.cc:71] Other threads are currently calling into gRPC, skipping fork() handlers
I0901 06:18:33.023778 13018260 fork_posix.cc:71] Other threads are currently calling into gRPC, skipping fork() handlers
QGC port check failed, reporting UNKNOWN: (pid=3851)
2026-09-01 06:18:34,004 [INFO] gz_system.gz_payload_actuator: Yuk ayrildi (red), gecikme 0.000 s.
2026-09-01 06:18:34,005 [INFO] core.mission.payload_release: [PAYLOAD_RELEASED] PAYLOAD 2 RELEASED @0.49m
QGC port check failed, reporting UNKNOWN: (pid=3851)
2026-09-01 06:18:35,258 [INFO] core.detection.vision_runtime: [VISION] detect() calisiyor -- bu karede 1 tespit: ['KIRMIZI_DIKDORTGEN']
2026-09-01 06:18:36,007 [INFO] core.mission.payload_release: [PAYLOAD_FINAL_POSE] MAVI_ALTIGEN: x=-4.556 y=93.119 z=0.040 merkeze 7825.2 cm egim 0.1 deg (HEDEF DISINDA)
2026-09-01 06:18:36,007 [INFO] core.mission.payload_release: Doğrulama işareti aranıyor: KIRMIZI_DIKDORTGEN
2026-09-01 06:18:36,007 [INFO] core.mission.payload_release: Yük bırakma DOĞRULANDI: KIRMIZI_DIKDORTGEN tespit edildi.
2026-09-01 06:18:36,007 [INFO] core.navigation.centering_controller: 15.0m irtifasina tirmaniliyor (goruntuden bagimsiz)...
QGC port check failed, reporting UNKNOWN: (pid=3851)
2026-09-01 06:18:37,761 [INFO] gz_system.main_gz: Dashboard paint loop: 0.0 FPS (main thread)
2026-09-01 06:18:38,350 [INFO] core.detection.vision_runtime: [VISION] detect() calisiyor -- bu karede 1 tespit: ['MAVI_ALTIGEN']
QGC port check failed, reporting UNKNOWN: (pid=3851)
QGC port check failed, reporting UNKNOWN: (pid=3851)
2026-09-01 06:18:41,415 [INFO] core.detection.vision_runtime: [VISION] detect() calisiyor -- bu karede 2 tespit: ['MAVI_ALTIGEN', 'MAVI_DIKDORTGEN']
2026-09-01 06:18:42,795 [INFO] gz_system.main_gz: Dashboard paint loop: 0.0 FPS (main thread)
QGC port check failed, reporting UNKNOWN: (pid=3851)
2026-09-01 06:18:44,518 [INFO] core.detection.vision_runtime: [VISION] detect() calisiyor -- bu karede 2 tespit: ['MAVI_ALTIGEN', 'MAVI_DIKDORTGEN']
QGC port check failed, reporting UNKNOWN: (pid=3851)
2026-09-01 06:18:45,740 [INFO] core.mission.gorev2_fsm: PAYLOAD MISSION 2 basliyor (Kirmizi Ucgen / BLUE payload)
2026-09-01 06:18:45,740 [INFO] core.navigation.centering_controller: Kayitli GPS konumuna gidiliyor: lat=47.398184, lon=8.5461412, alt=15.0m
QGC port check failed, reporting UNKNOWN: (pid=3851)
2026-09-01 06:18:47,613 [INFO] core.detection.vision_runtime: [VISION] detect() calisiyor -- bu karede 0 tespit: []
2026-09-01 06:18:47,823 [INFO] gz_system.main_gz: Dashboard paint loop: 0.0 FPS (main thread)
QGC port check failed, reporting UNKNOWN: (pid=3851)
2026-09-01 06:18:50,716 [INFO] core.detection.vision_runtime: [VISION] detect() calisiyor -- bu karede 0 tespit: []
QGC port check failed, reporting UNKNOWN: (pid=3851)
2026-09-01 06:18:52,855 [INFO] gz_system.main_gz: Dashboard paint loop: 0.0 FPS (main thread)
QGC port check failed, reporting UNKNOWN: (pid=3851)
2026-09-01 06:18:53,787 [INFO] core.detection.vision_runtime: [VISION] detect() calisiyor -- bu karede 1 tespit: ['KIRMIZI_UCGEN']
2026-09-01 06:18:53,898 [INFO] core.mission.payload_release: Yük bırakma başlatılıyor: KIRMIZI_UCGEN
2026-09-01 06:18:53,898 [INFO] core.navigation.centering_controller: KIRMIZI_UCGEN hedefine merkezleniyor (irtifa hedefi: 10.0m, irtifa bandi +/-0.30m)...
2026-09-01 06:18:53,899 [INFO] core.navigation.centering_controller: [CENTERING] KIRMIZI_UCGEN 1/200 dx=+10px dy=-205px d=5.7m ex=+0.0156 ey=-0.4271 (tol +/-0.010) alt_err=+5.01m -> fwd=+0.15 right=+0.15 down=+0.15 m/s
2026-09-01 06:18:54,449 [INFO] core.navigation.centering_controller: [CENTERING] KIRMIZI_UCGEN 6/200 dx=+11px dy=-54px d=1.5m ex=+0.0172 ey=-0.1125 (tol +/-0.010) alt_err=+4.89m -> fwd=+0.17 right=+0.15 down=+0.90 m/s
2026-09-01 06:18:54,998 [INFO] core.navigation.centering_controller: [CENTERING] KIRMIZI_UCGEN 11/200 dx=+3px dy=-41px d=1.1m ex=+0.0047 ey=-0.0854 (tol +/-0.010) alt_err=+4.40m -> fwd=+0.15 right=+0.00 down=+1.65 m/s
QGC port check failed, reporting UNKNOWN: (pid=3851)
2026-09-01 06:18:55,546 [INFO] core.navigation.centering_controller: [CENTERING] KIRMIZI_UCGEN 16/200 dx=-20px dy=-48px d=1.3m ex=-0.0312 ey=-0.1000 (tol +/-0.010) alt_err=+3.45m -> fwd=+0.15 right=-0.15 down=+1.73 m/s
2026-09-01 06:18:56,102 [INFO] core.navigation.centering_controller: [CENTERING] KIRMIZI_UCGEN 21/200 dx=-7px dy=-47px d=1.1m ex=-0.0109 ey=-0.0979 (tol +/-0.010) alt_err=+2.65m -> fwd=+0.15 right=-0.15 down=+1.32 m/s
2026-09-01 06:18:56,657 [INFO] core.navigation.centering_controller: [CENTERING] KIRMIZI_UCGEN 26/200 dx=+12px dy=-40px d=0.9m ex=+0.0187 ey=-0.0833 (tol +/-0.010) alt_err=+1.84m -> fwd=+0.15 right=+0.15 down=+0.92 m/s
2026-09-01 06:18:56,878 [INFO] core.detection.vision_runtime: [VISION] detect() calisiyor -- bu karede 1 tespit: ['KIRMIZI_UCGEN']
QGC port check failed, reporting UNKNOWN: (pid=3851)
2026-09-01 06:18:57,212 [INFO] core.navigation.centering_controller: [CENTERING] KIRMIZI_UCGEN 31/200 dx=+17px dy=-30px d=0.7m ex=+0.0266 ey=-0.0625 (tol +/-0.010) alt_err=+1.38m -> fwd=+0.15 right=+0.15 down=+0.69 m/s
2026-09-01 06:18:57,759 [INFO] core.navigation.centering_controller: [CENTERING] KIRMIZI_UCGEN 36/200 dx=+4px dy=-18px d=0.4m ex=+0.0063 ey=-0.0375 (tol +/-0.010) alt_err=+0.97m -> fwd=+0.15 right=+0.00 down=+0.48 m/s
2026-09-01 06:18:57,861 [INFO] gz_system.main_gz: Dashboard paint loop: 0.0 FPS (main thread)
2026-09-01 06:18:58,311 [INFO] core.navigation.centering_controller: [CENTERING] KIRMIZI_UCGEN 41/200 dx=-22px dy=-3px d=0.4m ex=-0.0344 ey=-0.0063 (tol +/-0.010) alt_err=+0.72m -> fwd=+0.00 right=-0.15 down=+0.36 m/s
2026-09-01 06:18:58,869 [INFO] core.navigation.centering_controller: [CENTERING] KIRMIZI_UCGEN 46/200 dx=-9px dy=+32px d=0.6m ex=-0.0141 ey=+0.0667 (tol +/-0.010) alt_err=+0.52m -> fwd=-0.15 right=-0.15 down=+0.26 m/s
QGC port check failed, reporting UNKNOWN: (pid=3851)
2026-09-01 06:18:59,423 [INFO] core.navigation.centering_controller: [CENTERING] KIRMIZI_UCGEN 51/200 dx=+12px dy=+32px d=0.7m ex=+0.0187 ey=+0.0667 (tol +/-0.010) alt_err=+0.40m -> fwd=-0.15 right=+0.15 down=+0.20 m/s
2026-09-01 06:18:59,973 [INFO] core.detection.vision_runtime: [VISION] detect() calisiyor -- bu karede 1 tespit: ['KIRMIZI_UCGEN']
2026-09-01 06:18:59,974 [INFO] core.navigation.centering_controller: [CENTERING] KIRMIZI_UCGEN 56/200 dx=+15px dy=+33px d=0.7m ex=+0.0234 ey=+0.0688 (tol +/-0.010) alt_err=+0.30m -> fwd=-0.15 right=+0.15 down=+0.15 m/s
2026-09-01 06:19:00,531 [INFO] core.navigation.centering_controller: [CENTERING] KIRMIZI_UCGEN 61/200 dx=-10px dy=+37px d=0.7m ex=-0.0156 ey=+0.0771 (tol +/-0.010) alt_err=+0.22m -> fwd=-0.15 right=-0.15 down=+0.11 m/s
2026-09-01 06:19:01,079 [INFO] core.navigation.centering_controller: [CENTERING] KIRMIZI_UCGEN 66/200 dx=-21px dy=+43px d=0.9m ex=-0.0328 ey=+0.0896 (tol +/-0.010) alt_err=+0.17m -> fwd=-0.15 right=-0.15 down=+0.09 m/s
QGC port check failed, reporting UNKNOWN: (pid=3851)
2026-09-01 06:19:01,634 [INFO] core.navigation.centering_controller: [CENTERING] KIRMIZI_UCGEN 71/200 dx=-6px dy=+46px d=0.9m ex=-0.0094 ey=+0.0958 (tol +/-0.010) alt_err=+0.13m -> fwd=-0.15 right=+0.00 down=+0.06 m/s
2026-09-01 06:19:02,187 [INFO] core.navigation.centering_controller: [CENTERING] KIRMIZI_UCGEN 76/200 dx=+15px dy=+48px d=0.9m ex=+0.0234 ey=+0.1000 (tol +/-0.010) alt_err=+0.10m -> fwd=-0.15 right=+0.15 down=+0.05 m/s
2026-09-01 06:19:02,745 [INFO] core.navigation.centering_controller: [CENTERING] KIRMIZI_UCGEN 81/200 dx=+11px dy=+50px d=1.0m ex=+0.0172 ey=+0.1042 (tol +/-0.010) alt_err=+0.06m -> fwd=-0.16 right=+0.15 down=+0.03 m/s
2026-09-01 06:19:02,867 [INFO] gz_system.main_gz: Dashboard paint loop: 0.0 FPS (main thread)
2026-09-01 06:19:03,072 [INFO] core.detection.vision_runtime: [VISION] detect() calisiyor -- bu karede 1 tespit: ['KIRMIZI_UCGEN']
QGC port check failed, reporting UNKNOWN: (pid=3851)
2026-09-01 06:19:03,292 [INFO] core.navigation.centering_controller: [CENTERING] KIRMIZI_UCGEN 86/200 dx=-12px dy=+50px d=1.0m ex=-0.0187 ey=+0.1042 (tol +/-0.010) alt_err=+0.04m -> fwd=-0.16 right=-0.15 down=+0.02 m/s
2026-09-01 06:19:03,841 [INFO] core.navigation.centering_controller: [CENTERING] KIRMIZI_UCGEN 91/200 dx=-20px dy=+49px d=1.0m ex=-0.0312 ey=+0.1021 (tol +/-0.010) alt_err=+0.02m -> fwd=-0.15 right=-0.15 down=+0.01 m/s
2026-09-01 06:19:04,393 [INFO] core.navigation.centering_controller: [CENTERING] KIRMIZI_UCGEN 96/200 dx=-4px dy=+47px d=0.9m ex=-0.0063 ey=+0.0979 (tol +/-0.010) alt_err=+0.01m -> fwd=-0.15 right=+0.00 down=+0.00 m/s
2026-09-01 06:19:04,948 [INFO] core.navigation.centering_controller: [CENTERING] KIRMIZI_UCGEN 101/200 dx=+19px dy=+45px d=0.9m ex=+0.0297 ey=+0.0938 (tol +/-0.010) alt_err=+0.00m -> fwd=-0.15 right=+0.15 down=+0.00 m/s
QGC port check failed, reporting UNKNOWN: (pid=3851)
2026-09-01 06:19:05,511 [INFO] core.navigation.centering_controller: [CENTERING] KIRMIZI_UCGEN 106/200 dx=+13px dy=+43px d=0.8m ex=+0.0203 ey=+0.0896 (tol +/-0.010) alt_err=-0.00m -> fwd=-0.15 right=+0.15 down=-0.00 m/s
2026-09-01 06:19:06,063 [INFO] core.navigation.centering_controller: [CENTERING] KIRMIZI_UCGEN 111/200 dx=-9px dy=+40px d=0.8m ex=-0.0141 ey=+0.0833 (tol +/-0.010) alt_err=+0.01m -> fwd=-0.15 right=-0.15 down=+0.00 m/s
2026-09-01 06:19:06,174 [INFO] core.detection.vision_runtime: [VISION] detect() calisiyor -- bu karede 1 tespit: ['KIRMIZI_UCGEN']
2026-09-01 06:19:06,624 [INFO] core.navigation.centering_controller: [CENTERING] KIRMIZI_UCGEN 116/200 dx=-17px dy=+37px d=0.8m ex=-0.0266 ey=+0.0771 (tol +/-0.010) alt_err=+0.00m -> fwd=-0.15 right=-0.15 down=+0.00 m/s
QGC port check failed, reporting UNKNOWN: (pid=3851)
2026-09-01 06:19:07,181 [INFO] core.navigation.centering_controller: [CENTERING] KIRMIZI_UCGEN 121/200 dx=-3px dy=+33px d=0.6m ex=-0.0047 ey=+0.0688 (tol +/-0.010) alt_err=-0.01m -> fwd=-0.15 right=+0.00 down=-0.01 m/s
2026-09-01 06:19:07,740 [INFO] core.navigation.centering_controller: [CENTERING] KIRMIZI_UCGEN 126/200 dx=+18px dy=+27px d=0.6m ex=+0.0281 ey=+0.0563 (tol +/-0.010) alt_err=-0.02m -> fwd=-0.15 right=+0.15 down=-0.01 m/s
2026-09-01 06:19:07,907 [INFO] gz_system.main_gz: Dashboard paint loop: 0.0 FPS (main thread)
2026-09-01 06:19:08,297 [INFO] core.navigation.centering_controller: [CENTERING] KIRMIZI_UCGEN 131/200 dx=+13px dy=+24px d=0.5m ex=+0.0203 ey=+0.0500 (tol +/-0.010) alt_err=-0.01m -> fwd=-0.15 right=+0.15 down=-0.01 m/s
2026-09-01 06:19:08,850 [INFO] core.navigation.centering_controller: [CENTERING] KIRMIZI_UCGEN 136/200 dx=-4px dy=+20px d=0.4m ex=-0.0063 ey=+0.0417 (tol +/-0.010) alt_err=-0.00m -> fwd=-0.15 right=+0.00 down=-0.00 m/s
QGC port check failed, reporting UNKNOWN: (pid=3851)
2026-09-01 06:19:09,178 [INFO] core.detection.vision_runtime: [VISION] detect() calisiyor -- bu karede 1 tespit: ['KIRMIZI_UCGEN']
2026-09-01 06:19:09,398 [INFO] core.navigation.centering_controller: [CENTERING] KIRMIZI_UCGEN 141/200 dx=-20px dy=+17px d=0.5m ex=-0.0312 ey=+0.0354 (tol +/-0.010) alt_err=-0.01m -> fwd=-0.15 right=-0.15 down=-0.00 m/s
2026-09-01 06:19:09,948 [INFO] core.navigation.centering_controller: [CENTERING] KIRMIZI_UCGEN 146/200 dx=-6px dy=+14px d=0.3m ex=-0.0094 ey=+0.0292 (tol +/-0.010) alt_err=-0.01m -> fwd=-0.15 right=+0.00 down=-0.01 m/s
2026-09-01 06:19:10,501 [INFO] core.navigation.centering_controller: [CENTERING] KIRMIZI_UCGEN 151/200 dx=+14px dy=+10px d=0.3m ex=+0.0219 ey=+0.0208 (tol +/-0.010) alt_err=-0.01m -> fwd=-0.15 right=+0.15 down=-0.01 m/s
2026-09-01 06:19:11,058 [INFO] core.navigation.centering_controller: [CENTERING] KIRMIZI_UCGEN 156/200 dx=+12px dy=+6px d=0.2m ex=+0.0187 ey=+0.0125 (tol +/-0.010) alt_err=-0.01m -> fwd=-0.15 right=+0.15 down=-0.01 m/s
QGC port check failed, reporting UNKNOWN: (pid=3851)
2026-09-01 06:19:11,387 [INFO] core.navigation.centering_controller: Merkezleme tamamlandi. (attempt 159/200, dx=+2px dy=+4px ex=+0.0031 ey=+0.0083 alt_err=-0.01m)
2026-09-01 06:19:11,389 [INFO] core.navigation.centering_controller: KIRMIZI_UCGEN hedefine merkezleniyor (irtifa hedefi: 5.0m, irtifa bandi +/-0.30m)...
2026-09-01 06:19:11,390 [INFO] core.navigation.centering_controller: [CENTERING] KIRMIZI_UCGEN 1/200 dx=+2px dy=+4px d=0.1m ex=+0.0031 ey=+0.0083 (tol +/-0.010) alt_err=+4.99m -> fwd=+0.00 right=+0.00 down=+0.15 m/s
2026-09-01 06:19:11,940 [INFO] core.navigation.centering_controller: [CENTERING] KIRMIZI_UCGEN 6/200 dx=-23px dy=-16px d=0.5m ex=-0.0359 ey=-0.0333 (tol +/-0.010) alt_err=+4.86m -> fwd=+0.15 right=-0.15 down=+0.90 m/s
2026-09-01 06:19:12,269 [INFO] core.detection.vision_runtime: [VISION] detect() calisiyor -- bu karede 1 tespit: ['KIRMIZI_UCGEN']
2026-09-01 06:19:12,491 [INFO] core.navigation.centering_controller: [CENTERING] KIRMIZI_UCGEN 11/200 dx=-12px dy=-12px d=0.3m ex=-0.0187 ey=-0.0250 (tol +/-0.010) alt_err=+4.36m -> fwd=+0.15 right=-0.15 down=+1.65 m/s
2026-09-01 06:19:12,923 [INFO] gz_system.main_gz: Dashboard paint loop: 0.0 FPS (main thread)
2026-09-01 06:19:13,041 [INFO] core.navigation.centering_controller: [CENTERING] KIRMIZI_UCGEN 16/200 dx=-5px dy=+0px d=0.1m ex=-0.0078 ey=+0.0000 (tol +/-0.010) alt_err=+3.42m -> fwd=+0.00 right=+0.00 down=+1.71 m/s
QGC port check failed, reporting UNKNOWN: (pid=3851)
2026-09-01 06:19:13,591 [INFO] core.navigation.centering_controller: [CENTERING] KIRMIZI_UCGEN 21/200 dx=+22px dy=+27px d=0.5m ex=+0.0344 ey=+0.0563 (tol +/-0.010) alt_err=+2.66m -> fwd=-0.15 right=+0.15 down=+1.33 m/s
2026-09-01 06:19:14,139 [INFO] core.navigation.centering_controller: [CENTERING] KIRMIZI_UCGEN 26/200 dx=+10px dy=+13px d=0.2m ex=+0.0156 ey=+0.0271 (tol +/-0.010) alt_err=+1.87m -> fwd=-0.15 right=+0.15 down=+0.94 m/s
2026-09-01 06:19:14,696 [INFO] core.navigation.centering_controller: [CENTERING] KIRMIZI_UCGEN 31/200 dx=-10px dy=+2px d=0.1m ex=-0.0156 ey=+0.0042 (tol +/-0.010) alt_err=+1.42m -> fwd=+0.00 right=-0.15 down=+0.71 m/s
QGC port check failed, reporting UNKNOWN: (pid=3851)
2026-09-01 06:19:15,249 [INFO] core.navigation.centering_controller: [CENTERING] KIRMIZI_UCGEN 36/200 dx=-20px dy=-24px d=0.3m ex=-0.0312 ey=-0.0500 (tol +/-0.010) alt_err=+1.01m -> fwd=+0.15 right=-0.15 down=+0.51 m/s
2026-09-01 06:19:15,357 [INFO] core.detection.vision_runtime: [VISION] detect() calisiyor -- bu karede 1 tespit: ['KIRMIZI_UCGEN']
2026-09-01 06:19:15,799 [INFO] core.navigation.centering_controller: [CENTERING] KIRMIZI_UCGEN 41/200 dx=-4px dy=-11px d=0.1m ex=-0.0063 ey=-0.0229 (tol +/-0.010) alt_err=+0.77m -> fwd=+0.15 right=+0.00 down=+0.39 m/s
2026-09-01 06:19:16,353 [INFO] core.navigation.centering_controller: [CENTERING] KIRMIZI_UCGEN 46/200 dx=+25px dy=+6px d=0.3m ex=+0.0391 ey=+0.0125 (tol +/-0.010) alt_err=+0.56m -> fwd=-0.15 right=+0.15 down=+0.28 m/s
2026-09-01 06:19:16,908 [INFO] core.navigation.centering_controller: [CENTERING] KIRMIZI_UCGEN 51/200 dx=+12px dy=+24px d=0.3m ex=+0.0187 ey=+0.0500 (tol +/-0.010) alt_err=+0.44m -> fwd=-0.15 right=+0.15 down=+0.22 m/s
QGC port check failed, reporting UNKNOWN: (pid=3851)
2026-09-01 06:19:17,459 [INFO] core.navigation.centering_controller: [CENTERING] KIRMIZI_UCGEN 56/200 dx=-12px dy=+9px d=0.1m ex=-0.0187 ey=+0.0187 (tol +/-0.010) alt_err=+0.33m -> fwd=-0.15 right=-0.15 down=+0.17 m/s
2026-09-01 06:19:17,939 [INFO] gz_system.main_gz: Dashboard paint loop: 0.0 FPS (main thread)
2026-09-01 06:19:18,011 [INFO] core.navigation.centering_controller: [CENTERING] KIRMIZI_UCGEN 61/200 dx=-25px dy=-14px d=0.3m ex=-0.0391 ey=-0.0292 (tol +/-0.010) alt_err=+0.27m -> fwd=+0.15 right=-0.15 down=+0.13 m/s
2026-09-01 06:19:18,448 [INFO] core.detection.vision_runtime: [VISION] detect() calisiyor -- bu karede 1 tespit: ['KIRMIZI_UCGEN']
2026-09-01 06:19:18,557 [INFO] core.navigation.centering_controller: [CENTERING] KIRMIZI_UCGEN 66/200 dx=-7px dy=-19px d=0.2m ex=-0.0109 ey=-0.0396 (tol +/-0.010) alt_err=+0.20m -> fwd=+0.15 right=-0.15 down=+0.10 m/s
2026-09-01 06:19:19,112 [INFO] core.navigation.centering_controller: [CENTERING] KIRMIZI_UCGEN 71/200 dx=+16px dy=-3px d=0.2m ex=+0.0250 ey=-0.0063 (tol +/-0.010) alt_err=+0.16m -> fwd=+0.00 right=+0.15 down=+0.08 m/s
QGC port check failed, reporting UNKNOWN: (pid=3851)
2026-09-01 06:19:19,668 [INFO] core.navigation.centering_controller: [CENTERING] KIRMIZI_UCGEN 76/200 dx=+19px dy=+25px d=0.3m ex=+0.0297 ey=+0.0521 (tol +/-0.010) alt_err=+0.13m -> fwd=-0.15 right=+0.15 down=+0.07 m/s
2026-09-01 06:19:20,214 [INFO] core.navigation.centering_controller: [CENTERING] KIRMIZI_UCGEN 81/200 dx=+5px dy=+13px d=0.1m ex=+0.0078 ey=+0.0271 (tol +/-0.010) alt_err=+0.11m -> fwd=-0.15 right=+0.00 down=+0.06 m/s
2026-09-01 06:19:20,765 [INFO] core.navigation.centering_controller: [CENTERING] KIRMIZI_UCGEN 86/200 dx=-19px dy=+1px d=0.2m ex=-0.0297 ey=+0.0021 (tol +/-0.010) alt_err=+0.08m -> fwd=+0.00 right=-0.15 down=+0.04 m/s
QGC port check failed, reporting UNKNOWN: (pid=3851)
2026-09-01 06:19:21,315 [INFO] core.navigation.centering_controller: [CENTERING] KIRMIZI_UCGEN 91/200 dx=-15px dy=-26px d=0.3m ex=-0.0234 ey=-0.0542 (tol +/-0.010) alt_err=+0.06m -> fwd=+0.15 right=-0.15 down=+0.03 m/s
2026-09-01 06:19:21,532 [INFO] core.detection.vision_runtime: [VISION] detect() calisiyor -- bu karede 1 tespit: ['KIRMIZI_UCGEN']
2026-09-01 06:19:21,864 [INFO] core.navigation.centering_controller: [CENTERING] KIRMIZI_UCGEN 96/200 dx=+6px dy=-10px d=0.1m ex=+0.0094 ey=-0.0208 (tol +/-0.010) alt_err=+0.04m -> fwd=+0.15 right=+0.00 down=+0.02 m/s
2026-09-01 06:19:22,412 [INFO] core.navigation.centering_controller: [CENTERING] KIRMIZI_UCGEN 101/200 dx=+25px dy=+10px d=0.3m ex=+0.0391 ey=+0.0208 (tol +/-0.010) alt_err=+0.04m -> fwd=-0.15 right=+0.15 down=+0.02 m/s
2026-09-01 06:19:22,960 [INFO] core.navigation.centering_controller: [CENTERING] KIRMIZI_UCGEN 106/200 dx=+8px dy=+25px d=0.2m ex=+0.0125 ey=+0.0521 (tol +/-0.010) alt_err=+0.04m -> fwd=-0.15 right=+0.15 down=+0.02 m/s
2026-09-01 06:19:22,962 [INFO] gz_system.main_gz: Dashboard paint loop: 0.0 FPS (main thread)
QGC port check failed, reporting UNKNOWN: (pid=3851)
2026-09-01 06:19:23,516 [INFO] core.navigation.centering_controller: [CENTERING] KIRMIZI_UCGEN 111/200 dx=-17px dy=+9px d=0.2m ex=-0.0266 ey=+0.0187 (tol +/-0.010) alt_err=+0.04m -> fwd=-0.15 right=-0.15 down=+0.02 m/s
2026-09-01 06:19:24,067 [INFO] core.navigation.centering_controller: [CENTERING] KIRMIZI_UCGEN 116/200 dx=-20px dy=-10px d=0.2m ex=-0.0312 ey=-0.0208 (tol +/-0.010) alt_err=+0.03m -> fwd=+0.15 right=-0.15 down=+0.01 m/s
2026-09-01 06:19:24,623 [INFO] core.detection.vision_runtime: [VISION] detect() calisiyor -- bu karede 1 tespit: ['KIRMIZI_UCGEN']
2026-09-01 06:19:24,624 [INFO] core.navigation.centering_controller: [CENTERING] KIRMIZI_UCGEN 121/200 dx=-4px dy=-26px d=0.2m ex=-0.0063 ey=-0.0542 (tol +/-0.010) alt_err=+0.01m -> fwd=+0.15 right=+0.00 down=+0.01 m/s
QGC port check failed, reporting UNKNOWN: (pid=3851)
2026-09-01 06:19:25,175 [INFO] core.navigation.centering_controller: [CENTERING] KIRMIZI_UCGEN 126/200 dx=+27px dy=-10px d=0.3m ex=+0.0422 ey=-0.0208 (tol +/-0.010) alt_err=+0.00m -> fwd=+0.15 right=+0.15 down=+0.00 m/s
2026-09-01 06:19:25,730 [INFO] core.navigation.centering_controller: [CENTERING] KIRMIZI_UCGEN 131/200 dx=+14px dy=+13px d=0.2m ex=+0.0219 ey=+0.0271 (tol +/-0.010) alt_err=-0.00m -> fwd=-0.15 right=+0.15 down=-0.00 m/s
2026-09-01 06:19:26,282 [INFO] core.navigation.centering_controller: [CENTERING] KIRMIZI_UCGEN 136/200 dx=-4px dy=+22px d=0.2m ex=-0.0063 ey=+0.0458 (tol +/-0.010) alt_err=-0.01m -> fwd=-0.15 right=+0.00 down=-0.00 m/s
2026-09-01 06:19:26,836 [INFO] core.navigation.centering_controller: [CENTERING] KIRMIZI_UCGEN 141/200 dx=-26px dy=+5px d=0.2m ex=-0.0406 ey=+0.0104 (tol +/-0.010) alt_err=-0.00m -> fwd=-0.15 right=-0.15 down=-0.00 m/s
QGC port check failed, reporting UNKNOWN: (pid=3851)
2026-09-01 06:19:27,385 [INFO] core.navigation.centering_controller: [CENTERING] KIRMIZI_UCGEN 146/200 dx=-9px dy=-24px d=0.2m ex=-0.0141 ey=-0.0500 (tol +/-0.010) alt_err=+0.00m -> fwd=+0.15 right=-0.15 down=+0.00 m/s
2026-09-01 06:19:27,716 [INFO] core.detection.vision_runtime: [VISION] detect() calisiyor -- bu karede 1 tespit: ['KIRMIZI_UCGEN']
2026-09-01 06:19:27,938 [INFO] core.navigation.centering_controller: [CENTERING] KIRMIZI_UCGEN 151/200 dx=+15px dy=-18px d=0.2m ex=+0.0234 ey=-0.0375 (tol +/-0.010) alt_err=-0.01m -> fwd=+0.15 right=+0.15 down=-0.00 m/s
2026-09-01 06:19:27,971 [INFO] gz_system.main_gz: Dashboard paint loop: 0.0 FPS (main thread)
2026-09-01 06:19:28,488 [INFO] core.navigation.centering_controller: [CENTERING] KIRMIZI_UCGEN 156/200 dx=+18px dy=-2px d=0.2m ex=+0.0281 ey=-0.0042 (tol +/-0.010) alt_err=-0.01m -> fwd=+0.00 right=+0.15 down=-0.01 m/s
2026-09-01 06:19:29,041 [INFO] core.navigation.centering_controller: [CENTERING] KIRMIZI_UCGEN 161/200 dx=+4px dy=+26px d=0.2m ex=+0.0063 ey=+0.0542 (tol +/-0.010) alt_err=-0.01m -> fwd=-0.15 right=+0.00 down=-0.01 m/s
QGC port check failed, reporting UNKNOWN: (pid=3851)
2026-09-01 06:19:29,593 [INFO] core.navigation.centering_controller: [CENTERING] KIRMIZI_UCGEN 166/200 dx=-22px dy=+13px d=0.2m ex=-0.0344 ey=+0.0271 (tol +/-0.010) alt_err=-0.01m -> fwd=-0.15 right=-0.15 down=-0.01 m/s
2026-09-01 06:19:30,144 [INFO] core.navigation.centering_controller: [CENTERING] KIRMIZI_UCGEN 171/200 dx=-7px dy=-2px d=0.1m ex=-0.0109 ey=-0.0042 (tol +/-0.010) alt_err=-0.01m -> fwd=+0.00 right=-0.15 down=-0.01 m/s
2026-09-01 06:19:30,699 [INFO] core.navigation.centering_controller: [CENTERING] KIRMIZI_UCGEN 176/200 dx=+24px dy=-27px d=0.3m ex=+0.0375 ey=-0.0563 (tol +/-0.010) alt_err=+0.00m -> fwd=+0.15 right=+0.15 down=+0.00 m/s
2026-09-01 06:19:30,809 [INFO] core.detection.vision_runtime: [VISION] detect() calisiyor -- bu karede 1 tespit: ['KIRMIZI_UCGEN']
QGC port check failed, reporting UNKNOWN: (pid=3851)
2026-09-01 06:19:31,254 [INFO] core.navigation.centering_controller: [CENTERING] KIRMIZI_UCGEN 181/200 dx=+20px dy=-11px d=0.2m ex=+0.0312 ey=-0.0229 (tol +/-0.010) alt_err=+0.01m -> fwd=+0.15 right=+0.15 down=+0.00 m/s
2026-09-01 06:19:31,804 [INFO] core.navigation.centering_controller: [CENTERING] KIRMIZI_UCGEN 186/200 dx=+5px dy=+10px d=0.1m ex=+0.0078 ey=+0.0208 (tol +/-0.010) alt_err=+0.01m -> fwd=-0.15 right=+0.00 down=+0.00 m/s
2026-09-01 06:19:32,353 [INFO] core.navigation.centering_controller: [CENTERING] KIRMIZI_UCGEN 191/200 dx=-21px dy=+26px d=0.3m ex=-0.0328 ey=+0.0542 (tol +/-0.010) alt_err=+0.01m -> fwd=-0.15 right=-0.15 down=+0.01 m/s
2026-09-01 06:19:32,903 [INFO] core.navigation.centering_controller: [CENTERING] KIRMIZI_UCGEN 196/200 dx=-14px dy=+11px d=0.2m ex=-0.0219 ey=+0.0229 (tol +/-0.010) alt_err=+0.01m -> fwd=-0.15 right=-0.15 down=+0.00 m/s
2026-09-01 06:19:32,989 [INFO] gz_system.main_gz: Dashboard paint loop: 0.0 FPS (main thread)
QGC port check failed, reporting UNKNOWN: (pid=3851)
2026-09-01 06:19:33,233 [INFO] core.navigation.centering_controller: Merkezleme tamamlandi. (attempt 199/200, dx=-5px dy=+4px ex=-0.0078 ey=+0.0083 alt_err=+0.00m)
2026-09-01 06:19:33,233 [INFO] core.navigation.centering_controller: KIRMIZI_UCGEN hedefine merkezleniyor (irtifa hedefi: 0.45m, irtifa bandi +/-0.05m)...
2026-09-01 06:19:33,234 [INFO] core.navigation.centering_controller: [CENTERING] KIRMIZI_UCGEN 1/200 dx=-5px dy=+4px d=0.1m ex=-0.0078 ey=+0.0083 (tol +/-0.010) alt_err=+4.55m -> fwd=+0.00 right=+0.00 down=+0.15 m/s
2026-09-01 06:19:33,787 [INFO] core.navigation.centering_controller: [CENTERING] KIRMIZI_UCGEN 6/200 dx=+22px dy=-24px d=0.3m ex=+0.0344 ey=-0.0500 (tol +/-0.010) alt_err=+4.44m -> fwd=+0.15 right=+0.15 down=+0.90 m/s
2026-09-01 06:19:33,895 [INFO] core.detection.vision_runtime: [VISION] detect() calisiyor -- bu karede 1 tespit: ['KIRMIZI_UCGEN']
2026-09-01 06:19:34,336 [INFO] core.navigation.centering_controller: [CENTERING] KIRMIZI_UCGEN 11/200 dx=+19px dy=-15px d=0.2m ex=+0.0297 ey=-0.0312 (tol +/-0.010) alt_err=+3.83m -> fwd=+0.15 right=+0.15 down=+1.65 m/s
2026-09-01 06:19:34,895 [INFO] core.navigation.centering_controller: [CENTERING] KIRMIZI_UCGEN 16/200 dx=+4px dy=+2px d=0.0m ex=+0.0063 ey=+0.0042 (tol +/-0.010) alt_err=+3.04m -> fwd=+0.00 right=+0.00 down=+1.52 m/s
QGC port check failed, reporting UNKNOWN: (pid=3851)
2026-09-01 06:19:35,449 [INFO] core.navigation.centering_controller: [CENTERING] KIRMIZI_UCGEN 21/200 dx=-25px dy=+31px d=0.2m ex=-0.0391 ey=+0.0646 (tol +/-0.010) alt_err=+2.16m -> fwd=-0.12 right=-0.15 down=+1.08 m/s
2026-09-01 06:19:36,004 [INFO] core.navigation.centering_controller: [CENTERING] KIRMIZI_UCGEN 26/200 dx=-18px dy=+13px d=0.1m ex=-0.0281 ey=+0.0271 (tol +/-0.010) alt_err=+1.65m -> fwd=-0.09 right=-0.12 down=+0.83 m/s
2026-09-01 06:19:36,554 [INFO] core.navigation.centering_controller: [CENTERING] KIRMIZI_UCGEN 31/200 dx=+8px dy=+38px d=0.1m ex=+0.0133 ey=+0.0781 (tol +/-0.010) alt_err=+1.19m -> fwd=-0.12 right=+0.10 down=+0.59 m/s
2026-09-01 06:19:36,994 [INFO] core.detection.vision_runtime: [VISION] detect() calisiyor -- bu karede 1 tespit: ['KIRMIZI_UCGEN']
2026-09-01 06:19:37,105 [INFO] core.navigation.centering_controller: [CENTERING] KIRMIZI_UCGEN 36/200 dx=+28px dy=+19px d=0.1m ex=+0.0430 ey=+0.0396 (tol +/-0.010) alt_err=+0.90m -> fwd=-0.06 right=+0.08 down=+0.45 m/s
QGC port check failed, reporting UNKNOWN: (pid=3851)
2026-09-01 06:19:37,657 [INFO] core.navigation.centering_controller: [CENTERING] KIRMIZI_UCGEN 41/200 dx=+4px dy=-1px d=0.0m ex=+0.0055 ey=-0.0021 (tol +/-0.010) alt_err=+0.64m -> fwd=+0.00 right=+0.00 down=+0.32 m/s
2026-09-01 06:19:38,014 [INFO] gz_system.main_gz: Dashboard paint loop: 0.0 FPS (main thread)
2026-09-01 06:19:38,208 [INFO] core.navigation.centering_controller: [CENTERING] KIRMIZI_UCGEN 46/200 dx=-26px dy=-18px d=0.1m ex=-0.0398 ey=-0.0385 (tol +/-0.010) alt_err=+0.49m -> fwd=+0.06 right=-0.06 down=+0.25 m/s
2026-09-01 06:19:38,762 [INFO] core.navigation.centering_controller: [CENTERING] KIRMIZI_UCGEN 51/200 dx=-16px dy=-9px d=0.0m ex=-0.0242 ey=-0.0187 (tol +/-0.010) alt_err=+0.37m -> fwd=+0.04 right=-0.05 down=+0.18 m/s
QGC port check failed, reporting UNKNOWN: (pid=3851)
2026-09-01 06:19:39,314 [INFO] core.navigation.centering_controller: [CENTERING] KIRMIZI_UCGEN 56/200 dx=+10px dy=+5px d=0.0m ex=+0.0164 ey=+0.0104 (tol +/-0.010) alt_err=+0.30m -> fwd=-0.03 right=+0.04 down=+0.15 m/s
2026-09-01 06:19:39,871 [INFO] core.navigation.centering_controller: [CENTERING] KIRMIZI_UCGEN 61/200 dx=+37px dy=+7px d=0.0m ex=+0.0578 ey=+0.0146 (tol +/-0.010) alt_err=+0.24m -> fwd=-0.03 right=+0.09 down=+0.12 m/s
2026-09-01 06:19:40,090 [INFO] core.detection.vision_runtime: [VISION] detect() calisiyor -- bu karede 1 tespit: ['KIRMIZI_UCGEN']
2026-09-01 06:19:40,425 [INFO] core.navigation.centering_controller: [CENTERING] KIRMIZI_UCGEN 66/200 dx=+26px dy=-10px d=0.0m ex=+0.0406 ey=-0.0208 (tol +/-0.010) alt_err=+0.19m -> fwd=+0.03 right=+0.06 down=+0.09 m/s
2026-09-01 06:19:40,976 [INFO] core.navigation.centering_controller: [CENTERING] KIRMIZI_UCGEN 71/200 dx=-15px dy=-22px d=0.0m ex=-0.0234 ey=-0.0448 (tol +/-0.010) alt_err=+0.14m -> fwd=+0.07 right=-0.04 down=+0.07 m/s
QGC port check failed, reporting UNKNOWN: (pid=3851)
2026-09-01 06:19:41,526 [INFO] core.navigation.centering_controller: [CENTERING] KIRMIZI_UCGEN 76/200 dx=-38px dy=-2px d=0.0m ex=-0.0586 ey=-0.0031 (tol +/-0.010) alt_err=+0.11m -> fwd=+0.00 right=-0.09 down=+0.05 m/s
2026-09-01 06:19:42,077 [INFO] core.navigation.centering_controller: [CENTERING] KIRMIZI_UCGEN 81/200 dx=-18px dy=+20px d=0.0m ex=-0.0289 ey=+0.0427 (tol +/-0.010) alt_err=+0.09m -> fwd=-0.06 right=-0.04 down=+0.05 m/s
2026-09-01 06:19:42,630 [INFO] core.navigation.centering_controller: [CENTERING] KIRMIZI_UCGEN 86/200 dx=+18px dy=-1px d=0.0m ex=+0.0273 ey=-0.0021 (tol +/-0.010) alt_err=+0.07m -> fwd=+0.00 right=+0.04 down=+0.04 m/s
2026-09-01 06:19:43,026 [INFO] gz_system.main_gz: Dashboard paint loop: 0.0 FPS (main thread)
QGC port check failed, reporting UNKNOWN: (pid=3851)
2026-09-01 06:19:43,177 [INFO] core.detection.vision_runtime: [VISION] detect() calisiyor -- bu karede 1 tespit: ['KIRMIZI_UCGEN']
2026-09-01 06:19:43,178 [INFO] core.navigation.centering_controller: [CENTERING] KIRMIZI_UCGEN 91/200 dx=+10px dy=-36px d=0.0m ex=+0.0164 ey=-0.0760 (tol +/-0.010) alt_err=+0.05m -> fwd=+0.11 right=+0.03 down=+0.03 m/s
2026-09-01 06:19:43,730 [INFO] core.navigation.centering_controller: [CENTERING] KIRMIZI_UCGEN 96/200 dx=-32px dy=-14px d=0.0m ex=-0.0508 ey=-0.0292 (tol +/-0.010) alt_err=+0.04m -> fwd=+0.04 right=-0.08 down=+0.02 m/s
2026-09-01 06:19:44,286 [INFO] core.navigation.centering_controller: [CENTERING] KIRMIZI_UCGEN 101/200 dx=-34px dy=+14px d=0.0m ex=-0.0531 ey=+0.0302 (tol +/-0.010) alt_err=+0.03m -> fwd=-0.05 right=-0.08 down=+0.01 m/s
2026-09-01 06:19:44,843 [INFO] core.navigation.centering_controller: [CENTERING] KIRMIZI_UCGEN 106/200 dx=+17px dy=+12px d=0.0m ex=+0.0266 ey=+0.0240 (tol +/-0.010) alt_err=+0.01m -> fwd=-0.04 right=+0.04 down=+0.01 m/s
QGC port check failed, reporting UNKNOWN: (pid=3851)
2026-09-01 06:19:45,399 [INFO] core.navigation.centering_controller: [CENTERING] KIRMIZI_UCGEN 111/200 dx=+52px dy=+0px d=0.0m ex=+0.0820 ey=+0.0000 (tol +/-0.010) alt_err=+0.00m -> fwd=+0.00 right=+0.12 down=+0.00 m/s
2026-09-01 06:19:45,949 [INFO] core.navigation.centering_controller: Merkezleme tamamlandi. (attempt 116/200, dx=+1px dy=+0px ex=+0.0016 ey=+0.0000 alt_err=-0.00m)
2026-09-01 06:19:45,950 [INFO] core.navigation.centering_controller: [AIM_OFFSET_APPLIED] KIRMIZI_UCGEN: montaj (ileri=0.00, sag=-0.04) m, yon=2.3 deg -> tutma noktasi (47.3981833, 8.5461408) olarak otelendi (kuzey -0.00, dogu +0.03 m).
2026-09-01 06:19:46,279 [INFO] core.detection.vision_runtime: [VISION] detect() calisiyor -- bu karede 1 tespit: ['KIRMIZI_UCGEN']
QGC port check failed, reporting UNKNOWN: (pid=3851)
2026-09-01 06:19:47,167 [INFO] core.navigation.centering_controller: [MOUNT_TRANSLATE_DONE] KIRMIZI_UCGEN: kalan 4.4 cm, sure 1.22 s (yakinsadi).
2026-09-01 06:19:47,167 [WARNING] core.navigation.centering_controller: [LOW_ALT_OPEN_LOOP_DESCENT] KIRMIZI_UCGEN: goruntu 0.44m'de kayboldu -- dondurulmus kestirime (47.3981833, 8.5461408, offset=0.1cm @ 0.45m) gore 0.45m'ye alcalmaya devam.
2026-09-01 06:19:47,167 [INFO] core.navigation.centering_controller: [LOW_ALT_OPEN_LOOP_DESCENT] KIRMIZI_UCGEN: 0.442m'ye ulasildi (hedef 0.45m).
2026-09-01 06:19:47,167 [INFO] core.navigation.centering_controller: 0.1m ileri hareket ediliyor (0.3 m/s, 0.3s)...
2026-09-01 06:19:47,611 [INFO] core.mission.payload_release: [RELEASE_OFFSET] KIRMIZI_UCGEN: {'shape_type': 'KIRMIZI_UCGEN', 'altitude_m': 0.45, 'target_visible': True, 'best_known_offset_cm': 4.63, 'best_known_offset_alt_m': 0.442, 'dx_cm': 5.17, 'dy_cm': -4.33, 'offset_cm': 6.74}
2026-09-01 06:19:47,611 [INFO] core.mission.payload_release: [MOUNT_VECTOR_MEASURED] KIRMIZI_UCGEN: {'world_dx': -0.0345, 'world_dy': 0.0024, 'gazebo_yaw_deg': 87.43, 'body_forward_m': 0.0008, 'body_right_m': -0.0346} (uygulanan: (0.0, -0.035))
2026-09-01 06:19:47,611 [INFO] gz_system.gz_payload_actuator: Gazebo DetachableJoint tetikleniyor: /payload/detach/blue
I0901 06:19:47.612125 13018260 fork_posix.cc:71] Other threads are currently calling into gRPC, skipping fork() handlers
I0901 06:19:47.666513 13018260 fork_posix.cc:71] Other threads are currently calling into gRPC, skipping fork() handlers
I0901 06:19:47.723558 13018260 fork_posix.cc:71] Other threads are currently calling into gRPC, skipping fork() handlers
I0901 06:19:47.767588 13018260 fork_posix.cc:71] Other threads are currently calling into gRPC, skipping fork() handlers
I0901 06:19:47.816630 13018260 fork_posix.cc:71] Other threads are currently calling into gRPC, skipping fork() handlers
2026-09-01 06:19:48,030 [INFO] gz_system.main_gz: Dashboard paint loop: 0.0 FPS (main thread)
2026-09-01 06:19:48,742 [INFO] gz_system.gz_payload_actuator: Yuk ayrildi (blue), gecikme 1.102 s.
2026-09-01 06:19:48,742 [INFO] core.mission.payload_release: [PAYLOAD_RELEASED] PAYLOAD 3 RELEASED @0.45m
QGC port check failed, reporting UNKNOWN: (pid=3851)
2026-09-01 06:19:49,372 [INFO] core.detection.vision_runtime: [VISION] detect() calisiyor -- bu karede 2 tespit: ['KIRMIZI_UCGEN', 'MAVI_DIKDORTGEN']
2026-09-01 06:19:50,743 [INFO] core.mission.payload_release: [PAYLOAD_FINAL_POSE] KIRMIZI_UCGEN: x=-1.771 y=23.837 z=0.040 merkeze 1626.0 cm egim 0.2 deg (HEDEF DISINDA)
2026-09-01 06:19:50,743 [INFO] core.mission.payload_release: Doğrulama işareti aranıyor: MAVI_DIKDORTGEN
2026-09-01 06:19:50,743 [INFO] core.mission.payload_release: Yük bırakma DOĞRULANDI: MAVI_DIKDORTGEN tespit edildi.
2026-09-01 06:19:50,743 [INFO] core.navigation.centering_controller: 1.5m irtifasina tirmaniliyor (goruntuden bagimsiz)...
QGC port check failed, reporting UNKNOWN: (pid=3851)
2026-09-01 06:19:52,476 [INFO] core.detection.vision_runtime: [VISION] detect() calisiyor -- bu karede 2 tespit: ['KIRMIZI_UCGEN', 'MAVI_DIKDORTGEN']
2026-09-01 06:19:53,037 [INFO] gz_system.main_gz: Dashboard paint loop: 0.0 FPS (main thread)
2026-09-01 06:19:53,039 [INFO] core.mission.gorev2_orchestrator: Gorev 2 tamamlandi (Payload Mission 1 + 2 basariyla calisti).
2026-09-01 06:19:53,040 [INFO] core.mission.master_fsm: Görev 2 akışı bitti, doğrudan Görev 3'e geçiliyor...
2026-09-01 06:19:53,040 [INFO] core.mission.gorev3_pickup: Görev 3 Faz 1 (Alma) Başlatıldı.
2026-09-01 06:19:53,040 [INFO] core.mission.gorev3_pickup: Mavi Altıgen konumuna 1.5m irtifada gidiliyor: 47.3988076, 8.546105899999999
2026-09-01 06:19:53,040 [INFO] core.navigation.centering_controller: Kayitli GPS konumuna gidiliyor: lat=47.3988076, lon=8.546105899999999, alt=1.5m
QGC port check failed, reporting UNKNOWN: (pid=3851)
QGC port check failed, reporting UNKNOWN: (pid=3851)
2026-09-01 06:19:55,481 [INFO] core.detection.vision_runtime: [VISION] detect() calisiyor -- bu karede 0 tespit: []
QGC port check failed, reporting UNKNOWN: (pid=3851)
2026-09-01 06:19:58,078 [INFO] gz_system.main_gz: Dashboard paint loop: 0.0 FPS (main thread)
2026-09-01 06:19:58,527 [INFO] core.detection.vision_runtime: [VISION] detect() calisiyor -- bu karede 0 tespit: []
QGC port check failed, reporting UNKNOWN: (pid=3851)
QGC port check failed, reporting UNKNOWN: (pid=3851)
2026-09-01 06:20:01,582 [INFO] core.detection.vision_runtime: [VISION] detect() calisiyor -- bu karede 0 tespit: []
2026-09-01 06:20:02,025 [INFO] core.mission.gorev3_pickup: Kırmızı Dikdörtgenin uzun kenarına dik hizalanılıyor: 1.6 -> 4.9 derece
2026-09-01 06:20:03,116 [INFO] gz_system.main_gz: Dashboard paint loop: 0.0 FPS (main thread)
QGC port check failed, reporting UNKNOWN: (pid=3851)
2026-09-01 06:20:04,117 [INFO] core.mission.gorev3_pickup: 1.2m irtifada (gorus dostu) hedefe ortalanıyor...
2026-09-01 06:20:04,117 [INFO] core.navigation.centering_controller: KIRMIZI_DIKDORTGEN hedefine merkezleniyor (irtifa hedefi: 1.2m, irtifa bandi +/-0.30m)...
2026-09-01 06:20:04,118 [INFO] core.navigation.centering_controller: [CENTERING] KIRMIZI_DIKDORTGEN 1/200 dx=-72px dy=+201px d=0.6m ex=-0.1125 ey=+0.4188 (tol +/-0.010) alt_err=+0.34m -> fwd=-0.15 right=-0.15 down=+0.15 m/s
2026-09-01 06:20:04,670 [INFO] core.detection.vision_runtime: [VISION] detect() calisiyor -- bu karede 2 tespit: ['MAVI_ALTIGEN', 'KIRMIZI_DIKDORTGEN']
2026-09-01 06:20:04,671 [INFO] core.navigation.centering_controller: [CENTERING] KIRMIZI_DIKDORTGEN 6/200 dx=-88px dy=+192px d=0.6m ex=-0.1375 ey=+0.4000 (tol +/-0.010) alt_err=+0.30m -> fwd=-0.60 right=-0.21 down=+0.15 m/s
QGC port check failed, reporting UNKNOWN: (pid=3851)
2026-09-01 06:20:05,224 [INFO] core.navigation.centering_controller: [CENTERING] KIRMIZI_DIKDORTGEN 11/200 dx=-69px dy=+103px d=0.3m ex=-0.1078 ey=+0.2146 (tol +/-0.010) alt_err=+0.22m -> fwd=-0.32 right=-0.16 down=+0.11 m/s
2026-09-01 06:20:05,782 [INFO] core.navigation.centering_controller: [CENTERING] KIRMIZI_DIKDORTGEN 16/200 dx=-38px dy=-111px d=0.3m ex=-0.0594 ey=-0.2313 (tol +/-0.010) alt_err=+0.15m -> fwd=+0.34 right=-0.09 down=+0.08 m/s
2026-09-01 06:20:06,334 [INFO] core.navigation.centering_controller: [CENTERING] KIRMIZI_DIKDORTGEN 21/200 dx=-12px dy=-239px d=0.6m ex=-0.0187 ey=-0.4979 (tol +/-0.010) alt_err=+0.10m -> fwd=+0.75 right=-0.08 down=+0.05 m/s
2026-09-01 06:20:06,889 [INFO] core.navigation.centering_controller: [CENTERING] KIRMIZI_DIKDORTGEN 26/200 dx=+13px dy=-201px d=0.5m ex=+0.0203 ey=-0.4188 (tol +/-0.010) alt_err=+0.06m -> fwd=+0.63 right=+0.07 down=+0.03 m/s
QGC port check failed, reporting UNKNOWN: (pid=3851)
2026-09-01 06:20:07,441 [INFO] core.navigation.centering_controller: [CENTERING] KIRMIZI_DIKDORTGEN 31/200 dx=+20px dy=-81px d=0.2m ex=+0.0312 ey=-0.1688 (tol +/-0.010) alt_err=+0.04m -> fwd=+0.25 right=+0.07 down=+0.02 m/s
2026-09-01 06:20:07,773 [INFO] core.detection.vision_runtime: [VISION] detect() calisiyor -- bu karede 2 tespit: ['MAVI_ALTIGEN', 'KIRMIZI_DIKDORTGEN']
2026-09-01 06:20:07,996 [INFO] core.navigation.centering_controller: [CENTERING] KIRMIZI_DIKDORTGEN 36/200 dx=+4px dy=-21px d=0.0m ex=+0.0063 ey=-0.0437 (tol +/-0.010) alt_err=+0.04m -> fwd=+0.07 right=+0.00 down=+0.02 m/s
2026-09-01 06:20:08,153 [INFO] gz_system.main_gz: Dashboard paint loop: 0.0 FPS (main thread)
2026-09-01 06:20:08,546 [INFO] core.navigation.centering_controller: [CENTERING] KIRMIZI_DIKDORTGEN 41/200 dx=-26px dy=-41px d=0.1m ex=-0.0406 ey=-0.0854 (tol +/-0.010) alt_err=+0.04m -> fwd=+0.13 right=-0.07 down=+0.02 m/s
2026-09-01 06:20:09,106 [INFO] core.navigation.centering_controller: [CENTERING] KIRMIZI_DIKDORTGEN 46/200 dx=-20px dy=-92px d=0.2m ex=-0.0312 ey=-0.1917 (tol +/-0.010) alt_err=+0.02m -> fwd=+0.29 right=-0.07 down=+0.01 m/s
QGC port check failed, reporting UNKNOWN: (pid=3851)
2026-09-01 06:20:09,660 [INFO] core.navigation.centering_controller: [CENTERING] KIRMIZI_DIKDORTGEN 51/200 dx=-7px dy=-104px d=0.2m ex=-0.0109 ey=-0.2167 (tol +/-0.010) alt_err=+0.01m -> fwd=+0.33 right=-0.07 down=+0.01 m/s
2026-09-01 06:20:10,210 [INFO] core.navigation.centering_controller: [CENTERING] KIRMIZI_DIKDORTGEN 56/200 dx=+16px dy=-66px d=0.2m ex=+0.0250 ey=-0.1375 (tol +/-0.010) alt_err=+0.01m -> fwd=+0.21 right=+0.07 down=+0.01 m/s
2026-09-01 06:20:10,764 [INFO] core.navigation.centering_controller: [CENTERING] KIRMIZI_DIKDORTGEN 61/200 dx=+19px dy=-23px d=0.1m ex=+0.0297 ey=-0.0479 (tol +/-0.010) alt_err=+0.02m -> fwd=+0.07 right=+0.07 down=+0.01 m/s
2026-09-01 06:20:10,874 [INFO] core.detection.vision_runtime: [VISION] detect() calisiyor -- bu karede 2 tespit: ['MAVI_ALTIGEN', 'KIRMIZI_DIKDORTGEN']
QGC port check failed, reporting UNKNOWN: (pid=3851)
2026-09-01 06:20:11,323 [INFO] core.navigation.centering_controller: [CENTERING] KIRMIZI_DIKDORTGEN 66/200 dx=+5px dy=-12px d=0.0m ex=+0.0078 ey=-0.0250 (tol +/-0.010) alt_err=+0.00m -> fwd=+0.05 right=+0.00 down=+0.00 m/s
2026-09-01 06:20:11,879 [INFO] core.navigation.centering_controller: [CENTERING] KIRMIZI_DIKDORTGEN 71/200 dx=-20px dy=-22px d=0.1m ex=-0.0312 ey=-0.0458 (tol +/-0.010) alt_err=-0.00m -> fwd=+0.07 right=-0.07 down=-0.00 m/s
2026-09-01 06:20:12,433 [INFO] core.navigation.centering_controller: [CENTERING] KIRMIZI_DIKDORTGEN 76/200 dx=-21px dy=-31px d=0.1m ex=-0.0328 ey=-0.0646 (tol +/-0.010) alt_err=-0.00m -> fwd=+0.10 right=-0.07 down=-0.00 m/s
2026-09-01 06:20:12,986 [INFO] core.navigation.centering_controller: [CENTERING] KIRMIZI_DIKDORTGEN 81/200 dx=-8px dy=-27px d=0.1m ex=-0.0125 ey=-0.0563 (tol +/-0.010) alt_err=+0.00m -> fwd=+0.08 right=-0.07 down=+0.00 m/s
2026-09-01 06:20:13,170 [INFO] gz_system.main_gz: Dashboard paint loop: 0.0 FPS (main thread)
QGC port check failed, reporting UNKNOWN: (pid=3851)
2026-09-01 06:20:13,535 [INFO] core.navigation.centering_controller: [CENTERING] KIRMIZI_DIKDORTGEN 86/200 dx=+11px dy=-15px d=0.0m ex=+0.0172 ey=-0.0312 (tol +/-0.010) alt_err=+0.01m -> fwd=+0.05 right=+0.07 down=+0.01 m/s
2026-09-01 06:20:13,976 [INFO] core.detection.vision_runtime: [VISION] detect() calisiyor -- bu karede 2 tespit: ['MAVI_ALTIGEN', 'KIRMIZI_DIKDORTGEN']
2026-09-01 06:20:14,089 [INFO] core.navigation.centering_controller: [CENTERING] KIRMIZI_DIKDORTGEN 91/200 dx=+11px dy=-10px d=0.0m ex=+0.0172 ey=-0.0208 (tol +/-0.010) alt_err=+0.02m -> fwd=+0.05 right=+0.07 down=+0.01 m/s
2026-09-01 06:20:14,646 [INFO] core.navigation.centering_controller: [CENTERING] KIRMIZI_DIKDORTGEN 96/200 dx=-14px dy=-6px d=0.0m ex=-0.0219 ey=-0.0125 (tol +/-0.010) alt_err=+0.01m -> fwd=+0.05 right=-0.07 down=+0.01 m/s
QGC port check failed, reporting UNKNOWN: (pid=3851)
2026-09-01 06:20:15,201 [INFO] core.navigation.centering_controller: [CENTERING] KIRMIZI_DIKDORTGEN 101/200 dx=-27px dy=+3px d=0.1m ex=-0.0422 ey=+0.0063 (tol +/-0.010) alt_err=+0.00m -> fwd=+0.00 right=-0.07 down=+0.00 m/s
2026-09-01 06:20:15,750 [INFO] core.navigation.centering_controller: [CENTERING] KIRMIZI_DIKDORTGEN 106/200 dx=-15px dy=+0px d=0.0m ex=-0.0234 ey=+0.0000 (tol +/-0.010) alt_err=+0.00m -> fwd=+0.00 right=-0.07 down=+0.00 m/s
2026-09-01 06:20:16,301 [INFO] core.navigation.centering_controller: [CENTERING] KIRMIZI_DIKDORTGEN 111/200 dx=-3px dy=-8px d=0.0m ex=-0.0047 ey=-0.0167 (tol +/-0.010) alt_err=+0.00m -> fwd=+0.05 right=+0.00 down=+0.00 m/s
2026-09-01 06:20:16,853 [INFO] core.navigation.centering_controller: [CENTERING] KIRMIZI_DIKDORTGEN 116/200 dx=+19px dy=-16px d=0.1m ex=+0.0297 ey=-0.0333 (tol +/-0.010) alt_err=+0.00m -> fwd=+0.05 right=+0.07 down=+0.00 m/s
2026-09-01 06:20:17,075 [INFO] core.detection.vision_runtime: [VISION] detect() calisiyor -- bu karede 2 tespit: ['MAVI_ALTIGEN', 'KIRMIZI_DIKDORTGEN']
QGC port check failed, reporting UNKNOWN: (pid=3851)
2026-09-01 06:20:17,408 [INFO] core.navigation.centering_controller: [CENTERING] KIRMIZI_DIKDORTGEN 121/200 dx=+10px dy=-8px d=0.0m ex=+0.0156 ey=-0.0167 (tol +/-0.010) alt_err=-0.01m -> fwd=+0.05 right=+0.07 down=-0.00 m/s
2026-09-01 06:20:17,627 [INFO] core.navigation.centering_controller: Merkezleme tamamlandi. (attempt 123/200, dx=+2px dy=-4px ex=+0.0031 ey=-0.0083 alt_err=-0.01m)
2026-09-01 06:20:17,848 [INFO] core.mission.gorev3_pickup: Kanca hedefin uzerine getiriliyor (govde +0.175m ileri)...
2026-09-01 06:20:18,188 [INFO] gz_system.main_gz: Dashboard paint loop: 0.0 FPS (main thread)
QGC port check failed, reporting UNKNOWN: (pid=3851)
2026-09-01 06:20:20,103 [INFO] core.detection.vision_runtime: [VISION] detect() calisiyor -- bu karede 2 tespit: ['MAVI_ALTIGEN', 'KIRMIZI_DIKDORTGEN']
QGC port check failed, reporting UNKNOWN: (pid=3851)
2026-09-01 06:20:21,897 [INFO] core.mission.gorev3_pickup: 0.9m hizalama irtifasina dikey iniliyor...
2026-09-01 06:20:23,134 [INFO] core.detection.vision_runtime: [VISION] detect() calisiyor -- bu karede 2 tespit: ['MAVI_ALTIGEN', 'KIRMIZI_DIKDORTGEN']
2026-09-01 06:20:23,190 [INFO] gz_system.main_gz: Dashboard paint loop: 0.0 FPS (main thread)
QGC port check failed, reporting UNKNOWN: (pid=3851)
QGC port check failed, reporting UNKNOWN: (pid=3851)
2026-09-01 06:20:26,236 [INFO] core.detection.vision_runtime: [VISION] detect() calisiyor -- bu karede 2 tespit: ['MAVI_ALTIGEN', 'KIRMIZI_DIKDORTGEN']
2026-09-01 06:20:26,901 [INFO] core.mission.gorev3_pickup: [HIZA_KALIBRASYON] goruntu=7.6 cm  gercek=6.8 cm  irtifa=0.93 m
2026-09-01 06:20:26,902 [WARNING] core.mission.gorev3_pickup: [GORUNTU] kanca yukun ortasinda DEGIL: sapma 7.6 cm (tol 5 cm) -- alma yine de denenecek; oturma kapisi gercek kanca pozundan kendi kararini veriyor.
QGC port check failed, reporting UNKNOWN: (pid=3851)
2026-09-01 06:20:28,229 [INFO] gz_system.main_gz: Dashboard paint loop: 0.0 FPS (main thread)
2026-09-01 06:20:29,015 [INFO] core.mission.visual_alignment: [GORSEL_HIZA_TANI] it=1 alt_m=0.933 focal_px=539.94 depth_img_m=0.958 depth_tel_m=0.913 depth_used_m=0.958 depth_src=image u=633.32 v=577.54 radius_px=13.1 long_px=81.03 conf=0.999 method=payload-topface-deshadow yaw_deg=4.88 body_fwd_m=-0.0881 body_right_m=-0.0119 hook_off_n=-0.0898 hook_off_e=-0.0065 err_raw_m=0.0132 truth_lateral_m=0.0129
2026-09-01 06:20:29,145 [INFO] core.mission.visual_alignment: [GORSEL_HIZA_TANI] it=2 alt_m=0.934 focal_px=539.94 depth_img_m=0.9573 depth_tel_m=0.914 depth_used_m=0.9573 depth_src=image u=636.24 v=576.83 radius_px=13.11 long_px=81.09 conf=0.999 method=payload-topface-deshadow yaw_deg=4.88 body_fwd_m=-0.0867 body_right_m=-0.0067 hook_off_n=-0.09 hook_off_e=-0.0066 err_raw_m=0.0085 truth_lateral_m=0.0106
QGC port check failed, reporting UNKNOWN: (pid=3851)
2026-09-01 06:20:29,271 [INFO] core.mission.visual_alignment: [GORSEL_HIZA_TANI] it=3 alt_m=0.935 focal_px=539.94 depth_img_m=0.955 depth_tel_m=0.915 depth_used_m=0.955 depth_src=image u=639.12 v=575.8 radius_px=13.14 long_px=81.28 conf=0.999 method=payload-topface-deshadow yaw_deg=4.88 body_fwd_m=-0.0844 body_right_m=-0.0016 hook_off_n=-0.09 hook_off_e=-0.0067 err_raw_m=0.0064 truth_lateral_m=0.0111
2026-09-01 06:20:29,335 [INFO] core.detection.vision_runtime: [VISION] detect() calisiyor -- bu karede 2 tespit: ['MAVI_ALTIGEN', 'KIRMIZI_DIKDORTGEN']
2026-09-01 06:20:30,560 [INFO] core.mission.visual_alignment: [GORSEL_HIZA_TANI] it=4 alt_m=0.928 focal_px=539.94 depth_img_m=0.9354 depth_tel_m=0.908 depth_used_m=0.9354 depth_src=image u=656.79 v=566.17 radius_px=13.42 long_px=82.96 conf=1.0 method=payload-topface-deshadow yaw_deg=4.87 body_fwd_m=-0.0643 body_right_m=0.0291 hook_off_n=-0.0896 hook_off_e=-0.0062 err_raw_m=0.0376 truth_lateral_m=0.0357
2026-09-01 06:20:30,560 [INFO] core.mission.visual_alignment: [GORSEL_HIZA] yakinsadi: 22.4 mm, 4 iterasyon, 4 tespit, 0.004 m hareket
2026-09-01 06:20:30,560 [INFO] core.mission.gorev3_pickup: [GORSEL_HIZA] converged: son hata=22.4 mm, 4 iterasyon, 4 tespit, 0.004 m hareket
2026-09-01 06:20:30,560 [INFO] core.mission.gorev3_pickup: [GORSEL_HIZA] yuva GORUNTUDEN olculdu: NED=(118.182, -4.511)
2026-09-01 06:20:30,560 [INFO] core.mission.gorev3_pickup: Vinc salinacak (hedef irtifa 0.30 m icin) -- ARAC HALA 0.93 m'de, kanca serbest asili kalacak.
2026-09-01 06:20:30,561 [INFO] gz_system.gz_payload_actuator: [HOOK] vinc salimi: 0.330 m  (irtifa=0.300 m, guverte=0.070, zincir ofseti=0.060, pay=0.040)
2026-09-01 06:20:30,561 [INFO] gz_system.gz_payload_actuator: [HOOK] vinc -> 0.33 m
I0901 06:20:30.561417 13018260 fork_posix.cc:71] Other threads are currently calling into gRPC, skipping fork() handlers
QGC port check failed, reporting UNKNOWN: (pid=3851)
2026-09-01 06:20:32,430 [INFO] core.detection.vision_runtime: [VISION] detect() calisiyor -- bu karede 1 tespit: ['KIRMIZI_DIKDORTGEN']
QGC port check failed, reporting UNKNOWN: (pid=3851)
2026-09-01 06:20:33,241 [INFO] gz_system.main_gz: Dashboard paint loop: 0.0 FPS (main thread)
QGC port check failed, reporting UNKNOWN: (pid=3851)
2026-09-01 06:20:35,502 [INFO] core.mission.gorev3_pickup: [SON_DUZELTME] 1/6 yanal 19.0 mm -> (kuzey +0.009, dogu -0.002)  | kanca_ofset=(-0.0906, -0.0049) arac_ned=(118.2538, -4.5023) kanca_mutlak=(118.1632, -4.5072)
2026-09-01 06:20:35,517 [INFO] core.detection.vision_runtime: [VISION] detect() calisiyor -- bu karede 1 tespit: ['KIRMIZI_DIKDORTGEN']
QGC port check failed, reporting UNKNOWN: (pid=3851)
2026-09-01 06:20:38,269 [INFO] gz_system.main_gz: Dashboard paint loop: 0.0 FPS (main thread)
2026-09-01 06:20:38,604 [INFO] core.detection.vision_runtime: [VISION] detect() calisiyor -- bu karede 1 tespit: ['KIRMIZI_DIKDORTGEN']
2026-09-01 06:20:38,803 [INFO] core.mission.gorev3_pickup: [SON_DUZELTME] 2/6 yanal 7.2 mm -- hedefin icinde.
2026-09-01 06:20:38,803 [INFO] core.mission.gorev3_pickup: [KANCA_DENGE] INIS ONCESI irtifa=0.921 m kanca_ofset=(-0.0893, -0.0041)
2026-09-01 06:20:38,803 [INFO] core.mission.gorev3_pickup: Hizalandi -- 0.30 m alma irtifasina SAF DIKEY iniliyor (yanal hareket yok).
2026-09-01 06:20:38,803 [INFO] core.mission.gorev3_pickup: [KANCA_IZ] t=0.00 alt=0.921 off_n=-0.0893 off_e=-0.0041 nose_z=+0.6523
2026-09-01 06:20:38,903 [INFO] core.mission.gorev3_pickup: [KANCA_IZ] t=0.10 alt=0.922 off_n=-0.0890 off_e=-0.0044 nose_z=+0.6482
2026-09-01 06:20:39,004 [INFO] core.mission.gorev3_pickup: [KANCA_IZ] t=0.20 alt=0.902 off_n=-0.0888 off_e=-0.0048 nose_z=+0.6204
2026-09-01 06:20:39,104 [INFO] core.mission.gorev3_pickup: [KANCA_IZ] t=0.30 alt=0.855 off_n=-0.0888 off_e=-0.0052 nose_z=+0.5769
2026-09-01 06:20:39,205 [INFO] core.mission.gorev3_pickup: [KANCA_IZ] t=0.40 alt=0.801 off_n=-0.0892 off_e=-0.0055 nose_z=+0.5171
QGC port check failed, reporting UNKNOWN: (pid=3851)
2026-09-01 06:20:39,306 [INFO] core.mission.gorev3_pickup: [KANCA_IZ] t=0.50 alt=0.741 off_n=-0.0897 off_e=-0.0054 nose_z=+0.4683
2026-09-01 06:20:39,407 [INFO] core.mission.gorev3_pickup: [KANCA_IZ] t=0.60 alt=0.690 off_n=-0.0902 off_e=-0.0050 nose_z=+0.4233
2026-09-01 06:20:39,508 [INFO] core.mission.gorev3_pickup: [KANCA_IZ] t=0.70 alt=0.641 off_n=-0.0906 off_e=-0.0046 nose_z=+0.3829
2026-09-01 06:20:39,608 [INFO] core.mission.gorev3_pickup: [KANCA_IZ] t=0.81 alt=0.603 off_n=-0.0908 off_e=-0.0045 nose_z=+0.3419
2026-09-01 06:20:39,715 [INFO] core.mission.gorev3_pickup: [KANCA_IZ] t=0.91 alt=0.569 off_n=-0.0907 off_e=-0.0047 nose_z=+0.3114
2026-09-01 06:20:39,824 [INFO] core.mission.gorev3_pickup: [KANCA_IZ] t=1.02 alt=0.542 off_n=-0.0903 off_e=-0.0053 nose_z=+0.2837
2026-09-01 06:20:39,934 [INFO] core.mission.gorev3_pickup: [KANCA_IZ] t=1.13 alt=0.519 off_n=-0.0898 off_e=-0.0060 nose_z=+0.2550
2026-09-01 06:20:40,044 [INFO] core.mission.gorev3_pickup: [KANCA_IZ] t=1.24 alt=0.500 off_n=-0.0893 off_e=-0.0065 nose_z=+0.2325
2026-09-01 06:20:40,153 [INFO] core.mission.gorev3_pickup: [KANCA_IZ] t=1.35 alt=0.482 off_n=-0.0891 off_e=-0.0067 nose_z=+0.2120
2026-09-01 06:20:40,263 [INFO] core.mission.gorev3_pickup: [KANCA_IZ] t=1.46 alt=0.468 off_n=-0.0893 off_e=-0.0064 nose_z=+0.1956
2026-09-01 06:20:40,374 [INFO] core.mission.gorev3_pickup: [KANCA_IZ] t=1.57 alt=0.455 off_n=-0.0899 off_e=-0.0057 nose_z=+0.1781
2026-09-01 06:20:40,483 [INFO] core.mission.gorev3_pickup: [KANCA_IZ] t=1.68 alt=0.434 off_n=-0.0905 off_e=-0.0052 nose_z=+0.1649
2026-09-01 06:20:40,593 [INFO] core.mission.gorev3_pickup: [KANCA_IZ] t=1.79 alt=0.425 off_n=-0.0909 off_e=-0.0048 nose_z=+0.1509
2026-09-01 06:20:40,703 [INFO] core.mission.gorev3_pickup: [KANCA_IZ] t=1.90 alt=0.416 off_n=-0.0908 off_e=-0.0048 nose_z=+0.1383
2026-09-01 06:20:40,813 [INFO] core.mission.gorev3_pickup: [KANCA_IZ] t=2.01 alt=0.409 off_n=-0.0903 off_e=-0.0050 nose_z=+0.1284
2026-09-01 06:20:40,922 [INFO] core.mission.gorev3_pickup: [KANCA_IZ] t=2.12 alt=0.402 off_n=-0.0898 off_e=-0.0054 nose_z=+0.1183
2026-09-01 06:20:41,031 [INFO] core.mission.gorev3_pickup: [KANCA_IZ] t=2.23 alt=0.396 off_n=-0.0893 off_e=-0.0056 nose_z=+0.1084
2026-09-01 06:20:41,141 [INFO] core.mission.gorev3_pickup: [KANCA_IZ] t=2.34 alt=0.389 off_n=-0.0893 off_e=-0.0057 nose_z=+0.1012
QGC port check failed, reporting UNKNOWN: (pid=3851)
2026-09-01 06:20:41,250 [INFO] core.mission.gorev3_pickup: [KANCA_IZ] t=2.45 alt=0.383 off_n=-0.0898 off_e=-0.0056 nose_z=+0.0930
2026-09-01 06:20:41,359 [INFO] core.mission.gorev3_pickup: [KANCA_IZ] t=2.56 alt=0.376 off_n=-0.0904 off_e=-0.0054 nose_z=+0.0863
2026-09-01 06:20:41,469 [INFO] core.mission.gorev3_pickup: [KANCA_IZ] t=2.67 alt=0.370 off_n=-0.0907 off_e=-0.0052 nose_z=+0.0810
2026-09-01 06:20:41,578 [INFO] core.mission.gorev3_pickup: [KANCA_IZ] t=2.78 alt=0.364 off_n=-0.0907 off_e=-0.0053 nose_z=+0.0759
2026-09-01 06:20:41,686 [INFO] core.detection.vision_runtime: [VISION] detect() calisiyor -- bu karede 1 tespit: ['KIRMIZI_UCGEN']
2026-09-01 06:20:41,686 [INFO] core.mission.gorev3_pickup: [KANCA_IZ] t=2.88 alt=0.353 off_n=-0.0905 off_e=-0.0049 nose_z=+0.0755
2026-09-01 06:20:41,799 [INFO] core.mission.gorev3_pickup: [KANCA_IZ] t=3.00 alt=0.349 off_n=-0.0910 off_e=-0.0048 nose_z=+0.0756
2026-09-01 06:20:41,909 [INFO] core.mission.gorev3_pickup: [KANCA_IZ] t=3.11 alt=0.347 off_n=-0.0928 off_e=-0.0048 nose_z=+0.0757
2026-09-01 06:20:42,021 [INFO] core.mission.gorev3_pickup: [KANCA_IZ] t=3.22 alt=0.345 off_n=-0.0956 off_e=-0.0053 nose_z=+0.0757
2026-09-01 06:20:42,130 [INFO] core.mission.gorev3_pickup: [KANCA_IZ] t=3.33 alt=0.344 off_n=-0.0984 off_e=-0.0059 nose_z=+0.0758
2026-09-01 06:20:42,239 [INFO] core.mission.gorev3_pickup: [KANCA_IZ] t=3.44 alt=0.341 off_n=-0.1015 off_e=-0.0070 nose_z=+0.0759
2026-09-01 06:20:42,347 [INFO] core.mission.gorev3_pickup: [KANCA_IZ] t=3.54 alt=0.339 off_n=-0.1040 off_e=-0.0083 nose_z=+0.0760
2026-09-01 06:20:42,456 [INFO] core.mission.gorev3_pickup: [KANCA_IZ] t=3.65 alt=0.335 off_n=-0.1058 off_e=-0.0098 nose_z=+0.0761
2026-09-01 06:20:42,565 [INFO] core.mission.gorev3_pickup: [KANCA_IZ] t=3.76 alt=0.332 off_n=-0.1067 off_e=-0.0111 nose_z=+0.0762
2026-09-01 06:20:42,673 [INFO] core.mission.gorev3_pickup: [KANCA_IZ] t=3.87 alt=0.329 off_n=-0.1068 off_e=-0.0124 nose_z=+0.0763
2026-09-01 06:20:42,781 [INFO] core.mission.gorev3_pickup: [KANCA_IZ] t=3.98 alt=0.327 off_n=-0.1059 off_e=-0.0135 nose_z=+0.0764
2026-09-01 06:20:42,888 [INFO] core.mission.gorev3_pickup: [KANCA_IZ] t=4.09 alt=0.328 off_n=-0.1040 off_e=-0.0144 nose_z=+0.0764
2026-09-01 06:20:42,998 [INFO] core.mission.gorev3_pickup: [KANCA_IZ] t=4.20 alt=0.329 off_n=-0.1015 off_e=-0.0150 nose_z=+0.0764
2026-09-01 06:20:43,107 [INFO] core.mission.gorev3_pickup: [KANCA_IZ] t=4.30 alt=0.330 off_n=-0.0977 off_e=-0.0154 nose_z=+0.0763
2026-09-01 06:20:43,215 [INFO] core.mission.gorev3_pickup: [KANCA_IZ] t=4.41 alt=0.331 off_n=-0.0943 off_e=-0.0155 nose_z=+0.0762
QGC port check failed, reporting UNKNOWN: (pid=3851)
2026-09-01 06:20:43,292 [INFO] gz_system.main_gz: Dashboard paint loop: 0.0 FPS (main thread)
2026-09-01 06:20:43,323 [INFO] core.mission.gorev3_pickup: [KANCA_IZ] t=4.52 alt=0.332 off_n=-0.0896 off_e=-0.0155 nose_z=+0.0761
2026-09-01 06:20:43,432 [INFO] core.mission.gorev3_pickup: [KANCA_IZ] t=4.63 alt=0.334 off_n=-0.0854 off_e=-0.0155 nose_z=+0.0762
2026-09-01 06:20:43,541 [INFO] core.mission.gorev3_pickup: [KANCA_IZ] t=4.74 alt=0.336 off_n=-0.0807 off_e=-0.0155 nose_z=+0.0763
2026-09-01 06:20:43,650 [INFO] core.mission.gorev3_pickup: [KANCA_IZ] t=4.85 alt=0.337 off_n=-0.0761 off_e=-0.0159 nose_z=+0.0764
2026-09-01 06:20:43,758 [INFO] core.mission.gorev3_pickup: [KANCA_IZ] t=4.96 alt=0.339 off_n=-0.0727 off_e=-0.0163 nose_z=+0.0765
2026-09-01 06:20:43,867 [INFO] core.mission.gorev3_pickup: [KANCA_IZ] t=5.06 alt=0.340 off_n=-0.0689 off_e=-0.0171 nose_z=+0.0765
2026-09-01 06:20:43,977 [INFO] core.mission.gorev3_pickup: [KANCA_IZ] t=5.17 alt=0.341 off_n=-0.0664 off_e=-0.0177 nose_z=+0.0765
2026-09-01 06:20:44,086 [INFO] core.mission.gorev3_pickup: [KANCA_IZ] t=5.28 alt=0.342 off_n=-0.0640 off_e=-0.0185 nose_z=+0.0764
2026-09-01 06:20:44,197 [INFO] core.mission.gorev3_pickup: [KANCA_IZ] t=5.39 alt=0.342 off_n=-0.0624 off_e=-0.0192 nose_z=+0.0762
2026-09-01 06:20:44,305 [INFO] core.mission.gorev3_pickup: [KANCA_IZ] t=5.50 alt=0.341 off_n=-0.0615 off_e=-0.0194 nose_z=+0.0762
2026-09-01 06:20:44,414 [INFO] core.mission.gorev3_pickup: [KANCA_IZ] t=5.61 alt=0.341 off_n=-0.0608 off_e=-0.0193 nose_z=+0.0762
2026-09-01 06:20:44,524 [INFO] core.mission.gorev3_pickup: [KANCA_IZ] t=5.72 alt=0.342 off_n=-0.0607 off_e=-0.0186 nose_z=+0.0763
2026-09-01 06:20:44,634 [INFO] core.mission.gorev3_pickup: [KANCA_IZ] t=5.83 alt=0.343 off_n=-0.0610 off_e=-0.0172 nose_z=+0.0763
2026-09-01 06:20:44,744 [INFO] core.detection.vision_runtime: [VISION] detect() calisiyor -- bu karede 1 tespit: ['KIRMIZI_DIKDORTGEN']
2026-09-01 06:20:44,744 [INFO] core.mission.gorev3_pickup: [KANCA_IZ] t=5.94 alt=0.343 off_n=-0.0618 off_e=-0.0147 nose_z=+0.0763
2026-09-01 06:20:44,853 [INFO] core.mission.gorev3_pickup: [KANCA_IZ] t=6.05 alt=0.344 off_n=-0.0628 off_e=-0.0119 nose_z=+0.0763
2026-09-01 06:20:44,853 [INFO] core.mission.gorev3_pickup: Yük alma mekanizması aktifleşiyor...
2026-09-01 06:20:44,853 [INFO] core.mission.gorev3_pickup: [KANCA_DENGE] INIS SONRASI irtifa=0.344 m kanca_ofset=(-0.0628, -0.0119)  ->  DEGISIM=(+26.5, -7.8) mm  |27.7 mm|
2026-09-01 06:20:44,853 [INFO] gz_system.gz_payload_actuator: [HOOK] alma denemesi 1/3
2026-09-01 06:20:44,853 [INFO] gz_system.gz_payload_actuator: [HOOK] vinc salimi: 0.374 m  (irtifa=0.344 m, guverte=0.070, zincir ofseti=0.060, pay=0.040)
2026-09-01 06:20:44,853 [INFO] gz_system.gz_payload_actuator: [HOOK] vinc -> 0.37 m
I0901 06:20:44.854194 13018260 fork_posix.cc:71] Other threads are currently calling into gRPC, skipping fork() handlers
2026-09-01 06:20:44,963 [INFO] core.mission.gorev3_pickup: [KANCA_IZ] t=6.16 alt=0.343 off_n=-0.0641 off_e=-0.0076 nose_z=+0.0763
2026-09-01 06:20:45,072 [INFO] core.mission.gorev3_pickup: [KANCA_IZ] t=6.27 alt=0.343 off_n=-0.0655 off_e=-0.0027 nose_z=+0.0763
2026-09-01 06:20:45,180 [INFO] core.mission.gorev3_pickup: [KANCA_IZ] t=6.38 alt=0.339 off_n=-0.0665 off_e=+0.0012 nose_z=+0.0763
QGC port check failed, reporting UNKNOWN: (pid=3851)
2026-09-01 06:20:45,289 [INFO] core.mission.gorev3_pickup: [KANCA_IZ] t=6.49 alt=0.337 off_n=-0.0673 off_e=+0.0053 nose_z=+0.0763
2026-09-01 06:20:45,400 [INFO] core.mission.gorev3_pickup: [KANCA_IZ] t=6.60 alt=0.334 off_n=-0.0676 off_e=+0.0082 nose_z=+0.0763
2026-09-01 06:20:45,510 [INFO] core.mission.gorev3_pickup: [KANCA_IZ] t=6.71 alt=0.332 off_n=-0.0675 off_e=+0.0106 nose_z=+0.0763
2026-09-01 06:20:45,620 [INFO] core.mission.gorev3_pickup: [KANCA_IZ] t=6.82 alt=0.331 off_n=-0.0669 off_e=+0.0115 nose_z=+0.0763
2026-09-01 06:20:45,730 [INFO] core.mission.gorev3_pickup: [KANCA_IZ] t=6.93 alt=0.331 off_n=-0.0660 off_e=+0.0113 nose_z=+0.0763
2026-09-01 06:20:45,775 [INFO] gz_system.gz_payload_actuator: [HOOK] APPROACHING  lat=  68.0mm ins=   -0.3mm tilt= 12.8deg v=  infm/s age=0.01s  [lateral(68.0mm>10.2mm), rel_speed(inf>0.05m/s)]
2026-09-01 06:20:45,837 [INFO] core.mission.gorev3_pickup: [KANCA_IZ] t=7.03 alt=0.331 off_n=-0.0639 off_e=+0.0120 nose_z=+0.0761
2026-09-01 06:20:45,947 [INFO] core.mission.gorev3_pickup: [KANCA_IZ] t=7.14 alt=0.332 off_n=-0.0622 off_e=+0.0098 nose_z=+0.0755
2026-09-01 06:20:46,058 [INFO] core.mission.gorev3_pickup: [KANCA_IZ] t=7.26 alt=0.334 off_n=-0.0611 off_e=+0.0062 nose_z=+0.0752
2026-09-01 06:20:46,167 [INFO] core.mission.gorev3_pickup: [KANCA_IZ] t=7.36 alt=0.335 off_n=-0.0606 off_e=+0.0028 nose_z=+0.0750
2026-09-01 06:20:46,277 [INFO] core.mission.gorev3_pickup: [KANCA_IZ] t=7.47 alt=0.336 off_n=-0.0600 off_e=-0.0015 nose_z=+0.0749
2026-09-01 06:20:46,387 [INFO] core.mission.gorev3_pickup: [KANCA_IZ] t=7.58 alt=0.335 off_n=-0.0594 off_e=-0.0055 nose_z=+0.0749
2026-09-01 06:20:46,496 [INFO] core.mission.gorev3_pickup: [KANCA_IZ] t=7.69 alt=0.334 off_n=-0.0587 off_e=-0.0097 nose_z=+0.0748
2026-09-01 06:20:46,606 [INFO] core.mission.gorev3_pickup: [KANCA_IZ] t=7.80 alt=0.333 off_n=-0.0581 off_e=-0.0133 nose_z=+0.0748
2026-09-01 06:20:46,717 [INFO] core.mission.gorev3_pickup: [KANCA_IZ] t=7.91 alt=0.332 off_n=-0.0575 off_e=-0.0179 nose_z=+0.0748
2026-09-01 06:20:46,827 [INFO] core.mission.gorev3_pickup: [KANCA_IZ] t=8.02 alt=0.332 off_n=-0.0569 off_e=-0.0228 nose_z=+0.0748
2026-09-01 06:20:46,827 [INFO] gz_system.gz_payload_actuator: [HOOK] APPROACHING  lat=  69.3mm ins=   +1.2mm tilt= 33.5deg v=0.008m/s age=0.01s  [lateral(69.3mm>10.2mm), tilt(33.5deg>15.0deg)]
2026-09-01 06:20:46,936 [INFO] core.mission.gorev3_pickup: [KANCA_IZ] t=8.13 alt=0.331 off_n=-0.0564 off_e=-0.0269 nose_z=+0.0748
2026-09-01 06:20:47,046 [INFO] core.mission.gorev3_pickup: [KANCA_IZ] t=8.24 alt=0.331 off_n=-0.0559 off_e=-0.0321 nose_z=+0.0747
2026-09-01 06:20:47,157 [INFO] core.mission.gorev3_pickup: [KANCA_IZ] t=8.35 alt=0.330 off_n=-0.0556 off_e=-0.0365 nose_z=+0.0747
QGC port check failed, reporting UNKNOWN: (pid=3851)
2026-09-01 06:20:47,266 [INFO] core.mission.gorev3_pickup: [KANCA_IZ] t=8.46 alt=0.330 off_n=-0.0552 off_e=-0.0416 nose_z=+0.0748
2026-09-01 06:20:47,375 [INFO] core.mission.gorev3_pickup: [KANCA_IZ] t=8.57 alt=0.331 off_n=-0.0550 off_e=-0.0465 nose_z=+0.0748
2026-09-01 06:20:47,486 [INFO] core.mission.gorev3_pickup: [KANCA_IZ] t=8.68 alt=0.332 off_n=-0.0550 off_e=-0.0502 nose_z=+0.0749
2026-09-01 06:20:47,596 [INFO] core.mission.gorev3_pickup: [KANCA_IZ] t=8.79 alt=0.332 off_n=-0.0551 off_e=-0.0542 nose_z=+0.0748
2026-09-01 06:20:47,704 [INFO] core.mission.gorev3_pickup: [KANCA_IZ] t=8.90 alt=0.332 off_n=-0.0553 off_e=-0.0578 nose_z=+0.0747
2026-09-01 06:20:47,812 [INFO] core.detection.vision_runtime: [VISION] detect() calisiyor -- bu karede 1 tespit: ['KIRMIZI_DIKDORTGEN']
2026-09-01 06:20:47,813 [INFO] core.mission.gorev3_pickup: [KANCA_IZ] t=9.01 alt=0.332 off_n=-0.0557 off_e=-0.0604 nose_z=+0.0747
2026-09-01 06:20:47,864 [INFO] gz_system.gz_payload_actuator: [HOOK] APPROACHING  lat=  69.8mm ins=   +1.3mm tilt= 39.0deg v=0.007m/s age=0.02s  [lateral(69.8mm>10.2mm), tilt(39.0deg>15.0deg)]
2026-09-01 06:20:47,922 [INFO] core.mission.gorev3_pickup: [KANCA_IZ] t=9.12 alt=0.333 off_n=-0.0565 off_e=-0.0629 nose_z=+0.0745
2026-09-01 06:20:48,033 [INFO] core.mission.gorev3_pickup: [KANCA_IZ] t=9.23 alt=0.334 off_n=-0.0573 off_e=-0.0648 nose_z=+0.0745
2026-09-01 06:20:48,141 [INFO] core.mission.gorev3_pickup: [KANCA_IZ] t=9.34 alt=0.335 off_n=-0.0585 off_e=-0.0662 nose_z=+0.0742
2026-09-01 06:20:48,251 [INFO] core.mission.gorev3_pickup: [KANCA_IZ] t=9.45 alt=0.336 off_n=-0.0601 off_e=-0.0675 nose_z=+0.0741
2026-09-01 06:20:48,329 [INFO] gz_system.main_gz: Dashboard paint loop: 0.0 FPS (main thread)
2026-09-01 06:20:48,361 [INFO] core.mission.gorev3_pickup: [KANCA_IZ] t=9.56 alt=0.337 off_n=-0.0619 off_e=-0.0681 nose_z=+0.0738
2026-09-01 06:20:48,469 [INFO] core.mission.gorev3_pickup: [KANCA_IZ] t=9.67 alt=0.338 off_n=-0.0640 off_e=-0.0686 nose_z=+0.0736
2026-09-01 06:20:48,577 [INFO] core.mission.gorev3_pickup: [KANCA_IZ] t=9.77 alt=0.338 off_n=-0.0661 off_e=-0.0689 nose_z=+0.0734
2026-09-01 06:20:48,687 [INFO] core.mission.gorev3_pickup: [KANCA_IZ] t=9.88 alt=0.341 off_n=-0.0686 off_e=-0.0689 nose_z=+0.0732
2026-09-01 06:20:48,795 [INFO] core.mission.gorev3_pickup: [KANCA_IZ] t=9.99 alt=0.343 off_n=-0.0715 off_e=-0.0687 nose_z=+0.0729
2026-09-01 06:20:48,904 [INFO] core.mission.gorev3_pickup: [KANCA_IZ] t=10.10 alt=0.343 off_n=-0.0744 off_e=-0.0682 nose_z=+0.0726
2026-09-01 06:20:48,907 [INFO] gz_system.gz_payload_actuator: [HOOK] APPROACHING  lat=  69.6mm ins=   +3.4mm tilt= 45.5deg v=0.019m/s age=0.01s  [lateral(69.6mm>10.2mm), tilt(45.5deg>15.0deg)]
2026-09-01 06:20:49,013 [INFO] core.mission.gorev3_pickup: [KANCA_IZ] t=10.21 alt=0.342 off_n=-0.0770 off_e=-0.0674 nose_z=+0.0722
2026-09-01 06:20:49,121 [INFO] core.mission.gorev3_pickup: [KANCA_IZ] t=10.32 alt=0.341 off_n=-0.0795 off_e=-0.0662 nose_z=+0.0720
2026-09-01 06:20:49,229 [INFO] core.mission.gorev3_pickup: [KANCA_IZ] t=10.43 alt=0.339 off_n=-0.0813 off_e=-0.0648 nose_z=+0.0717
QGC port check failed, reporting UNKNOWN: (pid=3851)
2026-09-01 06:20:49,337 [INFO] core.mission.gorev3_pickup: [KANCA_IZ] t=10.53 alt=0.336 off_n=-0.0831 off_e=-0.0631 nose_z=+0.0715
2026-09-01 06:20:49,446 [INFO] core.mission.gorev3_pickup: [KANCA_IZ] t=10.64 alt=0.334 off_n=-0.0845 off_e=-0.0610 nose_z=+0.0714
2026-09-01 06:20:49,555 [INFO] core.mission.gorev3_pickup: [KANCA_IZ] t=10.75 alt=0.331 off_n=-0.0854 off_e=-0.0589 nose_z=+0.0713
2026-09-01 06:20:49,664 [INFO] core.mission.gorev3_pickup: [KANCA_IZ] t=10.86 alt=0.330 off_n=-0.0860 off_e=-0.0561 nose_z=+0.0712
2026-09-01 06:20:49,772 [INFO] core.mission.gorev3_pickup: [KANCA_IZ] t=10.97 alt=0.328 off_n=-0.0862 off_e=-0.0539 nose_z=+0.0711
2026-09-01 06:20:49,881 [INFO] core.mission.gorev3_pickup: [KANCA_IZ] t=11.08 alt=0.324 off_n=-0.0860 off_e=-0.0509 nose_z=+0.0711
2026-09-01 06:20:49,934 [INFO] gz_system.gz_payload_actuator: [HOOK] APPROACHING  lat=  69.5mm ins=   +4.9mm tilt= 51.2deg v=0.002m/s age=0.01s  [lateral(69.5mm>10.2mm), tilt(51.2deg>15.0deg)]
2026-09-01 06:20:49,990 [INFO] core.mission.gorev3_pickup: [KANCA_IZ] t=11.19 alt=0.322 off_n=-0.0854 off_e=-0.0480 nose_z=+0.0711
2026-09-01 06:20:50,102 [INFO] core.mission.gorev3_pickup: [KANCA_IZ] t=11.30 alt=0.321 off_n=-0.0846 off_e=-0.0458 nose_z=+0.0710
2026-09-01 06:20:50,209 [INFO] core.mission.gorev3_pickup: [KANCA_IZ] t=11.41 alt=0.321 off_n=-0.0834 off_e=-0.0434 nose_z=+0.0711
2026-09-01 06:20:50,320 [INFO] core.mission.gorev3_pickup: [KANCA_IZ] t=11.52 alt=0.321 off_n=-0.0821 off_e=-0.0416 nose_z=+0.0711
2026-09-01 06:20:50,428 [INFO] core.mission.gorev3_pickup: [KANCA_IZ] t=11.63 alt=0.321 off_n=-0.0805 off_e=-0.0400 nose_z=+0.0712
2026-09-01 06:20:50,541 [INFO] core.mission.gorev3_pickup: [KANCA_IZ] t=11.74 alt=0.322 off_n=-0.0786 off_e=-0.0389 nose_z=+0.0713
2026-09-01 06:20:50,650 [INFO] core.mission.gorev3_pickup: [KANCA_IZ] t=11.85 alt=0.322 off_n=-0.0765 off_e=-0.0383 nose_z=+0.0714
2026-09-01 06:20:50,760 [INFO] core.mission.gorev3_pickup: [KANCA_IZ] t=11.96 alt=0.323 off_n=-0.0747 off_e=-0.0381 nose_z=+0.0715
2026-09-01 06:20:50,867 [INFO] core.detection.vision_runtime: [VISION] detect() calisiyor -- bu karede 0 tespit: []
2026-09-01 06:20:50,868 [INFO] core.mission.gorev3_pickup: [KANCA_IZ] t=12.07 alt=0.324 off_n=-0.0725 off_e=-0.0383 nose_z=+0.0717
2026-09-01 06:20:50,979 [INFO] core.mission.gorev3_pickup: [KANCA_IZ] t=12.18 alt=0.324 off_n=-0.0703 off_e=-0.0389 nose_z=+0.0718
2026-09-01 06:20:50,979 [INFO] gz_system.gz_payload_actuator: [HOOK] APPROACHING  lat=  69.9mm ins=   +4.2mm tilt= 47.4deg v=0.006m/s age=0.02s  [lateral(69.9mm>10.2mm), tilt(47.4deg>15.0deg)]
2026-09-01 06:20:51,086 [INFO] core.mission.gorev3_pickup: [KANCA_IZ] t=12.28 alt=0.323 off_n=-0.0682 off_e=-0.0397 nose_z=+0.0720
2026-09-01 06:20:51,198 [INFO] core.mission.gorev3_pickup: [KANCA_IZ] t=12.40 alt=0.322 off_n=-0.0667 off_e=-0.0404 nose_z=+0.0721
QGC port check failed, reporting UNKNOWN: (pid=3851)
2026-09-01 06:20:51,306 [INFO] core.mission.gorev3_pickup: [KANCA_IZ] t=12.50 alt=0.323 off_n=-0.0650 off_e=-0.0413 nose_z=+0.0721
2026-09-01 06:20:51,415 [INFO] core.mission.gorev3_pickup: [KANCA_IZ] t=12.61 alt=0.323 off_n=-0.0635 off_e=-0.0421 nose_z=+0.0721
2026-09-01 06:20:51,523 [INFO] core.mission.gorev3_pickup: [KANCA_IZ] t=12.72 alt=0.323 off_n=-0.0624 off_e=-0.0428 nose_z=+0.0719
2026-09-01 06:20:51,633 [INFO] core.mission.gorev3_pickup: [KANCA_IZ] t=12.83 alt=0.323 off_n=-0.0613 off_e=-0.0427 nose_z=+0.0705
2026-09-01 06:20:51,741 [INFO] core.mission.gorev3_pickup: [KANCA_IZ] t=12.94 alt=0.323 off_n=-0.0667 off_e=-0.0187 nose_z=+0.0324
2026-09-01 06:20:51,849 [INFO] core.mission.gorev3_pickup: [KANCA_IZ] t=13.05 alt=0.322 off_n=-0.0847 off_e=+0.0016 nose_z=+0.0260
2026-09-01 06:20:51,957 [INFO] core.mission.gorev3_pickup: [KANCA_IZ] t=13.16 alt=0.320 off_n=-0.1019 off_e=+0.0092 nose_z=+0.0250
2026-09-01 06:20:52,008 [INFO] gz_system.gz_payload_actuator: [HOOK] APPROACHING  lat=  85.5mm ins=  +51.5mm tilt=  6.0deg v=0.117m/s age=0.01s  [lateral(85.5mm>10.2mm), too_deep(+51.5mm>+19.9mm), rel_speed(0.117>0.05m/s)]
2026-09-01 06:20:52,065 [INFO] core.mission.gorev3_pickup: [KANCA_IZ] t=13.26 alt=0.318 off_n=-0.1092 off_e=+0.0053 nose_z=+0.0239
2026-09-01 06:20:52,172 [INFO] core.mission.gorev3_pickup: [KANCA_IZ] t=13.37 alt=0.314 off_n=-0.1050 off_e=-0.0033 nose_z=+0.0224
2026-09-01 06:20:52,281 [INFO] core.mission.gorev3_pickup: [KANCA_IZ] t=13.48 alt=0.313 off_n=-0.0932 off_e=-0.0122 nose_z=+0.0214
2026-09-01 06:20:52,392 [INFO] core.mission.gorev3_pickup: [KANCA_IZ] t=13.59 alt=0.313 off_n=-0.0830 off_e=-0.0156 nose_z=+0.0214
2026-09-01 06:20:52,500 [INFO] core.mission.gorev3_pickup: [KANCA_IZ] t=13.70 alt=0.313 off_n=-0.0769 off_e=-0.0134 nose_z=+0.0215
2026-09-01 06:20:52,613 [INFO] core.mission.gorev3_pickup: [KANCA_IZ] t=13.81 alt=0.314 off_n=-0.0795 off_e=-0.0071 nose_z=+0.0213
2026-09-01 06:20:52,722 [INFO] core.mission.gorev3_pickup: [KANCA_IZ] t=13.92 alt=0.315 off_n=-0.0883 off_e=-0.0007 nose_z=+0.0213
2026-09-01 06:20:52,830 [INFO] core.mission.gorev3_pickup: [KANCA_IZ] t=14.03 alt=0.316 off_n=-0.0973 off_e=+0.0021 nose_z=+0.0216
2026-09-01 06:20:52,940 [INFO] core.mission.gorev3_pickup: [KANCA_IZ] t=14.14 alt=0.317 off_n=-0.1013 off_e=+0.0010 nose_z=+0.0218
2026-09-01 06:20:53,049 [INFO] core.mission.gorev3_pickup: [KANCA_IZ] t=14.25 alt=0.318 off_n=-0.1003 off_e=-0.0033 nose_z=+0.0216
2026-09-01 06:20:53,050 [INFO] gz_system.gz_payload_actuator: [HOOK] APPROACHING  lat=  79.4mm ins=  +54.4mm tilt=  2.5deg v=0.041m/s age=0.02s  [lateral(79.4mm>10.2mm), too_deep(+54.4mm>+19.9mm)]
2026-09-01 06:20:53,159 [INFO] core.mission.gorev3_pickup: [KANCA_IZ] t=14.36 alt=0.319 off_n=-0.0956 off_e=-0.0075 nose_z=+0.0212
QGC port check failed, reporting UNKNOWN: (pid=3851)
2026-09-01 06:20:53,270 [INFO] core.mission.gorev3_pickup: [KANCA_IZ] t=14.47 alt=0.320 off_n=-0.0891 off_e=-0.0105 nose_z=+0.0207
2026-09-01 06:20:53,349 [INFO] gz_system.main_gz: Dashboard paint loop: 0.0 FPS (main thread)
2026-09-01 06:20:53,380 [INFO] core.mission.gorev3_pickup: [KANCA_IZ] t=14.58 alt=0.320 off_n=-0.0852 off_e=-0.0103 nose_z=+0.0203
2026-09-01 06:20:53,488 [INFO] core.mission.gorev3_pickup: [KANCA_IZ] t=14.69 alt=0.319 off_n=-0.0850 off_e=-0.0080 nose_z=+0.0198
2026-09-01 06:20:53,597 [INFO] core.mission.gorev3_pickup: [KANCA_IZ] t=14.80 alt=0.320 off_n=-0.0879 off_e=-0.0047 nose_z=+0.0194
2026-09-01 06:20:53,707 [INFO] core.mission.gorev3_pickup: [KANCA_IZ] t=14.91 alt=0.320 off_n=-0.0919 off_e=-0.0026 nose_z=+0.0191
2026-09-01 06:20:53,817 [INFO] core.mission.gorev3_pickup: [KANCA_IZ] t=15.01 alt=0.321 off_n=-0.0941 off_e=-0.0026 nose_z=+0.0188
2026-09-01 06:20:53,925 [INFO] core.detection.vision_runtime: [VISION] detect() calisiyor -- bu karede 1 tespit: ['KIRMIZI_DIKDORTGEN']
2026-09-01 06:20:53,925 [INFO] core.mission.gorev3_pickup: [KANCA_IZ] t=15.12 alt=0.322 off_n=-0.0941 off_e=-0.0045 nose_z=+0.0183
2026-09-01 06:20:54,037 [INFO] core.mission.gorev3_pickup: [KANCA_IZ] t=15.23 alt=0.323 off_n=-0.0922 off_e=-0.0068 nose_z=+0.0178
2026-09-01 06:20:54,088 [INFO] gz_system.gz_payload_actuator: [HOOK] APPROACHING  lat=  64.0mm ins=  +58.6mm tilt=  0.7deg v=0.038m/s age=0.00s  [lateral(64.0mm>10.2mm), too_deep(+58.6mm>+19.9mm)]
2026-09-01 06:20:54,145 [INFO] core.mission.gorev3_pickup: [KANCA_IZ] t=15.34 alt=0.324 off_n=-0.0891 off_e=-0.0087 nose_z=+0.0171
2026-09-01 06:20:54,256 [INFO] core.mission.gorev3_pickup: [KANCA_IZ] t=15.45 alt=0.325 off_n=-0.0870 off_e=-0.0089 nose_z=+0.0163
2026-09-01 06:20:54,365 [INFO] core.mission.gorev3_pickup: [KANCA_IZ] t=15.56 alt=0.325 off_n=-0.0866 off_e=-0.0077 nose_z=+0.0155
2026-09-01 06:20:54,473 [INFO] core.mission.gorev3_pickup: [KANCA_IZ] t=15.67 alt=0.323 off_n=-0.0878 off_e=-0.0055 nose_z=+0.0146
2026-09-01 06:20:54,580 [INFO] core.mission.gorev3_pickup: [KANCA_IZ] t=15.78 alt=0.321 off_n=-0.0895 off_e=-0.0040 nose_z=+0.0139
2026-09-01 06:20:54,690 [INFO] core.mission.gorev3_pickup: [KANCA_IZ] t=15.89 alt=0.319 off_n=-0.0913 off_e=-0.0031 nose_z=+0.0133
2026-09-01 06:20:54,799 [INFO] core.mission.gorev3_pickup: [KANCA_IZ] t=16.00 alt=0.318 off_n=-0.0916 off_e=-0.0034 nose_z=+0.0130
2026-09-01 06:20:54,907 [INFO] core.mission.gorev3_pickup: [KANCA_IZ] t=16.10 alt=0.316 off_n=-0.0908 off_e=-0.0040 nose_z=+0.0130
2026-09-01 06:20:55,016 [INFO] core.mission.gorev3_pickup: [KANCA_IZ] t=16.21 alt=0.315 off_n=-0.0895 off_e=-0.0047 nose_z=+0.0132
2026-09-01 06:20:55,124 [INFO] core.mission.gorev3_pickup: [KANCA_IZ] t=16.32 alt=0.313 off_n=-0.0884 off_e=-0.0050 nose_z=+0.0138
2026-09-01 06:20:55,124 [INFO] gz_system.gz_payload_actuator: [HOOK] APPROACHING  lat=  71.9mm ins=  +62.2mm tilt=  0.5deg v=0.009m/s age=0.02s  [lateral(71.9mm>10.2mm), too_deep(+62.2mm>+19.9mm)]
2026-09-01 06:20:55,232 [INFO] core.mission.gorev3_pickup: [KANCA_IZ] t=16.43 alt=0.313 off_n=-0.0883 off_e=-0.0049 nose_z=+0.0146
QGC port check failed, reporting UNKNOWN: (pid=3851)
2026-09-01 06:20:55,341 [INFO] core.mission.gorev3_pickup: [KANCA_IZ] t=16.54 alt=0.312 off_n=-0.0889 off_e=-0.0046 nose_z=+0.0155
2026-09-01 06:20:55,451 [INFO] core.mission.gorev3_pickup: [KANCA_IZ] t=16.65 alt=0.312 off_n=-0.0902 off_e=-0.0044 nose_z=+0.0169
2026-09-01 06:20:55,562 [INFO] core.mission.gorev3_pickup: [KANCA_IZ] t=16.76 alt=0.313 off_n=-0.0912 off_e=-0.0049 nose_z=+0.0182
2026-09-01 06:20:55,671 [INFO] core.mission.gorev3_pickup: [KANCA_IZ] t=16.87 alt=0.314 off_n=-0.0915 off_e=-0.0055 nose_z=+0.0194
2026-09-01 06:20:55,780 [INFO] core.mission.gorev3_pickup: [KANCA_IZ] t=16.98 alt=0.315 off_n=-0.0912 off_e=-0.0059 nose_z=+0.0207
2026-09-01 06:20:55,891 [INFO] core.mission.gorev3_pickup: [KANCA_IZ] t=17.09 alt=0.316 off_n=-0.0904 off_e=-0.0061 nose_z=+0.0220
2026-09-01 06:20:56,000 [INFO] core.mission.gorev3_pickup: [KANCA_IZ] t=17.20 alt=0.317 off_n=-0.0896 off_e=-0.0060 nose_z=+0.0232
2026-09-01 06:20:56,112 [INFO] core.mission.gorev3_pickup: [KANCA_IZ] t=17.31 alt=0.318 off_n=-0.0894 off_e=-0.0059 nose_z=+0.0241
2026-09-01 06:20:56,163 [INFO] gz_system.gz_payload_actuator: [HOOK] APPROACHING  lat=  61.0mm ins=  +51.4mm tilt=  0.3deg v=0.009m/s age=0.02s  [lateral(61.0mm>10.2mm), too_deep(+51.4mm>+19.9mm)]
2026-09-01 06:20:56,221 [INFO] core.mission.gorev3_pickup: [KANCA_IZ] t=17.42 alt=0.319 off_n=-0.0898 off_e=-0.0058 nose_z=+0.0251
2026-09-01 06:20:56,332 [INFO] core.mission.gorev3_pickup: [KANCA_IZ] t=17.53 alt=0.320 off_n=-0.0904 off_e=-0.0057 nose_z=+0.0259
2026-09-01 06:20:56,442 [INFO] core.mission.gorev3_pickup: [KANCA_IZ] t=17.64 alt=0.321 off_n=-0.0908 off_e=-0.0056 nose_z=+0.0265
2026-09-01 06:20:56,554 [INFO] core.mission.gorev3_pickup: [KANCA_IZ] t=17.75 alt=0.322 off_n=-0.0910 off_e=-0.0056 nose_z=+0.0271
2026-09-01 06:20:56,664 [INFO] core.mission.gorev3_pickup: [KANCA_IZ] t=17.86 alt=0.322 off_n=-0.0910 off_e=-0.0056 nose_z=+0.0275
2026-09-01 06:20:56,776 [INFO] core.mission.gorev3_pickup: [KANCA_IZ] t=17.97 alt=0.323 off_n=-0.0909 off_e=-0.0056 nose_z=+0.0277
2026-09-01 06:20:56,885 [INFO] core.mission.gorev3_pickup: [KANCA_IZ] t=18.08 alt=0.325 off_n=-0.0907 off_e=-0.0055 nose_z=+0.0278
2026-09-01 06:20:56,995 [INFO] core.detection.vision_runtime: [VISION] detect() calisiyor -- bu karede 1 tespit: ['KIRMIZI_DIKDORTGEN']
2026-09-01 06:20:56,995 [INFO] core.mission.gorev3_pickup: [KANCA_IZ] t=18.19 alt=0.326 off_n=-0.0906 off_e=-0.0053 nose_z=+0.0278
2026-09-01 06:20:57,106 [INFO] core.mission.gorev3_pickup: [KANCA_IZ] t=18.30 alt=0.328 off_n=-0.0903 off_e=-0.0049 nose_z=+0.0275
2026-09-01 06:20:57,217 [INFO] core.mission.gorev3_pickup: [KANCA_IZ] t=18.42 alt=0.329 off_n=-0.0901 off_e=-0.0043 nose_z=+0.0270
2026-09-01 06:20:57,218 [INFO] gz_system.gz_payload_actuator: [HOOK] APPROACHING  lat=  72.3mm ins=  +49.0mm tilt=  0.2deg v=0.019m/s age=0.02s  [lateral(72.3mm>10.2mm), too_deep(+49.0mm>+19.9mm)]
QGC port check failed, reporting UNKNOWN: (pid=3851)
2026-09-01 06:20:57,328 [INFO] core.mission.gorev3_pickup: [KANCA_IZ] t=18.53 alt=0.330 off_n=-0.0900 off_e=-0.0038 nose_z=+0.0263
2026-09-01 06:20:57,441 [INFO] core.mission.gorev3_pickup: [KANCA_IZ] t=18.64 alt=0.330 off_n=-0.0902 off_e=-0.0034 nose_z=+0.0254
2026-09-01 06:20:57,550 [INFO] core.mission.gorev3_pickup: [KANCA_IZ] t=18.75 alt=0.330 off_n=-0.0906 off_e=-0.0034 nose_z=+0.0243
2026-09-01 06:20:57,664 [INFO] core.mission.gorev3_pickup: [KANCA_IZ] t=18.86 alt=0.328 off_n=-0.0909 off_e=-0.0035 nose_z=+0.0235
2026-09-01 06:20:57,773 [INFO] core.mission.gorev3_pickup: [KANCA_IZ] t=18.97 alt=0.326 off_n=-0.0910 off_e=-0.0038 nose_z=+0.0228
2026-09-01 06:20:57,825 [INFO] gz_system.gz_payload_actuator: [KANCA_DENGE] oturma penceresi ortalama kanca_ofset=(-0.0792, -0.0236)  (221 ornek)
2026-09-01 06:20:57,825 [WARNING] gz_system.gz_payload_actuator: [HOOK] OTURMADI (12.0 s). En iyi ESZAMANLI ornek: lat=  61.0mm ins=  +51.4mm tilt=  0.3deg v=0.009m/s age=0.02s (2 kapi ihlali). CAPTURE_CANDIDATE ornegi: 0/221. Kapi retleri: lateral=221, too_deep=112, tilt=110, rel_speed=23. Sinirlar: yanal<=10.2 mm, dwell 0.30 s.
2026-09-01 06:20:57,825 [WARNING] gz_system.gz_payload_actuator: [HOOK] oturma dogrulanmadi (12.0s) -- /hook/attach YAYINLANMADI, vinc cekiliyor, tekrar denenecek
2026-09-01 06:20:57,825 [INFO] gz_system.gz_payload_actuator: [HOOK] vinc -> 0.00 m
I0901 06:20:57.826141 13018260 fork_posix.cc:71] Other threads are currently calling into gRPC, skipping fork() handlers
2026-09-01 06:20:57,885 [INFO] core.mission.gorev3_pickup: [KANCA_IZ] t=19.08 alt=0.324 off_n=-0.0909 off_e=-0.0041 nose_z=+0.0222
2026-09-01 06:20:57,995 [INFO] core.mission.gorev3_pickup: [KANCA_IZ] t=19.19 alt=0.322 off_n=-0.0906 off_e=-0.0041 nose_z=+0.0219
2026-09-01 06:20:58,103 [INFO] core.mission.gorev3_pickup: [KANCA_IZ] t=19.30 alt=0.321 off_n=-0.0902 off_e=-0.0039 nose_z=+0.0219
2026-09-01 06:20:58,211 [INFO] core.mission.gorev3_pickup: [KANCA_IZ] t=19.41 alt=0.320 off_n=-0.0897 off_e=-0.0035 nose_z=+0.0220
2026-09-01 06:20:58,320 [INFO] core.mission.gorev3_pickup: [KANCA_IZ] t=19.52 alt=0.319 off_n=-0.0894 off_e=-0.0033 nose_z=+0.0225
2026-09-01 06:20:58,377 [INFO] gz_system.main_gz: Dashboard paint loop: 0.0 FPS (main thread)
2026-09-01 06:20:58,429 [INFO] core.mission.gorev3_pickup: [KANCA_IZ] t=19.63 alt=0.318 off_n=-0.0894 off_e=-0.0035 nose_z=+0.0231
2026-09-01 06:20:58,537 [INFO] core.mission.gorev3_pickup: [KANCA_IZ] t=19.74 alt=0.317 off_n=-0.0897 off_e=-0.0040 nose_z=+0.0242
2026-09-01 06:20:58,646 [INFO] core.mission.gorev3_pickup: [KANCA_IZ] t=19.84 alt=0.317 off_n=-0.0900 off_e=-0.0044 nose_z=+0.0251
2026-09-01 06:20:58,755 [INFO] core.mission.gorev3_pickup: [KANCA_IZ] t=19.95 alt=0.317 off_n=-0.0902 off_e=-0.0050 nose_z=+0.0264
2026-09-01 06:20:58,864 [INFO] core.mission.gorev3_pickup: [KANCA_IZ] t=20.06 alt=0.317 off_n=-0.0903 off_e=-0.0054 nose_z=+0.0684
2026-09-01 06:20:58,972 [INFO] core.mission.gorev3_pickup: [KANCA_IZ] t=20.17 alt=0.317 off_n=-0.0765 off_e=-0.0042 nose_z=+0.1377
2026-09-01 06:20:59,083 [INFO] core.mission.gorev3_pickup: [KANCA_IZ] t=20.28 alt=0.320 off_n=-0.0157 off_e=-0.0157 nose_z=+0.2561
2026-09-01 06:20:59,191 [INFO] core.mission.gorev3_pickup: [KANCA_IZ] t=20.39 alt=0.322 off_n=+0.0618 off_e=+0.0112 nose_z=+0.3961
QGC port check failed, reporting UNKNOWN: (pid=3851)
2026-09-01 06:20:59,300 [INFO] core.mission.gorev3_pickup: [KANCA_IZ] t=20.50 alt=0.325 off_n=+0.0657 off_e=+0.0360 nose_z=+0.4596
2026-09-01 06:20:59,410 [INFO] core.mission.gorev3_pickup: [KANCA_IZ] t=20.61 alt=0.328 off_n=+0.0299 off_e=+0.0318 nose_z=+0.4398
2026-09-01 06:20:59,518 [INFO] core.mission.gorev3_pickup: [KANCA_IZ] t=20.72 alt=0.330 off_n=-0.0455 off_e=+0.0122 nose_z=+0.4083
2026-09-01 06:20:59,626 [INFO] core.mission.gorev3_pickup: [KANCA_IZ] t=20.82 alt=0.331 off_n=-0.1080 off_e=-0.0027 nose_z=+0.4021
2026-09-01 06:20:59,734 [INFO] core.mission.gorev3_pickup: [KANCA_IZ] t=20.93 alt=0.331 off_n=-0.1452 off_e=-0.0096 nose_z=+0.4031
2026-09-01 06:20:59,773 [INFO] core.mission.gorev3_pickup: [YENIDEN_HIZA] deneme 2 oncesi, kanca havada -- duzeltme yeniden kosuluyor
2026-09-01 06:20:59,773 [INFO] core.mission.gorev3_pickup: [SON_DUZELTME] 1/6 yanal 44.3 mm -> (kuzey +0.022, dogu +0.000)  | kanca_ofset=(-0.1459, -0.0089) arac_ned=(118.2835, -4.5019) kanca_mutlak=(118.1376, -4.5108)
2026-09-01 06:20:59,844 [INFO] core.mission.gorev3_pickup: [KANCA_IZ] t=21.04 alt=0.331 off_n=-0.1375 off_e=-0.0056 nose_z=+0.3963
2026-09-01 06:20:59,952 [INFO] core.mission.gorev3_pickup: [KANCA_IZ] t=21.15 alt=0.329 off_n=-0.1014 off_e=+0.0046 nose_z=+0.3872
2026-09-01 06:21:00,062 [INFO] core.detection.vision_runtime: [VISION] detect() calisiyor -- bu karede 0 tespit: []
2026-09-01 06:21:00,062 [INFO] core.mission.gorev3_pickup: [KANCA_IZ] t=21.26 alt=0.327 off_n=-0.0664 off_e=+0.0128 nose_z=+0.3855
2026-09-01 06:21:00,171 [INFO] core.mission.gorev3_pickup: [KANCA_IZ] t=21.37 alt=0.325 off_n=-0.0454 off_e=+0.0154 nose_z=+0.3863
2026-09-01 06:21:00,282 [INFO] core.mission.gorev3_pickup: [KANCA_IZ] t=21.48 alt=0.320 off_n=-0.0516 off_e=+0.0107 nose_z=+0.3838
2026-09-01 06:21:00,390 [INFO] core.mission.gorev3_pickup: [KANCA_IZ] t=21.59 alt=0.318 off_n=-0.0801 off_e=+0.0004 nose_z=+0.3801
2026-09-01 06:21:00,501 [INFO] core.mission.gorev3_pickup: [KANCA_IZ] t=21.70 alt=0.316 off_n=-0.1040 off_e=-0.0068 nose_z=+0.3807
2026-09-01 06:21:00,609 [INFO] core.mission.gorev3_pickup: [KANCA_IZ] t=21.81 alt=0.315 off_n=-0.1188 off_e=-0.0105 nose_z=+0.3830
2026-09-01 06:21:00,716 [INFO] core.mission.gorev3_pickup: [KANCA_IZ] t=21.91 alt=0.315 off_n=-0.1140 off_e=-0.0082 nose_z=+0.3835
2026-09-01 06:21:00,824 [INFO] core.mission.gorev3_pickup: [KANCA_IZ] t=22.02 alt=0.316 off_n=-0.0994 off_e=-0.0038 nose_z=+0.3835
2026-09-01 06:21:00,933 [INFO] core.mission.gorev3_pickup: [KANCA_IZ] t=22.13 alt=0.316 off_n=-0.0795 off_e=+0.0013 nose_z=+0.3850
2026-09-01 06:21:01,040 [INFO] core.mission.gorev3_pickup: [KANCA_IZ] t=22.24 alt=0.316 off_n=-0.0679 off_e=+0.0033 nose_z=+0.3876
2026-09-01 06:21:01,149 [INFO] core.mission.gorev3_pickup: [KANCA_IZ] t=22.35 alt=0.316 off_n=-0.0700 off_e=+0.0015 nose_z=+0.3888
QGC port check failed, reporting UNKNOWN: (pid=3851)
2026-09-01 06:21:01,257 [INFO] core.mission.gorev3_pickup: [KANCA_IZ] t=22.46 alt=0.315 off_n=-0.0827 off_e=-0.0030 nose_z=+0.3898
2026-09-01 06:21:01,365 [INFO] core.mission.gorev3_pickup: [KANCA_IZ] t=22.56 alt=0.316 off_n=-0.0958 off_e=-0.0068 nose_z=+0.3915
2026-09-01 06:21:01,474 [INFO] core.mission.gorev3_pickup: [KANCA_IZ] t=22.67 alt=0.318 off_n=-0.1049 off_e=-0.0087 nose_z=+0.3938
2026-09-01 06:21:01,582 [INFO] core.mission.gorev3_pickup: [KANCA_IZ] t=22.78 alt=0.320 off_n=-0.1041 off_e=-0.0078 nose_z=+0.3952
2026-09-01 06:21:01,692 [INFO] core.mission.gorev3_pickup: [KANCA_IZ] t=22.89 alt=0.321 off_n=-0.0954 off_e=-0.0050 nose_z=+0.3965
2026-09-01 06:21:01,800 [INFO] core.mission.gorev3_pickup: [KANCA_IZ] t=23.00 alt=0.322 off_n=-0.0847 off_e=-0.0022 nose_z=+0.3979
2026-09-01 06:21:01,908 [INFO] core.mission.gorev3_pickup: [KANCA_IZ] t=23.11 alt=0.324 off_n=-0.0792 off_e=-0.0012 nose_z=+0.3991
2026-09-01 06:21:02,015 [INFO] core.mission.gorev3_pickup: [KANCA_IZ] t=23.21 alt=0.325 off_n=-0.0794 off_e=-0.0019 nose_z=+0.4001
2026-09-01 06:21:02,123 [INFO] core.mission.gorev3_pickup: [KANCA_IZ] t=23.32 alt=0.326 off_n=-0.0845 off_e=-0.0036 nose_z=+0.4007
2026-09-01 06:21:02,232 [INFO] core.mission.gorev3_pickup: [KANCA_IZ] t=23.43 alt=0.326 off_n=-0.0924 off_e=-0.0058 nose_z=+0.4015
2026-09-01 06:21:02,340 [INFO] core.mission.gorev3_pickup: [KANCA_IZ] t=23.54 alt=0.326 off_n=-0.0975 off_e=-0.0069 nose_z=+0.4023
2026-09-01 06:21:02,449 [INFO] core.mission.gorev3_pickup: [KANCA_IZ] t=23.65 alt=0.326 off_n=-0.0976 off_e=-0.0066 nose_z=+0.4028
2026-09-01 06:21:02,556 [INFO] core.mission.gorev3_pickup: [KANCA_IZ] t=23.75 alt=0.327 off_n=-0.0935 off_e=-0.0052 nose_z=+0.4032
2026-09-01 06:21:02,665 [INFO] core.mission.gorev3_pickup: [KANCA_IZ] t=23.86 alt=0.326 off_n=-0.0885 off_e=-0.0038 nose_z=+0.4036
2026-09-01 06:21:02,773 [INFO] core.mission.gorev3_pickup: [KANCA_IZ] t=23.97 alt=0.324 off_n=-0.0845 off_e=-0.0030 nose_z=+0.4042
2026-09-01 06:21:02,882 [INFO] core.mission.gorev3_pickup: [KANCA_IZ] t=24.08 alt=0.323 off_n=-0.0840 off_e=-0.0032 nose_z=+0.4048
2026-09-01 06:21:02,990 [INFO] core.mission.gorev3_pickup: [KANCA_IZ] t=24.19 alt=0.322 off_n=-0.0865 off_e=-0.0041 nose_z=+0.4056
2026-09-01 06:21:03,098 [INFO] core.detection.vision_runtime: [VISION] detect() calisiyor -- bu karede 0 tespit: []
2026-09-01 06:21:03,098 [INFO] core.mission.gorev3_pickup: [KANCA_IZ] t=24.30 alt=0.321 off_n=-0.0908 off_e=-0.0053 nose_z=+0.4068
2026-09-01 06:21:03,099 [INFO] core.mission.gorev3_pickup: [SON_DUZELTME] 2/6 yanal 31.5 mm -> (kuzey -0.015, dogu +0.005)  | kanca_ofset=(-0.0908, -0.0053) arac_ned=(118.3025, -4.5157) kanca_mutlak=(118.2117, -4.5210)
2026-09-01 06:21:03,208 [INFO] core.mission.gorev3_pickup: [KANCA_IZ] t=24.41 alt=0.322 off_n=-0.0937 off_e=-0.0059 nose_z=+0.4080
QGC port check failed, reporting UNKNOWN: (pid=3851)
2026-09-01 06:21:03,317 [INFO] core.mission.gorev3_pickup: [KANCA_IZ] t=24.52 alt=0.324 off_n=-0.0943 off_e=-0.0059 nose_z=+0.4092
2026-09-01 06:21:03,401 [INFO] gz_system.main_gz: Dashboard paint loop: 0.0 FPS (main thread)
2026-09-01 06:21:03,424 [INFO] core.mission.gorev3_pickup: [KANCA_IZ] t=24.62 alt=0.326 off_n=-0.0925 off_e=-0.0053 nose_z=+0.4101
2026-09-01 06:21:03,534 [INFO] core.mission.gorev3_pickup: [KANCA_IZ] t=24.73 alt=0.329 off_n=-0.0893 off_e=-0.0044 nose_z=+0.4110
2026-09-01 06:21:03,642 [INFO] core.mission.gorev3_pickup: [KANCA_IZ] t=24.84 alt=0.331 off_n=-0.0870 off_e=-0.0038 nose_z=+0.4116
2026-09-01 06:21:03,752 [INFO] core.mission.gorev3_pickup: [KANCA_IZ] t=24.95 alt=0.333 off_n=-0.0867 off_e=-0.0038 nose_z=+0.4118
2026-09-01 06:21:03,860 [INFO] core.mission.gorev3_pickup: [KANCA_IZ] t=25.06 alt=0.333 off_n=-0.0882 off_e=-0.0042 nose_z=+0.4118
2026-09-01 06:21:03,968 [INFO] core.mission.gorev3_pickup: [KANCA_IZ] t=25.17 alt=0.333 off_n=-0.0905 off_e=-0.0049 nose_z=+0.4117
2026-09-01 06:21:04,076 [INFO] core.mission.gorev3_pickup: [KANCA_IZ] t=25.27 alt=0.334 off_n=-0.0920 off_e=-0.0054 nose_z=+0.4116
2026-09-01 06:21:04,184 [INFO] core.mission.gorev3_pickup: [KANCA_IZ] t=25.38 alt=0.336 off_n=-0.0924 off_e=-0.0055 nose_z=+0.4113
2026-09-01 06:21:04,293 [INFO] core.mission.gorev3_pickup: [KANCA_IZ] t=25.49 alt=0.338 off_n=-0.0916 off_e=-0.0053 nose_z=+0.4109
2026-09-01 06:21:04,402 [INFO] core.mission.gorev3_pickup: [KANCA_IZ] t=25.60 alt=0.340 off_n=-0.0900 off_e=-0.0048 nose_z=+0.4101
2026-09-01 06:21:04,510 [INFO] core.mission.gorev3_pickup: [KANCA_IZ] t=25.71 alt=0.341 off_n=-0.0887 off_e=-0.0043 nose_z=+0.4089
2026-09-01 06:21:04,619 [INFO] core.mission.gorev3_pickup: [KANCA_IZ] t=25.82 alt=0.342 off_n=-0.0884 off_e=-0.0042 nose_z=+0.4077
2026-09-01 06:21:04,727 [INFO] core.mission.gorev3_pickup: [KANCA_IZ] t=25.93 alt=0.343 off_n=-0.0890 off_e=-0.0044 nose_z=+0.4059
2026-09-01 06:21:04,836 [INFO] core.mission.gorev3_pickup: [KANCA_IZ] t=26.03 alt=0.344 off_n=-0.0900 off_e=-0.0047 nose_z=+0.4042
2026-09-01 06:21:04,946 [INFO] core.mission.gorev3_pickup: [KANCA_IZ] t=26.14 alt=0.345 off_n=-0.0910 off_e=-0.0049 nose_z=+0.4020
2026-09-01 06:21:05,054 [INFO] core.mission.gorev3_pickup: [KANCA_IZ] t=26.25 alt=0.346 off_n=-0.0912 off_e=-0.0049 nose_z=+0.3995
2026-09-01 06:21:05,162 [INFO] core.mission.gorev3_pickup: [KANCA_IZ] t=26.36 alt=0.348 off_n=-0.0907 off_e=-0.0047 nose_z=+0.3971
QGC port check failed, reporting UNKNOWN: (pid=3851)
2026-09-01 06:21:05,270 [INFO] core.mission.gorev3_pickup: [KANCA_IZ] t=26.47 alt=0.349 off_n=-0.0898 off_e=-0.0045 nose_z=+0.3943
2026-09-01 06:21:05,379 [INFO] core.mission.gorev3_pickup: [KANCA_IZ] t=26.58 alt=0.349 off_n=-0.0892 off_e=-0.0043 nose_z=+0.3916
2026-09-01 06:21:05,487 [INFO] core.mission.gorev3_pickup: [KANCA_IZ] t=26.69 alt=0.349 off_n=-0.0889 off_e=-0.0044 nose_z=+0.3888
2026-09-01 06:21:05,595 [INFO] core.mission.gorev3_pickup: [KANCA_IZ] t=26.79 alt=0.348 off_n=-0.0893 off_e=-0.0045 nose_z=+0.3854
2026-09-01 06:21:05,703 [INFO] core.mission.gorev3_pickup: [KANCA_IZ] t=26.90 alt=0.348 off_n=-0.0900 off_e=-0.0046 nose_z=+0.3824
2026-09-01 06:21:05,703 [INFO] core.mission.gorev3_pickup: [SON_DUZELTME] 3/6 yanal 20.8 mm -> (kuzey -0.004, dogu +0.010)  | kanca_ofset=(-0.0900, -0.0046) arac_ned=(118.2802, -4.5253) kanca_mutlak=(118.1902, -4.5299)
2026-09-01 06:21:05,811 [INFO] core.mission.gorev3_pickup: [KANCA_IZ] t=27.01 alt=0.346 off_n=-0.0907 off_e=-0.0048 nose_z=+0.3788
2026-09-01 06:21:05,920 [INFO] core.mission.gorev3_pickup: [KANCA_IZ] t=27.12 alt=0.345 off_n=-0.0909 off_e=-0.0048 nose_z=+0.3753
2026-09-01 06:21:06,027 [INFO] core.mission.gorev3_pickup: [KANCA_IZ] t=27.23 alt=0.344 off_n=-0.0904 off_e=-0.0046 nose_z=+0.3719
2026-09-01 06:21:06,138 [INFO] core.detection.vision_runtime: [VISION] detect() calisiyor -- bu karede 0 tespit: []
2026-09-01 06:21:06,138 [INFO] core.mission.gorev3_pickup: [KANCA_IZ] t=27.34 alt=0.344 off_n=-0.0897 off_e=-0.0044 nose_z=+0.3691
2026-09-01 06:21:06,247 [INFO] core.mission.gorev3_pickup: [KANCA_IZ] t=27.45 alt=0.343 off_n=-0.0891 off_e=-0.0043 nose_z=+0.3659
2026-09-01 06:21:06,356 [INFO] core.mission.gorev3_pickup: [KANCA_IZ] t=27.55 alt=0.342 off_n=-0.0890 off_e=-0.0043 nose_z=+0.3631
2026-09-01 06:21:06,466 [INFO] core.mission.gorev3_pickup: [KANCA_IZ] t=27.66 alt=0.342 off_n=-0.0894 off_e=-0.0045 nose_z=+0.3600
2026-09-01 06:21:06,574 [INFO] core.mission.gorev3_pickup: [KANCA_IZ] t=27.77 alt=0.341 off_n=-0.0900 off_e=-0.0047 nose_z=+0.3570
2026-09-01 06:21:06,683 [INFO] core.mission.gorev3_pickup: [KANCA_IZ] t=27.88 alt=0.338 off_n=-0.0903 off_e=-0.0048 nose_z=+0.3545
2026-09-01 06:21:06,793 [INFO] core.mission.gorev3_pickup: [KANCA_IZ] t=27.99 alt=0.336 off_n=-0.0903 off_e=-0.0048 nose_z=+0.3520
2026-09-01 06:21:06,903 [INFO] core.mission.gorev3_pickup: [KANCA_IZ] t=28.10 alt=0.334 off_n=-0.0900 off_e=-0.0047 nose_z=+0.3498
2026-09-01 06:21:07,011 [INFO] core.mission.gorev3_pickup: [KANCA_IZ] t=28.21 alt=0.333 off_n=-0.0897 off_e=-0.0045 nose_z=+0.3477
2026-09-01 06:21:07,120 [INFO] core.mission.gorev3_pickup: [KANCA_IZ] t=28.32 alt=0.331 off_n=-0.0896 off_e=-0.0044 nose_z=+0.3461
2026-09-01 06:21:07,228 [INFO] core.mission.gorev3_pickup: [KANCA_IZ] t=28.43 alt=0.329 off_n=-0.0896 off_e=-0.0044 nose_z=+0.3445
QGC port check failed, reporting UNKNOWN: (pid=3851)
2026-09-01 06:21:07,337 [INFO] core.mission.gorev3_pickup: [KANCA_IZ] t=28.54 alt=0.328 off_n=-0.0897 off_e=-0.0045 nose_z=+0.3431
2026-09-01 06:21:07,446 [INFO] core.mission.gorev3_pickup: [KANCA_IZ] t=28.65 alt=0.326 off_n=-0.0899 off_e=-0.0046 nose_z=+0.3421
2026-09-01 06:21:07,557 [INFO] core.mission.gorev3_pickup: [KANCA_IZ] t=28.76 alt=0.326 off_n=-0.0900 off_e=-0.0047 nose_z=+0.3411
2026-09-01 06:21:07,665 [INFO] core.mission.gorev3_pickup: [KANCA_IZ] t=28.86 alt=0.325 off_n=-0.0900 off_e=-0.0047 nose_z=+0.3404
2026-09-01 06:21:07,774 [INFO] core.mission.gorev3_pickup: [KANCA_IZ] t=28.97 alt=0.324 off_n=-0.0897 off_e=-0.0046 nose_z=+0.3396
2026-09-01 06:21:07,884 [INFO] core.mission.gorev3_pickup: [KANCA_IZ] t=29.08 alt=0.323 off_n=-0.0895 off_e=-0.0045 nose_z=+0.3391
2026-09-01 06:21:07,996 [INFO] core.mission.gorev3_pickup: [KANCA_IZ] t=29.19 alt=0.324 off_n=-0.0894 off_e=-0.0045 nose_z=+0.3387
2026-09-01 06:21:08,105 [INFO] core.mission.gorev3_pickup: [KANCA_IZ] t=29.30 alt=0.324 off_n=-0.0896 off_e=-0.0045 nose_z=+0.3381
2026-09-01 06:21:08,216 [INFO] core.mission.gorev3_pickup: [KANCA_IZ] t=29.41 alt=0.324 off_n=-0.0898 off_e=-0.0046 nose_z=+0.3374
2026-09-01 06:21:08,216 [INFO] core.mission.gorev3_pickup: [SON_DUZELTME] 4/6 yanal 18.1 mm -> (kuzey +0.009, dogu +0.001)  | kanca_ofset=(-0.0898, -0.0046) arac_ned=(118.2536, -4.5073) kanca_mutlak=(118.1638, -4.5119)
2026-09-01 06:21:08,325 [INFO] core.mission.gorev3_pickup: [KANCA_IZ] t=29.52 alt=0.324 off_n=-0.0900 off_e=-0.0046 nose_z=+0.3368
2026-09-01 06:21:08,427 [INFO] gz_system.main_gz: Dashboard paint loop: 0.0 FPS (main thread)
2026-09-01 06:21:08,434 [INFO] core.mission.gorev3_pickup: [KANCA_IZ] t=29.63 alt=0.324 off_n=-0.0902 off_e=-0.0046 nose_z=+0.3361
2026-09-01 06:21:08,542 [INFO] core.mission.gorev3_pickup: [KANCA_IZ] t=29.74 alt=0.323 off_n=-0.0901 off_e=-0.0046 nose_z=+0.3356
2026-09-01 06:21:08,652 [INFO] core.mission.gorev3_pickup: [KANCA_IZ] t=29.85 alt=0.321 off_n=-0.0898 off_e=-0.0048 nose_z=+0.3352
2026-09-01 06:21:08,761 [INFO] core.mission.gorev3_pickup: [KANCA_IZ] t=29.96 alt=0.320 off_n=-0.0895 off_e=-0.0049 nose_z=+0.3350
2026-09-01 06:21:08,868 [INFO] core.mission.gorev3_pickup: [KANCA_IZ] t=30.07 alt=0.319 off_n=-0.0896 off_e=-0.0050 nose_z=+0.3350
2026-09-01 06:21:08,978 [INFO] core.mission.gorev3_pickup: [KANCA_IZ] t=30.18 alt=0.319 off_n=-0.0898 off_e=-0.0048 nose_z=+0.3352
2026-09-01 06:21:09,086 [INFO] core.mission.gorev3_pickup: [KANCA_IZ] t=30.28 alt=0.319 off_n=-0.0900 off_e=-0.0047 nose_z=+0.3354
2026-09-01 06:21:09,195 [INFO] core.detection.vision_runtime: [VISION] detect() calisiyor -- bu karede 0 tespit: []
2026-09-01 06:21:09,195 [INFO] core.mission.gorev3_pickup: [KANCA_IZ] t=30.39 alt=0.319 off_n=-0.0902 off_e=-0.0046 nose_z=+0.3356
QGC port check failed, reporting UNKNOWN: (pid=3851)
2026-09-01 06:21:09,304 [INFO] core.mission.gorev3_pickup: [KANCA_IZ] t=30.50 alt=0.319 off_n=-0.0902 off_e=-0.0046 nose_z=+0.3359
2026-09-01 06:21:09,414 [INFO] core.mission.gorev3_pickup: [KANCA_IZ] t=30.61 alt=0.318 off_n=-0.0901 off_e=-0.0047 nose_z=+0.3362
2026-09-01 06:21:09,523 [INFO] core.mission.gorev3_pickup: [KANCA_IZ] t=30.72 alt=0.318 off_n=-0.0899 off_e=-0.0048 nose_z=+0.3367
2026-09-01 06:21:09,631 [INFO] core.mission.gorev3_pickup: [KANCA_IZ] t=30.83 alt=0.318 off_n=-0.0898 off_e=-0.0049 nose_z=+0.3372
2026-09-01 06:21:09,741 [INFO] core.mission.gorev3_pickup: [KANCA_IZ] t=30.94 alt=0.318 off_n=-0.0898 off_e=-0.0048 nose_z=+0.3379
2026-09-01 06:21:09,849 [INFO] core.mission.gorev3_pickup: [KANCA_IZ] t=31.05 alt=0.318 off_n=-0.0899 off_e=-0.0047 nose_z=+0.3385
2026-09-01 06:21:09,956 [INFO] core.mission.gorev3_pickup: [KANCA_IZ] t=31.16 alt=0.318 off_n=-0.0901 off_e=-0.0047 nose_z=+0.3392
2026-09-01 06:21:10,067 [INFO] core.mission.gorev3_pickup: [KANCA_IZ] t=31.27 alt=0.319 off_n=-0.0901 off_e=-0.0047 nose_z=+0.3398
2026-09-01 06:21:10,176 [INFO] core.mission.gorev3_pickup: [KANCA_IZ] t=31.37 alt=0.320 off_n=-0.0901 off_e=-0.0048 nose_z=+0.3403
2026-09-01 06:21:10,285 [INFO] core.mission.gorev3_pickup: [KANCA_IZ] t=31.48 alt=0.323 off_n=-0.0901 off_e=-0.0048 nose_z=+0.3406
2026-09-01 06:21:10,395 [INFO] core.mission.gorev3_pickup: [KANCA_IZ] t=31.59 alt=0.324 off_n=-0.0900 off_e=-0.0048 nose_z=+0.3407
2026-09-01 06:21:10,506 [INFO] core.mission.gorev3_pickup: [KANCA_IZ] t=31.70 alt=0.326 off_n=-0.0899 off_e=-0.0048 nose_z=+0.3406
2026-09-01 06:21:10,614 [INFO] core.mission.gorev3_pickup: [KANCA_IZ] t=31.81 alt=0.327 off_n=-0.0898 off_e=-0.0047 nose_z=+0.3401
2026-09-01 06:21:10,722 [INFO] core.mission.gorev3_pickup: [KANCA_IZ] t=31.92 alt=0.328 off_n=-0.0898 off_e=-0.0046 nose_z=+0.3395
2026-09-01 06:21:10,723 [INFO] core.mission.gorev3_pickup: [SON_DUZELTME] 5/6 yanal 14.5 mm -> (kuzey -0.001, dogu -0.007)  | kanca_ofset=(-0.0898, -0.0046) arac_ned=(118.2733, -4.4918) kanca_mutlak=(118.1835, -4.4964)
2026-09-01 06:21:10,831 [INFO] core.mission.gorev3_pickup: [KANCA_IZ] t=32.03 alt=0.329 off_n=-0.0897 off_e=-0.0046 nose_z=+0.3385
2026-09-01 06:21:10,939 [INFO] core.mission.gorev3_pickup: [KANCA_IZ] t=32.14 alt=0.330 off_n=-0.0897 off_e=-0.0045 nose_z=+0.3376
2026-09-01 06:21:11,048 [INFO] core.mission.gorev3_pickup: [KANCA_IZ] t=32.25 alt=0.331 off_n=-0.0899 off_e=-0.0045 nose_z=+0.3363
2026-09-01 06:21:11,155 [INFO] core.mission.gorev3_pickup: [KANCA_IZ] t=32.35 alt=0.332 off_n=-0.0901 off_e=-0.0046 nose_z=+0.3350
QGC port check failed, reporting UNKNOWN: (pid=3851)
2026-09-01 06:21:11,264 [INFO] core.mission.gorev3_pickup: [KANCA_IZ] t=32.46 alt=0.332 off_n=-0.0902 off_e=-0.0048 nose_z=+0.3333
2026-09-01 06:21:11,371 [INFO] core.mission.gorev3_pickup: [KANCA_IZ] t=32.57 alt=0.332 off_n=-0.0901 off_e=-0.0048 nose_z=+0.3315
2026-09-01 06:21:11,482 [INFO] core.mission.gorev3_pickup: [KANCA_IZ] t=32.68 alt=0.333 off_n=-0.0900 off_e=-0.0048 nose_z=+0.3299
2026-09-01 06:21:11,591 [INFO] core.mission.gorev3_pickup: [KANCA_IZ] t=32.79 alt=0.333 off_n=-0.0898 off_e=-0.0046 nose_z=+0.3278
2026-09-01 06:21:11,702 [INFO] core.mission.gorev3_pickup: [KANCA_IZ] t=32.90 alt=0.331 off_n=-0.0897 off_e=-0.0045 nose_z=+0.3256
2026-09-01 06:21:11,811 [INFO] core.mission.gorev3_pickup: [KANCA_IZ] t=33.01 alt=0.330 off_n=-0.0898 off_e=-0.0044 nose_z=+0.3239
2026-09-01 06:21:11,921 [INFO] core.mission.gorev3_pickup: [KANCA_IZ] t=33.12 alt=0.327 off_n=-0.0898 off_e=-0.0044 nose_z=+0.3223
2026-09-01 06:21:12,028 [INFO] core.mission.gorev3_pickup: [KANCA_IZ] t=33.23 alt=0.325 off_n=-0.0899 off_e=-0.0044 nose_z=+0.3209
2026-09-01 06:21:12,136 [INFO] core.mission.gorev3_pickup: [KANCA_IZ] t=33.34 alt=0.323 off_n=-0.0900 off_e=-0.0046 nose_z=+0.3199
2026-09-01 06:21:12,246 [INFO] core.detection.vision_runtime: [VISION] detect() calisiyor -- bu karede 0 tespit: []
2026-09-01 06:21:12,246 [INFO] core.mission.gorev3_pickup: [KANCA_IZ] t=33.45 alt=0.320 off_n=-0.0899 off_e=-0.0049 nose_z=+0.3193
2026-09-01 06:21:12,355 [INFO] core.mission.gorev3_pickup: [KANCA_IZ] t=33.55 alt=0.318 off_n=-0.0899 off_e=-0.0050 nose_z=+0.3191
2026-09-01 06:21:12,464 [INFO] core.mission.gorev3_pickup: [KANCA_IZ] t=33.66 alt=0.317 off_n=-0.0898 off_e=-0.0048 nose_z=+0.3192
2026-09-01 06:21:12,574 [INFO] core.mission.gorev3_pickup: [KANCA_IZ] t=33.77 alt=0.317 off_n=-0.0898 off_e=-0.0046 nose_z=+0.3196
2026-09-01 06:21:12,685 [INFO] core.mission.gorev3_pickup: [KANCA_IZ] t=33.88 alt=0.318 off_n=-0.0899 off_e=-0.0044 nose_z=+0.3200
2026-09-01 06:21:12,792 [INFO] core.mission.gorev3_pickup: [KANCA_IZ] t=33.99 alt=0.318 off_n=-0.0900 off_e=-0.0043 nose_z=+0.3203
2026-09-01 06:21:12,902 [INFO] core.mission.gorev3_pickup: [KANCA_IZ] t=34.10 alt=0.319 off_n=-0.0900 off_e=-0.0044 nose_z=+0.3208
2026-09-01 06:21:13,012 [INFO] core.mission.gorev3_pickup: [KANCA_IZ] t=34.21 alt=0.320 off_n=-0.0899 off_e=-0.0045 nose_z=+0.3211
2026-09-01 06:21:13,122 [INFO] core.mission.gorev3_pickup: [KANCA_IZ] t=34.32 alt=0.320 off_n=-0.0898 off_e=-0.0047 nose_z=+0.3214
2026-09-01 06:21:13,229 [INFO] core.mission.gorev3_pickup: [KANCA_IZ] t=34.43 alt=0.321 off_n=-0.0897 off_e=-0.0048 nose_z=+0.3215
2026-09-01 06:21:13,229 [INFO] core.mission.gorev3_pickup: [SON_DUZELTME] 6/6 yanal 19.4 mm -> (kuzey +0.001, dogu -0.010)  | kanca_ofset=(-0.0897, -0.0048) arac_ned=(118.2688, -4.4868) kanca_mutlak=(118.1791, -4.4916)
QGC port check failed, reporting UNKNOWN: (pid=3851)
2026-09-01 06:21:13,338 [INFO] core.mission.gorev3_pickup: [KANCA_IZ] t=34.54 alt=0.321 off_n=-0.0897 off_e=-0.0048 nose_z=+0.3216
2026-09-01 06:21:13,448 [INFO] core.mission.gorev3_pickup: [KANCA_IZ] t=34.65 alt=0.320 off_n=-0.0898 off_e=-0.0047 nose_z=+0.3217
2026-09-01 06:21:13,462 [INFO] gz_system.main_gz: Dashboard paint loop: 0.0 FPS (main thread)
2026-09-01 06:21:13,562 [INFO] core.mission.gorev3_pickup: [KANCA_IZ] t=34.76 alt=0.319 off_n=-0.0899 off_e=-0.0046 nose_z=+0.3220
2026-09-01 06:21:13,671 [INFO] core.mission.gorev3_pickup: [KANCA_IZ] t=34.87 alt=0.319 off_n=-0.0899 off_e=-0.0046 nose_z=+0.3225
2026-09-01 06:21:13,778 [INFO] core.mission.gorev3_pickup: [KANCA_IZ] t=34.98 alt=0.317 off_n=-0.0899 off_e=-0.0047 nose_z=+0.3230
2026-09-01 06:21:13,886 [INFO] core.mission.gorev3_pickup: [KANCA_IZ] t=35.09 alt=0.316 off_n=-0.0898 off_e=-0.0048 nose_z=+0.3238
2026-09-01 06:21:13,996 [INFO] core.mission.gorev3_pickup: [KANCA_IZ] t=35.19 alt=0.316 off_n=-0.0899 off_e=-0.0048 nose_z=+0.3247
2026-09-01 06:21:14,103 [INFO] core.mission.gorev3_pickup: [KANCA_IZ] t=35.30 alt=0.317 off_n=-0.0900 off_e=-0.0048 nose_z=+0.3257
2026-09-01 06:21:14,211 [INFO] core.mission.gorev3_pickup: [KANCA_IZ] t=35.41 alt=0.318 off_n=-0.0901 off_e=-0.0047 nose_z=+0.3266
2026-09-01 06:21:14,322 [INFO] core.mission.gorev3_pickup: [KANCA_IZ] t=35.52 alt=0.319 off_n=-0.0900 off_e=-0.0046 nose_z=+0.3278
2026-09-01 06:21:14,430 [INFO] core.mission.gorev3_pickup: [KANCA_IZ] t=35.63 alt=0.320 off_n=-0.0898 off_e=-0.0046 nose_z=+0.3288
2026-09-01 06:21:14,540 [INFO] core.mission.gorev3_pickup: [KANCA_IZ] t=35.74 alt=0.321 off_n=-0.0897 off_e=-0.0047 nose_z=+0.3295
2026-09-01 06:21:14,648 [INFO] core.mission.gorev3_pickup: [KANCA_IZ] t=35.85 alt=0.323 off_n=-0.0897 off_e=-0.0048 nose_z=+0.3302
2026-09-01 06:21:14,757 [INFO] core.mission.gorev3_pickup: [KANCA_IZ] t=35.96 alt=0.325 off_n=-0.0897 off_e=-0.0048 nose_z=+0.3307
2026-09-01 06:21:14,865 [INFO] core.mission.gorev3_pickup: [KANCA_IZ] t=36.06 alt=0.327 off_n=-0.0897 off_e=-0.0048 nose_z=+0.3310
2026-09-01 06:21:14,973 [INFO] core.mission.gorev3_pickup: [KANCA_IZ] t=36.17 alt=0.329 off_n=-0.0898 off_e=-0.0048 nose_z=+0.3308
2026-09-01 06:21:15,081 [INFO] core.mission.gorev3_pickup: [KANCA_IZ] t=36.28 alt=0.332 off_n=-0.0900 off_e=-0.0048 nose_z=+0.3303
2026-09-01 06:21:15,190 [INFO] core.mission.gorev3_pickup: [KANCA_IZ] t=36.39 alt=0.332 off_n=-0.0901 off_e=-0.0048 nose_z=+0.3293
QGC port check failed, reporting UNKNOWN: (pid=3851)
2026-09-01 06:21:15,298 [INFO] core.detection.vision_runtime: [VISION] detect() calisiyor -- bu karede 0 tespit: []
2026-09-01 06:21:15,298 [INFO] core.mission.gorev3_pickup: [KANCA_IZ] t=36.50 alt=0.331 off_n=-0.0900 off_e=-0.0047 nose_z=+0.3285
2026-09-01 06:21:15,407 [INFO] core.mission.gorev3_pickup: [KANCA_IZ] t=36.61 alt=0.329 off_n=-0.0899 off_e=-0.0046 nose_z=+0.3275
2026-09-01 06:21:15,516 [INFO] core.mission.gorev3_pickup: [KANCA_IZ] t=36.72 alt=0.328 off_n=-0.0897 off_e=-0.0045 nose_z=+0.3267
2026-09-01 06:21:15,625 [INFO] core.mission.gorev3_pickup: [KANCA_IZ] t=36.82 alt=0.326 off_n=-0.0895 off_e=-0.0046 nose_z=+0.3260
2026-09-01 06:21:15,733 [INFO] core.mission.gorev3_pickup: [KANCA_IZ] t=36.93 alt=0.324 off_n=-0.0895 off_e=-0.0048 nose_z=+0.3256
2026-09-01 06:21:15,733 [WARNING] core.mission.gorev3_pickup: [SON_DUZELTME] butce doldu; son yanal 19.4 mm
2026-09-01 06:21:15,733 [INFO] core.mission.gorev3_pickup: [YENIDEN_HIZA] deneme 2 icin yeni yanal: 19.4 mm
2026-09-01 06:21:15,733 [INFO] gz_system.gz_payload_actuator: [HOOK] alma denemesi 2/3
2026-09-01 06:21:15,733 [INFO] gz_system.gz_payload_actuator: [HOOK] vinc salimi: 0.374 m  (irtifa=0.344 m, guverte=0.070, zincir ofseti=0.060, pay=0.040)
2026-09-01 06:21:15,733 [INFO] gz_system.gz_payload_actuator: [HOOK] vinc -> 0.37 m
I0901 06:21:15.734190 13018260 fork_posix.cc:71] Other threads are currently calling into gRPC, skipping fork() handlers
2026-09-01 06:21:15,844 [INFO] core.mission.gorev3_pickup: [KANCA_IZ] t=37.04 alt=0.322 off_n=-0.0897 off_e=-0.0049 nose_z=+0.3254
2026-09-01 06:21:15,956 [INFO] core.mission.gorev3_pickup: [KANCA_IZ] t=37.16 alt=0.320 off_n=-0.0902 off_e=-0.0048 nose_z=+0.3253
2026-09-01 06:21:16,065 [INFO] core.mission.gorev3_pickup: [KANCA_IZ] t=37.26 alt=0.318 off_n=-0.0902 off_e=-0.0047 nose_z=+0.3256
2026-09-01 06:21:16,176 [INFO] core.mission.gorev3_pickup: [KANCA_IZ] t=37.37 alt=0.315 off_n=-0.0899 off_e=-0.0045 nose_z=+0.3263
2026-09-01 06:21:16,284 [INFO] core.mission.gorev3_pickup: [KANCA_IZ] t=37.48 alt=0.314 off_n=-0.0895 off_e=-0.0045 nose_z=+0.3272
2026-09-01 06:21:16,396 [INFO] core.mission.gorev3_pickup: [KANCA_IZ] t=37.60 alt=0.314 off_n=-0.0893 off_e=-0.0045 nose_z=+0.3285
2026-09-01 06:21:16,504 [INFO] core.mission.gorev3_pickup: [KANCA_IZ] t=37.70 alt=0.313 off_n=-0.0895 off_e=-0.0045 nose_z=+0.3300
2026-09-01 06:21:16,612 [INFO] core.mission.gorev3_pickup: [KANCA_IZ] t=37.81 alt=0.312 off_n=-0.0898 off_e=-0.0046 nose_z=+0.3316
2026-09-01 06:21:16,653 [INFO] gz_system.gz_payload_actuator: [HOOK] APPROACHING  lat=  26.0mm ins= -256.2mm tilt=  0.3deg v=  infm/s age=0.01s  [lateral(26.0mm>10.2mm), too_high(-256.2mm<-4.0mm), rel_speed(inf>0.05m/s)]
2026-09-01 06:21:16,720 [INFO] core.mission.gorev3_pickup: [KANCA_IZ] t=37.92 alt=0.312 off_n=-0.0898 off_e=-0.0048 nose_z=+0.3077
2026-09-01 06:21:16,828 [INFO] core.mission.gorev3_pickup: [KANCA_IZ] t=38.03 alt=0.312 off_n=-0.0906 off_e=-0.0050 nose_z=+0.2599
2026-09-01 06:21:16,936 [INFO] core.mission.gorev3_pickup: [KANCA_IZ] t=38.14 alt=0.312 off_n=-0.0913 off_e=-0.0052 nose_z=+0.2040
2026-09-01 06:21:17,044 [INFO] core.mission.gorev3_pickup: [KANCA_IZ] t=38.24 alt=0.312 off_n=-0.0914 off_e=-0.0053 nose_z=+0.1577
2026-09-01 06:21:17,152 [INFO] core.mission.gorev3_pickup: [KANCA_IZ] t=38.35 alt=0.311 off_n=-0.0911 off_e=-0.0054 nose_z=+0.0999
2026-09-01 06:21:17,260 [INFO] core.mission.gorev3_pickup: [KANCA_IZ] t=38.46 alt=0.312 off_n=-0.0887 off_e=-0.0065 nose_z=+0.0748
QGC port check failed, reporting UNKNOWN: (pid=3851)
2026-09-01 06:21:17,368 [INFO] core.mission.gorev3_pickup: [KANCA_IZ] t=38.57 alt=0.318 off_n=-0.0859 off_e=-0.0104 nose_z=+0.0750
2026-09-01 06:21:17,475 [INFO] core.mission.gorev3_pickup: [KANCA_IZ] t=38.67 alt=0.354 off_n=-0.0933 off_e=-0.0142 nose_z=+0.0752
2026-09-01 06:21:17,585 [INFO] core.mission.gorev3_pickup: [KANCA_IZ] t=38.78 alt=0.365 off_n=-0.1080 off_e=-0.0179 nose_z=+0.0754
2026-09-01 06:21:17,694 [INFO] core.mission.gorev3_pickup: [KANCA_IZ] t=38.89 alt=0.371 off_n=-0.1223 off_e=-0.0207 nose_z=+0.0756
2026-09-01 06:21:17,695 [INFO] gz_system.gz_payload_actuator: [HOOK] APPROACHING  lat=  36.6mm ins=   +0.4mm tilt=  0.2deg v=0.002m/s age=0.03s  [lateral(36.6mm>10.2mm)]
2026-09-01 06:21:17,804 [INFO] core.mission.gorev3_pickup: [KANCA_IZ] t=39.00 alt=0.372 off_n=-0.1368 off_e=-0.0233 nose_z=+0.0758
2026-09-01 06:21:17,912 [INFO] core.mission.gorev3_pickup: [KANCA_IZ] t=39.11 alt=0.370 off_n=-0.1478 off_e=-0.0258 nose_z=+0.0759
2026-09-01 06:21:18,026 [INFO] core.mission.gorev3_pickup: [KANCA_IZ] t=39.22 alt=0.367 off_n=-0.1540 off_e=-0.0276 nose_z=+0.0760
2026-09-01 06:21:18,133 [INFO] core.mission.gorev3_pickup: [KANCA_IZ] t=39.33 alt=0.365 off_n=-0.1580 off_e=-0.0293 nose_z=+0.0760
2026-09-01 06:21:18,243 [INFO] core.mission.gorev3_pickup: [KANCA_IZ] t=39.44 alt=0.362 off_n=-0.1582 off_e=-0.0308 nose_z=+0.0763
2026-09-01 06:21:18,352 [INFO] core.detection.vision_runtime: [VISION] detect() calisiyor -- bu karede 0 tespit: []
2026-09-01 06:21:18,352 [INFO] core.mission.gorev3_pickup: [KANCA_IZ] t=39.55 alt=0.360 off_n=-0.1559 off_e=-0.0313 nose_z=+0.0769
2026-09-01 06:21:18,461 [INFO] core.mission.gorev3_pickup: [KANCA_IZ] t=39.66 alt=0.358 off_n=-0.1507 off_e=-0.0315 nose_z=+0.0780
2026-09-01 06:21:18,502 [INFO] gz_system.main_gz: Dashboard paint loop: 0.0 FPS (main thread)
2026-09-01 06:21:18,568 [INFO] core.mission.gorev3_pickup: [KANCA_IZ] t=39.77 alt=0.356 off_n=-0.1435 off_e=-0.0316 nose_z=+0.0789
2026-09-01 06:21:18,676 [INFO] core.mission.gorev3_pickup: [KANCA_IZ] t=39.88 alt=0.354 off_n=-0.1359 off_e=-0.0315 nose_z=+0.0803
2026-09-01 06:21:18,727 [INFO] gz_system.gz_payload_actuator: [HOOK] APPROACHING  lat=  35.4mm ins=   -5.1mm tilt= 23.8deg v=0.074m/s age=0.01s  [lateral(35.4mm>10.2mm), too_high(-5.1mm<-4.0mm), tilt(23.8deg>15.0deg), rel_speed(0.074>0.05m/s)]
2026-09-01 06:21:18,784 [INFO] core.mission.gorev3_pickup: [KANCA_IZ] t=39.98 alt=0.352 off_n=-0.1265 off_e=-0.0324 nose_z=+0.0817
2026-09-01 06:21:18,892 [INFO] core.mission.gorev3_pickup: [KANCA_IZ] t=40.09 alt=0.348 off_n=-0.1187 off_e=-0.0334 nose_z=+0.0828
2026-09-01 06:21:19,000 [INFO] core.mission.gorev3_pickup: [KANCA_IZ] t=40.20 alt=0.345 off_n=-0.1094 off_e=-0.0349 nose_z=+0.0838
2026-09-01 06:21:19,109 [INFO] core.mission.gorev3_pickup: [KANCA_IZ] t=40.31 alt=0.341 off_n=-0.1019 off_e=-0.0363 nose_z=+0.0845
2026-09-01 06:21:19,218 [INFO] core.mission.gorev3_pickup: [KANCA_IZ] t=40.42 alt=0.338 off_n=-0.0938 off_e=-0.0378 nose_z=+0.0852
QGC port check failed, reporting UNKNOWN: (pid=3851)
2026-09-01 06:21:19,327 [INFO] core.mission.gorev3_pickup: [KANCA_IZ] t=40.53 alt=0.334 off_n=-0.0878 off_e=-0.0386 nose_z=+0.0857
2026-09-01 06:21:19,438 [INFO] core.mission.gorev3_pickup: [KANCA_IZ] t=40.64 alt=0.332 off_n=-0.0815 off_e=-0.0390 nose_z=+0.0854
2026-09-01 06:21:19,546 [INFO] core.mission.gorev3_pickup: [KANCA_IZ] t=40.75 alt=0.329 off_n=-0.0756 off_e=-0.0395 nose_z=+0.0859
2026-09-01 06:21:19,655 [INFO] core.mission.gorev3_pickup: [KANCA_IZ] t=40.85 alt=0.326 off_n=-0.0714 off_e=-0.0394 nose_z=+0.0863
2026-09-01 06:21:19,764 [INFO] core.mission.gorev3_pickup: [KANCA_IZ] t=40.96 alt=0.323 off_n=-0.0670 off_e=-0.0386 nose_z=+0.0866
2026-09-01 06:21:19,764 [INFO] gz_system.gz_payload_actuator: [HOOK] APPROACHING  lat=  31.8mm ins=  -10.7mm tilt= 56.4deg v=0.019m/s age=0.02s  [lateral(31.8mm>10.2mm), too_high(-10.7mm<-4.0mm), tilt(56.4deg>15.0deg)]
2026-09-01 06:21:19,873 [INFO] core.mission.gorev3_pickup: [KANCA_IZ] t=41.07 alt=0.321 off_n=-0.0630 off_e=-0.0369 nose_z=+0.0869
2026-09-01 06:21:19,982 [INFO] core.mission.gorev3_pickup: [KANCA_IZ] t=41.18 alt=0.317 off_n=-0.0602 off_e=-0.0352 nose_z=+0.0870
2026-09-01 06:21:20,091 [INFO] core.mission.gorev3_pickup: [KANCA_IZ] t=41.29 alt=0.316 off_n=-0.0574 off_e=-0.0330 nose_z=+0.0871
2026-09-01 06:21:20,202 [INFO] core.mission.gorev3_pickup: [KANCA_IZ] t=41.40 alt=0.315 off_n=-0.0555 off_e=-0.0312 nose_z=+0.0871
2026-09-01 06:21:20,311 [INFO] core.mission.gorev3_pickup: [KANCA_IZ] t=41.51 alt=0.314 off_n=-0.0536 off_e=-0.0291 nose_z=+0.0872
2026-09-01 06:21:20,420 [INFO] core.mission.gorev3_pickup: [KANCA_IZ] t=41.62 alt=0.315 off_n=-0.0519 off_e=-0.0271 nose_z=+0.0871
2026-09-01 06:21:20,532 [INFO] core.mission.gorev3_pickup: [KANCA_IZ] t=41.73 alt=0.315 off_n=-0.0506 off_e=-0.0255 nose_z=+0.0871
2026-09-01 06:21:20,641 [INFO] core.mission.gorev3_pickup: [KANCA_IZ] t=41.84 alt=0.316 off_n=-0.0492 off_e=-0.0238 nose_z=+0.0871
2026-09-01 06:21:20,750 [INFO] core.mission.gorev3_pickup: [KANCA_IZ] t=41.95 alt=0.318 off_n=-0.0478 off_e=-0.0221 nose_z=+0.0865
2026-09-01 06:21:20,801 [INFO] gz_system.gz_payload_actuator: [HOOK] APPROACHING  lat=  33.4mm ins=  -10.7mm tilt= 58.2deg v=0.009m/s age=0.00s  [lateral(33.4mm>10.2mm), too_high(-10.7mm<-4.0mm), tilt(58.2deg>15.0deg)]
2026-09-01 06:21:20,863 [INFO] core.mission.gorev3_pickup: [KANCA_IZ] t=42.06 alt=0.321 off_n=-0.0466 off_e=-0.0207 nose_z=+0.0866
2026-09-01 06:21:20,971 [INFO] core.mission.gorev3_pickup: [KANCA_IZ] t=42.17 alt=0.323 off_n=-0.0453 off_e=-0.0192 nose_z=+0.0868
2026-09-01 06:21:21,082 [INFO] core.mission.gorev3_pickup: [KANCA_IZ] t=42.28 alt=0.325 off_n=-0.0438 off_e=-0.0176 nose_z=+0.0869
2026-09-01 06:21:21,192 [INFO] core.mission.gorev3_pickup: [KANCA_IZ] t=42.39 alt=0.325 off_n=-0.0424 off_e=-0.0163 nose_z=+0.0870
QGC port check failed, reporting UNKNOWN: (pid=3851)
2026-09-01 06:21:21,303 [INFO] core.mission.gorev3_pickup: [KANCA_IZ] t=42.50 alt=0.323 off_n=-0.0408 off_e=-0.0146 nose_z=+0.0871
2026-09-01 06:21:21,413 [INFO] core.detection.vision_runtime: [VISION] detect() calisiyor -- bu karede 1 tespit: ['KIRMIZI_DIKDORTGEN']
2026-09-01 06:21:21,413 [INFO] core.mission.gorev3_pickup: [KANCA_IZ] t=42.61 alt=0.322 off_n=-0.0395 off_e=-0.0134 nose_z=+0.0871
2026-09-01 06:21:21,527 [INFO] core.mission.gorev3_pickup: [KANCA_IZ] t=42.73 alt=0.322 off_n=-0.0379 off_e=-0.0121 nose_z=+0.0872
2026-09-01 06:21:21,635 [INFO] core.mission.gorev3_pickup: [KANCA_IZ] t=42.83 alt=0.322 off_n=-0.0364 off_e=-0.0110 nose_z=+0.0872
2026-09-01 06:21:21,746 [INFO] core.mission.gorev3_pickup: [KANCA_IZ] t=42.94 alt=0.322 off_n=-0.0351 off_e=-0.0105 nose_z=+0.0873
2026-09-01 06:21:21,858 [INFO] core.mission.gorev3_pickup: [KANCA_IZ] t=43.06 alt=0.322 off_n=-0.0335 off_e=-0.0104 nose_z=+0.0873
2026-09-01 06:21:21,858 [INFO] gz_system.gz_payload_actuator: [HOOK] APPROACHING  lat=  31.6mm ins=  -11.3mm tilt= 60.4deg v=0.003m/s age=0.03s  [lateral(31.6mm>10.2mm), too_high(-11.3mm<-4.0mm), tilt(60.4deg>15.0deg)]
2026-09-01 06:21:21,968 [INFO] core.mission.gorev3_pickup: [KANCA_IZ] t=43.17 alt=0.323 off_n=-0.0318 off_e=-0.0106 nose_z=+0.0873
2026-09-01 06:21:22,077 [INFO] core.mission.gorev3_pickup: [KANCA_IZ] t=43.28 alt=0.324 off_n=-0.0301 off_e=-0.0113 nose_z=+0.0873
2026-09-01 06:21:22,188 [INFO] core.mission.gorev3_pickup: [KANCA_IZ] t=43.39 alt=0.325 off_n=-0.0286 off_e=-0.0120 nose_z=+0.0874
2026-09-01 06:21:22,296 [INFO] core.mission.gorev3_pickup: [KANCA_IZ] t=43.49 alt=0.325 off_n=-0.0269 off_e=-0.0130 nose_z=+0.0874
2026-09-01 06:21:22,407 [INFO] core.mission.gorev3_pickup: [KANCA_IZ] t=43.61 alt=0.325 off_n=-0.0254 off_e=-0.0139 nose_z=+0.0874
2026-09-01 06:21:22,516 [INFO] core.mission.gorev3_pickup: [KANCA_IZ] t=43.72 alt=0.326 off_n=-0.0237 off_e=-0.0152 nose_z=+0.0874
2026-09-01 06:21:22,628 [INFO] core.mission.gorev3_pickup: [KANCA_IZ] t=43.83 alt=0.326 off_n=-0.0219 off_e=-0.0166 nose_z=+0.0875
2026-09-01 06:21:22,737 [INFO] core.mission.gorev3_pickup: [KANCA_IZ] t=43.94 alt=0.326 off_n=-0.0202 off_e=-0.0181 nose_z=+0.0875
2026-09-01 06:21:22,847 [INFO] core.mission.gorev3_pickup: [KANCA_IZ] t=44.05 alt=0.326 off_n=-0.0189 off_e=-0.0195 nose_z=+0.0875
2026-09-01 06:21:22,898 [INFO] gz_system.gz_payload_actuator: [HOOK] APPROACHING  lat=  31.7mm ins=  -11.5mm tilt= 62.3deg v=0.006m/s age=0.02s  [lateral(31.7mm>10.2mm), too_high(-11.5mm<-4.0mm), tilt(62.3deg>15.0deg)]
2026-09-01 06:21:22,957 [INFO] core.mission.gorev3_pickup: [KANCA_IZ] t=44.16 alt=0.326 off_n=-0.0176 off_e=-0.0211 nose_z=+0.0875
2026-09-01 06:21:23,068 [INFO] core.mission.gorev3_pickup: [KANCA_IZ] t=44.27 alt=0.326 off_n=-0.0165 off_e=-0.0229 nose_z=+0.0876
2026-09-01 06:21:23,177 [INFO] core.mission.gorev3_pickup: [KANCA_IZ] t=44.38 alt=0.324 off_n=-0.0156 off_e=-0.0243 nose_z=+0.0873
QGC port check failed, reporting UNKNOWN: (pid=3851)
2026-09-01 06:21:23,287 [INFO] core.mission.gorev3_pickup: [KANCA_IZ] t=44.49 alt=0.323 off_n=-0.0147 off_e=-0.0258 nose_z=+0.0871
2026-09-01 06:21:23,395 [INFO] core.mission.gorev3_pickup: [KANCA_IZ] t=44.59 alt=0.323 off_n=-0.0141 off_e=-0.0271 nose_z=+0.0872
2026-09-01 06:21:23,504 [INFO] core.mission.gorev3_pickup: [KANCA_IZ] t=44.70 alt=0.322 off_n=-0.0138 off_e=-0.0279 nose_z=+0.0873
2026-09-01 06:21:23,509 [INFO] gz_system.main_gz: Dashboard paint loop: 0.0 FPS (main thread)
2026-09-01 06:21:23,613 [INFO] core.mission.gorev3_pickup: [KANCA_IZ] t=44.81 alt=0.322 off_n=-0.0137 off_e=-0.0284 nose_z=+0.0874
2026-09-01 06:21:23,722 [INFO] core.mission.gorev3_pickup: [KANCA_IZ] t=44.92 alt=0.322 off_n=-0.0142 off_e=-0.0286 nose_z=+0.0874
2026-09-01 06:21:23,943 [INFO] gz_system.gz_payload_actuator: [HOOK] APPROACHING  lat=  32.4mm ins=  -11.4mm tilt= 62.1deg v=0.003m/s age=0.02s  [lateral(32.4mm>10.2mm), too_high(-11.4mm<-4.0mm), tilt(62.1deg>15.0deg)]
2026-09-01 06:21:24,489 [INFO] core.detection.vision_runtime: [VISION] detect() calisiyor -- bu karede 1 tespit: ['KIRMIZI_DIKDORTGEN']
2026-09-01 06:21:24,983 [INFO] gz_system.gz_payload_actuator: [HOOK] APPROACHING  lat=  33.4mm ins=  -11.1mm tilt= 58.4deg v=0.005m/s age=0.01s  [lateral(33.4mm>10.2mm), too_high(-11.1mm<-4.0mm), tilt(58.4deg>15.0deg)]
QGC port check failed, reporting UNKNOWN: (pid=3851)
2026-09-01 06:21:26,031 [INFO] gz_system.gz_payload_actuator: [HOOK] APPROACHING  lat=  36.2mm ins=  -10.7mm tilt= 55.3deg v=0.012m/s age=0.03s  [lateral(36.2mm>10.2mm), too_high(-10.7mm<-4.0mm), tilt(55.3deg>15.0deg)]
2026-09-01 06:21:27,070 [INFO] gz_system.gz_payload_actuator: [HOOK] APPROACHING  lat=  38.8mm ins=  -10.8mm tilt= 55.8deg v=0.007m/s age=0.01s  [lateral(38.8mm>10.2mm), too_high(-10.8mm<-4.0mm), tilt(55.8deg>15.0deg)]
QGC port check failed, reporting UNKNOWN: (pid=3851)
2026-09-01 06:21:27,570 [INFO] core.detection.vision_runtime: [VISION] detect() calisiyor -- bu karede 1 tespit: ['KIRMIZI_DIKDORTGEN']
2026-09-01 06:21:28,119 [INFO] gz_system.gz_payload_actuator: [HOOK] APPROACHING  lat=  37.1mm ins=  -10.8mm tilt= 56.9deg v=0.007m/s age=0.02s  [lateral(37.1mm>10.2mm), too_high(-10.8mm<-4.0mm), tilt(56.9deg>15.0deg)]
2026-09-01 06:21:28,527 [INFO] gz_system.main_gz: Dashboard paint loop: 0.0 FPS (main thread)
2026-09-01 06:21:28,667 [INFO] gz_system.gz_payload_actuator: [KANCA_DENGE] oturma penceresi ortalama kanca_ofset=(-0.0618, -0.0292)  (220 ornek)
2026-09-01 06:21:28,667 [WARNING] gz_system.gz_payload_actuator: [HOOK] OTURMADI (12.0 s). En iyi ESZAMANLI ornek: lat=  36.5mm ins=   +1.0mm tilt=  0.2deg v=0.002m/s age=0.01s (1 kapi ihlali). CAPTURE_CANDIDATE ornegi: 0/220. Kapi retleri: lateral=220, too_high=193, tilt=183, rel_speed=25. Sinirlar: yanal<=10.2 mm, dwell 0.30 s.
2026-09-01 06:21:28,667 [WARNING] gz_system.gz_payload_actuator: [HOOK] oturma dogrulanmadi (12.0s) -- /hook/attach YAYINLANMADI, vinc cekiliyor, tekrar denenecek
2026-09-01 06:21:28,667 [INFO] gz_system.gz_payload_actuator: [HOOK] vinc -> 0.00 m
I0901 06:21:28.762249 13018260 fork_posix.cc:71] Other threads are currently calling into gRPC, skipping fork() handlers
QGC port check failed, reporting UNKNOWN: (pid=3851)
2026-09-01 06:21:30,644 [INFO] core.detection.vision_runtime: [VISION] detect() calisiyor -- bu karede 1 tespit: ['KIRMIZI_DIKDORTGEN']
2026-09-01 06:21:30,694 [INFO] core.mission.gorev3_pickup: [YENIDEN_HIZA] deneme 3 oncesi, kanca havada -- duzeltme yeniden kosuluyor
2026-09-01 06:21:30,694 [INFO] core.mission.gorev3_pickup: [SON_DUZELTME] 1/6 yanal 77.8 mm -> (kuzey +0.033, dogu +0.021)  | kanca_ofset=(-0.1219, -0.0378) arac_ned=(118.2387, -4.5155) kanca_mutlak=(118.1168, -4.5533)
QGC port check failed, reporting UNKNOWN: (pid=3851)
QGC port check failed, reporting UNKNOWN: (pid=3851)
2026-09-01 06:21:33,559 [INFO] gz_system.main_gz: Dashboard paint loop: 0.0 FPS (main thread)
2026-09-01 06:21:33,711 [INFO] core.detection.vision_runtime: [VISION] detect() calisiyor -- bu karede 0 tespit: []
2026-09-01 06:21:34,037 [INFO] core.mission.gorev3_pickup: [SON_DUZELTME] 2/6 yanal 41.5 mm -> (kuzey -0.009, dogu -0.019)  | kanca_ofset=(-0.0914, -0.0041) arac_ned=(118.2912, -4.4693) kanca_mutlak=(118.1999, -4.4734)
QGC port check failed, reporting UNKNOWN: (pid=3851)
2026-09-01 06:21:36,644 [INFO] core.mission.gorev3_pickup: [SON_DUZELTME] 3/6 yanal 34.0 mm -> (kuzey -0.004, dogu -0.016)  | kanca_ofset=(-0.0897, -0.0052) arac_ned=(118.2802, -4.4727) kanca_mutlak=(118.1905, -4.4779)
2026-09-01 06:21:36,754 [INFO] core.detection.vision_runtime: [VISION] detect() calisiyor -- bu karede 0 tespit: []
QGC port check failed, reporting UNKNOWN: (pid=3851)
2026-09-01 06:21:38,576 [INFO] gz_system.main_gz: Dashboard paint loop: 0.0 FPS (main thread)
2026-09-01 06:21:39,166 [INFO] core.mission.gorev3_pickup: [SON_DUZELTME] 4/6 yanal 33.5 mm -> (kuzey -0.014, dogu -0.009)  | kanca_ofset=(-0.0898, -0.0051) arac_ned=(118.2998, -4.4873) kanca_mutlak=(118.2099, -4.4924)
QGC port check failed, reporting UNKNOWN: (pid=3851)
2026-09-01 06:21:39,816 [INFO] core.detection.vision_runtime: [VISION] detect() calisiyor -- bu karede 0 tespit: []
QGC port check failed, reporting UNKNOWN: (pid=3851)
2026-09-01 06:21:41,766 [INFO] core.mission.gorev3_pickup: [SON_DUZELTME] 5/6 yanal 24.5 mm -> (kuzey -0.012, dogu -0.004)  | kanca_ofset=(-0.0898, -0.0048) arac_ned=(118.2950, -4.4985) kanca_mutlak=(118.2052, -4.5032)
2026-09-01 06:21:42,858 [INFO] core.detection.vision_runtime: [VISION] detect() calisiyor -- bu karede 0 tespit: []
QGC port check failed, reporting UNKNOWN: (pid=3851)
2026-09-01 06:21:43,599 [INFO] gz_system.main_gz: Dashboard paint loop: 0.0 FPS (main thread)
2026-09-01 06:21:44,273 [INFO] core.mission.gorev3_pickup: [SON_DUZELTME] 6/6 yanal 16.2 mm -> (kuzey -0.008, dogu +0.002)  | kanca_ofset=(-0.0899, -0.0050) arac_ned=(118.2875, -4.5100) kanca_mutlak=(118.1976, -4.5150)
QGC port check failed, reporting UNKNOWN: (pid=3851)
2026-09-01 06:21:45,903 [INFO] core.detection.vision_runtime: [VISION] detect() calisiyor -- bu karede 0 tespit: []
2026-09-01 06:21:46,883 [WARNING] core.mission.gorev3_pickup: [SON_DUZELTME] butce doldu; son yanal 16.2 mm
2026-09-01 06:21:46,883 [INFO] core.mission.gorev3_pickup: [YENIDEN_HIZA] deneme 3 icin yeni yanal: 16.2 mm
2026-09-01 06:21:46,883 [INFO] gz_system.gz_payload_actuator: [HOOK] alma denemesi 3/3
2026-09-01 06:21:46,883 [INFO] gz_system.gz_payload_actuator: [HOOK] vinc salimi: 0.374 m  (irtifa=0.344 m, guverte=0.070, zincir ofseti=0.060, pay=0.040)
2026-09-01 06:21:46,883 [INFO] gz_system.gz_payload_actuator: [HOOK] vinc -> 0.37 m
I0901 06:21:46.883814 13018260 fork_posix.cc:71] Other threads are currently calling into gRPC, skipping fork() handlers
QGC port check failed, reporting UNKNOWN: (pid=3851)
2026-09-01 06:21:47,815 [INFO] gz_system.gz_payload_actuator: [HOOK] APPROACHING  lat=  69.3mm ins= -304.0mm tilt=  0.2deg v=  infm/s age=0.02s  [lateral(69.3mm>10.2mm), too_high(-304.0mm<-4.0mm), rel_speed(inf>0.05m/s)]
2026-09-01 06:21:48,618 [INFO] gz_system.main_gz: Dashboard paint loop: 0.0 FPS (main thread)
2026-09-01 06:21:48,843 [INFO] gz_system.gz_payload_actuator: [HOOK] APPROACHING  lat=  69.5mm ins=  +49.1mm tilt=  0.3deg v=0.020m/s age=0.02s  [lateral(69.5mm>10.2mm), too_deep(+49.1mm>+19.9mm)]
2026-09-01 06:21:48,951 [INFO] core.detection.vision_runtime: [VISION] detect() calisiyor -- bu karede 0 tespit: []
QGC port check failed, reporting UNKNOWN: (pid=3851)
2026-09-01 06:21:49,870 [INFO] gz_system.gz_payload_actuator: [HOOK] APPROACHING  lat=  55.6mm ins=  +59.8mm tilt=  0.3deg v=0.032m/s age=0.02s  [lateral(55.6mm>10.2mm), too_deep(+59.8mm>+19.9mm)]
2026-09-01 06:21:50,909 [INFO] gz_system.gz_payload_actuator: [HOOK] APPROACHING  lat=  51.1mm ins=  +66.4mm tilt=  6.7deg v=0.006m/s age=0.01s  [lateral(51.1mm>10.2mm), too_deep(+66.4mm>+19.9mm)]
QGC port check failed, reporting UNKNOWN: (pid=3851)
2026-09-01 06:21:51,935 [INFO] gz_system.gz_payload_actuator: [HOOK] APPROACHING  lat=  51.4mm ins=  +67.6mm tilt= 10.4deg v=0.001m/s age=0.02s  [lateral(51.4mm>10.2mm), too_deep(+67.6mm>+19.9mm)]
2026-09-01 06:21:51,992 [INFO] core.detection.vision_runtime: [VISION] detect() calisiyor -- bu karede 0 tespit: []
2026-09-01 06:21:52,969 [INFO] gz_system.gz_payload_actuator: [HOOK] APPROACHING  lat=  51.3mm ins=  +67.5mm tilt= 10.9deg v=0.003m/s age=0.02s  [lateral(51.3mm>10.2mm), too_deep(+67.5mm>+19.9mm)]
QGC port check failed, reporting UNKNOWN: (pid=3851)
2026-09-01 06:21:53,638 [INFO] gz_system.main_gz: Dashboard paint loop: 0.0 FPS (main thread)
2026-09-01 06:21:53,998 [INFO] gz_system.gz_payload_actuator: [HOOK] APPROACHING  lat=  50.7mm ins=  +70.0mm tilt=  0.1deg v=0.004m/s age=0.02s  [lateral(50.7mm>10.2mm), too_deep(+70.0mm>+19.9mm)]
2026-09-01 06:21:55,036 [INFO] core.detection.vision_runtime: [VISION] detect() calisiyor -- bu karede 0 tespit: []
2026-09-01 06:21:55,036 [INFO] gz_system.gz_payload_actuator: [HOOK] APPROACHING  lat=  51.0mm ins=  +70.3mm tilt=  0.1deg v=0.002m/s age=0.02s  [lateral(51.0mm>10.2mm), too_deep(+70.3mm>+19.9mm)]
QGC port check failed, reporting UNKNOWN: (pid=3851)
2026-09-01 06:21:56,061 [INFO] gz_system.gz_payload_actuator: [HOOK] APPROACHING  lat=  52.7mm ins=  +71.2mm tilt=  0.1deg v=0.002m/s age=0.01s  [lateral(52.7mm>10.2mm), too_deep(+71.2mm>+19.9mm)]
2026-09-01 06:21:57,095 [INFO] gz_system.gz_payload_actuator: [HOOK] APPROACHING  lat=  53.5mm ins=  +71.8mm tilt=  0.0deg v=0.001m/s age=0.02s  [lateral(53.5mm>10.2mm), too_deep(+71.8mm>+19.9mm)]
QGC port check failed, reporting UNKNOWN: (pid=3851)
2026-09-01 06:21:58,077 [INFO] core.detection.vision_runtime: [VISION] detect() calisiyor -- bu karede 1 tespit: ['KIRMIZI_DIKDORTGEN']
2026-09-01 06:21:58,129 [INFO] gz_system.gz_payload_actuator: [HOOK] APPROACHING  lat=  54.0mm ins=  +71.2mm tilt=  2.0deg v=0.013m/s age=0.02s  [lateral(54.0mm>10.2mm), too_deep(+71.2mm>+19.9mm)]
2026-09-01 06:21:58,638 [INFO] gz_system.main_gz: Dashboard paint loop: 0.0 FPS (main thread)
2026-09-01 06:21:59,165 [INFO] gz_system.gz_payload_actuator: [HOOK] APPROACHING  lat=  53.3mm ins=  +66.8mm tilt= 17.1deg v=0.019m/s age=0.02s  [lateral(53.3mm>10.2mm), too_deep(+66.8mm>+19.9mm), tilt(17.1deg>15.0deg)]
QGC port check failed, reporting UNKNOWN: (pid=3851)
2026-09-01 06:21:59,819 [INFO] gz_system.gz_payload_actuator: [KANCA_DENGE] oturma penceresi ortalama kanca_ofset=(-0.0890, +0.0178)  (221 ornek)
2026-09-01 06:21:59,819 [WARNING] gz_system.gz_payload_actuator: [HOOK] OTURMADI (12.0 s). En iyi ESZAMANLI ornek: lat=  50.2mm ins=  +63.8mm tilt=  0.5deg v=0.040m/s age=0.02s (2 kapi ihlali). CAPTURE_CANDIDATE ornegi: 0/221. Kapi retleri: lateral=221, too_deep=208, rel_speed=18, too_high=12, tilt=12. Sinirlar: yanal<=10.2 mm, dwell 0.30 s.
2026-09-01 06:21:59,819 [WARNING] gz_system.gz_payload_actuator: [HOOK] oturma dogrulanmadi (12.0s) -- /hook/attach YAYINLANMADI, vinc cekiliyor, tekrar denenecek
2026-09-01 06:21:59,819 [INFO] gz_system.gz_payload_actuator: [HOOK] vinc -> 0.00 m
I0901 06:21:59.936204 13018260 fork_posix.cc:71] Other threads are currently calling into gRPC, skipping fork() handlers
2026-09-01 06:22:01,155 [INFO] core.detection.vision_runtime: [VISION] detect() calisiyor -- bu karede 1 tespit: ['KIRMIZI_DIKDORTGEN']
QGC port check failed, reporting UNKNOWN: (pid=3851)
2026-09-01 06:22:01,861 [INFO] gz_system.gz_payload_actuator: [HOOK] son deneme (3/3) -- yeniden hizalama atlandi, arkasindan deneme gelmeyecek
2026-09-01 06:22:01,861 [ERROR] gz_system.gz_payload_actuator: [HOOK] 3 denemede yuk OTURMADI -- hicbir /hook/attach yayinlanmadi.
2026-09-01 06:22:01,861 [INFO] gz_system.gz_payload_actuator: [HOOK] vinc -> 0.00 m
I0901 06:22:01.861858 13018260 fork_posix.cc:71] Other threads are currently calling into gRPC, skipping fork() handlers
2026-09-01 06:22:02,783 [ERROR] core.mission.gorev3_pickup: Yük alma mekanizması yükü alamadı -- Görev 3 Faz 1 başarısız.
2026-09-01 06:22:02,783 [ERROR] core.mission.gorev3_orchestrator: GOREV 3 FAZ 1 (ALMA) BASARISIZ
2026-09-01 06:22:02,783 [WARNING] core.mission.master_fsm: GOREV 2 TAMAMLANDI ANCAK GOREV 3 BASARISIZ - yalnizca Gorev 2 puani gecerli olabilir
2026-09-01 06:22:02,783 [INFO] core.mission.master_fsm: RETURNING_TO_START_FINISH (dist=118.3 m) -- hedef (47.3977459, 8.5461637) @ 15.0m, sebep: gorev3_failed
2026-09-01 06:22:02,783 [INFO] core.navigation.centering_controller: Kayitli GPS konumuna gidiliyor: lat=47.3977459, lon=8.5461637, alt=15.0m
QGC port check failed, reporting UNKNOWN: (pid=3851)
2026-09-01 06:22:03,661 [INFO] gz_system.main_gz: Dashboard paint loop: 0.0 FPS (main thread)
2026-09-01 06:22:04,227 [INFO] core.detection.vision_runtime: [VISION] detect() calisiyor -- bu karede 0 tespit: []
QGC port check failed, reporting UNKNOWN: (pid=3851)
2026-09-01 06:22:07,293 [INFO] core.detection.vision_runtime: [VISION] detect() calisiyor -- bu karede 0 tespit: []
QGC port check failed, reporting UNKNOWN: (pid=3851)
2026-09-01 06:22:08,695 [INFO] gz_system.main_gz: Dashboard paint loop: 0.0 FPS (main thread)
QGC port check failed, reporting UNKNOWN: (pid=3851)
2026-09-01 06:22:10,335 [INFO] core.detection.vision_runtime: [VISION] detect() calisiyor -- bu karede 1 tespit: ['KIRMIZI_UCGEN']
QGC port check failed, reporting UNKNOWN: (pid=3851)
QGC port check failed, reporting UNKNOWN: (pid=3851)
2026-09-01 06:22:13,393 [INFO] core.detection.vision_runtime: [VISION] detect() calisiyor -- bu karede 0 tespit: []
2026-09-01 06:22:13,729 [INFO] gz_system.main_gz: Dashboard paint loop: 0.0 FPS (main thread)
QGC port check failed, reporting UNKNOWN: (pid=3851)
2026-09-01 06:22:16,420 [INFO] core.detection.vision_runtime: [VISION] detect() calisiyor -- bu karede 0 tespit: []
2026-09-01 06:22:17,179 [INFO] core.mission.master_fsm: Baslangic/bitis noktasina ulasildi -- checkpoint'e uzaklik 0.7 m. Inis baslatiliyor.
2026-09-01 06:22:17,179 [INFO] core.mission.master_fsm: Son iniş gerçekleştiriliyor...
2026-09-01 06:22:17,179 [INFO] mavsdk_common.mavsdk_backend_base: İniş yapılıyor...
2026-09-01 06:22:17,201 [INFO] core.detection.detection_publisher: [DETECTION_PUB] yayin kapatiliyor (gonderilen=3853, atlanan=0).
2026-09-01 06:22:17,201 [INFO] core.detection.vision_runtime: [VISION] pipeline durduruldu.
[CAMERA_CLIENT] Stopping client...
[CAMERA_CLIENT] Shutdown complete.
I0901 06:22:17.226893 13018262 fork_posix.cc:71] Other threads are currently calling into gRPC, skipping fork() handlers
[CAMERA_SERVICE_MANAGER] Stopping (PID: 3226)...
I0901 06:22:17.232447 13018262 fork_posix.cc:71] Other threads are currently calling into gRPC, skipping fork() handlers
I0901 06:22:17.261749 13018262 fork_posix.cc:71] Other threads are currently calling into gRPC, skipping fork() handlers
[CAMERA_SERVICE_MANAGER] Stopped.
