2026-09-01 05:40:34,772 [INFO] gz_system.main_gz: gz-transport env: GZ_PARTITION=kursad40 GZ_IP=127.0.0.1
2026-09-01 05:40:34,773 [INFO] gz_system.gz_camera_source: Gazebo kamera servisi kontrol ediliyor (topic=/world/default/model/x500_mono_cam_down_0/link/camera_link/sensor/camera/image)...
[CAMERA_SERVICE_MANAGER] Starting camera_service.py (topic=/world/default/model/x500_mono_cam_down_0/link/camera_link/sensor/camera/image, zmq=tcp://127.0.0.1:5555)...
QGC port check failed, reporting UNKNOWN: (pid=96785)
[CAMERA_SERVICE_MANAGER] gz-transport env for child: GZ_PARTITION=kursad40 GZ_IP=127.0.0.1
[CAMERA_SERVICE_MANAGER] Started (PID: 97503).
[CAMERA_CLIENT] Connecting to ZMQ publisher at tcp://127.0.0.1:5555...2026-09-01 05:40:35,792 [INFO] gz_system.gz_camera_source: Gazebo kamera istemcisi baslatildi.

[CAMERA_CLIENT] Connected. Waiting for frames...
2026-09-01 05:40:35,795 [INFO] gz_system.gz_pose_monitor: Gazebo poz izleyicisi basladi: /world/default/dynamic_pose/info
2026-09-01 05:40:35,795 [INFO] core.detection.detection_publisher: [DETECTION_PUB] tespit yayini acik: tcp://127.0.0.1:5556
2026-09-01 05:40:35,795 [INFO] core.detection.vision_runtime: [VISION] pipeline basladi (mission omru boyunca calisir).
2026-09-01 05:40:35,795 [INFO] core.mission.master_fsm: MASTER MISSION CONTROLLER BASLATILDI
2026-09-01 05:40:35,796 [WARNING] core.detection.vision_runtime: Frame grab loop hatasi (art arda 1. hata, mission etkilenmez): Gazebo kameradan kare okunamadi. Henuz kare alinmadi veya baglanti koptu.
2026-09-01 05:40:35,796 [WARNING] core.detection.vision_runtime: [VISION] detect() basarisiz (art arda 1. hata, mission etkilenmez): Gazebo kameradan kare okunamadi. Henuz kare alinmadi veya baglanti koptu.
2026-09-01 05:40:35,796 [INFO] core.mission.gorev2_orchestrator: GOREV 2 BASLIYOR
2026-09-01 05:40:35,796 [INFO] mavsdk_common.mavsdk_backend_base: Drone'a bağlanılıyor: udp://:14540
Connection using udp:// is deprecated, please use udpin:// or udpout:// (cli_arg.cpp:28)
QGC port check failed, reporting UNKNOWN: (pid=96785)
2026-09-01 05:40:36,822 [INFO] mavsdk_common.mavsdk_backend_base: Drone bağlantısı bekleniyor...
2026-09-01 05:40:36,823 [INFO] mavsdk_common.mavsdk_backend_base: Drone bağlandı!
2026-09-01 05:40:36,836 [INFO] mavsdk_common.mavsdk_backend_base: [TELEMETRY] position rate 10.0 Hz istendi.
2026-09-01 05:40:36,860 [INFO] mavsdk_common.mavsdk_backend_base: [TELEMETRY] position_velocity_ned rate 10.0 Hz istendi.
2026-09-01 05:40:36,875 [INFO] mavsdk_common.mavsdk_backend_base: [TELEMETRY] attitude_euler rate 10.0 Hz istendi.
2026-09-01 05:40:37,452 [INFO] mavsdk_common.mavsdk_backend_base: Drone arm ediliyor...
2026-09-01 05:40:37,476 [INFO] mavsdk_common.mavsdk_backend_base: Kalkış yapılıyor (Hedef: 15.0m)...
QGC port check failed, reporting UNKNOWN: (pid=96785)
2026-09-01 05:40:38,858 [INFO] core.detection.vision_runtime: [VISION] detect() calisiyor -- bu karede 0 tespit: []
2026-09-01 05:40:39,797 [INFO] gz_system.main_gz: Dashboard paint loop: 0.0 FPS (main thread)
QGC port check failed, reporting UNKNOWN: (pid=96785)
2026-09-01 05:40:41,891 [INFO] core.detection.vision_runtime: [VISION] detect() calisiyor -- bu karede 0 tespit: []
QGC port check failed, reporting UNKNOWN: (pid=96785)
QGC port check failed, reporting UNKNOWN: (pid=96785)
2026-09-01 05:40:44,829 [INFO] gz_system.main_gz: Dashboard paint loop: 0.0 FPS (main thread)
2026-09-01 05:40:44,923 [INFO] core.detection.vision_runtime: [VISION] detect() calisiyor -- bu karede 0 tespit: []
QGC port check failed, reporting UNKNOWN: (pid=96785)
2026-09-01 05:40:47,955 [INFO] core.detection.vision_runtime: [VISION] detect() calisiyor -- bu karede 0 tespit: []
QGC port check failed, reporting UNKNOWN: (pid=96785)
2026-09-01 05:40:49,856 [INFO] gz_system.main_gz: Dashboard paint loop: 0.0 FPS (main thread)
QGC port check failed, reporting UNKNOWN: (pid=96785)
2026-09-01 05:40:50,988 [INFO] core.detection.vision_runtime: [VISION] detect() calisiyor -- bu karede 0 tespit: []
QGC port check failed, reporting UNKNOWN: (pid=96785)
2026-09-01 05:40:54,019 [INFO] core.detection.vision_runtime: [VISION] detect() calisiyor -- bu karede 0 tespit: []
2026-09-01 05:40:54,030 [INFO] core.mission.gorev2_orchestrator: Start Checkpoint kaydedildi: (47.3977459, 8.5461637, 14.210000991821289)
2026-09-01 05:40:54,064 [INFO] core.mission.gorev2_orchestrator: [ROUTE_REJOIN] rota ekseni tespit edildi: sabit=lon (lat_span=0.001258, lon_span=0.000000).
2026-09-01 05:40:54,093 [INFO] core.mission.gorev2_orchestrator: [MISSION_START] Rota dogrulandi (3 item): 0:NAV_TAKEOFF, 1:NAV_WAYPOINT, 2:NAV_WAYPOINT
2026-09-01 05:40:54,093 [INFO] core.mission.gorev2_orchestrator: [MISSION_START] Baslangic indeksi: 1
2026-09-01 05:40:54,093 [INFO] core.mission.gorev2_orchestrator: [MISSION_START] 3.0s stabilizasyon bekleniyor...
QGC port check failed, reporting UNKNOWN: (pid=96785)
2026-09-01 05:40:54,871 [INFO] gz_system.main_gz: Dashboard paint loop: 0.0 FPS (main thread)
QGC port check failed, reporting UNKNOWN: (pid=96785)
2026-09-01 05:40:57,056 [INFO] core.detection.vision_runtime: [VISION] detect() calisiyor -- bu karede 0 tespit: []
2026-09-01 05:40:57,603 [INFO] core.mission.gorev2_orchestrator: [MISSION_START] PX4 mevcut gorev ogesi 1 olarak ayarlandi (seq0 NAV_TAKEOFF atlandi -- kalkis zaten yapildi).
2026-09-01 05:40:57,603 [INFO] core.mission.gorev2_orchestrator: [MISSION_START] Yuklu gorev baslatiliyor...
Received ack for not-existing command: 176! Ignoring... (mavlink_command_sender.cpp:304)
2026-09-01 05:40:58,615 [INFO] core.mission.gorev2_orchestrator: [MISSION_START] PX4 MISSION moduna gecti -- arama fazi basliyor.
QGC port check failed, reporting UNKNOWN: (pid=96785)
2026-09-01 05:40:59,880 [INFO] gz_system.main_gz: Dashboard paint loop: 0.0 FPS (main thread)
2026-09-01 05:41:00,091 [INFO] core.detection.vision_runtime: [VISION] detect() calisiyor -- bu karede 0 tespit: []
QGC port check failed, reporting UNKNOWN: (pid=96785)
QGC port check failed, reporting UNKNOWN: (pid=96785)
2026-09-01 05:41:03,129 [INFO] core.detection.vision_runtime: [VISION] detect() calisiyor -- bu karede 0 tespit: []
2026-09-01 05:41:04,226 [INFO] core.navigation.centering_controller: Mission modu durduruluyor, Offboard'a geciliyor...
2026-09-01 05:41:04,226 [INFO] mavsdk_common.mavsdk_backend_base: Mission'dan Offboard'a geçiş yapılıyor...
2026-09-01 05:41:04,237 [INFO] mavsdk_common.mavsdk_backend_base: Offboard başlatılıyor...
Received ack for not-existing command: 176! Ignoring... (mavlink_command_sender.cpp:304)
Received ack for not-existing command: 176! Ignoring... (mavlink_command_sender.cpp:304)
2026-09-01 05:41:04,645 [INFO] core.mission.gorev2_orchestrator: KIRMIZI_UCGEN kucuk bir hedef -- merkezleme icin 8.0 m'ye alcaliniyor.
2026-09-01 05:41:04,645 [INFO] core.navigation.centering_controller: KIRMIZI_UCGEN hedefine merkezleniyor (irtifa hedefi: 8.0m, irtifa bandi +/-0.30m)...
2026-09-01 05:41:04,645 [WARNING] core.navigation.centering_controller: [CENTERING] KIRMIZI_UCGEN 1/200 hedef kayboldu (feed canli, hedef bu karede yok)
QGC port check failed, reporting UNKNOWN: (pid=96785)
2026-09-01 05:41:04,918 [INFO] gz_system.main_gz: Dashboard paint loop: 0.0 FPS (main thread)
2026-09-01 05:41:04,949 [INFO] core.detection.camera_intrinsics: [CAMERA] intrinsics: hfov=1.7400 rad (99.7 deg) 1280x960 -> f=539.9 px (kaynak: ../../../Tools/simulation/gz/models/mono_cam/model.sdf)
2026-09-01 05:41:05,152 [INFO] core.navigation.centering_controller: [CENTERING] KIRMIZI_UCGEN 6/200 dx=+19px dy=+58px d=1.7m ex=+0.0297 ey=+0.1208 (tol +/-0.010) alt_err=+7.07m -> fwd=-0.18 right=+0.15 down=+0.45 m/s
2026-09-01 05:41:05,661 [INFO] core.navigation.centering_controller: [CENTERING] KIRMIZI_UCGEN 11/200 dx=+26px dy=-67px d=2.0m ex=+0.0406 ey=-0.1396 (tol +/-0.010) alt_err=+6.76m -> fwd=+0.21 right=+0.15 down=+1.20 m/s
2026-09-01 05:41:06,212 [INFO] core.detection.vision_runtime: [VISION] detect() calisiyor -- bu karede 1 tespit: ['KIRMIZI_UCGEN']
2026-09-01 05:41:06,213 [INFO] core.navigation.centering_controller: [CENTERING] KIRMIZI_UCGEN 16/200 dx=+16px dy=-158px d=4.1m ex=+0.0250 ey=-0.3292 (tol +/-0.010) alt_err=+6.10m -> fwd=+0.49 right=+0.15 down=+1.95 m/s
2026-09-01 05:41:06,763 [INFO] core.navigation.centering_controller: [CENTERING] KIRMIZI_UCGEN 21/200 dx=+12px dy=-165px d=4.0m ex=+0.0187 ey=-0.3438 (tol +/-0.010) alt_err=+5.15m -> fwd=+0.52 right=+0.15 down=+2.57 m/s
QGC port check failed, reporting UNKNOWN: (pid=96785)
2026-09-01 05:41:07,314 [INFO] core.navigation.centering_controller: [CENTERING] KIRMIZI_UCGEN 26/200 dx=+9px dy=-149px d=3.4m ex=+0.0141 ey=-0.3104 (tol +/-0.010) alt_err=+4.37m -> fwd=+0.47 right=+0.15 down=+2.18 m/s
2026-09-01 05:41:07,863 [INFO] core.navigation.centering_controller: [CENTERING] KIRMIZI_UCGEN 31/200 dx=+5px dy=-142px d=3.0m ex=+0.0078 ey=-0.2958 (tol +/-0.010) alt_err=+3.45m -> fwd=+0.44 right=+0.00 down=+1.73 m/s
2026-09-01 05:41:08,430 [INFO] core.navigation.centering_controller: [CENTERING] KIRMIZI_UCGEN 36/200 dx=-12px dy=-142px d=2.8m ex=-0.0187 ey=-0.2958 (tol +/-0.010) alt_err=+2.53m -> fwd=+0.44 right=-0.15 down=+1.27 m/s
QGC port check failed, reporting UNKNOWN: (pid=96785)
2026-09-01 05:41:08,998 [INFO] core.navigation.centering_controller: [CENTERING] KIRMIZI_UCGEN 41/200 dx=-6px dy=-145px d=2.7m ex=-0.0094 ey=-0.3021 (tol +/-0.010) alt_err=+1.90m -> fwd=+0.45 right=+0.00 down=+0.95 m/s
2026-09-01 05:41:09,219 [INFO] core.detection.vision_runtime: [VISION] detect() calisiyor -- bu karede 1 tespit: ['KIRMIZI_UCGEN']
2026-09-01 05:41:09,552 [INFO] core.navigation.centering_controller: [CENTERING] KIRMIZI_UCGEN 46/200 dx=+18px dy=-143px d=2.5m ex=+0.0281 ey=-0.2979 (tol +/-0.010) alt_err=+1.36m -> fwd=+0.45 right=+0.15 down=+0.68 m/s
2026-09-01 05:41:09,953 [INFO] gz_system.main_gz: Dashboard paint loop: 0.0 FPS (main thread)
2026-09-01 05:41:10,111 [INFO] core.navigation.centering_controller: [CENTERING] KIRMIZI_UCGEN 51/200 dx=+14px dy=-134px d=2.3m ex=+0.0219 ey=-0.2792 (tol +/-0.010) alt_err=+1.03m -> fwd=+0.42 right=+0.15 down=+0.52 m/s
2026-09-01 05:41:10,659 [INFO] core.navigation.centering_controller: [CENTERING] KIRMIZI_UCGEN 56/200 dx=+3px dy=-126px d=2.0m ex=+0.0047 ey=-0.2625 (tol +/-0.010) alt_err=+0.74m -> fwd=+0.39 right=+0.00 down=+0.37 m/s
QGC port check failed, reporting UNKNOWN: (pid=96785)
2026-09-01 05:41:11,211 [INFO] core.navigation.centering_controller: [CENTERING] KIRMIZI_UCGEN 61/200 dx=-18px dy=-120px d=1.9m ex=-0.0281 ey=-0.2500 (tol +/-0.010) alt_err=+0.57m -> fwd=+0.38 right=-0.15 down=+0.29 m/s
2026-09-01 05:41:11,764 [INFO] core.navigation.centering_controller: [CENTERING] KIRMIZI_UCGEN 66/200 dx=-10px dy=-112px d=1.8m ex=-0.0156 ey=-0.2333 (tol +/-0.010) alt_err=+0.42m -> fwd=+0.35 right=-0.15 down=+0.21 m/s
2026-09-01 05:41:12,314 [INFO] core.detection.vision_runtime: [VISION] detect() calisiyor -- bu karede 1 tespit: ['KIRMIZI_UCGEN']
2026-09-01 05:41:12,315 [INFO] core.navigation.centering_controller: [CENTERING] KIRMIZI_UCGEN 71/200 dx=+12px dy=-102px d=1.6m ex=+0.0187 ey=-0.2125 (tol +/-0.010) alt_err=+0.33m -> fwd=+0.32 right=+0.15 down=+0.17 m/s
QGC port check failed, reporting UNKNOWN: (pid=96785)
2026-09-01 05:41:12,863 [INFO] core.navigation.centering_controller: [CENTERING] KIRMIZI_UCGEN 76/200 dx=+20px dy=-96px d=1.5m ex=+0.0312 ey=-0.2000 (tol +/-0.010) alt_err=+0.25m -> fwd=+0.30 right=+0.15 down=+0.13 m/s
2026-09-01 05:41:13,413 [INFO] core.navigation.centering_controller: [CENTERING] KIRMIZI_UCGEN 81/200 dx=+4px dy=-91px d=1.4m ex=+0.0063 ey=-0.1896 (tol +/-0.010) alt_err=+0.19m -> fwd=+0.28 right=+0.00 down=+0.10 m/s
2026-09-01 05:41:13,963 [INFO] core.navigation.centering_controller: [CENTERING] KIRMIZI_UCGEN 86/200 dx=-17px dy=-85px d=1.3m ex=-0.0266 ey=-0.1771 (tol +/-0.010) alt_err=+0.13m -> fwd=+0.27 right=-0.15 down=+0.07 m/s
2026-09-01 05:41:14,515 [INFO] core.navigation.centering_controller: [CENTERING] KIRMIZI_UCGEN 91/200 dx=-10px dy=-76px d=1.1m ex=-0.0156 ey=-0.1583 (tol +/-0.010) alt_err=+0.09m -> fwd=+0.24 right=-0.15 down=+0.05 m/s
QGC port check failed, reporting UNKNOWN: (pid=96785)
2026-09-01 05:41:14,964 [INFO] gz_system.main_gz: Dashboard paint loop: 0.0 FPS (main thread)
2026-09-01 05:41:15,068 [INFO] core.navigation.centering_controller: [CENTERING] KIRMIZI_UCGEN 96/200 dx=+9px dy=-69px d=1.0m ex=+0.0141 ey=-0.1437 (tol +/-0.010) alt_err=+0.06m -> fwd=+0.22 right=+0.15 down=+0.03 m/s
2026-09-01 05:41:15,396 [INFO] core.detection.vision_runtime: [VISION] detect() calisiyor -- bu karede 1 tespit: ['KIRMIZI_UCGEN']
2026-09-01 05:41:15,618 [INFO] core.navigation.centering_controller: [CENTERING] KIRMIZI_UCGEN 101/200 dx=+21px dy=-64px d=1.0m ex=+0.0328 ey=-0.1333 (tol +/-0.010) alt_err=+0.05m -> fwd=+0.20 right=+0.15 down=+0.02 m/s
2026-09-01 05:41:16,166 [INFO] core.navigation.centering_controller: [CENTERING] KIRMIZI_UCGEN 106/200 dx=+7px dy=-60px d=0.9m ex=+0.0109 ey=-0.1250 (tol +/-0.010) alt_err=+0.04m -> fwd=+0.19 right=+0.15 down=+0.02 m/s
2026-09-01 05:41:16,716 [INFO] core.navigation.centering_controller: [CENTERING] KIRMIZI_UCGEN 111/200 dx=-8px dy=-56px d=0.8m ex=-0.0125 ey=-0.1167 (tol +/-0.010) alt_err=+0.03m -> fwd=+0.17 right=-0.15 down=+0.02 m/s
QGC port check failed, reporting UNKNOWN: (pid=96785)
2026-09-01 05:41:17,264 [INFO] core.navigation.centering_controller: [CENTERING] KIRMIZI_UCGEN 116/200 dx=-20px dy=-51px d=0.8m ex=-0.0312 ey=-0.1062 (tol +/-0.010) alt_err=+0.02m -> fwd=+0.16 right=-0.15 down=+0.01 m/s
2026-09-01 05:41:17,815 [INFO] core.navigation.centering_controller: [CENTERING] KIRMIZI_UCGEN 121/200 dx=-4px dy=-46px d=0.7m ex=-0.0063 ey=-0.0958 (tol +/-0.010) alt_err=+0.01m -> fwd=+0.15 right=+0.00 down=+0.00 m/s
2026-09-01 05:41:18,366 [INFO] core.navigation.centering_controller: [CENTERING] KIRMIZI_UCGEN 126/200 dx=+20px dy=-42px d=0.7m ex=+0.0312 ey=-0.0875 (tol +/-0.010) alt_err=-0.00m -> fwd=+0.15 right=+0.15 down=-0.00 m/s
2026-09-01 05:41:18,474 [INFO] core.detection.vision_runtime: [VISION] detect() calisiyor -- bu karede 1 tespit: ['KIRMIZI_UCGEN']
QGC port check failed, reporting UNKNOWN: (pid=96785)
2026-09-01 05:41:18,917 [INFO] core.navigation.centering_controller: [CENTERING] KIRMIZI_UCGEN 131/200 dx=+15px dy=-38px d=0.6m ex=+0.0234 ey=-0.0792 (tol +/-0.010) alt_err=-0.02m -> fwd=+0.15 right=+0.15 down=-0.01 m/s
2026-09-01 05:41:19,466 [INFO] core.navigation.centering_controller: [CENTERING] KIRMIZI_UCGEN 136/200 dx=+4px dy=-33px d=0.5m ex=+0.0063 ey=-0.0688 (tol +/-0.010) alt_err=-0.02m -> fwd=+0.15 right=+0.00 down=-0.01 m/s
2026-09-01 05:41:19,968 [INFO] gz_system.main_gz: Dashboard paint loop: 0.0 FPS (main thread)
2026-09-01 05:41:20,014 [INFO] core.navigation.centering_controller: [CENTERING] KIRMIZI_UCGEN 141/200 dx=-21px dy=-29px d=0.5m ex=-0.0328 ey=-0.0604 (tol +/-0.010) alt_err=-0.01m -> fwd=+0.15 right=-0.15 down=-0.01 m/s
2026-09-01 05:41:20,564 [INFO] core.navigation.centering_controller: [CENTERING] KIRMIZI_UCGEN 146/200 dx=-10px dy=-25px d=0.4m ex=-0.0156 ey=-0.0521 (tol +/-0.010) alt_err=-0.01m -> fwd=+0.15 right=-0.15 down=-0.01 m/s
QGC port check failed, reporting UNKNOWN: (pid=96785)
2026-09-01 05:41:21,109 [INFO] core.navigation.centering_controller: [CENTERING] KIRMIZI_UCGEN 151/200 dx=+8px dy=-19px d=0.3m ex=+0.0125 ey=-0.0396 (tol +/-0.010) alt_err=-0.01m -> fwd=+0.15 right=+0.15 down=-0.01 m/s
2026-09-01 05:41:21,551 [INFO] core.detection.vision_runtime: [VISION] detect() calisiyor -- bu karede 1 tespit: ['KIRMIZI_UCGEN']
2026-09-01 05:41:21,663 [INFO] core.navigation.centering_controller: [CENTERING] KIRMIZI_UCGEN 156/200 dx=+19px dy=-14px d=0.3m ex=+0.0297 ey=-0.0292 (tol +/-0.010) alt_err=-0.01m -> fwd=+0.15 right=+0.15 down=-0.01 m/s
2026-09-01 05:41:22,212 [INFO] core.navigation.centering_controller: [CENTERING] KIRMIZI_UCGEN 161/200 dx=+4px dy=-9px d=0.1m ex=+0.0063 ey=-0.0187 (tol +/-0.010) alt_err=-0.01m -> fwd=+0.15 right=+0.00 down=-0.01 m/s
2026-09-01 05:41:22,762 [INFO] core.navigation.centering_controller: [CENTERING] KIRMIZI_UCGEN 166/200 dx=-15px dy=-4px d=0.2m ex=-0.0234 ey=-0.0083 (tol +/-0.010) alt_err=-0.02m -> fwd=+0.00 right=-0.15 down=-0.01 m/s
QGC port check failed, reporting UNKNOWN: (pid=96785)
2026-09-01 05:41:23,313 [INFO] core.navigation.centering_controller: [CENTERING] KIRMIZI_UCGEN 171/200 dx=-9px dy=+17px d=0.3m ex=-0.0141 ey=+0.0354 (tol +/-0.010) alt_err=-0.02m -> fwd=-0.15 right=-0.15 down=-0.01 m/s
2026-09-01 05:41:23,863 [INFO] core.navigation.centering_controller: [CENTERING] KIRMIZI_UCGEN 176/200 dx=+10px dy=+12px d=0.2m ex=+0.0156 ey=+0.0250 (tol +/-0.010) alt_err=-0.02m -> fwd=-0.15 right=+0.15 down=-0.01 m/s
2026-09-01 05:41:24,413 [INFO] core.navigation.centering_controller: [CENTERING] KIRMIZI_UCGEN 181/200 dx=+21px dy=+0px d=0.3m ex=+0.0328 ey=+0.0000 (tol +/-0.010) alt_err=-0.02m -> fwd=+0.00 right=+0.15 down=-0.01 m/s
2026-09-01 05:41:24,631 [INFO] core.detection.vision_runtime: [VISION] detect() calisiyor -- bu karede 1 tespit: ['KIRMIZI_UCGEN']
QGC port check failed, reporting UNKNOWN: (pid=96785)
2026-09-01 05:41:24,964 [INFO] core.navigation.centering_controller: [CENTERING] KIRMIZI_UCGEN 186/200 dx=+6px dy=-26px d=0.4m ex=+0.0094 ey=-0.0542 (tol +/-0.010) alt_err=-0.01m -> fwd=+0.15 right=+0.00 down=-0.01 m/s
2026-09-01 05:41:24,992 [INFO] gz_system.main_gz: Dashboard paint loop: 0.0 FPS (main thread)
2026-09-01 05:41:25,514 [INFO] core.navigation.centering_controller: [CENTERING] KIRMIZI_UCGEN 191/200 dx=-19px dy=-12px d=0.3m ex=-0.0297 ey=-0.0250 (tol +/-0.010) alt_err=-0.02m -> fwd=+0.15 right=-0.15 down=-0.01 m/s
2026-09-01 05:41:26,066 [INFO] core.navigation.centering_controller: [CENTERING] KIRMIZI_UCGEN 196/200 dx=-12px dy=-1px d=0.2m ex=-0.0187 ey=-0.0021 (tol +/-0.010) alt_err=-0.02m -> fwd=+0.00 right=-0.15 down=-0.01 m/s
2026-09-01 05:41:26,616 [ERROR] core.navigation.centering_controller: Merkezleme zaman asimina ugradi! (200 deneme / 20.0s butcesi doldu)
2026-09-01 05:41:26,616 [WARNING] core.mission.gorev2_orchestrator: [RETRY_IN_PLACE] KIRMIZI_UCGEN 1/3 merkezlenemedi -- 5s yerinde beklenip tekrar denenecek (hedef goruniyor, d=0.68m).
QGC port check failed, reporting UNKNOWN: (pid=96785)
2026-09-01 05:41:27,716 [INFO] core.detection.vision_runtime: [VISION] detect() calisiyor -- bu karede 1 tespit: ['KIRMIZI_UCGEN']
QGC port check failed, reporting UNKNOWN: (pid=96785)
2026-09-01 05:41:30,009 [INFO] gz_system.main_gz: Dashboard paint loop: 0.0 FPS (main thread)
2026-09-01 05:41:30,795 [INFO] core.detection.vision_runtime: [VISION] detect() calisiyor -- bu karede 1 tespit: ['KIRMIZI_UCGEN']
QGC port check failed, reporting UNKNOWN: (pid=96785)
2026-09-01 05:41:31,678 [INFO] core.navigation.centering_controller: KIRMIZI_UCGEN hedefine merkezleniyor (irtifa hedefi: 8.0m, irtifa bandi +/-0.30m)...
2026-09-01 05:41:31,679 [INFO] core.navigation.centering_controller: [CENTERING] KIRMIZI_UCGEN 1/150 dx=+7px dy=-4px d=0.1m ex=+0.0109 ey=-0.0083 (tol +/-0.010) alt_err=-0.07m -> fwd=+0.00 right=+0.15 down=-0.03 m/s
2026-09-01 05:41:32,230 [INFO] core.navigation.centering_controller: [CENTERING] KIRMIZI_UCGEN 6/150 dx=+19px dy=-4px d=0.3m ex=+0.0297 ey=-0.0083 (tol +/-0.010) alt_err=-0.05m -> fwd=+0.00 right=+0.15 down=-0.03 m/s
2026-09-01 05:41:32,780 [INFO] core.navigation.centering_controller: [CENTERING] KIRMIZI_UCGEN 11/150 dx=+9px dy=-3px d=0.1m ex=+0.0141 ey=-0.0063 (tol +/-0.010) alt_err=-0.04m -> fwd=+0.00 right=+0.15 down=-0.02 m/s
QGC port check failed, reporting UNKNOWN: (pid=96785)
2026-09-01 05:41:32,998 [INFO] core.navigation.centering_controller: Merkezleme tamamlandi. (attempt 13/150, dx=+4px dy=-3px ex=+0.0063 ey=-0.0063 alt_err=-0.04m)
2026-09-01 05:41:33,879 [INFO] core.detection.vision_runtime: [VISION] detect() calisiyor -- bu karede 1 tespit: ['KIRMIZI_UCGEN']
QGC port check failed, reporting UNKNOWN: (pid=96785)
2026-09-01 05:41:35,046 [INFO] gz_system.main_gz: Dashboard paint loop: 0.0 FPS (main thread)
2026-09-01 05:41:36,081 [INFO] core.mission.gorev2_orchestrator: [POST_LOCK_DRIFT] KIRMIZI_UCGEN 3s: peak=16.0px final=11.4px (44.36cm / 31.61cm), 28 ornek, 0 kayip
2026-09-01 05:41:36,082 [INFO] core.navigation.centering_controller: 2.0 saniye hover yapiliyor (Konum dogrulama)...
QGC port check failed, reporting UNKNOWN: (pid=96785)
2026-09-01 05:41:36,961 [INFO] core.detection.vision_runtime: [VISION] detect() calisiyor -- bu karede 1 tespit: ['KIRMIZI_UCGEN']
2026-09-01 05:41:38,169 [INFO] core.position_log.position_store: Konum basariyla kaydedildi: KIRMIZI_UCGEN (ilk)
2026-09-01 05:41:38,169 [INFO] core.mission.gorev2_orchestrator: Kirmizi Ucgen ortalandi ama payload 1 henuz birakilmadi -- interlock geregi yerinde birakma atlaniyor; toplu birakmada dogru sirada yapilacak.
2026-09-01 05:41:38,170 [INFO] core.mission.gorev2_orchestrator: [ROUTE_REJOIN] rota hattina donuluyor (sabit eksen=lon): hedef lat=47.3980438 lon=8.5461636 (mevcut lat=47.3980438 lon=8.5461712).
2026-09-01 05:41:38,170 [INFO] core.navigation.centering_controller: Kayitli GPS konumuna gidiliyor: lat=47.398043799999996, lon=8.5461636, alt=15.0m
QGC port check failed, reporting UNKNOWN: (pid=96785)
2026-09-01 05:41:40,062 [INFO] gz_system.main_gz: Dashboard paint loop: 0.0 FPS (main thread)
2026-09-01 05:41:40,065 [INFO] core.detection.vision_runtime: [VISION] detect() calisiyor -- bu karede 1 tespit: ['KIRMIZI_UCGEN']
QGC port check failed, reporting UNKNOWN: (pid=96785)
2026-09-01 05:41:42,498 [INFO] mavsdk_common.mavsdk_backend_base: Offboard durduruluyor...
Received ack for not-existing command: 176! Ignoring... (mavlink_command_sender.cpp:304)
QGC port check failed, reporting UNKNOWN: (pid=96785)
2026-09-01 05:41:42,946 [INFO] core.mission.gorev2_orchestrator: [MISSION_RESUME] rota 2. ogeden devam ettiriliyor.
Received ack for not-existing command: 176! Ignoring... (mavlink_command_sender.cpp:304)
2026-09-01 05:41:43,159 [INFO] core.detection.vision_runtime: [VISION] detect() calisiyor -- bu karede 1 tespit: ['KIRMIZI_UCGEN']
QGC port check failed, reporting UNKNOWN: (pid=96785)
2026-09-01 05:41:45,091 [INFO] gz_system.main_gz: Dashboard paint loop: 0.0 FPS (main thread)
2026-09-01 05:41:46,248 [INFO] core.detection.vision_runtime: [VISION] detect() calisiyor -- bu karede 1 tespit: ['KIRMIZI_UCGEN']
QGC port check failed, reporting UNKNOWN: (pid=96785)
QGC port check failed, reporting UNKNOWN: (pid=96785)
2026-09-01 05:41:49,321 [INFO] core.detection.vision_runtime: [VISION] detect() calisiyor -- bu karede 1 tespit: ['MAVI_DIKDORTGEN']
2026-09-01 05:41:50,093 [INFO] gz_system.main_gz: Dashboard paint loop: 0.0 FPS (main thread)
QGC port check failed, reporting UNKNOWN: (pid=96785)
2026-09-01 05:41:52,431 [INFO] core.detection.vision_runtime: [VISION] detect() calisiyor -- bu karede 1 tespit: ['KIRMIZI_DIKDORTGEN']
QGC port check failed, reporting UNKNOWN: (pid=96785)
QGC port check failed, reporting UNKNOWN: (pid=96785)
2026-09-01 05:41:55,118 [INFO] gz_system.main_gz: Dashboard paint loop: 0.0 FPS (main thread)
2026-09-01 05:41:55,493 [INFO] core.detection.vision_runtime: [VISION] detect() calisiyor -- bu karede 0 tespit: []
2026-09-01 05:41:56,802 [INFO] core.navigation.centering_controller: Mission modu durduruluyor, Offboard'a geciliyor...
2026-09-01 05:41:56,802 [INFO] mavsdk_common.mavsdk_backend_base: Mission'dan Offboard'a geçiş yapılıyor...
2026-09-01 05:41:56,820 [INFO] mavsdk_common.mavsdk_backend_base: Offboard başlatılıyor...
Received ack for not-existing command: 176! Ignoring... (mavlink_command_sender.cpp:304)
Received ack for not-existing command: 176! Ignoring... (mavlink_command_sender.cpp:304)
QGC port check failed, reporting UNKNOWN: (pid=96785)
2026-09-01 05:41:57,630 [INFO] core.navigation.centering_controller: MAVI_ALTIGEN hedefine merkezleniyor (irtifa hedefi: 15.0m, irtifa bandi +/-0.30m)...
2026-09-01 05:41:57,631 [INFO] core.navigation.centering_controller: [CENTERING] MAVI_ALTIGEN 1/150 dx=-210px dy=+106px d=6.6m ex=-0.3281 ey=+0.2208 (tol +/-0.010) alt_err=+0.05m -> fwd=-0.15 right=-0.15 down=+0.03 m/s
2026-09-01 05:41:58,139 [INFO] core.navigation.centering_controller: [CENTERING] MAVI_ALTIGEN 6/150 dx=-238px dy=-33px d=6.7m ex=-0.3719 ey=-0.0688 (tol +/-0.010) alt_err=-0.00m -> fwd=+0.15 right=-0.56 down=-0.00 m/s
2026-09-01 05:41:58,538 [INFO] core.detection.vision_runtime: [VISION] detect() calisiyor -- bu karede 1 tespit: ['MAVI_ALTIGEN']
2026-09-01 05:41:58,649 [INFO] core.navigation.centering_controller: [CENTERING] MAVI_ALTIGEN 11/150 dx=-226px dy=-131px d=7.2m ex=-0.3531 ey=-0.2729 (tol +/-0.010) alt_err=-0.03m -> fwd=+0.41 right=-0.53 down=-0.01 m/s
QGC port check failed, reporting UNKNOWN: (pid=96785)
2026-09-01 05:41:59,193 [INFO] core.navigation.centering_controller: [CENTERING] MAVI_ALTIGEN 16/150 dx=-195px dy=-129px d=6.5m ex=-0.3047 ey=-0.2687 (tol +/-0.010) alt_err=-0.01m -> fwd=+0.40 right=-0.46 down=-0.01 m/s
2026-09-01 05:41:59,736 [INFO] core.navigation.centering_controller: [CENTERING] MAVI_ALTIGEN 21/150 dx=-184px dy=-104px d=5.9m ex=-0.2875 ey=-0.2167 (tol +/-0.010) alt_err=-0.00m -> fwd=+0.33 right=-0.43 down=-0.00 m/s
2026-09-01 05:42:00,127 [INFO] gz_system.main_gz: Dashboard paint loop: 0.0 FPS (main thread)
2026-09-01 05:42:00,278 [INFO] core.navigation.centering_controller: [CENTERING] MAVI_ALTIGEN 26/150 dx=-180px dy=-95px d=5.7m ex=-0.2812 ey=-0.1979 (tol +/-0.010) alt_err=-0.00m -> fwd=+0.30 right=-0.42 down=-0.00 m/s
2026-09-01 05:42:00,821 [INFO] core.navigation.centering_controller: [CENTERING] MAVI_ALTIGEN 31/150 dx=-173px dy=-95px d=5.5m ex=-0.2703 ey=-0.1979 (tol +/-0.010) alt_err=-0.00m -> fwd=+0.30 right=-0.41 down=-0.00 m/s
QGC port check failed, reporting UNKNOWN: (pid=96785)
2026-09-01 05:42:01,367 [INFO] core.navigation.centering_controller: [CENTERING] MAVI_ALTIGEN 36/150 dx=-166px dy=-94px d=5.3m ex=-0.2594 ey=-0.1958 (tol +/-0.010) alt_err=-0.01m -> fwd=+0.29 right=-0.39 down=-0.00 m/s
2026-09-01 05:42:01,585 [INFO] core.detection.vision_runtime: [VISION] detect() calisiyor -- bu karede 1 tespit: ['MAVI_ALTIGEN']
2026-09-01 05:42:01,911 [INFO] core.navigation.centering_controller: [CENTERING] MAVI_ALTIGEN 41/150 dx=-157px dy=-93px d=5.1m ex=-0.2453 ey=-0.1938 (tol +/-0.010) alt_err=-0.02m -> fwd=+0.29 right=-0.37 down=-0.01 m/s
2026-09-01 05:42:02,456 [INFO] core.navigation.centering_controller: [CENTERING] MAVI_ALTIGEN 46/150 dx=-150px dy=-93px d=4.9m ex=-0.2344 ey=-0.1938 (tol +/-0.010) alt_err=-0.02m -> fwd=+0.29 right=-0.35 down=-0.01 m/s
QGC port check failed, reporting UNKNOWN: (pid=96785)
2026-09-01 05:42:03,003 [INFO] core.navigation.centering_controller: [CENTERING] MAVI_ALTIGEN 51/150 dx=-142px dy=-90px d=4.7m ex=-0.2219 ey=-0.1875 (tol +/-0.010) alt_err=-0.01m -> fwd=+0.28 right=-0.33 down=-0.00 m/s
2026-09-01 05:42:03,548 [INFO] core.navigation.centering_controller: [CENTERING] MAVI_ALTIGEN 56/150 dx=-135px dy=-89px d=4.5m ex=-0.2109 ey=-0.1854 (tol +/-0.010) alt_err=-0.01m -> fwd=+0.28 right=-0.32 down=-0.01 m/s
2026-09-01 05:42:04,091 [INFO] core.navigation.centering_controller: [CENTERING] MAVI_ALTIGEN 61/150 dx=-128px dy=-88px d=4.3m ex=-0.2000 ey=-0.1833 (tol +/-0.010) alt_err=-0.01m -> fwd=+0.27 right=-0.30 down=-0.01 m/s
2026-09-01 05:42:04,636 [INFO] core.detection.vision_runtime: [VISION] detect() calisiyor -- bu karede 1 tespit: ['MAVI_ALTIGEN']
2026-09-01 05:42:04,637 [INFO] core.navigation.centering_controller: [CENTERING] MAVI_ALTIGEN 66/150 dx=-122px dy=-87px d=4.2m ex=-0.1906 ey=-0.1812 (tol +/-0.010) alt_err=-0.02m -> fwd=+0.27 right=-0.29 down=-0.01 m/s
QGC port check failed, reporting UNKNOWN: (pid=96785)
2026-09-01 05:42:05,166 [INFO] gz_system.main_gz: Dashboard paint loop: 0.0 FPS (main thread)
2026-09-01 05:42:05,185 [INFO] core.navigation.centering_controller: [CENTERING] MAVI_ALTIGEN 71/150 dx=-116px dy=-84px d=4.0m ex=-0.1812 ey=-0.1750 (tol +/-0.010) alt_err=-0.01m -> fwd=+0.26 right=-0.27 down=-0.00 m/s
2026-09-01 05:42:05,729 [INFO] core.navigation.centering_controller: [CENTERING] MAVI_ALTIGEN 76/150 dx=-112px dy=-81px d=3.8m ex=-0.1750 ey=-0.1688 (tol +/-0.010) alt_err=+0.01m -> fwd=+0.25 right=-0.26 down=+0.00 m/s
2026-09-01 05:42:06,273 [INFO] core.navigation.centering_controller: [CENTERING] MAVI_ALTIGEN 81/150 dx=-108px dy=-77px d=3.7m ex=-0.1688 ey=-0.1604 (tol +/-0.010) alt_err=+0.01m -> fwd=+0.24 right=-0.25 down=+0.00 m/s
2026-09-01 05:42:06,815 [INFO] core.navigation.centering_controller: [CENTERING] MAVI_ALTIGEN 86/150 dx=-103px dy=-73px d=3.5m ex=-0.1609 ey=-0.1521 (tol +/-0.010) alt_err=-0.00m -> fwd=+0.23 right=-0.24 down=-0.00 m/s
QGC port check failed, reporting UNKNOWN: (pid=96785)
2026-09-01 05:42:07,360 [INFO] core.navigation.centering_controller: [CENTERING] MAVI_ALTIGEN 91/150 dx=-98px dy=-71px d=3.4m ex=-0.1531 ey=-0.1479 (tol +/-0.010) alt_err=-0.01m -> fwd=+0.22 right=-0.23 down=-0.00 m/s
2026-09-01 05:42:07,687 [INFO] core.detection.vision_runtime: [VISION] detect() calisiyor -- bu karede 1 tespit: ['MAVI_ALTIGEN']
2026-09-01 05:42:07,915 [INFO] core.navigation.centering_controller: [CENTERING] MAVI_ALTIGEN 96/150 dx=-93px dy=-69px d=3.2m ex=-0.1453 ey=-0.1437 (tol +/-0.010) alt_err=-0.01m -> fwd=+0.22 right=-0.22 down=-0.00 m/s
2026-09-01 05:42:08,451 [INFO] core.navigation.centering_controller: [CENTERING] MAVI_ALTIGEN 101/150 dx=-88px dy=-66px d=3.1m ex=-0.1375 ey=-0.1375 (tol +/-0.010) alt_err=-0.01m -> fwd=+0.21 right=-0.21 down=-0.00 m/s
QGC port check failed, reporting UNKNOWN: (pid=96785)
2026-09-01 05:42:08,994 [INFO] core.navigation.centering_controller: [CENTERING] MAVI_ALTIGEN 106/150 dx=-83px dy=-62px d=2.9m ex=-0.1297 ey=-0.1292 (tol +/-0.010) alt_err=-0.01m -> fwd=+0.19 right=-0.19 down=-0.00 m/s
2026-09-01 05:42:09,539 [INFO] core.navigation.centering_controller: [CENTERING] MAVI_ALTIGEN 111/150 dx=-78px dy=-58px d=2.7m ex=-0.1219 ey=-0.1208 (tol +/-0.010) alt_err=-0.01m -> fwd=+0.18 right=-0.18 down=-0.00 m/s
2026-09-01 05:42:10,081 [INFO] core.navigation.centering_controller: [CENTERING] MAVI_ALTIGEN 116/150 dx=-73px dy=-55px d=2.5m ex=-0.1141 ey=-0.1146 (tol +/-0.010) alt_err=-0.02m -> fwd=+0.17 right=-0.17 down=-0.01 m/s
2026-09-01 05:42:10,198 [INFO] gz_system.main_gz: Dashboard paint loop: 0.0 FPS (main thread)
2026-09-01 05:42:10,626 [INFO] core.navigation.centering_controller: [CENTERING] MAVI_ALTIGEN 121/150 dx=-71px dy=-53px d=2.5m ex=-0.1109 ey=-0.1104 (tol +/-0.010) alt_err=-0.02m -> fwd=+0.17 right=-0.17 down=-0.01 m/s
2026-09-01 05:42:10,735 [INFO] core.detection.vision_runtime: [VISION] detect() calisiyor -- bu karede 1 tespit: ['MAVI_ALTIGEN']
QGC port check failed, reporting UNKNOWN: (pid=96785)
2026-09-01 05:42:11,171 [INFO] core.navigation.centering_controller: [CENTERING] MAVI_ALTIGEN 126/150 dx=-67px dy=-50px d=2.3m ex=-0.1047 ey=-0.1042 (tol +/-0.010) alt_err=-0.02m -> fwd=+0.16 right=-0.16 down=-0.01 m/s
2026-09-01 05:42:11,715 [INFO] core.navigation.centering_controller: [CENTERING] MAVI_ALTIGEN 131/150 dx=-63px dy=-46px d=2.2m ex=-0.0984 ey=-0.0958 (tol +/-0.010) alt_err=-0.02m -> fwd=+0.15 right=-0.15 down=-0.01 m/s
2026-09-01 05:42:12,260 [INFO] core.navigation.centering_controller: [CENTERING] MAVI_ALTIGEN 136/150 dx=-61px dy=-43px d=2.1m ex=-0.0953 ey=-0.0896 (tol +/-0.010) alt_err=-0.01m -> fwd=+0.15 right=-0.15 down=-0.01 m/s
2026-09-01 05:42:12,804 [INFO] core.navigation.centering_controller: [CENTERING] MAVI_ALTIGEN 141/150 dx=-58px dy=-41px d=2.0m ex=-0.0906 ey=-0.0854 (tol +/-0.010) alt_err=-0.01m -> fwd=+0.15 right=-0.15 down=-0.01 m/s
QGC port check failed, reporting UNKNOWN: (pid=96785)
2026-09-01 05:42:13,347 [INFO] core.navigation.centering_controller: [CENTERING] MAVI_ALTIGEN 146/150 dx=-56px dy=-38px d=1.9m ex=-0.0875 ey=-0.0792 (tol +/-0.010) alt_err=-0.01m -> fwd=+0.15 right=-0.15 down=-0.01 m/s
2026-09-01 05:42:13,779 [INFO] core.detection.vision_runtime: [VISION] detect() calisiyor -- bu karede 1 tespit: ['MAVI_ALTIGEN']
2026-09-01 05:42:13,889 [ERROR] core.navigation.centering_controller: Merkezleme zaman asimina ugradi! (150 deneme / 15.0s butcesi doldu)
2026-09-01 05:42:13,889 [WARNING] core.mission.gorev2_orchestrator: [RETRY_IN_PLACE] MAVI_ALTIGEN 1/3 merkezlenemedi -- 5s yerinde beklenip tekrar denenecek (hedef goruniyor, d=1.75m).
QGC port check failed, reporting UNKNOWN: (pid=96785)
2026-09-01 05:42:15,227 [INFO] gz_system.main_gz: Dashboard paint loop: 0.0 FPS (main thread)
2026-09-01 05:42:16,831 [INFO] core.detection.vision_runtime: [VISION] detect() calisiyor -- bu karede 1 tespit: ['MAVI_ALTIGEN']
QGC port check failed, reporting UNKNOWN: (pid=96785)
2026-09-01 05:42:18,897 [INFO] core.navigation.centering_controller: MAVI_ALTIGEN hedefine merkezleniyor (irtifa hedefi: 15.0m, irtifa bandi +/-0.30m)...
2026-09-01 05:42:18,897 [INFO] core.navigation.centering_controller: [CENTERING] MAVI_ALTIGEN 1/150 dx=-48px dy=-31px d=1.6m ex=-0.0750 ey=-0.0646 (tol +/-0.010) alt_err=-0.02m -> fwd=+0.15 right=-0.15 down=-0.01 m/s
QGC port check failed, reporting UNKNOWN: (pid=96785)
2026-09-01 05:42:19,440 [INFO] core.navigation.centering_controller: [CENTERING] MAVI_ALTIGEN 6/150 dx=-61px dy=-41px d=2.0m ex=-0.0953 ey=-0.0854 (tol +/-0.010) alt_err=-0.02m -> fwd=+0.15 right=-0.15 down=-0.01 m/s
2026-09-01 05:42:19,876 [INFO] core.detection.vision_runtime: [VISION] detect() calisiyor -- bu karede 1 tespit: ['MAVI_ALTIGEN']
2026-09-01 05:42:19,984 [INFO] core.navigation.centering_controller: [CENTERING] MAVI_ALTIGEN 11/150 dx=-50px dy=-33px d=1.7m ex=-0.0781 ey=-0.0688 (tol +/-0.010) alt_err=-0.00m -> fwd=+0.15 right=-0.15 down=-0.00 m/s
2026-09-01 05:42:20,243 [INFO] gz_system.main_gz: Dashboard paint loop: 0.0 FPS (main thread)
2026-09-01 05:42:20,528 [INFO] core.navigation.centering_controller: [CENTERING] MAVI_ALTIGEN 16/150 dx=-45px dy=-28px d=1.5m ex=-0.0703 ey=-0.0583 (tol +/-0.010) alt_err=+0.01m -> fwd=+0.15 right=-0.15 down=+0.00 m/s
QGC port check failed, reporting UNKNOWN: (pid=96785)
2026-09-01 05:42:21,072 [INFO] core.navigation.centering_controller: [CENTERING] MAVI_ALTIGEN 21/150 dx=-43px dy=-25px d=1.4m ex=-0.0672 ey=-0.0521 (tol +/-0.010) alt_err=+0.00m -> fwd=+0.15 right=-0.15 down=+0.00 m/s
2026-09-01 05:42:21,616 [INFO] core.navigation.centering_controller: [CENTERING] MAVI_ALTIGEN 26/150 dx=-40px dy=-23px d=1.3m ex=-0.0625 ey=-0.0479 (tol +/-0.010) alt_err=+0.00m -> fwd=+0.15 right=-0.15 down=+0.00 m/s
2026-09-01 05:42:22,160 [INFO] core.navigation.centering_controller: [CENTERING] MAVI_ALTIGEN 31/150 dx=-38px dy=-19px d=1.2m ex=-0.0594 ey=-0.0396 (tol +/-0.010) alt_err=+0.01m -> fwd=+0.15 right=-0.15 down=+0.00 m/s
2026-09-01 05:42:22,702 [INFO] core.navigation.centering_controller: [CENTERING] MAVI_ALTIGEN 36/150 dx=-37px dy=-16px d=1.1m ex=-0.0578 ey=-0.0333 (tol +/-0.010) alt_err=+0.01m -> fwd=+0.15 right=-0.15 down=+0.00 m/s
2026-09-01 05:42:22,918 [INFO] core.detection.vision_runtime: [VISION] detect() calisiyor -- bu karede 1 tespit: ['MAVI_ALTIGEN']
QGC port check failed, reporting UNKNOWN: (pid=96785)
2026-09-01 05:42:23,244 [INFO] core.navigation.centering_controller: [CENTERING] MAVI_ALTIGEN 41/150 dx=-34px dy=-12px d=1.0m ex=-0.0531 ey=-0.0250 (tol +/-0.010) alt_err=-0.00m -> fwd=+0.15 right=-0.15 down=-0.00 m/s
2026-09-01 05:42:23,788 [INFO] core.navigation.centering_controller: [CENTERING] MAVI_ALTIGEN 46/150 dx=-29px dy=-10px d=0.9m ex=-0.0453 ey=-0.0208 (tol +/-0.010) alt_err=-0.01m -> fwd=+0.15 right=-0.15 down=-0.00 m/s
2026-09-01 05:42:24,335 [INFO] core.navigation.centering_controller: [CENTERING] MAVI_ALTIGEN 51/150 dx=-26px dy=-7px d=0.7m ex=-0.0406 ey=-0.0146 (tol +/-0.010) alt_err=-0.01m -> fwd=+0.15 right=-0.15 down=-0.01 m/s
2026-09-01 05:42:24,876 [INFO] core.navigation.centering_controller: [CENTERING] MAVI_ALTIGEN 56/150 dx=-23px dy=-4px d=0.6m ex=-0.0359 ey=-0.0083 (tol +/-0.010) alt_err=-0.01m -> fwd=+0.00 right=-0.15 down=-0.00 m/s
QGC port check failed, reporting UNKNOWN: (pid=96785)
2026-09-01 05:42:25,267 [INFO] gz_system.main_gz: Dashboard paint loop: 0.0 FPS (main thread)
2026-09-01 05:42:25,419 [INFO] core.navigation.centering_controller: [CENTERING] MAVI_ALTIGEN 61/150 dx=-21px dy=+16px d=0.7m ex=-0.0328 ey=+0.0333 (tol +/-0.010) alt_err=-0.01m -> fwd=-0.15 right=-0.15 down=-0.00 m/s
2026-09-01 05:42:25,962 [INFO] core.detection.vision_runtime: [VISION] detect() calisiyor -- bu karede 1 tespit: ['MAVI_ALTIGEN']
2026-09-01 05:42:25,963 [INFO] core.navigation.centering_controller: [CENTERING] MAVI_ALTIGEN 66/150 dx=-12px dy=+3px d=0.3m ex=-0.0187 ey=+0.0063 (tol +/-0.010) alt_err=-0.01m -> fwd=+0.00 right=-0.15 down=-0.00 m/s
2026-09-01 05:42:26,505 [INFO] core.navigation.centering_controller: [CENTERING] MAVI_ALTIGEN 71/150 dx=-17px dy=-15px d=0.6m ex=-0.0266 ey=-0.0312 (tol +/-0.010) alt_err=-0.01m -> fwd=+0.15 right=-0.15 down=-0.01 m/s
QGC port check failed, reporting UNKNOWN: (pid=96785)
2026-09-01 05:42:27,045 [INFO] core.navigation.centering_controller: [CENTERING] MAVI_ALTIGEN 76/150 dx=-12px dy=-11px d=0.5m ex=-0.0187 ey=-0.0229 (tol +/-0.010) alt_err=-0.01m -> fwd=+0.15 right=-0.15 down=-0.01 m/s
2026-09-01 05:42:27,588 [INFO] core.navigation.centering_controller: [CENTERING] MAVI_ALTIGEN 81/150 dx=-8px dy=-1px d=0.2m ex=-0.0125 ey=-0.0021 (tol +/-0.010) alt_err=-0.01m -> fwd=+0.00 right=-0.15 down=-0.01 m/s
2026-09-01 05:42:28,131 [INFO] core.navigation.centering_controller: [CENTERING] MAVI_ALTIGEN 86/150 dx=+0px dy=+21px d=0.6m ex=+0.0000 ey=+0.0437 (tol +/-0.010) alt_err=-0.01m -> fwd=-0.15 right=+0.00 down=-0.00 m/s
2026-09-01 05:42:28,676 [INFO] core.navigation.centering_controller: [CENTERING] MAVI_ALTIGEN 91/150 dx=+13px dy=+8px d=0.4m ex=+0.0203 ey=+0.0167 (tol +/-0.010) alt_err=-0.01m -> fwd=-0.15 right=+0.15 down=-0.01 m/s
QGC port check failed, reporting UNKNOWN: (pid=96785)
2026-09-01 05:42:29,002 [INFO] core.detection.vision_runtime: [VISION] detect() calisiyor -- bu karede 1 tespit: ['MAVI_ALTIGEN']
2026-09-01 05:42:29,111 [INFO] core.navigation.centering_controller: Merkezleme tamamlandi. (attempt 95/150, dx=+6px dy=-4px ex=+0.0094 ey=-0.0083 alt_err=-0.03m)
2026-09-01 05:42:30,284 [INFO] gz_system.main_gz: Dashboard paint loop: 0.0 FPS (main thread)
QGC port check failed, reporting UNKNOWN: (pid=96785)
2026-09-01 05:42:32,051 [INFO] core.detection.vision_runtime: [VISION] detect() calisiyor -- bu karede 1 tespit: ['MAVI_ALTIGEN']
2026-09-01 05:42:32,160 [INFO] core.mission.gorev2_orchestrator: [POST_LOCK_DRIFT] MAVI_ALTIGEN 3s: peak=21.4px final=12.0px (58.97cm / 33.21cm), 28 ornek, 0 kayip
2026-09-01 05:42:32,160 [INFO] core.navigation.centering_controller: 2.0 saniye hover yapiliyor (Konum dogrulama)...
QGC port check failed, reporting UNKNOWN: (pid=96785)
2026-09-01 05:42:34,229 [INFO] core.position_log.position_store: Konum basariyla kaydedildi: MAVI_ALTIGEN (ikinci)
2026-09-01 05:42:34,229 [INFO] core.mission.gorev2_orchestrator: Mavi Altigen ortalandi -- KIRMIZI yuk hemen birakiliyor.
2026-09-01 05:42:34,229 [INFO] core.mission.gorev2_fsm: PAYLOAD MISSION 1 basliyor (Mavi Altigen / RED payload)
2026-09-01 05:42:34,229 [INFO] core.navigation.centering_controller: Kayitli GPS konumuna gidiliyor: lat=47.3986649, lon=8.5460885, alt=15.0m
2026-09-01 05:42:34,230 [INFO] core.mission.payload_release: Yük bırakma başlatılıyor: MAVI_ALTIGEN
2026-09-01 05:42:34,230 [INFO] core.navigation.centering_controller: MAVI_ALTIGEN hedefine merkezleniyor (irtifa hedefi: 10.0m, irtifa bandi +/-0.30m)...
2026-09-01 05:42:34,231 [INFO] core.navigation.centering_controller: [CENTERING] MAVI_ALTIGEN 1/200 dx=-8px dy=-3px d=0.2m ex=-0.0125 ey=-0.0063 (tol +/-0.010) alt_err=+4.94m -> fwd=+0.00 right=-0.15 down=+0.15 m/s
2026-09-01 05:42:34,773 [INFO] core.navigation.centering_controller: [CENTERING] MAVI_ALTIGEN 6/200 dx=-20px dy=-2px d=0.6m ex=-0.0312 ey=-0.0042 (tol +/-0.010) alt_err=+4.82m -> fwd=+0.00 right=-0.15 down=+0.90 m/s
QGC port check failed, reporting UNKNOWN: (pid=96785)
2026-09-01 05:42:35,103 [INFO] core.detection.vision_runtime: [VISION] detect() calisiyor -- bu karede 1 tespit: ['MAVI_ALTIGEN']
2026-09-01 05:42:35,294 [INFO] gz_system.main_gz: Dashboard paint loop: 0.0 FPS (main thread)
2026-09-01 05:42:35,321 [INFO] core.navigation.centering_controller: [CENTERING] MAVI_ALTIGEN 11/200 dx=-10px dy=-1px d=0.3m ex=-0.0156 ey=-0.0021 (tol +/-0.010) alt_err=+4.22m -> fwd=+0.00 right=-0.15 down=+1.65 m/s
2026-09-01 05:42:35,874 [INFO] core.navigation.centering_controller: [CENTERING] MAVI_ALTIGEN 16/200 dx=-7px dy=-3px d=0.2m ex=-0.0109 ey=-0.0063 (tol +/-0.010) alt_err=+3.45m -> fwd=+0.00 right=-0.15 down=+1.72 m/s
2026-09-01 05:42:36,417 [INFO] core.navigation.centering_controller: [CENTERING] MAVI_ALTIGEN 21/200 dx=+8px dy=-12px d=0.3m ex=+0.0125 ey=-0.0250 (tol +/-0.010) alt_err=+2.68m -> fwd=+0.15 right=+0.15 down=+1.34 m/s
QGC port check failed, reporting UNKNOWN: (pid=96785)
2026-09-01 05:42:36,960 [INFO] core.navigation.centering_controller: [CENTERING] MAVI_ALTIGEN 26/200 dx=+14px dy=-14px d=0.4m ex=+0.0219 ey=-0.0292 (tol +/-0.010) alt_err=+1.88m -> fwd=+0.15 right=+0.15 down=+0.94 m/s
2026-09-01 05:42:37,502 [INFO] core.navigation.centering_controller: [CENTERING] MAVI_ALTIGEN 31/200 dx=-5px dy=-5px d=0.1m ex=-0.0078 ey=-0.0104 (tol +/-0.010) alt_err=+1.43m -> fwd=+0.15 right=+0.00 down=+0.72 m/s
2026-09-01 05:42:38,048 [INFO] core.navigation.centering_controller: [CENTERING] MAVI_ALTIGEN 36/200 dx=-22px dy=+12px d=0.5m ex=-0.0344 ey=+0.0250 (tol +/-0.010) alt_err=+1.02m -> fwd=-0.15 right=-0.15 down=+0.51 m/s
2026-09-01 05:42:38,156 [INFO] core.detection.vision_runtime: [VISION] detect() calisiyor -- bu karede 1 tespit: ['MAVI_ALTIGEN']
2026-09-01 05:42:38,594 [INFO] core.navigation.centering_controller: [CENTERING] MAVI_ALTIGEN 41/200 dx=-7px dy=+16px d=0.3m ex=-0.0109 ey=+0.0333 (tol +/-0.010) alt_err=+0.78m -> fwd=-0.15 right=-0.15 down=+0.39 m/s
QGC port check failed, reporting UNKNOWN: (pid=96785)
2026-09-01 05:42:39,135 [INFO] core.navigation.centering_controller: [CENTERING] MAVI_ALTIGEN 46/200 dx=+11px dy=+5px d=0.2m ex=+0.0172 ey=+0.0104 (tol +/-0.010) alt_err=+0.60m -> fwd=-0.15 right=+0.15 down=+0.30 m/s
2026-09-01 05:42:39,679 [INFO] core.navigation.centering_controller: [CENTERING] MAVI_ALTIGEN 51/200 dx=+13px dy=-19px d=0.4m ex=+0.0203 ey=-0.0396 (tol +/-0.010) alt_err=+0.43m -> fwd=+0.15 right=+0.15 down=+0.22 m/s
2026-09-01 05:42:40,222 [INFO] core.navigation.centering_controller: [CENTERING] MAVI_ALTIGEN 56/200 dx=-6px dy=-13px d=0.3m ex=-0.0094 ey=-0.0271 (tol +/-0.010) alt_err=+0.34m -> fwd=+0.15 right=+0.00 down=+0.17 m/s
2026-09-01 05:42:40,327 [INFO] gz_system.main_gz: Dashboard paint loop: 0.0 FPS (main thread)
2026-09-01 05:42:40,766 [INFO] core.navigation.centering_controller: [CENTERING] MAVI_ALTIGEN 61/200 dx=-23px dy=+5px d=0.4m ex=-0.0359 ey=+0.0104 (tol +/-0.010) alt_err=+0.24m -> fwd=-0.15 right=-0.15 down=+0.12 m/s
QGC port check failed, reporting UNKNOWN: (pid=96785)
2026-09-01 05:42:41,201 [INFO] core.detection.vision_runtime: [VISION] detect() calisiyor -- bu karede 1 tespit: ['MAVI_ALTIGEN']
2026-09-01 05:42:41,312 [INFO] core.navigation.centering_controller: [CENTERING] MAVI_ALTIGEN 66/200 dx=-7px dy=+21px d=0.4m ex=-0.0109 ey=+0.0437 (tol +/-0.010) alt_err=+0.19m -> fwd=-0.15 right=-0.15 down=+0.09 m/s
2026-09-01 05:42:41,854 [INFO] core.navigation.centering_controller: [CENTERING] MAVI_ALTIGEN 71/200 dx=+11px dy=+6px d=0.2m ex=+0.0172 ey=+0.0125 (tol +/-0.010) alt_err=+0.14m -> fwd=-0.15 right=+0.15 down=+0.07 m/s
2026-09-01 05:42:42,394 [INFO] core.navigation.centering_controller: [CENTERING] MAVI_ALTIGEN 76/200 dx=+14px dy=-13px d=0.4m ex=+0.0219 ey=-0.0271 (tol +/-0.010) alt_err=+0.11m -> fwd=+0.15 right=+0.15 down=+0.06 m/s
2026-09-01 05:42:42,938 [INFO] core.navigation.centering_controller: [CENTERING] MAVI_ALTIGEN 81/200 dx=-11px dy=-19px d=0.4m ex=-0.0172 ey=-0.0396 (tol +/-0.010) alt_err=+0.09m -> fwd=+0.15 right=-0.15 down=+0.05 m/s
QGC port check failed, reporting UNKNOWN: (pid=96785)
2026-09-01 05:42:43,483 [INFO] core.navigation.centering_controller: [CENTERING] MAVI_ALTIGEN 86/200 dx=-21px dy=-4px d=0.4m ex=-0.0328 ey=-0.0083 (tol +/-0.010) alt_err=+0.07m -> fwd=+0.00 right=-0.15 down=+0.03 m/s
2026-09-01 05:42:44,023 [INFO] core.navigation.centering_controller: [CENTERING] MAVI_ALTIGEN 91/200 dx=-7px dy=+22px d=0.4m ex=-0.0109 ey=+0.0458 (tol +/-0.010) alt_err=+0.05m -> fwd=-0.15 right=-0.15 down=+0.03 m/s
2026-09-01 05:42:44,238 [INFO] core.detection.vision_runtime: [VISION] detect() calisiyor -- bu karede 1 tespit: ['MAVI_ALTIGEN']
2026-09-01 05:42:44,563 [INFO] core.navigation.centering_controller: [CENTERING] MAVI_ALTIGEN 96/200 dx=+10px dy=+13px d=0.3m ex=+0.0156 ey=+0.0271 (tol +/-0.010) alt_err=+0.04m -> fwd=-0.15 right=+0.15 down=+0.02 m/s
QGC port check failed, reporting UNKNOWN: (pid=96785)
2026-09-01 05:42:45,105 [INFO] core.navigation.centering_controller: [CENTERING] MAVI_ALTIGEN 101/200 dx=+13px dy=-1px d=0.2m ex=+0.0203 ey=-0.0021 (tol +/-0.010) alt_err=+0.04m -> fwd=+0.00 right=+0.15 down=+0.02 m/s
2026-09-01 05:42:45,349 [INFO] gz_system.main_gz: Dashboard paint loop: 0.0 FPS (main thread)
2026-09-01 05:42:45,650 [INFO] core.navigation.centering_controller: [CENTERING] MAVI_ALTIGEN 106/200 dx=-5px dy=-23px d=0.4m ex=-0.0078 ey=-0.0479 (tol +/-0.010) alt_err=+0.03m -> fwd=+0.15 right=+0.00 down=+0.01 m/s
2026-09-01 05:42:46,197 [INFO] core.navigation.centering_controller: [CENTERING] MAVI_ALTIGEN 111/200 dx=-21px dy=-9px d=0.4m ex=-0.0328 ey=-0.0187 (tol +/-0.010) alt_err=+0.02m -> fwd=+0.15 right=-0.15 down=+0.01 m/s
2026-09-01 05:42:46,738 [INFO] core.navigation.centering_controller: [CENTERING] MAVI_ALTIGEN 116/200 dx=-5px dy=+12px d=0.2m ex=-0.0078 ey=+0.0250 (tol +/-0.010) alt_err=+0.01m -> fwd=-0.15 right=+0.00 down=+0.00 m/s
QGC port check failed, reporting UNKNOWN: (pid=96785)
2026-09-01 05:42:47,279 [INFO] core.detection.vision_runtime: [VISION] detect() calisiyor -- bu karede 1 tespit: ['MAVI_ALTIGEN']
2026-09-01 05:42:47,281 [INFO] core.navigation.centering_controller: [CENTERING] MAVI_ALTIGEN 121/200 dx=+19px dy=+18px d=0.5m ex=+0.0297 ey=+0.0375 (tol +/-0.010) alt_err=+0.01m -> fwd=-0.15 right=+0.15 down=+0.00 m/s
2026-09-01 05:42:47,823 [INFO] core.navigation.centering_controller: [CENTERING] MAVI_ALTIGEN 126/200 dx=+15px dy=+4px d=0.3m ex=+0.0234 ey=+0.0083 (tol +/-0.010) alt_err=+0.01m -> fwd=+0.00 right=+0.15 down=+0.00 m/s
2026-09-01 05:42:48,367 [INFO] core.navigation.centering_controller: [CENTERING] MAVI_ALTIGEN 131/200 dx=-2px dy=-23px d=0.4m ex=-0.0031 ey=-0.0479 (tol +/-0.010) alt_err=+0.00m -> fwd=+0.15 right=+0.00 down=+0.00 m/s
2026-09-01 05:42:48,913 [INFO] core.navigation.centering_controller: [CENTERING] MAVI_ALTIGEN 136/200 dx=-22px dy=-12px d=0.5m ex=-0.0344 ey=-0.0250 (tol +/-0.010) alt_err=-0.00m -> fwd=+0.15 right=-0.15 down=-0.00 m/s
QGC port check failed, reporting UNKNOWN: (pid=96785)
2026-09-01 05:42:49,458 [INFO] core.navigation.centering_controller: Merkezleme tamamlandi. (attempt 141/200, dx=-6px dy=-2px ex=-0.0094 ey=-0.0042 alt_err=+0.00m)
2026-09-01 05:42:49,459 [INFO] core.navigation.centering_controller: MAVI_ALTIGEN hedefine merkezleniyor (irtifa hedefi: 5.0m, irtifa bandi +/-0.30m)...
2026-09-01 05:42:49,459 [INFO] core.navigation.centering_controller: [CENTERING] MAVI_ALTIGEN 1/200 dx=-6px dy=-2px d=0.1m ex=-0.0094 ey=-0.0042 (tol +/-0.010) alt_err=+5.00m -> fwd=+0.00 right=+0.00 down=+0.15 m/s
2026-09-01 05:42:50,002 [INFO] core.navigation.centering_controller: [CENTERING] MAVI_ALTIGEN 6/200 dx=+16px dy=+23px d=0.5m ex=+0.0250 ey=+0.0479 (tol +/-0.010) alt_err=+4.88m -> fwd=-0.15 right=+0.15 down=+0.90 m/s
2026-09-01 05:42:50,329 [INFO] core.detection.vision_runtime: [VISION] detect() calisiyor -- bu karede 1 tespit: ['MAVI_ALTIGEN']
2026-09-01 05:42:50,367 [INFO] gz_system.main_gz: Dashboard paint loop: 0.0 FPS (main thread)
2026-09-01 05:42:50,547 [INFO] core.navigation.centering_controller: [CENTERING] MAVI_ALTIGEN 11/200 dx=+14px dy=+11px d=0.3m ex=+0.0219 ey=+0.0229 (tol +/-0.010) alt_err=+4.25m -> fwd=-0.15 right=+0.15 down=+1.65 m/s
QGC port check failed, reporting UNKNOWN: (pid=96785)
2026-09-01 05:42:51,090 [INFO] core.navigation.centering_controller: [CENTERING] MAVI_ALTIGEN 16/200 dx=-3px dy=-7px d=0.1m ex=-0.0047 ey=-0.0146 (tol +/-0.010) alt_err=+3.47m -> fwd=+0.15 right=+0.00 down=+1.73 m/s
2026-09-01 05:42:51,631 [INFO] core.navigation.centering_controller: [CENTERING] MAVI_ALTIGEN 21/200 dx=-22px dy=-24px d=0.5m ex=-0.0344 ey=-0.0500 (tol +/-0.010) alt_err=+2.69m -> fwd=+0.15 right=-0.15 down=+1.35 m/s
2026-09-01 05:42:52,176 [INFO] core.navigation.centering_controller: [CENTERING] MAVI_ALTIGEN 26/200 dx=-9px dy=-9px d=0.2m ex=-0.0141 ey=-0.0187 (tol +/-0.010) alt_err=+1.90m -> fwd=+0.15 right=-0.15 down=+0.95 m/s
2026-09-01 05:42:52,721 [INFO] core.navigation.centering_controller: [CENTERING] MAVI_ALTIGEN 31/200 dx=+11px dy=+6px d=0.1m ex=+0.0172 ey=+0.0125 (tol +/-0.010) alt_err=+1.45m -> fwd=-0.15 right=+0.15 down=+0.72 m/s
QGC port check failed, reporting UNKNOWN: (pid=96785)
2026-09-01 05:42:53,264 [INFO] core.navigation.centering_controller: [CENTERING] MAVI_ALTIGEN 36/200 dx=+23px dy=+26px d=0.4m ex=+0.0359 ey=+0.0542 (tol +/-0.010) alt_err=+1.03m -> fwd=-0.15 right=+0.15 down=+0.51 m/s
2026-09-01 05:42:53,370 [INFO] core.detection.vision_runtime: [VISION] detect() calisiyor -- bu karede 1 tespit: ['MAVI_ALTIGEN']
2026-09-01 05:42:53,808 [INFO] core.navigation.centering_controller: [CENTERING] MAVI_ALTIGEN 41/200 dx=+8px dy=+11px d=0.1m ex=+0.0125 ey=+0.0229 (tol +/-0.010) alt_err=+0.78m -> fwd=-0.15 right=+0.15 down=+0.39 m/s
2026-09-01 05:42:54,347 [INFO] core.navigation.centering_controller: [CENTERING] MAVI_ALTIGEN 46/200 dx=-13px dy=+4px d=0.1m ex=-0.0203 ey=+0.0083 (tol +/-0.010) alt_err=+0.57m -> fwd=+0.00 right=-0.15 down=+0.29 m/s
2026-09-01 05:42:54,889 [INFO] core.navigation.centering_controller: [CENTERING] MAVI_ALTIGEN 51/200 dx=-20px dy=-21px d=0.3m ex=-0.0312 ey=-0.0437 (tol +/-0.010) alt_err=+0.46m -> fwd=+0.15 right=-0.15 down=+0.23 m/s
QGC port check failed, reporting UNKNOWN: (pid=96785)
2026-09-01 05:42:55,376 [INFO] gz_system.main_gz: Dashboard paint loop: 0.0 FPS (main thread)
2026-09-01 05:42:55,431 [INFO] core.navigation.centering_controller: [CENTERING] MAVI_ALTIGEN 56/200 dx=-1px dy=-11px d=0.1m ex=-0.0016 ey=-0.0229 (tol +/-0.010) alt_err=+0.36m -> fwd=+0.15 right=+0.00 down=+0.18 m/s
2026-09-01 05:42:55,974 [INFO] core.navigation.centering_controller: [CENTERING] MAVI_ALTIGEN 61/200 dx=+26px dy=+10px d=0.3m ex=+0.0406 ey=+0.0208 (tol +/-0.010) alt_err=+0.26m -> fwd=-0.15 right=+0.15 down=+0.13 m/s
2026-09-01 05:42:56,407 [INFO] core.detection.vision_runtime: [VISION] detect() calisiyor -- bu karede 1 tespit: ['MAVI_ALTIGEN']
2026-09-01 05:42:56,517 [INFO] core.navigation.centering_controller: [CENTERING] MAVI_ALTIGEN 66/200 dx=+14px dy=+26px d=0.3m ex=+0.0219 ey=+0.0542 (tol +/-0.010) alt_err=+0.20m -> fwd=-0.15 right=+0.15 down=+0.10 m/s
QGC port check failed, reporting UNKNOWN: (pid=96785)
2026-09-01 05:42:57,064 [INFO] core.navigation.centering_controller: [CENTERING] MAVI_ALTIGEN 71/200 dx=-3px dy=+6px d=0.1m ex=-0.0047 ey=+0.0125 (tol +/-0.010) alt_err=+0.14m -> fwd=-0.15 right=+0.00 down=+0.07 m/s
2026-09-01 05:42:57,605 [INFO] core.navigation.centering_controller: [CENTERING] MAVI_ALTIGEN 76/200 dx=-22px dy=-22px d=0.3m ex=-0.0344 ey=-0.0458 (tol +/-0.010) alt_err=+0.11m -> fwd=+0.15 right=-0.15 down=+0.06 m/s
2026-09-01 05:42:58,147 [INFO] core.navigation.centering_controller: [CENTERING] MAVI_ALTIGEN 81/200 dx=-6px dy=-19px d=0.2m ex=-0.0094 ey=-0.0396 (tol +/-0.010) alt_err=+0.08m -> fwd=+0.15 right=+0.00 down=+0.04 m/s
2026-09-01 05:42:58,687 [INFO] core.navigation.centering_controller: [CENTERING] MAVI_ALTIGEN 86/200 dx=+21px dy=-5px d=0.2m ex=+0.0328 ey=-0.0104 (tol +/-0.010) alt_err=+0.06m -> fwd=+0.15 right=+0.15 down=+0.03 m/s
QGC port check failed, reporting UNKNOWN: (pid=96785)
2026-09-01 05:42:59,228 [INFO] core.navigation.centering_controller: [CENTERING] MAVI_ALTIGEN 91/200 dx=+17px dy=+23px d=0.3m ex=+0.0266 ey=+0.0479 (tol +/-0.010) alt_err=+0.05m -> fwd=-0.15 right=+0.15 down=+0.03 m/s
2026-09-01 05:42:59,443 [INFO] core.detection.vision_runtime: [VISION] detect() calisiyor -- bu karede 1 tespit: ['MAVI_ALTIGEN']
2026-09-01 05:42:59,772 [INFO] core.navigation.centering_controller: [CENTERING] MAVI_ALTIGEN 96/200 dx=+4px dy=+19px d=0.2m ex=+0.0063 ey=+0.0396 (tol +/-0.010) alt_err=+0.03m -> fwd=-0.15 right=+0.00 down=+0.02 m/s
2026-09-01 05:43:00,314 [INFO] core.navigation.centering_controller: [CENTERING] MAVI_ALTIGEN 101/200 dx=-25px dy=+3px d=0.2m ex=-0.0391 ey=+0.0063 (tol +/-0.010) alt_err=+0.02m -> fwd=+0.00 right=-0.15 down=+0.01 m/s
2026-09-01 05:43:00,410 [INFO] gz_system.main_gz: Dashboard paint loop: 0.0 FPS (main thread)
2026-09-01 05:43:00,855 [INFO] core.navigation.centering_controller: [CENTERING] MAVI_ALTIGEN 106/200 dx=-9px dy=-24px d=0.2m ex=-0.0141 ey=-0.0500 (tol +/-0.010) alt_err=+0.02m -> fwd=+0.15 right=-0.15 down=+0.01 m/s
QGC port check failed, reporting UNKNOWN: (pid=96785)
2026-09-01 05:43:01,395 [INFO] core.navigation.centering_controller: [CENTERING] MAVI_ALTIGEN 111/200 dx=+16px dy=-15px d=0.2m ex=+0.0250 ey=-0.0312 (tol +/-0.010) alt_err=+0.00m -> fwd=+0.15 right=+0.15 down=+0.00 m/s
2026-09-01 05:43:01,939 [INFO] core.navigation.centering_controller: [CENTERING] MAVI_ALTIGEN 116/200 dx=+25px dy=+1px d=0.2m ex=+0.0391 ey=+0.0021 (tol +/-0.010) alt_err=+0.00m -> fwd=+0.00 right=+0.15 down=+0.00 m/s
2026-09-01 05:43:02,481 [INFO] core.detection.vision_runtime: [VISION] detect() calisiyor -- bu karede 1 tespit: ['MAVI_ALTIGEN']
2026-09-01 05:43:02,482 [INFO] core.navigation.centering_controller: [CENTERING] MAVI_ALTIGEN 121/200 dx=+9px dy=+29px d=0.3m ex=+0.0141 ey=+0.0604 (tol +/-0.010) alt_err=+0.01m -> fwd=-0.15 right=+0.15 down=+0.00 m/s
QGC port check failed, reporting UNKNOWN: (pid=96785)
2026-09-01 05:43:03,027 [INFO] core.navigation.centering_controller: [CENTERING] MAVI_ALTIGEN 126/200 dx=-11px dy=+11px d=0.1m ex=-0.0172 ey=+0.0229 (tol +/-0.010) alt_err=+0.01m -> fwd=-0.15 right=-0.15 down=+0.00 m/s
2026-09-01 05:43:03,572 [INFO] core.navigation.centering_controller: [CENTERING] MAVI_ALTIGEN 131/200 dx=-24px dy=-5px d=0.2m ex=-0.0375 ey=-0.0104 (tol +/-0.010) alt_err=-0.00m -> fwd=+0.15 right=-0.15 down=-0.00 m/s
2026-09-01 05:43:04,119 [INFO] core.navigation.centering_controller: [CENTERING] MAVI_ALTIGEN 136/200 dx=-6px dy=-28px d=0.3m ex=-0.0094 ey=-0.0583 (tol +/-0.010) alt_err=-0.01m -> fwd=+0.15 right=+0.00 down=-0.00 m/s
2026-09-01 05:43:04,661 [INFO] core.navigation.centering_controller: [CENTERING] MAVI_ALTIGEN 141/200 dx=+20px dy=-10px d=0.2m ex=+0.0312 ey=-0.0208 (tol +/-0.010) alt_err=-0.01m -> fwd=+0.15 right=+0.15 down=-0.00 m/s
QGC port check failed, reporting UNKNOWN: (pid=96785)
2026-09-01 05:43:05,207 [INFO] core.navigation.centering_controller: [CENTERING] MAVI_ALTIGEN 146/200 dx=+16px dy=+7px d=0.2m ex=+0.0250 ey=+0.0146 (tol +/-0.010) alt_err=-0.01m -> fwd=-0.15 right=+0.15 down=-0.00 m/s
2026-09-01 05:43:05,419 [INFO] gz_system.main_gz: Dashboard paint loop: 0.0 FPS (main thread)
2026-09-01 05:43:05,535 [INFO] core.detection.vision_runtime: [VISION] detect() calisiyor -- bu karede 1 tespit: ['MAVI_ALTIGEN']
2026-09-01 05:43:05,751 [INFO] core.navigation.centering_controller: [CENTERING] MAVI_ALTIGEN 151/200 dx=+4px dy=+23px d=0.2m ex=+0.0063 ey=+0.0479 (tol +/-0.010) alt_err=-0.00m -> fwd=-0.15 right=+0.00 down=-0.00 m/s
2026-09-01 05:43:06,294 [INFO] core.navigation.centering_controller: [CENTERING] MAVI_ALTIGEN 156/200 dx=-22px dy=+9px d=0.2m ex=-0.0344 ey=+0.0187 (tol +/-0.010) alt_err=-0.01m -> fwd=-0.15 right=-0.15 down=-0.00 m/s
2026-09-01 05:43:06,837 [INFO] core.navigation.centering_controller: [CENTERING] MAVI_ALTIGEN 161/200 dx=-10px dy=-14px d=0.2m ex=-0.0156 ey=-0.0292 (tol +/-0.010) alt_err=-0.01m -> fwd=+0.15 right=-0.15 down=-0.01 m/s
QGC port check failed, reporting UNKNOWN: (pid=96785)
2026-09-01 05:43:07,378 [INFO] core.navigation.centering_controller: [CENTERING] MAVI_ALTIGEN 166/200 dx=+9px dy=-17px d=0.2m ex=+0.0141 ey=-0.0354 (tol +/-0.010) alt_err=-0.02m -> fwd=+0.15 right=+0.15 down=-0.01 m/s
2026-09-01 05:43:07,920 [INFO] core.navigation.centering_controller: [CENTERING] MAVI_ALTIGEN 171/200 dx=+23px dy=-4px d=0.2m ex=+0.0359 ey=-0.0083 (tol +/-0.010) alt_err=-0.01m -> fwd=+0.00 right=+0.15 down=-0.01 m/s
2026-09-01 05:43:08,463 [INFO] core.navigation.centering_controller: [CENTERING] MAVI_ALTIGEN 176/200 dx=+5px dy=+25px d=0.2m ex=+0.0078 ey=+0.0521 (tol +/-0.010) alt_err=-0.01m -> fwd=-0.15 right=+0.00 down=-0.00 m/s
2026-09-01 05:43:08,571 [INFO] core.detection.vision_runtime: [VISION] detect() calisiyor -- bu karede 1 tespit: ['MAVI_ALTIGEN']
QGC port check failed, reporting UNKNOWN: (pid=96785)
2026-09-01 05:43:09,007 [INFO] core.navigation.centering_controller: [CENTERING] MAVI_ALTIGEN 181/200 dx=-21px dy=+13px d=0.2m ex=-0.0328 ey=+0.0271 (tol +/-0.010) alt_err=+0.00m -> fwd=-0.15 right=-0.15 down=+0.00 m/s
2026-09-01 05:43:09,553 [INFO] core.navigation.centering_controller: [CENTERING] MAVI_ALTIGEN 186/200 dx=-19px dy=+0px d=0.2m ex=-0.0297 ey=+0.0000 (tol +/-0.010) alt_err=-0.00m -> fwd=+0.00 right=-0.15 down=-0.00 m/s
2026-09-01 05:43:10,099 [INFO] core.navigation.centering_controller: [CENTERING] MAVI_ALTIGEN 191/200 dx=-6px dy=-29px d=0.3m ex=-0.0094 ey=-0.0604 (tol +/-0.010) alt_err=-0.01m -> fwd=+0.15 right=+0.00 down=-0.00 m/s
2026-09-01 05:43:10,454 [INFO] gz_system.main_gz: Dashboard paint loop: 0.0 FPS (main thread)
2026-09-01 05:43:10,643 [INFO] core.navigation.centering_controller: [CENTERING] MAVI_ALTIGEN 196/200 dx=+20px dy=-13px d=0.2m ex=+0.0312 ey=-0.0271 (tol +/-0.010) alt_err=-0.01m -> fwd=+0.15 right=+0.15 down=-0.00 m/s
QGC port check failed, reporting UNKNOWN: (pid=96785)
2026-09-01 05:43:11,190 [ERROR] core.navigation.centering_controller: Merkezleme zaman asimina ugradi! (200 deneme / 20.0s butcesi doldu)
2026-09-01 05:43:11,190 [WARNING] core.mission.payload_release: Yaklaşma adımı yakınsamadı (5.0m) -- devam ediliyor.
2026-09-01 05:43:11,191 [INFO] core.navigation.centering_controller: MAVI_ALTIGEN hedefine merkezleniyor (irtifa hedefi: 0.45m, irtifa bandi +/-0.05m)...
2026-09-01 05:43:11,191 [INFO] core.navigation.centering_controller: [CENTERING] MAVI_ALTIGEN 1/200 dx=+14px dy=-4px d=0.1m ex=+0.0219 ey=-0.0083 (tol +/-0.010) alt_err=+4.54m -> fwd=+0.00 right=+0.15 down=+0.15 m/s
2026-09-01 05:43:11,625 [INFO] core.detection.vision_runtime: [VISION] detect() calisiyor -- bu karede 1 tespit: ['MAVI_ALTIGEN']
2026-09-01 05:43:11,736 [INFO] core.navigation.centering_controller: [CENTERING] MAVI_ALTIGEN 6/200 dx=-4px dy=+29px d=0.3m ex=-0.0063 ey=+0.0604 (tol +/-0.010) alt_err=+4.45m -> fwd=-0.15 right=+0.00 down=+0.90 m/s
2026-09-01 05:43:12,282 [INFO] core.navigation.centering_controller: [CENTERING] MAVI_ALTIGEN 11/200 dx=-29px dy=+22px d=0.3m ex=-0.0453 ey=+0.0458 (tol +/-0.010) alt_err=+3.86m -> fwd=-0.15 right=-0.15 down=+1.65 m/s
2026-09-01 05:43:12,824 [INFO] core.navigation.centering_controller: [CENTERING] MAVI_ALTIGEN 16/200 dx=-12px dy=+3px d=0.1m ex=-0.0187 ey=+0.0063 (tol +/-0.010) alt_err=+3.07m -> fwd=+0.00 right=-0.15 down=+1.54 m/s
QGC port check failed, reporting UNKNOWN: (pid=96785)
2026-09-01 05:43:13,368 [INFO] core.navigation.centering_controller: [CENTERING] MAVI_ALTIGEN 21/200 dx=-2px dy=-26px d=0.1m ex=-0.0031 ey=-0.0542 (tol +/-0.010) alt_err=+2.19m -> fwd=+0.12 right=+0.00 down=+1.09 m/s
2026-09-01 05:43:13,911 [INFO] core.navigation.centering_controller: [CENTERING] MAVI_ALTIGEN 26/200 dx=+38px dy=-12px d=0.2m ex=+0.0594 ey=-0.0250 (tol +/-0.010) alt_err=+1.66m -> fwd=+0.09 right=+0.13 down=+0.83 m/s
2026-09-01 05:43:14,455 [INFO] core.navigation.centering_controller: [CENTERING] MAVI_ALTIGEN 31/200 dx=+26px dy=+13px d=0.1m ex=+0.0398 ey=+0.0271 (tol +/-0.010) alt_err=+1.19m -> fwd=-0.07 right=+0.10 down=+0.59 m/s
2026-09-01 05:43:14,670 [INFO] core.detection.vision_runtime: [VISION] detect() calisiyor -- bu karede 1 tespit: ['MAVI_ALTIGEN']
2026-09-01 05:43:14,996 [INFO] core.navigation.centering_controller: [CENTERING] MAVI_ALTIGEN 36/200 dx=+4px dy=+38px d=0.1m ex=+0.0063 ey=+0.0792 (tol +/-0.010) alt_err=+0.90m -> fwd=-0.12 right=+0.00 down=+0.45 m/s
QGC port check failed, reporting UNKNOWN: (pid=96785)
2026-09-01 05:43:15,481 [INFO] gz_system.main_gz: Dashboard paint loop: 0.0 FPS (main thread)
2026-09-01 05:43:15,541 [INFO] core.navigation.centering_controller: [CENTERING] MAVI_ALTIGEN 41/200 dx=-32px dy=+23px d=0.1m ex=-0.0508 ey=+0.0479 (tol +/-0.010) alt_err=+0.68m -> fwd=-0.07 right=-0.08 down=+0.34 m/s
2026-09-01 05:43:16,084 [INFO] core.navigation.centering_controller: [CENTERING] MAVI_ALTIGEN 46/200 dx=-22px dy=-18px d=0.1m ex=-0.0352 ey=-0.0385 (tol +/-0.010) alt_err=+0.50m -> fwd=+0.06 right=-0.06 down=+0.25 m/s
2026-09-01 05:43:16,629 [INFO] core.navigation.centering_controller: [CENTERING] MAVI_ALTIGEN 51/200 dx=+10px dy=+0px d=0.0m ex=+0.0148 ey=+0.0000 (tol +/-0.010) alt_err=+0.39m -> fwd=+0.00 right=+0.05 down=+0.20 m/s
QGC port check failed, reporting UNKNOWN: (pid=96785)
2026-09-01 05:43:17,174 [INFO] core.navigation.centering_controller: [CENTERING] MAVI_ALTIGEN 56/200 dx=+3px dy=+0px d=0.0m ex=+0.0047 ey=+0.0000 (tol +/-0.010) alt_err=+0.29m -> fwd=+0.00 right=+0.00 down=+0.14 m/s
2026-09-01 05:43:17,718 [INFO] core.detection.vision_runtime: [VISION] detect() calisiyor -- bu karede 1 tespit: ['MAVI_ALTIGEN']
2026-09-01 05:43:17,719 [INFO] core.navigation.centering_controller: [CENTERING] MAVI_ALTIGEN 61/200 dx=+0px dy=+0px d=0.0m ex=+0.0000 ey=+0.0000 (tol +/-0.010) alt_err=+0.23m -> fwd=+0.00 right=+0.00 down=+0.11 m/s
2026-09-01 05:43:18,151 [WARNING] core.navigation.centering_controller: [LOW_ALT_OPEN_LOOP_DESCENT] MAVI_ALTIGEN: goruntu 0.64m'de kayboldu -- dondurulmus kestirime (47.3986661, 8.5460861, offset=0.0cm @ 0.64m) gore 0.45m'ye alcalmaya devam.
QGC port check failed, reporting UNKNOWN: (pid=96785)
2026-09-01 05:43:19,344 [INFO] core.navigation.centering_controller: [LOW_ALT_OPEN_LOOP_DESCENT] MAVI_ALTIGEN: 0.493m'ye ulasildi (hedef 0.45m).
2026-09-01 05:43:19,344 [INFO] core.navigation.centering_controller: [AIM_OFFSET_APPLIED] MAVI_ALTIGEN: montaj (ileri=0.00, sag=0.04) m, yon=3.8 deg -> tutma noktasi (47.3986661, 8.5460856) olarak otelendi (kuzey +0.00, dogu -0.03 m).
2026-09-01 05:43:19,669 [INFO] core.navigation.centering_controller: [MOUNT_TRANSLATE_DONE] MAVI_ALTIGEN: kalan 4.3 cm, sure 0.32 s (yakinsadi).
2026-09-01 05:43:19,669 [WARNING] core.navigation.centering_controller: [LOW_ALT_OPEN_LOOP_DESCENT] MAVI_ALTIGEN: goruntu 0.47m'de kayboldu -- dondurulmus kestirime (47.3986661, 8.5460856, offset=0.0cm @ 0.64m) gore 0.45m'ye alcalmaya devam.
2026-09-01 05:43:19,669 [INFO] core.navigation.centering_controller: [LOW_ALT_OPEN_LOOP_DESCENT] MAVI_ALTIGEN: 0.465m'ye ulasildi (hedef 0.45m).
2026-09-01 05:43:19,669 [INFO] core.navigation.centering_controller: 0.1m ileri hareket ediliyor (0.3 m/s, 0.3s)...
2026-09-01 05:43:20,101 [INFO] core.mission.payload_release: [RELEASE_OFFSET] MAVI_ALTIGEN: {'shape_type': 'MAVI_ALTIGEN', 'altitude_m': 0.47, 'target_visible': False, 'best_known_offset_cm': 10.13, 'best_known_offset_alt_m': 4.987}
2026-09-01 05:43:20,101 [INFO] core.mission.payload_release: [MOUNT_VECTOR_MEASURED] MAVI_ALTIGEN: {'world_dx': 0.0353, 'world_dy': -0.0, 'gazebo_yaw_deg': 88.31, 'body_forward_m': 0.001, 'body_right_m': 0.0353} (uygulanan: (0.0, 0.035))
2026-09-01 05:43:20,101 [INFO] gz_system.gz_payload_actuator: Gazebo DetachableJoint tetikleniyor: /payload/detach/red
I0901 05:43:20.102409 12931847 fork_posix.cc:71] Other threads are currently calling into gRPC, skipping fork() handlers
I0901 05:43:20.157687 12931847 fork_posix.cc:71] Other threads are currently calling into gRPC, skipping fork() handlers
I0901 05:43:20.210226 12931847 fork_posix.cc:71] Other threads are currently calling into gRPC, skipping fork() handlers
I0901 05:43:20.259021 12931847 fork_posix.cc:71] Other threads are currently calling into gRPC, skipping fork() handlers
I0901 05:43:20.307300 12931847 fork_posix.cc:71] Other threads are currently calling into gRPC, skipping fork() handlers
2026-09-01 05:43:20,481 [INFO] gz_system.main_gz: Dashboard paint loop: 0.0 FPS (main thread)
2026-09-01 05:43:20,754 [INFO] core.detection.vision_runtime: [VISION] detect() calisiyor -- bu karede 0 tespit: []
QGC port check failed, reporting UNKNOWN: (pid=96785)
2026-09-01 05:43:21,228 [INFO] gz_system.gz_payload_actuator: Yuk ayrildi (red), gecikme 1.088 s.
2026-09-01 05:43:21,228 [INFO] core.mission.payload_release: [PAYLOAD_RELEASED] PAYLOAD 1 RELEASED @0.47m
QGC port check failed, reporting UNKNOWN: (pid=96785)
2026-09-01 05:43:23,229 [INFO] core.mission.payload_release: [PAYLOAD_FINAL_POSE] MAVI_ALTIGEN: x=-5.889 y=77.413 z=0.034 merkeze 6269.1 cm egim 0.1 deg (HEDEF DISINDA)
2026-09-01 05:43:23,229 [INFO] core.mission.payload_release: Doğrulama işareti aranıyor: KIRMIZI_DIKDORTGEN
2026-09-01 05:43:23,229 [INFO] core.mission.payload_release: Yük bırakma DOĞRULANDI: KIRMIZI_DIKDORTGEN tespit edildi.
2026-09-01 05:43:23,229 [INFO] core.navigation.centering_controller: 15.0m irtifasina tirmaniliyor (goruntuden bagimsiz)...
2026-09-01 05:43:23,822 [INFO] core.detection.vision_runtime: [VISION] detect() calisiyor -- bu karede 2 tespit: ['MAVI_ALTIGEN', 'KIRMIZI_DIKDORTGEN']
QGC port check failed, reporting UNKNOWN: (pid=96785)
2026-09-01 05:43:25,482 [INFO] gz_system.main_gz: Dashboard paint loop: 0.0 FPS (main thread)
2026-09-01 05:43:26,875 [INFO] core.detection.vision_runtime: [VISION] detect() calisiyor -- bu karede 1 tespit: ['MAVI_ALTIGEN']
QGC port check failed, reporting UNKNOWN: (pid=96785)
QGC port check failed, reporting UNKNOWN: (pid=96785)
2026-09-01 05:43:29,925 [INFO] core.detection.vision_runtime: [VISION] detect() calisiyor -- bu karede 1 tespit: ['MAVI_ALTIGEN']
2026-09-01 05:43:30,491 [INFO] gz_system.main_gz: Dashboard paint loop: 0.0 FPS (main thread)
QGC port check failed, reporting UNKNOWN: (pid=96785)
2026-09-01 05:43:32,865 [INFO] core.mission.gorev2_orchestrator: SEARCH COMPLETE: MAVI_ALTIGEN ve KIRMIZI_UCGEN ikisi de kaydedildi. Mission kalici olarak sona erdi, Offboard tek yetkili.
2026-09-01 05:43:32,972 [INFO] core.detection.vision_runtime: [VISION] detect() calisiyor -- bu karede 1 tespit: ['MAVI_ALTIGEN']
2026-09-01 05:43:32,972 [INFO] core.mission.gorev2_orchestrator: Bir veya iki yuk hala birakilmamis -- toplu birakma calistiriliyor.
2026-09-01 05:43:32,973 [INFO] core.mission.gorev2_fsm: PAYLOAD MISSION 1 basliyor (Mavi Altigen / RED payload)
2026-09-01 05:43:32,973 [INFO] core.navigation.centering_controller: Kayitli GPS konumuna gidiliyor: lat=47.3986649, lon=8.5460885, alt=15.0m
2026-09-01 05:43:32,973 [INFO] core.mission.payload_release: Yük bırakma başlatılıyor: MAVI_ALTIGEN
2026-09-01 05:43:32,973 [INFO] core.navigation.centering_controller: MAVI_ALTIGEN hedefine merkezleniyor (irtifa hedefi: 10.0m, irtifa bandi +/-0.30m)...
2026-09-01 05:43:32,974 [INFO] core.navigation.centering_controller: [CENTERING] MAVI_ALTIGEN 1/200 dx=+4px dy=+3px d=0.1m ex=+0.0063 ey=+0.0063 (tol +/-0.010) alt_err=+4.72m -> fwd=+0.00 right=+0.00 down=+0.15 m/s
QGC port check failed, reporting UNKNOWN: (pid=96785)
2026-09-01 05:43:33,521 [INFO] core.navigation.centering_controller: [CENTERING] MAVI_ALTIGEN 6/200 dx=+4px dy=+5px d=0.2m ex=+0.0063 ey=+0.0104 (tol +/-0.010) alt_err=+4.61m -> fwd=-0.15 right=+0.00 down=+0.90 m/s
2026-09-01 05:43:34,075 [INFO] core.navigation.centering_controller: [CENTERING] MAVI_ALTIGEN 11/200 dx=+5px dy=+16px d=0.4m ex=+0.0078 ey=+0.0333 (tol +/-0.010) alt_err=+4.11m -> fwd=-0.15 right=+0.00 down=+1.65 m/s
2026-09-01 05:43:34,622 [INFO] core.navigation.centering_controller: [CENTERING] MAVI_ALTIGEN 16/200 dx=+3px dy=+8px d=0.2m ex=+0.0047 ey=+0.0167 (tol +/-0.010) alt_err=+3.33m -> fwd=-0.15 right=+0.00 down=+1.67 m/s
QGC port check failed, reporting UNKNOWN: (pid=96785)
2026-09-01 05:43:35,166 [INFO] core.navigation.centering_controller: [CENTERING] MAVI_ALTIGEN 21/200 dx=+5px dy=-4px d=0.1m ex=+0.0078 ey=-0.0083 (tol +/-0.010) alt_err=+2.41m -> fwd=+0.00 right=+0.00 down=+1.21 m/s
2026-09-01 05:43:35,498 [INFO] gz_system.main_gz: Dashboard paint loop: 0.0 FPS (main thread)
2026-09-01 05:43:35,708 [INFO] core.navigation.centering_controller: [CENTERING] MAVI_ALTIGEN 26/200 dx=+5px dy=-18px d=0.4m ex=+0.0078 ey=-0.0375 (tol +/-0.010) alt_err=+1.80m -> fwd=+0.15 right=+0.00 down=+0.90 m/s
2026-09-01 05:43:36,031 [INFO] core.detection.vision_runtime: [VISION] detect() calisiyor -- bu karede 1 tespit: ['MAVI_ALTIGEN']
2026-09-01 05:43:36,249 [INFO] core.navigation.centering_controller: [CENTERING] MAVI_ALTIGEN 31/200 dx=+6px dy=-6px d=0.2m ex=+0.0094 ey=-0.0125 (tol +/-0.010) alt_err=+1.29m -> fwd=+0.15 right=+0.00 down=+0.65 m/s
2026-09-01 05:43:36,797 [INFO] core.navigation.centering_controller: [CENTERING] MAVI_ALTIGEN 36/200 dx=+6px dy=+12px d=0.3m ex=+0.0094 ey=+0.0250 (tol +/-0.010) alt_err=+0.99m -> fwd=-0.15 right=+0.00 down=+0.50 m/s
QGC port check failed, reporting UNKNOWN: (pid=96785)
2026-09-01 05:43:37,341 [INFO] core.navigation.centering_controller: [CENTERING] MAVI_ALTIGEN 41/200 dx=+16px dy=+20px d=0.5m ex=+0.0250 ey=+0.0417 (tol +/-0.010) alt_err=+0.71m -> fwd=-0.15 right=+0.15 down=+0.36 m/s
2026-09-01 05:43:37,883 [INFO] core.navigation.centering_controller: [CENTERING] MAVI_ALTIGEN 46/200 dx=+11px dy=+7px d=0.3m ex=+0.0172 ey=+0.0146 (tol +/-0.010) alt_err=+0.55m -> fwd=-0.15 right=+0.15 down=+0.28 m/s
2026-09-01 05:43:38,428 [INFO] core.navigation.centering_controller: [CENTERING] MAVI_ALTIGEN 51/200 dx=-7px dy=-18px d=0.4m ex=-0.0109 ey=-0.0375 (tol +/-0.010) alt_err=+0.41m -> fwd=+0.15 right=-0.15 down=+0.20 m/s
2026-09-01 05:43:38,972 [INFO] core.navigation.centering_controller: [CENTERING] MAVI_ALTIGEN 56/200 dx=-17px dy=-14px d=0.4m ex=-0.0266 ey=-0.0292 (tol +/-0.010) alt_err=+0.32m -> fwd=+0.15 right=-0.15 down=+0.16 m/s
QGC port check failed, reporting UNKNOWN: (pid=96785)
2026-09-01 05:43:39,079 [INFO] core.detection.vision_runtime: [VISION] detect() calisiyor -- bu karede 1 tespit: ['MAVI_ALTIGEN']
2026-09-01 05:43:39,405 [INFO] core.navigation.centering_controller: Merkezleme tamamlandi. (attempt 60/200, dx=-4px dy=-2px ex=-0.0063 ey=-0.0042 alt_err=+0.26m)
2026-09-01 05:43:39,406 [INFO] core.navigation.centering_controller: MAVI_ALTIGEN hedefine merkezleniyor (irtifa hedefi: 5.0m, irtifa bandi +/-0.30m)...
2026-09-01 05:43:39,406 [INFO] core.navigation.centering_controller: [CENTERING] MAVI_ALTIGEN 1/200 dx=-4px dy=-2px d=0.1m ex=-0.0063 ey=-0.0042 (tol +/-0.010) alt_err=+5.26m -> fwd=+0.00 right=+0.00 down=+0.15 m/s
2026-09-01 05:43:39,948 [INFO] core.navigation.centering_controller: [CENTERING] MAVI_ALTIGEN 6/200 dx=+19px dy=+25px d=0.6m ex=+0.0297 ey=+0.0521 (tol +/-0.010) alt_err=+5.11m -> fwd=-0.15 right=+0.15 down=+0.90 m/s
2026-09-01 05:43:40,491 [INFO] core.navigation.centering_controller: [CENTERING] MAVI_ALTIGEN 11/200 dx=+15px dy=+18px d=0.4m ex=+0.0234 ey=+0.0375 (tol +/-0.010) alt_err=+4.62m -> fwd=-0.15 right=+0.15 down=+1.65 m/s
2026-09-01 05:43:40,502 [INFO] gz_system.main_gz: Dashboard paint loop: 0.0 FPS (main thread)
2026-09-01 05:43:41,035 [INFO] core.navigation.centering_controller: [CENTERING] MAVI_ALTIGEN 16/200 dx=-3px dy=+7px d=0.1m ex=-0.0047 ey=+0.0146 (tol +/-0.010) alt_err=+3.69m -> fwd=-0.15 right=+0.00 down=+1.85 m/s
QGC port check failed, reporting UNKNOWN: (pid=96785)
2026-09-01 05:43:41,580 [INFO] core.navigation.centering_controller: [CENTERING] MAVI_ALTIGEN 21/200 dx=-19px dy=-11px d=0.3m ex=-0.0297 ey=-0.0229 (tol +/-0.010) alt_err=+2.93m -> fwd=+0.15 right=-0.15 down=+1.46 m/s
2026-09-01 05:43:42,121 [INFO] core.detection.vision_runtime: [VISION] detect() calisiyor -- bu karede 1 tespit: ['MAVI_ALTIGEN']
2026-09-01 05:43:42,123 [INFO] core.navigation.centering_controller: [CENTERING] MAVI_ALTIGEN 26/200 dx=-5px dy=-13px d=0.2m ex=-0.0078 ey=-0.0271 (tol +/-0.010) alt_err=+2.07m -> fwd=+0.15 right=+0.00 down=+1.04 m/s
2026-09-01 05:43:42,668 [INFO] core.navigation.centering_controller: [CENTERING] MAVI_ALTIGEN 31/200 dx=+22px dy=+0px d=0.3m ex=+0.0344 ey=+0.0000 (tol +/-0.010) alt_err=+1.56m -> fwd=+0.00 right=+0.15 down=+0.78 m/s
QGC port check failed, reporting UNKNOWN: (pid=96785)
2026-09-01 05:43:43,215 [INFO] core.navigation.centering_controller: [CENTERING] MAVI_ALTIGEN 36/200 dx=+17px dy=+26px d=0.4m ex=+0.0266 ey=+0.0542 (tol +/-0.010) alt_err=+1.19m -> fwd=-0.15 right=+0.15 down=+0.60 m/s
2026-09-01 05:43:43,760 [INFO] core.navigation.centering_controller: [CENTERING] MAVI_ALTIGEN 41/200 dx=+8px dy=+18px d=0.2m ex=+0.0125 ey=+0.0375 (tol +/-0.010) alt_err=+0.86m -> fwd=-0.15 right=+0.15 down=+0.43 m/s
2026-09-01 05:43:44,303 [INFO] core.navigation.centering_controller: [CENTERING] MAVI_ALTIGEN 46/200 dx=-9px dy=+4px d=0.1m ex=-0.0141 ey=+0.0083 (tol +/-0.010) alt_err=+0.65m -> fwd=+0.00 right=-0.15 down=+0.33 m/s
2026-09-01 05:43:44,846 [INFO] core.navigation.centering_controller: [CENTERING] MAVI_ALTIGEN 51/200 dx=-23px dy=-23px d=0.3m ex=-0.0359 ey=-0.0479 (tol +/-0.010) alt_err=+0.48m -> fwd=+0.15 right=-0.15 down=+0.24 m/s
QGC port check failed, reporting UNKNOWN: (pid=96785)
2026-09-01 05:43:45,170 [INFO] core.detection.vision_runtime: [VISION] detect() calisiyor -- bu karede 1 tespit: ['MAVI_ALTIGEN']
2026-09-01 05:43:45,387 [INFO] core.navigation.centering_controller: [CENTERING] MAVI_ALTIGEN 56/200 dx=-3px dy=-10px d=0.1m ex=-0.0047 ey=-0.0208 (tol +/-0.010) alt_err=+0.38m -> fwd=+0.15 right=+0.00 down=+0.19 m/s
2026-09-01 05:43:45,542 [INFO] gz_system.main_gz: Dashboard paint loop: 0.0 FPS (main thread)
2026-09-01 05:43:45,934 [INFO] core.navigation.centering_controller: [CENTERING] MAVI_ALTIGEN 61/200 dx=+23px dy=+9px d=0.2m ex=+0.0359 ey=+0.0187 (tol +/-0.010) alt_err=+0.27m -> fwd=-0.15 right=+0.15 down=+0.14 m/s
2026-09-01 05:43:46,480 [INFO] core.navigation.centering_controller: [CENTERING] MAVI_ALTIGEN 66/200 dx=+11px dy=+25px d=0.3m ex=+0.0172 ey=+0.0521 (tol +/-0.010) alt_err=+0.21m -> fwd=-0.15 right=+0.15 down=+0.11 m/s
2026-09-01 05:43:47,023 [INFO] core.navigation.centering_controller: [CENTERING] MAVI_ALTIGEN 71/200 dx=-11px dy=+8px d=0.1m ex=-0.0172 ey=+0.0167 (tol +/-0.010) alt_err=+0.15m -> fwd=-0.15 right=-0.15 down=+0.08 m/s
QGC port check failed, reporting UNKNOWN: (pid=96785)
2026-09-01 05:43:47,565 [INFO] core.navigation.centering_controller: [CENTERING] MAVI_ALTIGEN 76/200 dx=-23px dy=-21px d=0.3m ex=-0.0359 ey=-0.0437 (tol +/-0.010) alt_err=+0.11m -> fwd=+0.15 right=-0.15 down=+0.06 m/s
2026-09-01 05:43:48,112 [INFO] core.navigation.centering_controller: [CENTERING] MAVI_ALTIGEN 81/200 dx=-7px dy=-17px d=0.2m ex=-0.0109 ey=-0.0354 (tol +/-0.010) alt_err=+0.09m -> fwd=+0.15 right=-0.15 down=+0.05 m/s
2026-09-01 05:43:48,220 [INFO] core.detection.vision_runtime: [VISION] detect() calisiyor -- bu karede 1 tespit: ['MAVI_ALTIGEN']
2026-09-01 05:43:48,654 [INFO] core.navigation.centering_controller: [CENTERING] MAVI_ALTIGEN 86/200 dx=+16px dy=-1px d=0.2m ex=+0.0250 ey=-0.0021 (tol +/-0.010) alt_err=+0.07m -> fwd=+0.00 right=+0.15 down=+0.03 m/s
QGC port check failed, reporting UNKNOWN: (pid=96785)
2026-09-01 05:43:49,196 [INFO] core.navigation.centering_controller: [CENTERING] MAVI_ALTIGEN 91/200 dx=+23px dy=+24px d=0.3m ex=+0.0359 ey=+0.0500 (tol +/-0.010) alt_err=+0.06m -> fwd=-0.15 right=+0.15 down=+0.03 m/s
2026-09-01 05:43:49,736 [INFO] core.navigation.centering_controller: [CENTERING] MAVI_ALTIGEN 96/200 dx=+8px dy=+10px d=0.1m ex=+0.0125 ey=+0.0208 (tol +/-0.010) alt_err=+0.05m -> fwd=-0.15 right=+0.15 down=+0.03 m/s
2026-09-01 05:43:50,278 [INFO] core.navigation.centering_controller: [CENTERING] MAVI_ALTIGEN 101/200 dx=-14px dy=-2px d=0.1m ex=-0.0219 ey=-0.0042 (tol +/-0.010) alt_err=+0.05m -> fwd=+0.00 right=-0.15 down=+0.03 m/s
2026-09-01 05:43:50,553 [INFO] gz_system.main_gz: Dashboard paint loop: 0.0 FPS (main thread)
2026-09-01 05:43:50,821 [INFO] core.navigation.centering_controller: [CENTERING] MAVI_ALTIGEN 106/200 dx=-19px dy=-26px d=0.3m ex=-0.0297 ey=-0.0542 (tol +/-0.010) alt_err=+0.04m -> fwd=+0.15 right=-0.15 down=+0.02 m/s
QGC port check failed, reporting UNKNOWN: (pid=96785)
2026-09-01 05:43:51,255 [INFO] core.detection.vision_runtime: [VISION] detect() calisiyor -- bu karede 1 tespit: ['MAVI_ALTIGEN']
2026-09-01 05:43:51,366 [INFO] core.navigation.centering_controller: [CENTERING] MAVI_ALTIGEN 111/200 dx=-1px dy=-11px d=0.1m ex=-0.0016 ey=-0.0229 (tol +/-0.010) alt_err=+0.03m -> fwd=+0.15 right=+0.00 down=+0.01 m/s
2026-09-01 05:43:51,906 [INFO] core.navigation.centering_controller: [CENTERING] MAVI_ALTIGEN 116/200 dx=+27px dy=+12px d=0.3m ex=+0.0422 ey=+0.0250 (tol +/-0.010) alt_err=+0.03m -> fwd=-0.15 right=+0.15 down=+0.01 m/s
2026-09-01 05:43:52,446 [INFO] core.navigation.centering_controller: [CENTERING] MAVI_ALTIGEN 121/200 dx=+14px dy=+21px d=0.2m ex=+0.0219 ey=+0.0437 (tol +/-0.010) alt_err=+0.02m -> fwd=-0.15 right=+0.15 down=+0.01 m/s
2026-09-01 05:43:52,989 [INFO] core.navigation.centering_controller: Merkezleme tamamlandi. (attempt 126/200, dx=-5px dy=+4px ex=-0.0078 ey=+0.0083 alt_err=+0.01m)
2026-09-01 05:43:52,990 [INFO] core.navigation.centering_controller: MAVI_ALTIGEN hedefine merkezleniyor (irtifa hedefi: 0.45m, irtifa bandi +/-0.05m)...
2026-09-01 05:43:52,990 [INFO] core.navigation.centering_controller: [CENTERING] MAVI_ALTIGEN 1/200 dx=-5px dy=+4px d=0.1m ex=-0.0078 ey=+0.0083 (tol +/-0.010) alt_err=+4.56m -> fwd=+0.00 right=+0.00 down=+0.15 m/s
QGC port check failed, reporting UNKNOWN: (pid=96785)
2026-09-01 05:43:53,531 [INFO] core.navigation.centering_controller: [CENTERING] MAVI_ALTIGEN 6/200 dx=-28px dy=-28px d=0.4m ex=-0.0437 ey=-0.0583 (tol +/-0.010) alt_err=+4.42m -> fwd=+0.15 right=-0.15 down=+0.90 m/s
2026-09-01 05:43:54,076 [INFO] core.navigation.centering_controller: [CENTERING] MAVI_ALTIGEN 11/200 dx=-15px dy=-23px d=0.2m ex=-0.0234 ey=-0.0479 (tol +/-0.010) alt_err=+3.89m -> fwd=+0.15 right=-0.15 down=+1.65 m/s
2026-09-01 05:43:54,294 [INFO] core.detection.vision_runtime: [VISION] detect() calisiyor -- bu karede 1 tespit: ['MAVI_ALTIGEN']
2026-09-01 05:43:54,624 [INFO] core.navigation.centering_controller: [CENTERING] MAVI_ALTIGEN 16/200 dx=-4px dy=-7px d=0.1m ex=-0.0063 ey=-0.0146 (tol +/-0.010) alt_err=+2.96m -> fwd=+0.15 right=+0.00 down=+1.48 m/s
QGC port check failed, reporting UNKNOWN: (pid=96785)
2026-09-01 05:43:55,168 [INFO] core.navigation.centering_controller: [CENTERING] MAVI_ALTIGEN 21/200 dx=+34px dy=+24px d=0.2m ex=+0.0531 ey=+0.0500 (tol +/-0.010) alt_err=+2.24m -> fwd=-0.12 right=+0.15 down=+1.12 m/s
2026-09-01 05:43:55,585 [INFO] gz_system.main_gz: Dashboard paint loop: 0.0 FPS (main thread)
2026-09-01 05:43:55,713 [INFO] core.navigation.centering_controller: [CENTERING] MAVI_ALTIGEN 26/200 dx=+20px dy=+21px d=0.1m ex=+0.0312 ey=+0.0437 (tol +/-0.010) alt_err=+1.69m -> fwd=-0.10 right=+0.13 down=+0.85 m/s
2026-09-01 05:43:56,264 [INFO] core.navigation.centering_controller: [CENTERING] MAVI_ALTIGEN 31/200 dx=-2px dy=+8px d=0.0m ex=-0.0039 ey=+0.0156 (tol +/-0.010) alt_err=+1.22m -> fwd=-0.07 right=+0.00 down=+0.61 m/s
2026-09-01 05:43:56,820 [INFO] core.navigation.centering_controller: [CENTERING] MAVI_ALTIGEN 36/200 dx=-42px dy=-10px d=0.1m ex=-0.0648 ey=-0.0208 (tol +/-0.010) alt_err=+0.93m -> fwd=+0.06 right=-0.10 down=+0.47 m/s
QGC port check failed, reporting UNKNOWN: (pid=96785)
2026-09-01 05:43:57,373 [INFO] core.detection.vision_runtime: [VISION] detect() calisiyor -- bu karede 2 tespit: ['MAVI_ALTIGEN', 'KIRMIZI_DIKDORTGEN']
2026-09-01 05:43:57,374 [INFO] core.navigation.centering_controller: [CENTERING] MAVI_ALTIGEN 41/200 dx=-26px dy=-9px d=0.1m ex=-0.0398 ey=-0.0187 (tol +/-0.010) alt_err=+0.67m -> fwd=+0.05 right=-0.07 down=+0.34 m/s
2026-09-01 05:43:57,929 [INFO] core.navigation.centering_controller: [CENTERING] MAVI_ALTIGEN 46/200 dx=+7px dy=+19px d=0.0m ex=+0.0109 ey=+0.0396 (tol +/-0.010) alt_err=+0.49m -> fwd=-0.06 right=+0.06 down=+0.25 m/s
2026-09-01 05:43:58,483 [INFO] core.navigation.centering_controller: [CENTERING] MAVI_ALTIGEN 51/200 dx=+36px dy=+0px d=0.1m ex=+0.0570 ey=+0.0000 (tol +/-0.010) alt_err=+0.38m -> fwd=+0.00 right=+0.09 down=+0.19 m/s
2026-09-01 05:43:59,035 [INFO] core.navigation.centering_controller: [CENTERING] MAVI_ALTIGEN 56/200 dx=+0px dy=+0px d=0.0m ex=+0.0000 ey=+0.0000 (tol +/-0.010) alt_err=+0.27m -> fwd=+0.00 right=+0.00 down=+0.14 m/s
QGC port check failed, reporting UNKNOWN: (pid=96785)
2026-09-01 05:43:59,587 [INFO] core.navigation.centering_controller: [CENTERING] MAVI_ALTIGEN 61/200 dx=+0px dy=+0px d=0.0m ex=+0.0000 ey=+0.0000 (tol +/-0.010) alt_err=+0.21m -> fwd=+0.00 right=+0.00 down=+0.10 m/s
2026-09-01 05:44:00,137 [WARNING] core.navigation.centering_controller: [CENTERING] MAVI_ALTIGEN 66/200 hedef kayboldu (feed canli, hedef bu karede yok)
2026-09-01 05:44:00,137 [WARNING] core.navigation.centering_controller: [LOW_ALT_OPEN_LOOP_DESCENT] MAVI_ALTIGEN: goruntu 0.61m'de kayboldu -- dondurulmus kestirime (47.3986665, 8.5460864, offset=0.0cm @ 0.61m) gore 0.45m'ye alcalmaya devam.
2026-09-01 05:44:00,467 [INFO] core.detection.vision_runtime: [VISION] detect() calisiyor -- bu karede 1 tespit: ['KIRMIZI_DIKDORTGEN']
2026-09-01 05:44:00,594 [INFO] gz_system.main_gz: Dashboard paint loop: 0.0 FPS (main thread)
QGC port check failed, reporting UNKNOWN: (pid=96785)
2026-09-01 05:44:01,240 [INFO] core.navigation.centering_controller: [LOW_ALT_OPEN_LOOP_DESCENT] MAVI_ALTIGEN: 0.497m'ye ulasildi (hedef 0.45m).
2026-09-01 05:44:01,241 [INFO] core.navigation.centering_controller: [AIM_OFFSET_APPLIED] MAVI_ALTIGEN: montaj (ileri=0.00, sag=0.04) m, yon=3.4 deg -> tutma noktasi (47.3986665, 8.5460859) olarak otelendi (kuzey +0.00, dogu -0.03 m).
2026-09-01 05:44:01,568 [INFO] core.navigation.centering_controller: [MOUNT_TRANSLATE_DONE] MAVI_ALTIGEN: kalan 4.9 cm, sure 0.33 s (yakinsadi).
2026-09-01 05:44:01,569 [WARNING] core.navigation.centering_controller: [LOW_ALT_OPEN_LOOP_DESCENT] MAVI_ALTIGEN: goruntu 0.48m'de kayboldu -- dondurulmus kestirime (47.3986665, 8.5460859, offset=0.0cm @ 0.61m) gore 0.45m'ye alcalmaya devam.
2026-09-01 05:44:01,569 [INFO] core.navigation.centering_controller: [LOW_ALT_OPEN_LOOP_DESCENT] MAVI_ALTIGEN: 0.484m'ye ulasildi (hedef 0.45m).
2026-09-01 05:44:01,569 [INFO] core.navigation.centering_controller: 0.1m ileri hareket ediliyor (0.3 m/s, 0.3s)...
2026-09-01 05:44:02,008 [INFO] core.mission.payload_release: [RELEASE_OFFSET] MAVI_ALTIGEN: {'shape_type': 'MAVI_ALTIGEN', 'altitude_m': 0.497, 'target_visible': False, 'best_known_offset_cm': 8.95, 'best_known_offset_alt_m': 5.014}
2026-09-01 05:44:02,008 [INFO] core.mission.payload_release: [MOUNT_VECTOR_MEASURED] MAVI_ALTIGEN: {'world_dx': -0.012, 'world_dy': 0.0735, 'gazebo_yaw_deg': 88.5, 'body_forward_m': 0.0731, 'body_right_m': -0.014} (uygulanan: (0.0, 0.035))
2026-09-01 05:44:02,008 [INFO] gz_system.gz_payload_actuator: Gazebo DetachableJoint tetikleniyor: /payload/detach/red
I0901 05:44:02.058392 12931847 fork_posix.cc:71] Other threads are currently calling into gRPC, skipping fork() handlers
I0901 05:44:02.118509 12931847 fork_posix.cc:71] Other threads are currently calling into gRPC, skipping fork() handlers
I0901 05:44:02.163433 12931847 fork_posix.cc:71] Other threads are currently calling into gRPC, skipping fork() handlers
I0901 05:44:02.214766 12931847 fork_posix.cc:71] Other threads are currently calling into gRPC, skipping fork() handlers
I0901 05:44:02.263542 12931847 fork_posix.cc:71] Other threads are currently calling into gRPC, skipping fork() handlers
QGC port check failed, reporting UNKNOWN: (pid=96785)
2026-09-01 05:44:03,187 [INFO] gz_system.gz_payload_actuator: Yuk ayrildi (red), gecikme 0.000 s.
2026-09-01 05:44:03,187 [INFO] core.mission.payload_release: [PAYLOAD_RELEASED] PAYLOAD 2 RELEASED @0.50m
2026-09-01 05:44:03,555 [INFO] core.detection.vision_runtime: [VISION] detect() calisiyor -- bu karede 1 tespit: ['KIRMIZI_DIKDORTGEN']
QGC port check failed, reporting UNKNOWN: (pid=96785)
2026-09-01 05:44:05,196 [INFO] core.mission.payload_release: [PAYLOAD_FINAL_POSE] MAVI_ALTIGEN: x=-5.889 y=77.413 z=0.040 merkeze 6269.1 cm egim 0.1 deg (HEDEF DISINDA)
2026-09-01 05:44:05,196 [INFO] core.mission.payload_release: Doğrulama işareti aranıyor: KIRMIZI_DIKDORTGEN
2026-09-01 05:44:05,196 [INFO] core.mission.payload_release: Yük bırakma DOĞRULANDI: KIRMIZI_DIKDORTGEN tespit edildi.
2026-09-01 05:44:05,197 [INFO] core.navigation.centering_controller: 15.0m irtifasina tirmaniliyor (goruntuden bagimsiz)...
2026-09-01 05:44:05,632 [INFO] gz_system.main_gz: Dashboard paint loop: 0.0 FPS (main thread)
2026-09-01 05:44:06,643 [INFO] core.detection.vision_runtime: [VISION] detect() calisiyor -- bu karede 2 tespit: ['MAVI_ALTIGEN', 'KIRMIZI_DIKDORTGEN']
QGC port check failed, reporting UNKNOWN: (pid=96785)
QGC port check failed, reporting UNKNOWN: (pid=96785)
2026-09-01 05:44:09,704 [INFO] core.detection.vision_runtime: [VISION] detect() calisiyor -- bu karede 1 tespit: ['MAVI_ALTIGEN']
2026-09-01 05:44:10,647 [INFO] gz_system.main_gz: Dashboard paint loop: 0.0 FPS (main thread)
QGC port check failed, reporting UNKNOWN: (pid=96785)
2026-09-01 05:44:12,754 [INFO] core.detection.vision_runtime: [VISION] detect() calisiyor -- bu karede 1 tespit: ['MAVI_ALTIGEN']
QGC port check failed, reporting UNKNOWN: (pid=96785)
2026-09-01 05:44:15,035 [INFO] core.mission.gorev2_fsm: PAYLOAD MISSION 2 basliyor (Kirmizi Ucgen / BLUE payload)
2026-09-01 05:44:15,036 [INFO] core.navigation.centering_controller: Kayitli GPS konumuna gidiliyor: lat=47.398043799999996, lon=8.5461712, alt=15.0m
QGC port check failed, reporting UNKNOWN: (pid=96785)
2026-09-01 05:44:15,666 [INFO] gz_system.main_gz: Dashboard paint loop: 0.0 FPS (main thread)
2026-09-01 05:44:15,791 [INFO] core.detection.vision_runtime: [VISION] detect() calisiyor -- bu karede 1 tespit: ['MAVI_ALTIGEN']
QGC port check failed, reporting UNKNOWN: (pid=96785)
2026-09-01 05:44:18,866 [INFO] core.detection.vision_runtime: [VISION] detect() calisiyor -- bu karede 1 tespit: ['KIRMIZI_DIKDORTGEN']
QGC port check failed, reporting UNKNOWN: (pid=96785)
2026-09-01 05:44:20,685 [INFO] gz_system.main_gz: Dashboard paint loop: 0.0 FPS (main thread)
QGC port check failed, reporting UNKNOWN: (pid=96785)
2026-09-01 05:44:21,961 [INFO] core.detection.vision_runtime: [VISION] detect() calisiyor -- bu karede 0 tespit: []
QGC port check failed, reporting UNKNOWN: (pid=96785)
2026-09-01 05:44:23,171 [INFO] core.mission.payload_release: Yük bırakma başlatılıyor: KIRMIZI_UCGEN
2026-09-01 05:44:23,171 [INFO] core.navigation.centering_controller: KIRMIZI_UCGEN hedefine merkezleniyor (irtifa hedefi: 10.0m, irtifa bandi +/-0.30m)...
2026-09-01 05:44:23,172 [INFO] core.navigation.centering_controller: [CENTERING] KIRMIZI_UCGEN 1/200 dx=-3px dy=-217px d=6.0m ex=-0.0047 ey=-0.4521 (tol +/-0.010) alt_err=+5.01m -> fwd=+0.15 right=+0.00 down=+0.15 m/s
2026-09-01 05:44:23,722 [INFO] core.navigation.centering_controller: [CENTERING] KIRMIZI_UCGEN 6/200 dx=-5px dy=-65px d=1.8m ex=-0.0078 ey=-0.1354 (tol +/-0.010) alt_err=+4.88m -> fwd=+0.20 right=+0.00 down=+0.90 m/s
2026-09-01 05:44:24,270 [INFO] core.navigation.centering_controller: [CENTERING] KIRMIZI_UCGEN 11/200 dx=-5px dy=-46px d=1.2m ex=-0.0078 ey=-0.0958 (tol +/-0.010) alt_err=+4.40m -> fwd=+0.15 right=+0.00 down=+1.65 m/s
2026-09-01 05:44:24,819 [INFO] core.navigation.centering_controller: [CENTERING] KIRMIZI_UCGEN 16/200 dx=-11px dy=-52px d=1.3m ex=-0.0172 ey=-0.1083 (tol +/-0.010) alt_err=+3.45m -> fwd=+0.16 right=-0.15 down=+1.73 m/s
2026-09-01 05:44:25,039 [INFO] core.detection.vision_runtime: [VISION] detect() calisiyor -- bu karede 1 tespit: ['KIRMIZI_UCGEN']
QGC port check failed, reporting UNKNOWN: (pid=96785)
2026-09-01 05:44:25,370 [INFO] core.navigation.centering_controller: [CENTERING] KIRMIZI_UCGEN 21/200 dx=-14px dy=-52px d=1.3m ex=-0.0219 ey=-0.1083 (tol +/-0.010) alt_err=+2.64m -> fwd=+0.16 right=-0.15 down=+1.32 m/s
2026-09-01 05:44:25,705 [INFO] gz_system.main_gz: Dashboard paint loop: 0.0 FPS (main thread)
2026-09-01 05:44:25,919 [INFO] core.navigation.centering_controller: [CENTERING] KIRMIZI_UCGEN 26/200 dx=+2px dy=-44px d=1.0m ex=+0.0031 ey=-0.0917 (tol +/-0.010) alt_err=+1.84m -> fwd=+0.15 right=+0.00 down=+0.92 m/s
2026-09-01 05:44:26,468 [INFO] core.navigation.centering_controller: [CENTERING] KIRMIZI_UCGEN 31/200 dx=+16px dy=-34px d=0.8m ex=+0.0250 ey=-0.0708 (tol +/-0.010) alt_err=+1.38m -> fwd=+0.15 right=+0.15 down=+0.69 m/s
2026-09-01 05:44:27,015 [INFO] core.navigation.centering_controller: [CENTERING] KIRMIZI_UCGEN 36/200 dx=+8px dy=-23px d=0.5m ex=+0.0125 ey=-0.0479 (tol +/-0.010) alt_err=+0.96m -> fwd=+0.15 right=+0.15 down=+0.48 m/s
QGC port check failed, reporting UNKNOWN: (pid=96785)
2026-09-01 05:44:27,568 [INFO] core.navigation.centering_controller: [CENTERING] KIRMIZI_UCGEN 41/200 dx=-13px dy=-8px d=0.3m ex=-0.0203 ey=-0.0167 (tol +/-0.010) alt_err=+0.72m -> fwd=+0.15 right=-0.15 down=+0.36 m/s
2026-09-01 05:44:28,116 [INFO] core.detection.vision_runtime: [VISION] detect() calisiyor -- bu karede 1 tespit: ['KIRMIZI_UCGEN']
2026-09-01 05:44:28,117 [INFO] core.navigation.centering_controller: [CENTERING] KIRMIZI_UCGEN 46/200 dx=-14px dy=+20px d=0.5m ex=-0.0219 ey=+0.0417 (tol +/-0.010) alt_err=+0.51m -> fwd=-0.15 right=-0.15 down=+0.26 m/s
2026-09-01 05:44:28,668 [INFO] core.navigation.centering_controller: [CENTERING] KIRMIZI_UCGEN 51/200 dx=+4px dy=+37px d=0.7m ex=+0.0063 ey=+0.0771 (tol +/-0.010) alt_err=+0.40m -> fwd=-0.15 right=+0.00 down=+0.20 m/s
QGC port check failed, reporting UNKNOWN: (pid=96785)
2026-09-01 05:44:29,219 [INFO] core.navigation.centering_controller: [CENTERING] KIRMIZI_UCGEN 56/200 dx=+23px dy=+35px d=0.8m ex=+0.0359 ey=+0.0729 (tol +/-0.010) alt_err=+0.30m -> fwd=-0.15 right=+0.15 down=+0.15 m/s
2026-09-01 05:44:29,769 [INFO] core.navigation.centering_controller: [CENTERING] KIRMIZI_UCGEN 61/200 dx=+8px dy=+38px d=0.7m ex=+0.0125 ey=+0.0792 (tol +/-0.010) alt_err=+0.22m -> fwd=-0.15 right=+0.15 down=+0.11 m/s
2026-09-01 05:44:30,319 [INFO] core.navigation.centering_controller: [CENTERING] KIRMIZI_UCGEN 66/200 dx=-9px dy=+41px d=0.8m ex=-0.0141 ey=+0.0854 (tol +/-0.010) alt_err=+0.15m -> fwd=-0.15 right=-0.15 down=+0.08 m/s
2026-09-01 05:44:30,719 [INFO] gz_system.main_gz: Dashboard paint loop: 0.0 FPS (main thread)
2026-09-01 05:44:30,868 [INFO] core.navigation.centering_controller: [CENTERING] KIRMIZI_UCGEN 71/200 dx=-18px dy=+44px d=0.9m ex=-0.0281 ey=+0.0917 (tol +/-0.010) alt_err=+0.12m -> fwd=-0.15 right=-0.15 down=+0.06 m/s
QGC port check failed, reporting UNKNOWN: (pid=96785)
2026-09-01 05:44:31,199 [INFO] core.detection.vision_runtime: [VISION] detect() calisiyor -- bu karede 1 tespit: ['KIRMIZI_UCGEN']
2026-09-01 05:44:31,419 [INFO] core.navigation.centering_controller: [CENTERING] KIRMIZI_UCGEN 76/200 dx=+0px dy=+47px d=0.9m ex=+0.0000 ey=+0.0979 (tol +/-0.010) alt_err=+0.09m -> fwd=-0.15 right=+0.00 down=+0.05 m/s
2026-09-01 05:44:31,969 [INFO] core.navigation.centering_controller: [CENTERING] KIRMIZI_UCGEN 81/200 dx=+22px dy=+49px d=1.0m ex=+0.0344 ey=+0.1021 (tol +/-0.010) alt_err=+0.08m -> fwd=-0.15 right=+0.15 down=+0.04 m/s
2026-09-01 05:44:32,520 [INFO] core.navigation.centering_controller: [CENTERING] KIRMIZI_UCGEN 86/200 dx=+9px dy=+50px d=0.9m ex=+0.0141 ey=+0.1042 (tol +/-0.010) alt_err=+0.05m -> fwd=-0.16 right=+0.15 down=+0.02 m/s
2026-09-01 05:44:33,068 [INFO] core.navigation.centering_controller: [CENTERING] KIRMIZI_UCGEN 91/200 dx=-6px dy=+51px d=1.0m ex=-0.0094 ey=+0.1062 (tol +/-0.010) alt_err=+0.03m -> fwd=-0.16 right=+0.00 down=+0.02 m/s
QGC port check failed, reporting UNKNOWN: (pid=98106)
2026-09-01 05:44:33,623 [INFO] core.navigation.centering_controller: [CENTERING] KIRMIZI_UCGEN 96/200 dx=-19px dy=+50px d=1.0m ex=-0.0297 ey=+0.1042 (tol +/-0.010) alt_err=+0.03m -> fwd=-0.16 right=-0.15 down=+0.01 m/s
2026-09-01 05:44:34,173 [INFO] core.navigation.centering_controller: [CENTERING] KIRMIZI_UCGEN 101/200 dx=-6px dy=+48px d=0.9m ex=-0.0094 ey=+0.1000 (tol +/-0.010) alt_err=+0.02m -> fwd=-0.15 right=+0.00 down=+0.01 m/s
2026-09-01 05:44:34,283 [INFO] core.detection.vision_runtime: [VISION] detect() calisiyor -- bu karede 1 tespit: ['KIRMIZI_UCGEN']
2026-09-01 05:44:34,725 [INFO] core.navigation.centering_controller: [CENTERING] KIRMIZI_UCGEN 106/200 dx=+18px dy=+47px d=0.9m ex=+0.0281 ey=+0.0979 (tol +/-0.010) alt_err=+0.02m -> fwd=-0.15 right=+0.15 down=+0.01 m/s
QGC port check failed, reporting UNKNOWN: (pid=98106)
2026-09-01 05:44:35,276 [INFO] core.navigation.centering_controller: [CENTERING] KIRMIZI_UCGEN 111/200 dx=+14px dy=+44px d=0.9m ex=+0.0219 ey=+0.0917 (tol +/-0.010) alt_err=+0.02m -> fwd=-0.15 right=+0.15 down=+0.01 m/s
2026-09-01 05:44:35,729 [INFO] gz_system.main_gz: Dashboard paint loop: 0.0 FPS (main thread)
2026-09-01 05:44:35,830 [INFO] core.navigation.centering_controller: [CENTERING] KIRMIZI_UCGEN 116/200 dx=-3px dy=+41px d=0.8m ex=-0.0047 ey=+0.0854 (tol +/-0.010) alt_err=+0.02m -> fwd=-0.15 right=+0.00 down=+0.01 m/s
2026-09-01 05:44:36,383 [INFO] core.navigation.centering_controller: [CENTERING] KIRMIZI_UCGEN 121/200 dx=-22px dy=+37px d=0.8m ex=-0.0344 ey=+0.0771 (tol +/-0.010) alt_err=+0.01m -> fwd=-0.15 right=-0.15 down=+0.01 m/s
2026-09-01 05:44:36,932 [INFO] core.navigation.centering_controller: [CENTERING] KIRMIZI_UCGEN 126/200 dx=-7px dy=+35px d=0.7m ex=-0.0109 ey=+0.0729 (tol +/-0.010) alt_err=+0.01m -> fwd=-0.15 right=-0.15 down=+0.00 m/s
QGC port check failed, reporting UNKNOWN: (pid=98106)
2026-09-01 05:44:37,371 [INFO] core.detection.vision_runtime: [VISION] detect() calisiyor -- bu karede 1 tespit: ['KIRMIZI_UCGEN']
2026-09-01 05:44:37,483 [INFO] core.navigation.centering_controller: [CENTERING] KIRMIZI_UCGEN 131/200 dx=+14px dy=+29px d=0.6m ex=+0.0219 ey=+0.0604 (tol +/-0.010) alt_err=+0.01m -> fwd=-0.15 right=+0.15 down=+0.00 m/s
2026-09-01 05:44:38,032 [INFO] core.navigation.centering_controller: [CENTERING] KIRMIZI_UCGEN 136/200 dx=+17px dy=+25px d=0.6m ex=+0.0266 ey=+0.0521 (tol +/-0.010) alt_err=+0.00m -> fwd=-0.15 right=+0.15 down=+0.00 m/s
2026-09-01 05:44:38,583 [INFO] core.navigation.centering_controller: [CENTERING] KIRMIZI_UCGEN 141/200 dx=+3px dy=+21px d=0.4m ex=+0.0047 ey=+0.0437 (tol +/-0.010) alt_err=-0.01m -> fwd=-0.15 right=+0.00 down=-0.00 m/s
2026-09-01 05:44:39,136 [INFO] core.navigation.centering_controller: [CENTERING] KIRMIZI_UCGEN 146/200 dx=-19px dy=+17px d=0.5m ex=-0.0297 ey=+0.0354 (tol +/-0.010) alt_err=-0.01m -> fwd=-0.15 right=-0.15 down=-0.01 m/s
QGC port check failed, reporting UNKNOWN: (pid=98106)
2026-09-01 05:44:39,687 [INFO] core.navigation.centering_controller: [CENTERING] KIRMIZI_UCGEN 151/200 dx=-7px dy=+12px d=0.3m ex=-0.0109 ey=+0.0250 (tol +/-0.010) alt_err=-0.01m -> fwd=-0.15 right=-0.15 down=-0.00 m/s
2026-09-01 05:44:40,239 [INFO] core.navigation.centering_controller: [CENTERING] KIRMIZI_UCGEN 156/200 dx=+12px dy=+8px d=0.3m ex=+0.0187 ey=+0.0167 (tol +/-0.010) alt_err=-0.00m -> fwd=-0.15 right=+0.15 down=-0.00 m/s
2026-09-01 05:44:40,458 [INFO] core.detection.vision_runtime: [VISION] detect() calisiyor -- bu karede 1 tespit: ['KIRMIZI_UCGEN']
2026-09-01 05:44:40,751 [INFO] gz_system.main_gz: Dashboard paint loop: 0.0 FPS (main thread)
2026-09-01 05:44:40,789 [INFO] core.navigation.centering_controller: [CENTERING] KIRMIZI_UCGEN 161/200 dx=+13px dy=+2px d=0.2m ex=+0.0203 ey=+0.0042 (tol +/-0.010) alt_err=+0.00m -> fwd=+0.00 right=+0.15 down=+0.00 m/s
QGC port check failed, reporting UNKNOWN: (pid=98127)
2026-09-01 05:44:41,342 [INFO] core.navigation.centering_controller: [CENTERING] KIRMIZI_UCGEN 166/200 dx=-2px dy=-19px d=0.4m ex=-0.0031 ey=-0.0396 (tol +/-0.010) alt_err=+0.00m -> fwd=+0.15 right=+0.00 down=+0.00 m/s
2026-09-01 05:44:41,892 [INFO] core.navigation.centering_controller: [CENTERING] KIRMIZI_UCGEN 171/200 dx=-22px dy=-8px d=0.4m ex=-0.0344 ey=-0.0167 (tol +/-0.010) alt_err=+0.01m -> fwd=+0.15 right=-0.15 down=+0.00 m/s
2026-09-01 05:44:42,440 [INFO] core.navigation.centering_controller: [CENTERING] KIRMIZI_UCGEN 176/200 dx=-7px dy=+13px d=0.3m ex=-0.0109 ey=+0.0271 (tol +/-0.010) alt_err=+0.02m -> fwd=-0.15 right=-0.15 down=+0.01 m/s
2026-09-01 05:44:42,990 [INFO] core.navigation.centering_controller: [CENTERING] KIRMIZI_UCGEN 181/200 dx=+14px dy=+19px d=0.4m ex=+0.0219 ey=+0.0396 (tol +/-0.010) alt_err=+0.03m -> fwd=-0.15 right=+0.15 down=+0.01 m/s
QGC port check failed, reporting UNKNOWN: (pid=98127)
2026-09-01 05:44:43,539 [INFO] core.detection.vision_runtime: [VISION] detect() calisiyor -- bu karede 1 tespit: ['KIRMIZI_UCGEN']
2026-09-01 05:44:43,540 [INFO] core.navigation.centering_controller: [CENTERING] KIRMIZI_UCGEN 186/200 dx=+17px dy=+7px d=0.3m ex=+0.0266 ey=+0.0146 (tol +/-0.010) alt_err=+0.02m -> fwd=-0.15 right=+0.15 down=+0.01 m/s
2026-09-01 05:44:44,091 [INFO] core.navigation.centering_controller: [CENTERING] KIRMIZI_UCGEN 191/200 dx=+3px dy=-11px d=0.2m ex=+0.0047 ey=-0.0229 (tol +/-0.010) alt_err=+0.01m -> fwd=+0.15 right=+0.00 down=+0.00 m/s
2026-09-01 05:44:44,643 [INFO] core.navigation.centering_controller: [CENTERING] KIRMIZI_UCGEN 196/200 dx=-20px dy=-17px d=0.5m ex=-0.0312 ey=-0.0354 (tol +/-0.010) alt_err=+0.01m -> fwd=+0.15 right=-0.15 down=+0.00 m/s
2026-09-01 05:44:45,064 [ERROR] core.navigation.centering_controller: Merkezleme zaman asimina ugradi! (200 deneme / 20.0s butcesi doldu)
2026-09-01 05:44:45,064 [WARNING] core.mission.payload_release: Yaklaşma adımı yakınsamadı (10.0m) -- devam ediliyor.
2026-09-01 05:44:45,064 [INFO] core.navigation.centering_controller: KIRMIZI_UCGEN hedefine merkezleniyor (irtifa hedefi: 5.0m, irtifa bandi +/-0.30m)...
2026-09-01 05:44:45,064 [INFO] core.navigation.centering_controller: [CENTERING] KIRMIZI_UCGEN 1/200 dx=-8px dy=-2px d=0.2m ex=-0.0125 ey=-0.0042 (tol +/-0.010) alt_err=+5.01m -> fwd=+0.00 right=-0.15 down=+0.15 m/s
2026-09-01 05:44:45,617 [INFO] core.navigation.centering_controller: [CENTERING] KIRMIZI_UCGEN 6/200 dx=+13px dy=+23px d=0.5m ex=+0.0203 ey=+0.0479 (tol +/-0.010) alt_err=+4.91m -> fwd=-0.15 right=+0.15 down=+0.90 m/s
2026-09-01 05:44:45,783 [INFO] gz_system.main_gz: Dashboard paint loop: 0.0 FPS (main thread)
QGC port check failed, reporting UNKNOWN: (pid=98127)
2026-09-01 05:44:46,167 [INFO] core.navigation.centering_controller: [CENTERING] KIRMIZI_UCGEN 11/200 dx=+17px dy=+15px d=0.4m ex=+0.0266 ey=+0.0312 (tol +/-0.010) alt_err=+4.30m -> fwd=-0.15 right=+0.15 down=+1.65 m/s
2026-09-01 05:44:46,608 [INFO] core.detection.vision_runtime: [VISION] detect() calisiyor -- bu karede 1 tespit: ['KIRMIZI_UCGEN']
2026-09-01 05:44:46,720 [INFO] core.navigation.centering_controller: [CENTERING] KIRMIZI_UCGEN 16/200 dx=+3px dy=+4px d=0.1m ex=+0.0047 ey=+0.0083 (tol +/-0.010) alt_err=+3.51m -> fwd=+0.00 right=+0.00 down=+1.75 m/s
2026-09-01 05:44:47,273 [INFO] core.navigation.centering_controller: [CENTERING] KIRMIZI_UCGEN 21/200 dx=-22px dy=-22px d=0.4m ex=-0.0344 ey=-0.0458 (tol +/-0.010) alt_err=+2.58m -> fwd=+0.15 right=-0.15 down=+1.29 m/s
2026-09-01 05:44:47,824 [INFO] core.navigation.centering_controller: [CENTERING] KIRMIZI_UCGEN 26/200 dx=-8px dy=-10px d=0.2m ex=-0.0125 ey=-0.0208 (tol +/-0.010) alt_err=+1.94m -> fwd=+0.15 right=-0.15 down=+0.97 m/s
QGC port check failed, reporting UNKNOWN: (pid=98127)
2026-09-01 05:44:48,375 [INFO] core.navigation.centering_controller: [CENTERING] KIRMIZI_UCGEN 31/200 dx=+16px dy=+9px d=0.2m ex=+0.0250 ey=+0.0187 (tol +/-0.010) alt_err=+1.38m -> fwd=-0.15 right=+0.15 down=+0.69 m/s
2026-09-01 05:44:48,923 [INFO] core.navigation.centering_controller: [CENTERING] KIRMIZI_UCGEN 36/200 dx=+18px dy=+26px d=0.4m ex=+0.0281 ey=+0.0542 (tol +/-0.010) alt_err=+1.05m -> fwd=-0.15 right=+0.15 down=+0.52 m/s
2026-09-01 05:44:49,474 [INFO] core.navigation.centering_controller: [CENTERING] KIRMIZI_UCGEN 41/200 dx=+1px dy=+11px d=0.1m ex=+0.0016 ey=+0.0229 (tol +/-0.010) alt_err=+0.76m -> fwd=-0.15 right=+0.00 down=+0.38 m/s
2026-09-01 05:44:49,695 [INFO] core.detection.vision_runtime: [VISION] detect() calisiyor -- bu karede 1 tespit: ['KIRMIZI_UCGEN']
2026-09-01 05:44:50,026 [INFO] core.navigation.centering_controller: [CENTERING] KIRMIZI_UCGEN 46/200 dx=-23px dy=-6px d=0.2m ex=-0.0359 ey=-0.0125 (tol +/-0.010) alt_err=+0.59m -> fwd=+0.15 right=-0.15 down=+0.29 m/s
QGC port check failed, reporting UNKNOWN: (pid=98127)
2026-09-01 05:44:50,575 [INFO] core.navigation.centering_controller: [CENTERING] KIRMIZI_UCGEN 51/200 dx=-10px dy=-21px d=0.2m ex=-0.0156 ey=-0.0437 (tol +/-0.010) alt_err=+0.43m -> fwd=+0.15 right=-0.15 down=+0.21 m/s
2026-09-01 05:44:50,808 [INFO] gz_system.main_gz: Dashboard paint loop: 0.0 FPS (main thread)
2026-09-01 05:44:51,125 [INFO] core.navigation.centering_controller: [CENTERING] KIRMIZI_UCGEN 56/200 dx=+11px dy=-4px d=0.1m ex=+0.0172 ey=-0.0083 (tol +/-0.010) alt_err=+0.33m -> fwd=+0.00 right=+0.15 down=+0.16 m/s
2026-09-01 05:44:51,675 [INFO] core.navigation.centering_controller: [CENTERING] KIRMIZI_UCGEN 61/200 dx=+22px dy=+26px d=0.3m ex=+0.0344 ey=+0.0542 (tol +/-0.010) alt_err=+0.24m -> fwd=-0.15 right=+0.15 down=+0.12 m/s
QGC port check failed, reporting UNKNOWN: (pid=98127)
2026-09-01 05:44:52,227 [INFO] core.navigation.centering_controller: [CENTERING] KIRMIZI_UCGEN 66/200 dx=+8px dy=+13px d=0.1m ex=+0.0125 ey=+0.0271 (tol +/-0.010) alt_err=+0.19m -> fwd=-0.15 right=+0.15 down=+0.09 m/s
2026-09-01 05:44:52,796 [INFO] core.detection.vision_runtime: [VISION] detect() calisiyor -- bu karede 1 tespit: ['KIRMIZI_UCGEN']
2026-09-01 05:44:52,798 [INFO] core.navigation.centering_controller: [CENTERING] KIRMIZI_UCGEN 71/200 dx=-14px dy=-1px d=0.1m ex=-0.0219 ey=-0.0021 (tol +/-0.010) alt_err=+0.14m -> fwd=+0.00 right=-0.15 down=+0.07 m/s
2026-09-01 05:44:53,364 [INFO] core.navigation.centering_controller: [CENTERING] KIRMIZI_UCGEN 76/200 dx=-16px dy=-28px d=0.3m ex=-0.0250 ey=-0.0583 (tol +/-0.010) alt_err=+0.11m -> fwd=+0.15 right=-0.15 down=+0.06 m/s
2026-09-01 05:44:53,921 [INFO] core.navigation.centering_controller: [CENTERING] KIRMIZI_UCGEN 81/200 dx=+6px dy=-11px d=0.1m ex=+0.0094 ey=-0.0229 (tol +/-0.010) alt_err=+0.10m -> fwd=+0.15 right=+0.00 down=+0.05 m/s
QGC port check failed, reporting UNKNOWN: (pid=98127)
2026-09-01 05:44:54,473 [INFO] core.navigation.centering_controller: [CENTERING] KIRMIZI_UCGEN 86/200 dx=+27px dy=+10px d=0.3m ex=+0.0422 ey=+0.0208 (tol +/-0.010) alt_err=+0.08m -> fwd=-0.15 right=+0.15 down=+0.04 m/s
2026-09-01 05:44:55,022 [INFO] core.navigation.centering_controller: [CENTERING] KIRMIZI_UCGEN 91/200 dx=+10px dy=+26px d=0.3m ex=+0.0156 ey=+0.0542 (tol +/-0.010) alt_err=+0.06m -> fwd=-0.15 right=+0.15 down=+0.03 m/s
2026-09-01 05:44:55,573 [INFO] core.navigation.centering_controller: [CENTERING] KIRMIZI_UCGEN 96/200 dx=-10px dy=+10px d=0.1m ex=-0.0156 ey=+0.0208 (tol +/-0.010) alt_err=+0.04m -> fwd=-0.15 right=-0.15 down=+0.02 m/s
2026-09-01 05:44:55,839 [INFO] gz_system.main_gz: Dashboard paint loop: 0.0 FPS (main thread)
2026-09-01 05:44:55,903 [INFO] core.detection.vision_runtime: [VISION] detect() calisiyor -- bu karede 1 tespit: ['KIRMIZI_UCGEN']
QGC port check failed, reporting UNKNOWN: (pid=98127)
2026-09-01 05:44:56,126 [INFO] core.navigation.centering_controller: [CENTERING] KIRMIZI_UCGEN 101/200 dx=-23px dy=-7px d=0.2m ex=-0.0359 ey=-0.0146 (tol +/-0.010) alt_err=+0.03m -> fwd=+0.15 right=-0.15 down=+0.02 m/s
2026-09-01 05:44:56,678 [INFO] core.navigation.centering_controller: [CENTERING] KIRMIZI_UCGEN 106/200 dx=-6px dy=-22px d=0.2m ex=-0.0094 ey=-0.0458 (tol +/-0.010) alt_err=+0.02m -> fwd=+0.15 right=+0.00 down=+0.01 m/s
2026-09-01 05:44:57,227 [INFO] core.navigation.centering_controller: [CENTERING] KIRMIZI_UCGEN 111/200 dx=+22px dy=-5px d=0.2m ex=+0.0344 ey=-0.0104 (tol +/-0.010) alt_err=+0.02m -> fwd=+0.15 right=+0.15 down=+0.01 m/s
2026-09-01 05:44:57,775 [INFO] core.navigation.centering_controller: [CENTERING] KIRMIZI_UCGEN 116/200 dx=+15px dy=+22px d=0.2m ex=+0.0234 ey=+0.0458 (tol +/-0.010) alt_err=+0.01m -> fwd=-0.15 right=+0.15 down=+0.00 m/s
QGC port check failed, reporting UNKNOWN: (pid=98127)
2026-09-01 05:44:58,323 [INFO] core.navigation.centering_controller: [CENTERING] KIRMIZI_UCGEN 121/200 dx=-7px dy=+17px d=0.2m ex=-0.0109 ey=+0.0354 (tol +/-0.010) alt_err=-0.00m -> fwd=-0.15 right=-0.15 down=-0.00 m/s
2026-09-01 05:44:58,872 [INFO] core.navigation.centering_controller: [CENTERING] KIRMIZI_UCGEN 126/200 dx=-25px dy=+2px d=0.2m ex=-0.0391 ey=+0.0042 (tol +/-0.010) alt_err=+0.01m -> fwd=+0.00 right=-0.15 down=+0.01 m/s
2026-09-01 05:44:58,980 [INFO] core.detection.vision_runtime: [VISION] detect() calisiyor -- bu karede 1 tespit: ['KIRMIZI_UCGEN']
2026-09-01 05:44:59,418 [INFO] core.navigation.centering_controller: [CENTERING] KIRMIZI_UCGEN 131/200 dx=-8px dy=-28px d=0.3m ex=-0.0125 ey=-0.0583 (tol +/-0.010) alt_err=+0.02m -> fwd=+0.15 right=-0.15 down=+0.01 m/s
2026-09-01 05:44:59,967 [INFO] core.navigation.centering_controller: [CENTERING] KIRMIZI_UCGEN 136/200 dx=+14px dy=-17px d=0.2m ex=+0.0219 ey=-0.0354 (tol +/-0.010) alt_err=+0.01m -> fwd=+0.15 right=+0.15 down=+0.00 m/s
QGC port check failed, reporting UNKNOWN: (pid=98127)
2026-09-01 05:45:00,517 [INFO] core.navigation.centering_controller: [CENTERING] KIRMIZI_UCGEN 141/200 dx=+17px dy=-4px d=0.2m ex=+0.0266 ey=-0.0083 (tol +/-0.010) alt_err=-0.00m -> fwd=+0.00 right=+0.15 down=-0.00 m/s
2026-09-01 05:45:00,851 [INFO] gz_system.main_gz: Dashboard paint loop: 0.0 FPS (main thread)
2026-09-01 05:45:01,069 [INFO] core.navigation.centering_controller: [CENTERING] KIRMIZI_UCGEN 146/200 dx=-5px dy=+26px d=0.2m ex=-0.0078 ey=+0.0542 (tol +/-0.010) alt_err=-0.01m -> fwd=-0.15 right=+0.00 down=-0.00 m/s
2026-09-01 05:45:01,621 [INFO] core.navigation.centering_controller: [CENTERING] KIRMIZI_UCGEN 151/200 dx=-24px dy=+15px d=0.3m ex=-0.0375 ey=+0.0312 (tol +/-0.010) alt_err=-0.00m -> fwd=-0.15 right=-0.15 down=-0.00 m/s
2026-09-01 05:45:02,061 [INFO] core.detection.vision_runtime: [VISION] detect() calisiyor -- bu karede 1 tespit: ['KIRMIZI_UCGEN']
QGC port check failed, reporting UNKNOWN: (pid=98127)
2026-09-01 05:45:02,173 [INFO] core.navigation.centering_controller: [CENTERING] KIRMIZI_UCGEN 156/200 dx=-7px dy=-1px d=0.1m ex=-0.0109 ey=-0.0021 (tol +/-0.010) alt_err=+0.01m -> fwd=+0.00 right=-0.15 down=+0.00 m/s
2026-09-01 05:45:02,723 [INFO] core.navigation.centering_controller: [CENTERING] KIRMIZI_UCGEN 161/200 dx=+25px dy=-29px d=0.4m ex=+0.0391 ey=-0.0604 (tol +/-0.010) alt_err=+0.02m -> fwd=+0.15 right=+0.15 down=+0.01 m/s
2026-09-01 05:45:03,273 [INFO] core.navigation.centering_controller: [CENTERING] KIRMIZI_UCGEN 166/200 dx=+22px dy=-14px d=0.2m ex=+0.0344 ey=-0.0292 (tol +/-0.010) alt_err=+0.01m -> fwd=+0.15 right=+0.15 down=+0.01 m/s
2026-09-01 05:45:03,823 [INFO] core.navigation.centering_controller: [CENTERING] KIRMIZI_UCGEN 171/200 dx=+8px dy=-2px d=0.1m ex=+0.0125 ey=-0.0042 (tol +/-0.010) alt_err=+0.01m -> fwd=+0.00 right=+0.15 down=+0.00 m/s
QGC port check failed, reporting UNKNOWN: (pid=98127)
2026-09-01 05:45:04,369 [INFO] core.navigation.centering_controller: [CENTERING] KIRMIZI_UCGEN 176/200 dx=-14px dy=+24px d=0.3m ex=-0.0219 ey=+0.0500 (tol +/-0.010) alt_err=+0.01m -> fwd=-0.15 right=-0.15 down=+0.01 m/s
2026-09-01 05:45:04,916 [INFO] core.navigation.centering_controller: [CENTERING] KIRMIZI_UCGEN 181/200 dx=-18px dy=+8px d=0.2m ex=-0.0281 ey=+0.0167 (tol +/-0.010) alt_err=+0.01m -> fwd=-0.15 right=-0.15 down=+0.01 m/s
2026-09-01 05:45:05,136 [INFO] core.detection.vision_runtime: [VISION] detect() calisiyor -- bu karede 1 tespit: ['KIRMIZI_UCGEN']
2026-09-01 05:45:05,467 [INFO] core.navigation.centering_controller: [CENTERING] KIRMIZI_UCGEN 186/200 dx=-4px dy=-16px d=0.2m ex=-0.0063 ey=-0.0333 (tol +/-0.010) alt_err=+0.01m -> fwd=+0.15 right=+0.00 down=+0.00 m/s
2026-09-01 05:45:05,892 [INFO] gz_system.main_gz: Dashboard paint loop: 0.0 FPS (main thread)
2026-09-01 05:45:06,016 [INFO] core.navigation.centering_controller: [CENTERING] KIRMIZI_UCGEN 191/200 dx=+23px dy=-26px d=0.3m ex=+0.0359 ey=-0.0542 (tol +/-0.010) alt_err=+0.00m -> fwd=+0.15 right=+0.15 down=+0.00 m/s
QGC port check failed, reporting UNKNOWN: (pid=98127)
2026-09-01 05:45:06,565 [INFO] core.navigation.centering_controller: [CENTERING] KIRMIZI_UCGEN 196/200 dx=+8px dy=-11px d=0.1m ex=+0.0125 ey=-0.0229 (tol +/-0.010) alt_err=+0.00m -> fwd=+0.15 right=+0.15 down=+0.00 m/s
2026-09-01 05:45:07,117 [ERROR] core.navigation.centering_controller: Merkezleme zaman asimina ugradi! (200 deneme / 20.0s butcesi doldu)
2026-09-01 05:45:07,117 [WARNING] core.mission.payload_release: Yaklaşma adımı yakınsamadı (5.0m) -- devam ediliyor.
2026-09-01 05:45:07,117 [INFO] core.navigation.centering_controller: KIRMIZI_UCGEN hedefine merkezleniyor (irtifa hedefi: 0.45m, irtifa bandi +/-0.05m)...
2026-09-01 05:45:07,117 [INFO] core.navigation.centering_controller: [CENTERING] KIRMIZI_UCGEN 1/200 dx=-17px dy=+0px d=0.2m ex=-0.0266 ey=+0.0000 (tol +/-0.010) alt_err=+4.55m -> fwd=+0.00 right=-0.15 down=+0.15 m/s
2026-09-01 05:45:07,669 [INFO] core.navigation.centering_controller: [CENTERING] KIRMIZI_UCGEN 6/200 dx=-23px dy=+28px d=0.3m ex=-0.0359 ey=+0.0583 (tol +/-0.010) alt_err=+4.40m -> fwd=-0.15 right=-0.15 down=+0.90 m/s
QGC port check failed, reporting UNKNOWN: (pid=98127)
2026-09-01 05:45:08,219 [INFO] core.detection.vision_runtime: [VISION] detect() calisiyor -- bu karede 1 tespit: ['KIRMIZI_UCGEN']
2026-09-01 05:45:08,220 [INFO] core.navigation.centering_controller: [CENTERING] KIRMIZI_UCGEN 11/200 dx=-10px dy=+15px d=0.1m ex=-0.0156 ey=+0.0312 (tol +/-0.010) alt_err=+3.88m -> fwd=-0.15 right=-0.15 down=+1.65 m/s
2026-09-01 05:45:08,772 [INFO] core.navigation.centering_controller: [CENTERING] KIRMIZI_UCGEN 16/200 dx=+12px dy=+3px d=0.1m ex=+0.0187 ey=+0.0063 (tol +/-0.010) alt_err=+2.95m -> fwd=+0.00 right=+0.15 down=+1.47 m/s
2026-09-01 05:45:09,321 [INFO] core.navigation.centering_controller: [CENTERING] KIRMIZI_UCGEN 21/200 dx=+30px dy=-32px d=0.2m ex=+0.0469 ey=-0.0667 (tol +/-0.010) alt_err=+2.23m -> fwd=+0.12 right=+0.15 down=+1.11 m/s
2026-09-01 05:45:09,876 [INFO] core.navigation.centering_controller: [CENTERING] KIRMIZI_UCGEN 26/200 dx=+11px dy=-19px d=0.1m ex=+0.0172 ey=-0.0396 (tol +/-0.010) alt_err=+1.58m -> fwd=+0.09 right=+0.12 down=+0.79 m/s
QGC port check failed, reporting UNKNOWN: (pid=98127)
2026-09-01 05:45:10,428 [INFO] core.navigation.centering_controller: [CENTERING] KIRMIZI_UCGEN 31/200 dx=-26px dy=+56px d=0.2m ex=-0.0414 ey=+0.1167 (tol +/-0.010) alt_err=+1.21m -> fwd=-0.17 right=-0.10 down=+0.60 m/s
2026-09-01 05:45:10,911 [INFO] gz_system.main_gz: Dashboard paint loop: 0.0 FPS (main thread)
2026-09-01 05:45:10,981 [INFO] core.navigation.centering_controller: [CENTERING] KIRMIZI_UCGEN 36/200 dx=-26px dy=+62px d=0.2m ex=-0.0398 ey=+0.1302 (tol +/-0.010) alt_err=+0.86m -> fwd=-0.20 right=-0.08 down=+0.43 m/s
2026-09-01 05:45:11,311 [INFO] core.detection.vision_runtime: [VISION] detect() calisiyor -- bu karede 1 tespit: ['KIRMIZI_UCGEN']
2026-09-01 05:45:11,534 [INFO] core.navigation.centering_controller: [CENTERING] KIRMIZI_UCGEN 41/200 dx=-6px dy=+22px d=0.0m ex=-0.0086 ey=+0.0469 (tol +/-0.010) alt_err=+0.66m -> fwd=-0.07 right=+0.00 down=+0.33 m/s
2026-09-01 05:45:12,081 [INFO] core.navigation.centering_controller: [CENTERING] KIRMIZI_UCGEN 46/200 dx=+18px dy=-26px d=0.1m ex=+0.0281 ey=-0.0552 (tol +/-0.010) alt_err=+0.48m -> fwd=+0.08 right=+0.05 down=+0.24 m/s
QGC port check failed, reporting UNKNOWN: (pid=98127)
2026-09-01 05:45:12,632 [INFO] core.navigation.centering_controller: [CENTERING] KIRMIZI_UCGEN 51/200 dx=+7px dy=-32px d=0.0m ex=+0.0109 ey=-0.0656 (tol +/-0.010) alt_err=+0.37m -> fwd=+0.10 right=+0.05 down=+0.18 m/s
2026-09-01 05:45:13,186 [INFO] core.navigation.centering_controller: [CENTERING] KIRMIZI_UCGEN 56/200 dx=-20px dy=+11px d=0.0m ex=-0.0305 ey=+0.0229 (tol +/-0.010) alt_err=+0.27m -> fwd=-0.03 right=-0.05 down=+0.13 m/s
2026-09-01 05:45:13,739 [INFO] core.navigation.centering_controller: [CENTERING] KIRMIZI_UCGEN 61/200 dx=-20px dy=+52px d=0.1m ex=-0.0305 ey=+0.1083 (tol +/-0.010) alt_err=+0.21m -> fwd=-0.16 right=-0.05 down=+0.11 m/s
QGC port check failed, reporting UNKNOWN: (pid=98127)
2026-09-01 05:45:14,292 [INFO] core.navigation.centering_controller: [CENTERING] KIRMIZI_UCGEN 66/200 dx=+4px dy=+12px d=0.0m ex=+0.0070 ey=+0.0260 (tol +/-0.010) alt_err=+0.17m -> fwd=-0.04 right=+0.00 down=+0.08 m/s
2026-09-01 05:45:14,402 [INFO] core.detection.vision_runtime: [VISION] detect() calisiyor -- bu karede 1 tespit: ['KIRMIZI_UCGEN']
2026-09-01 05:45:14,846 [INFO] core.navigation.centering_controller: [CENTERING] KIRMIZI_UCGEN 71/200 dx=+30px dy=-77px d=0.1m ex=+0.0461 ey=-0.1604 (tol +/-0.010) alt_err=+0.13m -> fwd=+0.24 right=+0.07 down=+0.06 m/s
2026-09-01 05:45:15,397 [INFO] core.navigation.centering_controller: [CENTERING] KIRMIZI_UCGEN 76/200 dx=+6px dy=-62px d=0.1m ex=+0.0102 ey=-0.1302 (tol +/-0.010) alt_err=+0.09m -> fwd=+0.20 right=+0.03 down=+0.04 m/s
2026-09-01 05:45:15,943 [INFO] gz_system.main_gz: Dashboard paint loop: 0.0 FPS (main thread)
2026-09-01 05:45:15,951 [INFO] core.navigation.centering_controller: [CENTERING] KIRMIZI_UCGEN 81/200 dx=-12px dy=+52px d=0.1m ex=-0.0187 ey=+0.1083 (tol +/-0.010) alt_err=+0.07m -> fwd=-0.16 right=-0.03 down=+0.03 m/s
QGC port check failed, reporting UNKNOWN: (pid=98127)
2026-09-01 05:45:16,502 [INFO] core.navigation.centering_controller: [CENTERING] KIRMIZI_UCGEN 86/200 dx=-4px dy=+74px d=0.1m ex=-0.0055 ey=+0.1552 (tol +/-0.010) alt_err=+0.06m -> fwd=-0.23 right=+0.00 down=+0.03 m/s
2026-09-01 05:45:17,054 [INFO] core.navigation.centering_controller: [CENTERING] KIRMIZI_UCGEN 91/200 dx=+32px dy=+10px d=0.0m ex=+0.0492 ey=+0.0198 (tol +/-0.010) alt_err=+0.05m -> fwd=-0.03 right=+0.07 down=+0.02 m/s
2026-09-01 05:45:17,496 [INFO] core.detection.vision_runtime: [VISION] detect() calisiyor -- bu karede 1 tespit: ['KIRMIZI_UCGEN']
2026-09-01 05:45:17,609 [INFO] core.navigation.centering_controller: [CENTERING] KIRMIZI_UCGEN 96/200 dx=+14px dy=-44px d=0.0m ex=+0.0211 ey=-0.0906 (tol +/-0.010) alt_err=+0.03m -> fwd=+0.14 right=+0.03 down=+0.01 m/s
QGC port check failed, reporting UNKNOWN: (pid=98127)
2026-09-01 05:45:18,167 [INFO] core.navigation.centering_controller: [CENTERING] KIRMIZI_UCGEN 101/200 dx=-22px dy=-30px d=0.0m ex=-0.0344 ey=-0.0635 (tol +/-0.010) alt_err=+0.01m -> fwd=+0.10 right=-0.05 down=+0.00 m/s
2026-09-01 05:45:18,717 [INFO] core.navigation.centering_controller: [CENTERING] KIRMIZI_UCGEN 106/200 dx=-19px dy=+0px d=0.0m ex=-0.0297 ey=+0.0000 (tol +/-0.010) alt_err=-0.01m -> fwd=+0.00 right=-0.04 down=-0.00 m/s
2026-09-01 05:45:19,269 [INFO] core.navigation.centering_controller: [CENTERING] KIRMIZI_UCGEN 111/200 dx=+30px dy=+12px d=0.0m ex=+0.0461 ey=+0.0250 (tol +/-0.010) alt_err=-0.00m -> fwd=-0.04 right=+0.07 down=-0.00 m/s
2026-09-01 05:45:19,824 [INFO] core.navigation.centering_controller: [CENTERING] KIRMIZI_UCGEN 116/200 dx=+38px dy=+8px d=0.0m ex=+0.0586 ey=+0.0156 (tol +/-0.010) alt_err=-0.00m -> fwd=-0.02 right=+0.09 down=-0.00 m/s
QGC port check failed, reporting UNKNOWN: (pid=98127)
2026-09-01 05:45:20,152 [INFO] core.navigation.centering_controller: Merkezleme tamamlandi. (attempt 119/200, dx=+1px dy=+4px ex=+0.0016 ey=+0.0073 alt_err=-0.00m)
2026-09-01 05:45:20,153 [INFO] core.navigation.centering_controller: [AIM_OFFSET_APPLIED] KIRMIZI_UCGEN: montaj (ileri=0.00, sag=-0.04) m, yon=2.7 deg -> tutma noktasi (47.3980434, 8.5461704) olarak otelendi (kuzey -0.00, dogu +0.03 m).
2026-09-01 05:45:20,596 [INFO] core.detection.vision_runtime: [VISION] detect() calisiyor -- bu karede 1 tespit: ['KIRMIZI_UCGEN']
2026-09-01 05:45:20,975 [INFO] gz_system.main_gz: Dashboard paint loop: 0.0 FPS (main thread)
2026-09-01 05:45:21,263 [INFO] core.navigation.centering_controller: [MOUNT_TRANSLATE_DONE] KIRMIZI_UCGEN: kalan 3.8 cm, sure 1.11 s (yakinsadi).
2026-09-01 05:45:21,263 [WARNING] core.navigation.centering_controller: [LOW_ALT_OPEN_LOOP_DESCENT] KIRMIZI_UCGEN: goruntu 0.45m'de kayboldu -- dondurulmus kestirime (47.3980434, 8.5461704, offset=0.3cm @ 0.45m) gore 0.45m'ye alcalmaya devam.
2026-09-01 05:45:21,263 [INFO] core.navigation.centering_controller: [LOW_ALT_OPEN_LOOP_DESCENT] KIRMIZI_UCGEN: 0.449m'ye ulasildi (hedef 0.45m).
2026-09-01 05:45:21,263 [INFO] core.navigation.centering_controller: 0.1m ileri hareket ediliyor (0.3 m/s, 0.3s)...
2026-09-01 05:45:21,704 [INFO] core.mission.payload_release: [RELEASE_OFFSET] KIRMIZI_UCGEN: {'shape_type': 'KIRMIZI_UCGEN', 'altitude_m': 0.45, 'target_visible': True, 'best_known_offset_cm': 7.82, 'best_known_offset_alt_m': 0.449, 'dx_cm': 6.5, 'dy_cm': -5.08, 'offset_cm': 8.25}
2026-09-01 05:45:21,704 [INFO] core.mission.payload_release: [MOUNT_VECTOR_MEASURED] KIRMIZI_UCGEN: {'world_dx': -0.0344, 'world_dy': 0.0027, 'gazebo_yaw_deg': 86.72, 'body_forward_m': 0.0008, 'body_right_m': -0.0345} (uygulanan: (0.0, -0.035))
2026-09-01 05:45:21,704 [INFO] gz_system.gz_payload_actuator: Gazebo DetachableJoint tetikleniyor: /payload/detach/blue
I0901 05:45:21.705162 12931847 fork_posix.cc:71] Other threads are currently calling into gRPC, skipping fork() handlers
I0901 05:45:21.759445 12931847 fork_posix.cc:71] Other threads are currently calling into gRPC, skipping fork() handlers
I0901 05:45:21.824156 12931847 fork_posix.cc:71] Other threads are currently calling into gRPC, skipping fork() handlers
I0901 05:45:21.861159 12931847 fork_posix.cc:71] Other threads are currently calling into gRPC, skipping fork() handlers
I0901 05:45:21.909069 12931847 fork_posix.cc:71] Other threads are currently calling into gRPC, skipping fork() handlers
QGC port check failed, reporting UNKNOWN: (pid=98127)
2026-09-01 05:45:22,838 [INFO] gz_system.gz_payload_actuator: Yuk ayrildi (blue), gecikme 1.114 s.
2026-09-01 05:45:22,838 [INFO] core.mission.payload_release: [PAYLOAD_RELEASED] PAYLOAD 3 RELEASED @0.45m
2026-09-01 05:45:23,704 [INFO] core.detection.vision_runtime: [VISION] detect() calisiyor -- bu karede 2 tespit: ['KIRMIZI_UCGEN', 'MAVI_DIKDORTGEN']
QGC port check failed, reporting UNKNOWN: (pid=98127)
2026-09-01 05:45:24,841 [INFO] core.mission.payload_release: [PAYLOAD_FINAL_POSE] KIRMIZI_UCGEN: x=0.439 y=8.226 z=0.040 merkeze 3177.7 cm egim 0.1 deg (HEDEF DISINDA)
2026-09-01 05:45:24,841 [INFO] core.mission.payload_release: Doğrulama işareti aranıyor: MAVI_DIKDORTGEN
2026-09-01 05:45:24,841 [INFO] core.mission.payload_release: Yük bırakma DOĞRULANDI: MAVI_DIKDORTGEN tespit edildi.
2026-09-01 05:45:24,841 [INFO] core.navigation.centering_controller: 1.5m irtifasina tirmaniliyor (goruntuden bagimsiz)...
2026-09-01 05:45:25,988 [INFO] gz_system.main_gz: Dashboard paint loop: 0.0 FPS (main thread)
QGC port check failed, reporting UNKNOWN: (pid=98127)
2026-09-01 05:45:26,716 [INFO] core.detection.vision_runtime: [VISION] detect() calisiyor -- bu karede 2 tespit: ['KIRMIZI_UCGEN', 'MAVI_DIKDORTGEN']
2026-09-01 05:45:26,942 [INFO] core.mission.gorev2_orchestrator: Gorev 2 tamamlandi (Payload Mission 1 + 2 basariyla calisti).
2026-09-01 05:45:26,942 [INFO] core.mission.master_fsm: Görev 2 akışı bitti, doğrudan Görev 3'e geçiliyor...
2026-09-01 05:45:26,942 [INFO] core.mission.gorev3_pickup: Görev 3 Faz 1 (Alma) Başlatıldı.
2026-09-01 05:45:26,942 [INFO] core.mission.gorev3_pickup: Mavi Altıgen konumuna 1.5m irtifada gidiliyor: 47.3986649, 8.5460885
2026-09-01 05:45:26,942 [INFO] core.navigation.centering_controller: Kayitli GPS konumuna gidiliyor: lat=47.3986649, lon=8.5460885, alt=1.5m
QGC port check failed, reporting UNKNOWN: (pid=98127)
2026-09-01 05:45:29,807 [INFO] core.detection.vision_runtime: [VISION] detect() calisiyor -- bu karede 0 tespit: []
QGC port check failed, reporting UNKNOWN: (pid=98127)
2026-09-01 05:45:31,003 [INFO] gz_system.main_gz: Dashboard paint loop: 0.0 FPS (main thread)
QGC port check failed, reporting UNKNOWN: (pid=98127)
2026-09-01 05:45:32,835 [INFO] core.detection.vision_runtime: [VISION] detect() calisiyor -- bu karede 0 tespit: []
QGC port check failed, reporting UNKNOWN: (pid=98127)
2026-09-01 05:45:35,566 [INFO] core.mission.gorev3_pickup: Kırmızı Dikdörtgenin uzun kenarına dik hizalanılıyor: 1.3 -> 5.2 derece
2026-09-01 05:45:35,896 [INFO] core.detection.vision_runtime: [VISION] detect() calisiyor -- bu karede 1 tespit: ['MAVI_ALTIGEN']
2026-09-01 05:45:36,027 [INFO] gz_system.main_gz: Dashboard paint loop: 0.0 FPS (main thread)
QGC port check failed, reporting UNKNOWN: (pid=98127)
2026-09-01 05:45:37,664 [INFO] core.mission.gorev3_pickup: 1.2m irtifada (gorus dostu) hedefe ortalanıyor...
2026-09-01 05:45:37,664 [INFO] core.navigation.centering_controller: KIRMIZI_DIKDORTGEN hedefine merkezleniyor (irtifa hedefi: 1.2m, irtifa bandi +/-0.30m)...
2026-09-01 05:45:37,664 [WARNING] core.navigation.centering_controller: [CENTERING] KIRMIZI_DIKDORTGEN 1/200 hedef kayboldu (feed canli, hedef bu karede yok)
QGC port check failed, reporting UNKNOWN: (pid=98127)
2026-09-01 05:45:38,215 [INFO] core.navigation.centering_controller: [CENTERING] KIRMIZI_DIKDORTGEN 6/200 dx=-58px dy=+243px d=0.7m ex=-0.0906 ey=+0.5062 (tol +/-0.010) alt_err=+0.34m -> fwd=-0.30 right=-0.14 down=+0.17 m/s
2026-09-01 05:45:38,766 [INFO] core.navigation.centering_controller: [CENTERING] KIRMIZI_DIKDORTGEN 11/200 dx=-66px dy=+175px d=0.5m ex=-0.1031 ey=+0.3646 (tol +/-0.010) alt_err=+0.25m -> fwd=-0.55 right=-0.15 down=+0.13 m/s
2026-09-01 05:45:38,985 [INFO] core.detection.vision_runtime: [VISION] detect() calisiyor -- bu karede 2 tespit: ['MAVI_ALTIGEN', 'KIRMIZI_DIKDORTGEN']
2026-09-01 05:45:39,319 [INFO] core.navigation.centering_controller: [CENTERING] KIRMIZI_DIKDORTGEN 16/200 dx=-61px dy=+30px d=0.2m ex=-0.0953 ey=+0.0625 (tol +/-0.010) alt_err=+0.16m -> fwd=-0.09 right=-0.14 down=+0.08 m/s
2026-09-01 05:45:39,874 [INFO] core.navigation.centering_controller: [CENTERING] KIRMIZI_DIKDORTGEN 21/200 dx=-36px dy=-186px d=0.5m ex=-0.0563 ey=-0.3875 (tol +/-0.010) alt_err=+0.11m -> fwd=+0.58 right=-0.08 down=+0.06 m/s
QGC port check failed, reporting UNKNOWN: (pid=98127)
2026-09-01 05:45:40,427 [INFO] core.navigation.centering_controller: [CENTERING] KIRMIZI_DIKDORTGEN 26/200 dx=-16px dy=-262px d=0.6m ex=-0.0250 ey=-0.5458 (tol +/-0.010) alt_err=+0.07m -> fwd=+0.81 right=-0.08 down=+0.04 m/s
2026-09-01 05:45:40,977 [INFO] core.navigation.centering_controller: [CENTERING] KIRMIZI_DIKDORTGEN 31/200 dx=-9px dy=-167px d=0.4m ex=-0.0141 ey=-0.3479 (tol +/-0.010) alt_err=+0.06m -> fwd=+0.52 right=-0.07 down=+0.03 m/s
2026-09-01 05:45:41,058 [INFO] gz_system.main_gz: Dashboard paint loop: 0.0 FPS (main thread)
2026-09-01 05:45:41,531 [INFO] core.navigation.centering_controller: [CENTERING] KIRMIZI_DIKDORTGEN 36/200 dx=+8px dy=-57px d=0.1m ex=+0.0125 ey=-0.1187 (tol +/-0.010) alt_err=+0.03m -> fwd=+0.18 right=+0.07 down=+0.02 m/s
2026-09-01 05:45:42,082 [INFO] core.detection.vision_runtime: [VISION] detect() calisiyor -- bu karede 2 tespit: ['MAVI_ALTIGEN', 'KIRMIZI_DIKDORTGEN']
2026-09-01 05:45:42,083 [INFO] core.navigation.centering_controller: [CENTERING] KIRMIZI_DIKDORTGEN 41/200 dx=+17px dy=-20px d=0.1m ex=+0.0266 ey=-0.0417 (tol +/-0.010) alt_err=+0.02m -> fwd=+0.06 right=+0.07 down=+0.01 m/s
QGC port check failed, reporting UNKNOWN: (pid=96785)
2026-09-01 05:45:42,633 [INFO] core.navigation.centering_controller: [CENTERING] KIRMIZI_DIKDORTGEN 46/200 dx=-6px dy=-57px d=0.1m ex=-0.0094 ey=-0.1187 (tol +/-0.010) alt_err=+0.01m -> fwd=+0.18 right=+0.00 down=+0.01 m/s
2026-09-01 05:45:43,185 [INFO] core.navigation.centering_controller: [CENTERING] KIRMIZI_DIKDORTGEN 51/200 dx=-25px dy=-93px d=0.2m ex=-0.0391 ey=-0.1938 (tol +/-0.010) alt_err=+0.00m -> fwd=+0.29 right=-0.07 down=+0.00 m/s
2026-09-01 05:45:43,738 [INFO] core.navigation.centering_controller: [CENTERING] KIRMIZI_DIKDORTGEN 56/200 dx=-15px dy=-84px d=0.2m ex=-0.0234 ey=-0.1750 (tol +/-0.010) alt_err=+0.00m -> fwd=+0.26 right=-0.07 down=+0.00 m/s
QGC port check failed, reporting UNKNOWN: (pid=96785)
2026-09-01 05:45:44,291 [INFO] core.navigation.centering_controller: [CENTERING] KIRMIZI_DIKDORTGEN 61/200 dx=+4px dy=-43px d=0.1m ex=+0.0063 ey=-0.0896 (tol +/-0.010) alt_err=+0.01m -> fwd=+0.13 right=+0.00 down=+0.00 m/s
2026-09-01 05:45:44,841 [INFO] core.navigation.centering_controller: [CENTERING] KIRMIZI_DIKDORTGEN 66/200 dx=+18px dy=-12px d=0.0m ex=+0.0281 ey=-0.0250 (tol +/-0.010) alt_err=+0.01m -> fwd=+0.05 right=+0.07 down=+0.01 m/s
2026-09-01 05:45:45,171 [INFO] core.detection.vision_runtime: [VISION] detect() calisiyor -- bu karede 2 tespit: ['MAVI_ALTIGEN', 'KIRMIZI_DIKDORTGEN']
2026-09-01 05:45:45,391 [INFO] core.navigation.centering_controller: [CENTERING] KIRMIZI_DIKDORTGEN 71/200 dx=+3px dy=-15px d=0.0m ex=+0.0047 ey=-0.0312 (tol +/-0.010) alt_err=+0.01m -> fwd=+0.05 right=+0.00 down=+0.01 m/s
2026-09-01 05:45:45,943 [INFO] core.navigation.centering_controller: [CENTERING] KIRMIZI_DIKDORTGEN 76/200 dx=-25px dy=-25px d=0.1m ex=-0.0391 ey=-0.0521 (tol +/-0.010) alt_err=+0.02m -> fwd=+0.08 right=-0.07 down=+0.01 m/s
2026-09-01 05:45:46,063 [INFO] gz_system.main_gz: Dashboard paint loop: 0.0 FPS (main thread)
QGC port check failed, reporting UNKNOWN: (pid=96785)
2026-09-01 05:45:46,492 [INFO] core.navigation.centering_controller: [CENTERING] KIRMIZI_DIKDORTGEN 81/200 dx=-20px dy=-29px d=0.1m ex=-0.0312 ey=-0.0604 (tol +/-0.010) alt_err=+0.01m -> fwd=+0.09 right=-0.07 down=+0.00 m/s
2026-09-01 05:45:47,042 [INFO] core.navigation.centering_controller: [CENTERING] KIRMIZI_DIKDORTGEN 86/200 dx=-7px dy=-25px d=0.1m ex=-0.0109 ey=-0.0521 (tol +/-0.010) alt_err=-0.00m -> fwd=+0.08 right=-0.07 down=-0.00 m/s
2026-09-01 05:45:47,596 [INFO] core.navigation.centering_controller: [CENTERING] KIRMIZI_DIKDORTGEN 91/200 dx=+11px dy=-20px d=0.1m ex=+0.0172 ey=-0.0417 (tol +/-0.010) alt_err=+0.00m -> fwd=+0.06 right=+0.07 down=+0.00 m/s
QGC port check failed, reporting UNKNOWN: (pid=96785)
2026-09-01 05:45:48,146 [INFO] core.navigation.centering_controller: [CENTERING] KIRMIZI_DIKDORTGEN 96/200 dx=+9px dy=-17px d=0.0m ex=+0.0141 ey=-0.0354 (tol +/-0.010) alt_err=-0.00m -> fwd=+0.05 right=+0.07 down=-0.00 m/s
2026-09-01 05:45:48,256 [INFO] core.detection.vision_runtime: [VISION] detect() calisiyor -- bu karede 2 tespit: ['MAVI_ALTIGEN', 'KIRMIZI_DIKDORTGEN']
2026-09-01 05:45:48,697 [INFO] core.navigation.centering_controller: [CENTERING] KIRMIZI_DIKDORTGEN 101/200 dx=-22px dy=-16px d=0.1m ex=-0.0344 ey=-0.0333 (tol +/-0.010) alt_err=-0.00m -> fwd=+0.05 right=-0.07 down=-0.00 m/s
2026-09-01 05:45:49,250 [INFO] core.navigation.centering_controller: [CENTERING] KIRMIZI_DIKDORTGEN 106/200 dx=-25px dy=-15px d=0.1m ex=-0.0391 ey=-0.0312 (tol +/-0.010) alt_err=+0.00m -> fwd=+0.05 right=-0.07 down=+0.00 m/s
2026-09-01 05:45:49,799 [INFO] core.navigation.centering_controller: [CENTERING] KIRMIZI_DIKDORTGEN 111/200 dx=-12px dy=-9px d=0.0m ex=-0.0187 ey=-0.0187 (tol +/-0.010) alt_err=+0.00m -> fwd=+0.05 right=-0.07 down=+0.00 m/s
QGC port check failed, reporting UNKNOWN: (pid=96785)
2026-09-01 05:45:50,240 [INFO] core.navigation.centering_controller: Merkezleme tamamlandi. (attempt 115/200, dx=+3px dy=-2px ex=+0.0047 ey=-0.0042 alt_err=-0.00m)
2026-09-01 05:45:50,460 [INFO] core.mission.gorev3_pickup: Kanca hedefin uzerine getiriliyor (govde +0.175m ileri)...
2026-09-01 05:45:51,085 [INFO] gz_system.main_gz: Dashboard paint loop: 0.0 FPS (main thread)
2026-09-01 05:45:51,346 [INFO] core.detection.vision_runtime: [VISION] detect() calisiyor -- bu karede 2 tespit: ['MAVI_ALTIGEN', 'KIRMIZI_DIKDORTGEN']
QGC port check failed, reporting UNKNOWN: (pid=96785)
QGC port check failed, reporting UNKNOWN: (pid=96785)
2026-09-01 05:45:54,445 [INFO] core.detection.vision_runtime: [VISION] detect() calisiyor -- bu karede 2 tespit: ['MAVI_ALTIGEN', 'KIRMIZI_DIKDORTGEN']
2026-09-01 05:45:54,556 [INFO] core.mission.gorev3_pickup: 0.9m hizalama irtifasina dikey iniliyor...
2026-09-01 05:45:56,115 [INFO] gz_system.main_gz: Dashboard paint loop: 0.0 FPS (main thread)
QGC port check failed, reporting UNKNOWN: (pid=96785)
2026-09-01 05:45:57,532 [INFO] core.detection.vision_runtime: [VISION] detect() calisiyor -- bu karede 2 tespit: ['MAVI_ALTIGEN', 'KIRMIZI_DIKDORTGEN']
QGC port check failed, reporting UNKNOWN: (pid=96785)
2026-09-01 05:45:59,627 [INFO] core.mission.gorev3_pickup: [HIZA_KALIBRASYON] goruntu=9.1 cm  gercek=9.1 cm  irtifa=0.94 m
2026-09-01 05:45:59,627 [WARNING] core.mission.gorev3_pickup: [GORUNTU] kanca yukun ortasinda DEGIL: sapma 9.1 cm (tol 5 cm) -- alma yine de denenecek; oturma kapisi gercek kanca pozundan kendi kararini veriyor.
QGC port check failed, reporting UNKNOWN: (pid=96785)
2026-09-01 05:46:00,626 [INFO] core.detection.vision_runtime: [VISION] detect() calisiyor -- bu karede 2 tespit: ['MAVI_ALTIGEN', 'KIRMIZI_DIKDORTGEN']
2026-09-01 05:46:01,119 [INFO] gz_system.main_gz: Dashboard paint loop: 0.0 FPS (main thread)
2026-09-01 05:46:01,741 [INFO] core.mission.visual_alignment: [GORSEL_HIZA_TANI] it=1 alt_m=0.927 focal_px=539.94 depth_img_m=0.9313 depth_tel_m=0.907 depth_used_m=0.9313 depth_src=image u=660.38 v=627.89 radius_px=13.48 long_px=83.32 conf=1.0 method=payload-topface-deshadow yaw_deg=5.25 body_fwd_m=-0.1701 body_right_m=0.0352 hook_off_n=-0.0898 hook_off_e=-0.0069 err_raw_m=0.0869 truth_lateral_m=0.0831
2026-09-01 05:46:01,868 [INFO] core.mission.visual_alignment: [GORSEL_HIZA_TANI] it=2 alt_m=0.929 focal_px=539.94 depth_img_m=0.9344 depth_tel_m=0.909 depth_used_m=0.9344 depth_src=image u=659.7 v=627.74 radius_px=13.43 long_px=83.05 conf=1.0 method=payload-topface-deshadow yaw_deg=5.24 body_fwd_m=-0.1707 body_right_m=0.0341 hook_off_n=-0.0898 hook_off_e=-0.007 err_raw_m=0.0871 truth_lateral_m=0.082
2026-09-01 05:46:01,995 [INFO] core.mission.visual_alignment: [GORSEL_HIZA_TANI] it=3 alt_m=0.931 focal_px=539.94 depth_img_m=0.9315 depth_tel_m=0.911 depth_used_m=0.9315 depth_src=image u=659.16 v=627.02 radius_px=13.48 long_px=83.31 conf=1.0 method=payload-topface-deshadow yaw_deg=5.24 body_fwd_m=-0.1686 body_right_m=0.0331 hook_off_n=-0.0898 hook_off_e=-0.0071 err_raw_m=0.0848 truth_lateral_m=0.0808
QGC port check failed, reporting UNKNOWN: (pid=96785)
2026-09-01 05:46:03,275 [INFO] core.mission.visual_alignment: [GORSEL_HIZA_TANI] it=4 alt_m=0.94 focal_px=539.94 depth_img_m=0.9303 depth_tel_m=0.92 depth_used_m=0.9303 depth_src=image u=652.33 v=605.67 radius_px=13.49 long_px=83.41 conf=0.999 method=payload-topface-deshadow yaw_deg=5.24 body_fwd_m=-0.1315 body_right_m=0.0212 hook_off_n=-0.0898 hook_off_e=-0.0066 err_raw_m=0.0459 truth_lateral_m=0.0439
2026-09-01 05:46:03,711 [INFO] core.detection.vision_runtime: [VISION] detect() calisiyor -- bu karede 2 tespit: ['MAVI_ALTIGEN', 'KIRMIZI_DIKDORTGEN']
QGC port check failed, reporting UNKNOWN: (pid=96785)
2026-09-01 05:46:04,486 [INFO] core.mission.visual_alignment: [GORSEL_HIZA_TANI] it=5 alt_m=0.926 focal_px=539.94 depth_img_m=0.9128 depth_tel_m=0.906 depth_used_m=0.9128 depth_src=image u=645.62 v=590.04 radius_px=13.75 long_px=85.0 conf=0.999 method=payload-topface-deshadow yaw_deg=5.24 body_fwd_m=-0.101 body_right_m=0.0095 hook_off_n=-0.09 hook_off_e=-0.0066 err_raw_m=0.0134 truth_lateral_m=0.0131
2026-09-01 05:46:05,698 [INFO] core.mission.visual_alignment: [GORSEL_HIZA_TANI] it=6 alt_m=0.912 focal_px=539.94 depth_img_m=0.9382 depth_tel_m=0.892 depth_used_m=0.9382 depth_src=image u=636.04 v=578.46 radius_px=13.38 long_px=82.72 conf=0.998 method=payload-topface-deshadow yaw_deg=5.22 body_fwd_m=-0.0861 body_right_m=-0.0069 hook_off_n=-0.0897 hook_off_e=-0.0065 err_raw_m=0.0094 truth_lateral_m=0.0103
2026-09-01 05:46:06,146 [INFO] gz_system.main_gz: Dashboard paint loop: 0.0 FPS (main thread)
QGC port check failed, reporting UNKNOWN: (pid=96785)
2026-09-01 05:46:06,796 [INFO] core.detection.vision_runtime: [VISION] detect() calisiyor -- bu karede 2 tespit: ['MAVI_ALTIGEN', 'KIRMIZI_DIKDORTGEN']
2026-09-01 05:46:06,912 [INFO] core.mission.visual_alignment: [GORSEL_HIZA_TANI] it=7 alt_m=0.939 focal_px=539.94 depth_img_m=0.9489 depth_tel_m=0.919 depth_used_m=0.9489 depth_src=image u=630.4 v=565.19 radius_px=13.23 long_px=81.8 conf=1.0 method=payload-topface-deshadow yaw_deg=5.23 body_fwd_m=-0.0647 body_right_m=-0.0169 hook_off_n=-0.0897 hook_off_e=-0.0067 err_raw_m=0.0312 truth_lateral_m=0.031
2026-09-01 05:46:06,912 [INFO] core.mission.visual_alignment: [GORSEL_HIZA] yakinsadi: 15.7 mm, 7 iterasyon, 7 tespit, 0.114 m hareket
2026-09-01 05:46:06,912 [INFO] core.mission.gorev3_pickup: [GORSEL_HIZA] converged: son hata=15.7 mm, 7 iterasyon, 7 tespit, 0.114 m hareket
2026-09-01 05:46:06,912 [INFO] core.mission.gorev3_pickup: [GORSEL_HIZA] yuva GORUNTUDEN olculdu: NED=(102.433, -5.871)
2026-09-01 05:46:06,912 [INFO] core.mission.gorev3_pickup: Vinc salinacak (hedef irtifa 0.30 m icin) -- ARAC HALA 0.94 m'de, kanca serbest asili kalacak.
2026-09-01 05:46:06,913 [INFO] gz_system.gz_payload_actuator: [HOOK] vinc salimi: 0.330 m  (irtifa=0.300 m, guverte=0.070, zincir ofseti=0.060, pay=0.040)
2026-09-01 05:46:06,913 [INFO] gz_system.gz_payload_actuator: [HOOK] vinc -> 0.33 m
I0901 05:46:06.913279 12931847 fork_posix.cc:71] Other threads are currently calling into gRPC, skipping fork() handlers
QGC port check failed, reporting UNKNOWN: (pid=96785)
2026-09-01 05:46:09,878 [INFO] core.detection.vision_runtime: [VISION] detect() calisiyor -- bu karede 1 tespit: ['KIRMIZI_DIKDORTGEN']
QGC port check failed, reporting UNKNOWN: (pid=96785)
2026-09-01 05:46:11,147 [INFO] gz_system.main_gz: Dashboard paint loop: 0.0 FPS (main thread)
2026-09-01 05:46:11,876 [INFO] core.mission.gorev3_pickup: [SON_DUZELTME] 1/6 yanal 29.4 mm -> (kuzey +0.004, dogu -0.014)  | kanca_ofset=(-0.0896, -0.0057) arac_ned=(102.5136, -5.8377) kanca_mutlak=(102.4241, -5.8434)
QGC port check failed, reporting UNKNOWN: (pid=96785)
2026-09-01 05:46:12,954 [INFO] core.detection.vision_runtime: [VISION] detect() calisiyor -- bu karede 1 tespit: ['KIRMIZI_DIKDORTGEN']
QGC port check failed, reporting UNKNOWN: (pid=96785)
2026-09-01 05:46:14,632 [INFO] core.mission.gorev3_pickup: [SON_DUZELTME] 2/6 yanal 9.7 mm -- hedefin icinde.
2026-09-01 05:46:14,632 [INFO] core.mission.gorev3_pickup: [KANCA_DENGE] INIS ONCESI irtifa=0.926 m kanca_ofset=(-0.0894, -0.0058)
2026-09-01 05:46:14,632 [INFO] core.mission.gorev3_pickup: Hizalandi -- 0.30 m alma irtifasina SAF DIKEY iniliyor (yanal hareket yok).
2026-09-01 05:46:14,632 [INFO] core.mission.gorev3_pickup: [KANCA_IZ] t=0.00 alt=0.926 off_n=-0.0894 off_e=-0.0058 nose_z=+0.6528
2026-09-01 05:46:14,733 [INFO] core.mission.gorev3_pickup: [KANCA_IZ] t=0.10 alt=0.925 off_n=-0.0892 off_e=-0.0059 nose_z=+0.6488
2026-09-01 05:46:14,834 [INFO] core.mission.gorev3_pickup: [KANCA_IZ] t=0.20 alt=0.900 off_n=-0.0891 off_e=-0.0060 nose_z=+0.6218
2026-09-01 05:46:14,934 [INFO] core.mission.gorev3_pickup: [KANCA_IZ] t=0.30 alt=0.854 off_n=-0.0893 off_e=-0.0060 nose_z=+0.5787
2026-09-01 05:46:15,041 [INFO] core.mission.gorev3_pickup: [KANCA_IZ] t=0.41 alt=0.793 off_n=-0.0897 off_e=-0.0058 nose_z=+0.5275
2026-09-01 05:46:15,153 [INFO] core.mission.gorev3_pickup: [KANCA_IZ] t=0.52 alt=0.737 off_n=-0.0904 off_e=-0.0052 nose_z=+0.4670
2026-09-01 05:46:15,263 [INFO] core.mission.gorev3_pickup: [KANCA_IZ] t=0.63 alt=0.682 off_n=-0.0908 off_e=-0.0046 nose_z=+0.4158
2026-09-01 05:46:15,373 [INFO] core.mission.gorev3_pickup: [KANCA_IZ] t=0.74 alt=0.638 off_n=-0.0908 off_e=-0.0045 nose_z=+0.3757
2026-09-01 05:46:15,486 [INFO] core.mission.gorev3_pickup: [KANCA_IZ] t=0.85 alt=0.598 off_n=-0.0906 off_e=-0.0049 nose_z=+0.3357
2026-09-01 05:46:15,596 [INFO] core.mission.gorev3_pickup: [KANCA_IZ] t=0.96 alt=0.567 off_n=-0.0903 off_e=-0.0057 nose_z=+0.3018
2026-09-01 05:46:15,707 [INFO] core.mission.gorev3_pickup: [KANCA_IZ] t=1.07 alt=0.539 off_n=-0.0902 off_e=-0.0065 nose_z=+0.2738
2026-09-01 05:46:15,816 [INFO] core.mission.gorev3_pickup: [KANCA_IZ] t=1.18 alt=0.517 off_n=-0.0903 off_e=-0.0070 nose_z=+0.2521
2026-09-01 05:46:15,925 [INFO] core.mission.gorev3_pickup: [KANCA_IZ] t=1.29 alt=0.481 off_n=-0.0906 off_e=-0.0071 nose_z=+0.2309
2026-09-01 05:46:16,036 [INFO] core.detection.vision_runtime: [VISION] detect() calisiyor -- bu karede 1 tespit: ['KIRMIZI_DIKDORTGEN']
2026-09-01 05:46:16,036 [INFO] core.mission.gorev3_pickup: [KANCA_IZ] t=1.40 alt=0.466 off_n=-0.0908 off_e=-0.0068 nose_z=+0.2109
2026-09-01 05:46:16,146 [INFO] core.mission.gorev3_pickup: [KANCA_IZ] t=1.51 alt=0.453 off_n=-0.0908 off_e=-0.0065 nose_z=+0.1962
2026-09-01 05:46:16,171 [INFO] gz_system.main_gz: Dashboard paint loop: 0.0 FPS (main thread)
QGC port check failed, reporting UNKNOWN: (pid=96785)
2026-09-01 05:46:16,256 [INFO] core.mission.gorev3_pickup: [KANCA_IZ] t=1.62 alt=0.440 off_n=-0.0905 off_e=-0.0061 nose_z=+0.1809
2026-09-01 05:46:16,367 [INFO] core.mission.gorev3_pickup: [KANCA_IZ] t=1.73 alt=0.430 off_n=-0.0901 off_e=-0.0059 nose_z=+0.1693
2026-09-01 05:46:16,477 [INFO] core.mission.gorev3_pickup: [KANCA_IZ] t=1.84 alt=0.420 off_n=-0.0896 off_e=-0.0060 nose_z=+0.1573
2026-09-01 05:46:16,585 [INFO] core.mission.gorev3_pickup: [KANCA_IZ] t=1.95 alt=0.412 off_n=-0.0894 off_e=-0.0063 nose_z=+0.1463
2026-09-01 05:46:16,696 [INFO] core.mission.gorev3_pickup: [KANCA_IZ] t=2.06 alt=0.405 off_n=-0.0894 off_e=-0.0067 nose_z=+0.1384
2026-09-01 05:46:16,806 [INFO] core.mission.gorev3_pickup: [KANCA_IZ] t=2.17 alt=0.400 off_n=-0.0896 off_e=-0.0071 nose_z=+0.1297
2026-09-01 05:46:16,915 [INFO] core.mission.gorev3_pickup: [KANCA_IZ] t=2.28 alt=0.395 off_n=-0.0896 off_e=-0.0073 nose_z=+0.1218
2026-09-01 05:46:17,025 [INFO] core.mission.gorev3_pickup: [KANCA_IZ] t=2.39 alt=0.386 off_n=-0.0896 off_e=-0.0072 nose_z=+0.1157
2026-09-01 05:46:17,135 [INFO] core.mission.gorev3_pickup: [KANCA_IZ] t=2.50 alt=0.382 off_n=-0.0895 off_e=-0.0066 nose_z=+0.1085
2026-09-01 05:46:17,243 [INFO] core.mission.gorev3_pickup: [KANCA_IZ] t=2.61 alt=0.378 off_n=-0.0893 off_e=-0.0058 nose_z=+0.1021
2026-09-01 05:46:17,356 [INFO] core.mission.gorev3_pickup: [KANCA_IZ] t=2.72 alt=0.373 off_n=-0.0893 off_e=-0.0052 nose_z=+0.0972
2026-09-01 05:46:17,467 [INFO] core.mission.gorev3_pickup: [KANCA_IZ] t=2.83 alt=0.367 off_n=-0.0893 off_e=-0.0049 nose_z=+0.0919
2026-09-01 05:46:17,576 [INFO] core.mission.gorev3_pickup: [KANCA_IZ] t=2.94 alt=0.362 off_n=-0.0894 off_e=-0.0050 nose_z=+0.0871
2026-09-01 05:46:17,686 [INFO] core.mission.gorev3_pickup: [KANCA_IZ] t=3.05 alt=0.357 off_n=-0.0894 off_e=-0.0051 nose_z=+0.0838
2026-09-01 05:46:17,796 [INFO] core.mission.gorev3_pickup: [KANCA_IZ] t=3.16 alt=0.353 off_n=-0.0893 off_e=-0.0051 nose_z=+0.0806
2026-09-01 05:46:17,906 [INFO] core.mission.gorev3_pickup: [KANCA_IZ] t=3.27 alt=0.349 off_n=-0.0892 off_e=-0.0049 nose_z=+0.0784
2026-09-01 05:46:18,015 [INFO] core.mission.gorev3_pickup: [KANCA_IZ] t=3.38 alt=0.345 off_n=-0.0893 off_e=-0.0045 nose_z=+0.0764
2026-09-01 05:46:18,127 [INFO] core.mission.gorev3_pickup: [KANCA_IZ] t=3.49 alt=0.340 off_n=-0.0895 off_e=-0.0044 nose_z=+0.0754
QGC port check failed, reporting UNKNOWN: (pid=96785)
2026-09-01 05:46:18,236 [INFO] core.mission.gorev3_pickup: [KANCA_IZ] t=3.60 alt=0.338 off_n=-0.0880 off_e=-0.0037 nose_z=+0.0754
2026-09-01 05:46:18,347 [INFO] core.mission.gorev3_pickup: [KANCA_IZ] t=3.71 alt=0.338 off_n=-0.0872 off_e=-0.0029 nose_z=+0.0756
2026-09-01 05:46:18,457 [INFO] core.mission.gorev3_pickup: [KANCA_IZ] t=3.82 alt=0.338 off_n=-0.0867 off_e=-0.0019 nose_z=+0.0757
2026-09-01 05:46:18,567 [INFO] core.mission.gorev3_pickup: [KANCA_IZ] t=3.93 alt=0.338 off_n=-0.0864 off_e=-0.0010 nose_z=+0.0758
2026-09-01 05:46:18,677 [INFO] core.mission.gorev3_pickup: [KANCA_IZ] t=4.05 alt=0.339 off_n=-0.0860 off_e=-0.0002 nose_z=+0.0760
2026-09-01 05:46:18,787 [INFO] core.mission.gorev3_pickup: [KANCA_IZ] t=4.16 alt=0.340 off_n=-0.0856 off_e=+0.0006 nose_z=+0.0761
2026-09-01 05:46:18,897 [INFO] core.mission.gorev3_pickup: [KANCA_IZ] t=4.27 alt=0.340 off_n=-0.0852 off_e=+0.0011 nose_z=+0.0761
2026-09-01 05:46:19,007 [INFO] core.mission.gorev3_pickup: [KANCA_IZ] t=4.37 alt=0.341 off_n=-0.0848 off_e=+0.0014 nose_z=+0.0761
2026-09-01 05:46:19,118 [INFO] core.detection.vision_runtime: [VISION] detect() calisiyor -- bu karede 1 tespit: ['KIRMIZI_DIKDORTGEN']
2026-09-01 05:46:19,118 [INFO] core.mission.gorev3_pickup: [KANCA_IZ] t=4.49 alt=0.342 off_n=-0.0845 off_e=+0.0015 nose_z=+0.0760
2026-09-01 05:46:19,228 [INFO] core.mission.gorev3_pickup: [KANCA_IZ] t=4.60 alt=0.343 off_n=-0.0841 off_e=+0.0016 nose_z=+0.0760
2026-09-01 05:46:19,337 [INFO] core.mission.gorev3_pickup: [KANCA_IZ] t=4.70 alt=0.344 off_n=-0.0839 off_e=+0.0013 nose_z=+0.0760
2026-09-01 05:46:19,447 [INFO] core.mission.gorev3_pickup: [KANCA_IZ] t=4.82 alt=0.344 off_n=-0.0839 off_e=+0.0007 nose_z=+0.0759
2026-09-01 05:46:19,557 [INFO] core.mission.gorev3_pickup: [KANCA_IZ] t=4.92 alt=0.345 off_n=-0.0842 off_e=-0.0004 nose_z=+0.0759
2026-09-01 05:46:19,665 [INFO] core.mission.gorev3_pickup: [KANCA_IZ] t=5.03 alt=0.346 off_n=-0.0849 off_e=-0.0016 nose_z=+0.0758
2026-09-01 05:46:19,776 [INFO] core.mission.gorev3_pickup: [KANCA_IZ] t=5.14 alt=0.347 off_n=-0.0859 off_e=-0.0031 nose_z=+0.0756
2026-09-01 05:46:19,885 [INFO] core.mission.gorev3_pickup: [KANCA_IZ] t=5.25 alt=0.348 off_n=-0.0870 off_e=-0.0045 nose_z=+0.0755
2026-09-01 05:46:19,995 [INFO] core.mission.gorev3_pickup: [KANCA_IZ] t=5.36 alt=0.350 off_n=-0.0881 off_e=-0.0057 nose_z=+0.0754
2026-09-01 05:46:20,106 [INFO] core.mission.gorev3_pickup: [KANCA_IZ] t=5.47 alt=0.351 off_n=-0.0895 off_e=-0.0067 nose_z=+0.0752
QGC port check failed, reporting UNKNOWN: (pid=96785)
2026-09-01 05:46:20,214 [INFO] core.mission.gorev3_pickup: [KANCA_IZ] t=5.58 alt=0.351 off_n=-0.0906 off_e=-0.0073 nose_z=+0.0750
2026-09-01 05:46:20,323 [INFO] core.mission.gorev3_pickup: [KANCA_IZ] t=5.69 alt=0.349 off_n=-0.0918 off_e=-0.0076 nose_z=+0.0749
2026-09-01 05:46:20,433 [INFO] core.mission.gorev3_pickup: [KANCA_IZ] t=5.80 alt=0.346 off_n=-0.0929 off_e=-0.0071 nose_z=+0.0745
2026-09-01 05:46:20,543 [INFO] core.mission.gorev3_pickup: [KANCA_IZ] t=5.91 alt=0.344 off_n=-0.0941 off_e=-0.0064 nose_z=+0.0745
2026-09-01 05:46:20,653 [INFO] core.mission.gorev3_pickup: [KANCA_IZ] t=6.02 alt=0.342 off_n=-0.0953 off_e=-0.0053 nose_z=+0.0744
2026-09-01 05:46:20,653 [INFO] core.mission.gorev3_pickup: Yük alma mekanizması aktifleşiyor...
2026-09-01 05:46:20,653 [INFO] core.mission.gorev3_pickup: [KANCA_DENGE] INIS SONRASI irtifa=0.342 m kanca_ofset=(-0.0953, -0.0053)  ->  DEGISIM=(-5.8, +0.4) mm  |5.9 mm|
2026-09-01 05:46:20,654 [INFO] gz_system.gz_payload_actuator: [HOOK] alma denemesi 1/3
2026-09-01 05:46:20,654 [INFO] gz_system.gz_payload_actuator: [HOOK] vinc salimi: 0.372 m  (irtifa=0.342 m, guverte=0.070, zincir ofseti=0.060, pay=0.040)
2026-09-01 05:46:20,654 [INFO] gz_system.gz_payload_actuator: [HOOK] vinc -> 0.37 m
I0901 05:46:20.654679 12931847 fork_posix.cc:71] Other threads are currently calling into gRPC, skipping fork() handlers
2026-09-01 05:46:20,763 [INFO] core.mission.gorev3_pickup: [KANCA_IZ] t=6.13 alt=0.340 off_n=-0.0964 off_e=-0.0036 nose_z=+0.0745
2026-09-01 05:46:20,872 [INFO] core.mission.gorev3_pickup: [KANCA_IZ] t=6.24 alt=0.338 off_n=-0.0973 off_e=-0.0015 nose_z=+0.0745
2026-09-01 05:46:20,982 [INFO] core.mission.gorev3_pickup: [KANCA_IZ] t=6.35 alt=0.336 off_n=-0.0982 off_e=+0.0011 nose_z=+0.0745
2026-09-01 05:46:21,093 [INFO] core.mission.gorev3_pickup: [KANCA_IZ] t=6.46 alt=0.335 off_n=-0.0988 off_e=+0.0032 nose_z=+0.0746
2026-09-01 05:46:21,202 [INFO] core.mission.gorev3_pickup: [KANCA_IZ] t=6.57 alt=0.333 off_n=-0.0992 off_e=+0.0055 nose_z=+0.0746
2026-09-01 05:46:21,206 [INFO] gz_system.main_gz: Dashboard paint loop: 0.0 FPS (main thread)
2026-09-01 05:46:21,311 [INFO] core.mission.gorev3_pickup: [KANCA_IZ] t=6.68 alt=0.331 off_n=-0.0993 off_e=+0.0076 nose_z=+0.0747
2026-09-01 05:46:21,421 [INFO] core.mission.gorev3_pickup: [KANCA_IZ] t=6.79 alt=0.330 off_n=-0.0993 off_e=+0.0094 nose_z=+0.0748
2026-09-01 05:46:21,530 [INFO] core.mission.gorev3_pickup: [KANCA_IZ] t=6.90 alt=0.330 off_n=-0.0991 off_e=+0.0115 nose_z=+0.0749
2026-09-01 05:46:21,624 [INFO] gz_system.gz_payload_actuator: [HOOK] APPROACHING  lat=  34.7mm ins=   +1.0mm tilt= 14.1deg v=  infm/s age=0.01s  [lateral(34.7mm>10.2mm), rel_speed(inf>0.05m/s)]
2026-09-01 05:46:21,638 [INFO] core.mission.gorev3_pickup: [KANCA_IZ] t=7.01 alt=0.330 off_n=-0.0989 off_e=+0.0132 nose_z=+0.0750
2026-09-01 05:46:21,748 [INFO] core.mission.gorev3_pickup: [KANCA_IZ] t=7.12 alt=0.331 off_n=-0.0982 off_e=+0.0172 nose_z=+0.0732
2026-09-01 05:46:21,857 [INFO] core.mission.gorev3_pickup: [KANCA_IZ] t=7.23 alt=0.334 off_n=-0.0981 off_e=+0.0183 nose_z=+0.0730
2026-09-01 05:46:21,966 [INFO] core.mission.gorev3_pickup: [KANCA_IZ] t=7.33 alt=0.336 off_n=-0.0982 off_e=+0.0194 nose_z=+0.0731
2026-09-01 05:46:22,076 [INFO] core.mission.gorev3_pickup: [KANCA_IZ] t=7.44 alt=0.339 off_n=-0.0986 off_e=+0.0208 nose_z=+0.0733
2026-09-01 05:46:22,185 [INFO] core.detection.vision_runtime: [VISION] detect() calisiyor -- bu karede 1 tespit: ['KIRMIZI_DIKDORTGEN']
2026-09-01 05:46:22,186 [INFO] core.mission.gorev3_pickup: [KANCA_IZ] t=7.55 alt=0.341 off_n=-0.0991 off_e=+0.0219 nose_z=+0.0733
QGC port check failed, reporting UNKNOWN: (pid=96785)
2026-09-01 05:46:22,294 [INFO] core.mission.gorev3_pickup: [KANCA_IZ] t=7.66 alt=0.343 off_n=-0.0998 off_e=+0.0225 nose_z=+0.0734
2026-09-01 05:46:22,404 [INFO] core.mission.gorev3_pickup: [KANCA_IZ] t=7.77 alt=0.344 off_n=-0.1005 off_e=+0.0227 nose_z=+0.0734
2026-09-01 05:46:22,513 [INFO] core.mission.gorev3_pickup: [KANCA_IZ] t=7.88 alt=0.346 off_n=-0.1014 off_e=+0.0222 nose_z=+0.0734
2026-09-01 05:46:22,622 [INFO] core.mission.gorev3_pickup: [KANCA_IZ] t=7.99 alt=0.346 off_n=-0.1020 off_e=+0.0214 nose_z=+0.0733
2026-09-01 05:46:22,674 [INFO] gz_system.gz_payload_actuator: [HOOK] APPROACHING  lat=  36.5mm ins=   +2.7mm tilt= 23.5deg v=0.008m/s age=0.02s  [lateral(36.5mm>10.2mm), tilt(23.5deg>15.0deg)]
2026-09-01 05:46:22,733 [INFO] core.mission.gorev3_pickup: [KANCA_IZ] t=8.10 alt=0.344 off_n=-0.1027 off_e=+0.0199 nose_z=+0.0732
2026-09-01 05:46:22,844 [INFO] core.mission.gorev3_pickup: [KANCA_IZ] t=8.21 alt=0.342 off_n=-0.1035 off_e=+0.0178 nose_z=+0.0731
2026-09-01 05:46:22,954 [INFO] core.mission.gorev3_pickup: [KANCA_IZ] t=8.32 alt=0.340 off_n=-0.1042 off_e=+0.0158 nose_z=+0.0730
2026-09-01 05:46:23,063 [INFO] core.mission.gorev3_pickup: [KANCA_IZ] t=8.43 alt=0.337 off_n=-0.1048 off_e=+0.0133 nose_z=+0.0729
2026-09-01 05:46:23,173 [INFO] core.mission.gorev3_pickup: [KANCA_IZ] t=8.54 alt=0.335 off_n=-0.1050 off_e=+0.0110 nose_z=+0.0728
2026-09-01 05:46:23,281 [INFO] core.mission.gorev3_pickup: [KANCA_IZ] t=8.65 alt=0.332 off_n=-0.1050 off_e=+0.0091 nose_z=+0.0728
2026-09-01 05:46:23,392 [INFO] core.mission.gorev3_pickup: [KANCA_IZ] t=8.76 alt=0.330 off_n=-0.1050 off_e=+0.0074 nose_z=+0.0727
2026-09-01 05:46:23,501 [INFO] core.mission.gorev3_pickup: [KANCA_IZ] t=8.87 alt=0.328 off_n=-0.1050 off_e=+0.0061 nose_z=+0.0727
2026-09-01 05:46:23,611 [INFO] core.mission.gorev3_pickup: [KANCA_IZ] t=8.98 alt=0.327 off_n=-0.1049 off_e=+0.0054 nose_z=+0.0728
2026-09-01 05:46:23,719 [INFO] core.mission.gorev3_pickup: [KANCA_IZ] t=9.09 alt=0.327 off_n=-0.1049 off_e=+0.0050 nose_z=+0.0728
2026-09-01 05:46:23,720 [INFO] gz_system.gz_payload_actuator: [HOOK] APPROACHING  lat=  36.4mm ins=   +3.2mm tilt= 27.9deg v=0.006m/s age=0.01s  [lateral(36.4mm>10.2mm), tilt(27.9deg>15.0deg)]
2026-09-01 05:46:23,829 [INFO] core.mission.gorev3_pickup: [KANCA_IZ] t=9.20 alt=0.326 off_n=-0.1048 off_e=+0.0050 nose_z=+0.0729
2026-09-01 05:46:23,939 [INFO] core.mission.gorev3_pickup: [KANCA_IZ] t=9.31 alt=0.326 off_n=-0.1046 off_e=+0.0053 nose_z=+0.0730
2026-09-01 05:46:24,048 [INFO] core.mission.gorev3_pickup: [KANCA_IZ] t=9.42 alt=0.325 off_n=-0.1044 off_e=+0.0057 nose_z=+0.0731
2026-09-01 05:46:24,158 [INFO] core.mission.gorev3_pickup: [KANCA_IZ] t=9.53 alt=0.326 off_n=-0.1044 off_e=+0.0060 nose_z=+0.0732
QGC port check failed, reporting UNKNOWN: (pid=96785)
2026-09-01 05:46:24,268 [INFO] core.mission.gorev3_pickup: [KANCA_IZ] t=9.64 alt=0.326 off_n=-0.1045 off_e=+0.0064 nose_z=+0.0733
2026-09-01 05:46:24,378 [INFO] core.mission.gorev3_pickup: [KANCA_IZ] t=9.75 alt=0.327 off_n=-0.1045 off_e=+0.0066 nose_z=+0.0734
2026-09-01 05:46:24,489 [INFO] core.mission.gorev3_pickup: [KANCA_IZ] t=9.86 alt=0.329 off_n=-0.1046 off_e=+0.0069 nose_z=+0.0735
2026-09-01 05:46:24,599 [INFO] core.mission.gorev3_pickup: [KANCA_IZ] t=9.97 alt=0.330 off_n=-0.1047 off_e=+0.0069 nose_z=+0.0736
2026-09-01 05:46:24,709 [INFO] core.mission.gorev3_pickup: [KANCA_IZ] t=10.08 alt=0.331 off_n=-0.1048 off_e=+0.0068 nose_z=+0.0737
2026-09-01 05:46:24,761 [INFO] gz_system.gz_payload_actuator: [HOOK] APPROACHING  lat=  36.8mm ins=   +2.3mm tilt= 20.0deg v=0.006m/s age=0.01s  [lateral(36.8mm>10.2mm), tilt(20.0deg>15.0deg)]
2026-09-01 05:46:24,818 [INFO] core.mission.gorev3_pickup: [KANCA_IZ] t=10.19 alt=0.332 off_n=-0.1052 off_e=+0.0066 nose_z=+0.0737
2026-09-01 05:46:24,927 [INFO] core.mission.gorev3_pickup: [KANCA_IZ] t=10.29 alt=0.333 off_n=-0.1058 off_e=+0.0064 nose_z=+0.0738
2026-09-01 05:46:25,037 [INFO] core.mission.gorev3_pickup: [KANCA_IZ] t=10.40 alt=0.333 off_n=-0.1066 off_e=+0.0060 nose_z=+0.0738
2026-09-01 05:46:25,147 [INFO] core.mission.gorev3_pickup: [KANCA_IZ] t=10.51 alt=0.333 off_n=-0.1080 off_e=+0.0056 nose_z=+0.0739
2026-09-01 05:46:25,255 [INFO] core.detection.vision_runtime: [VISION] detect() calisiyor -- bu karede 1 tespit: ['KIRMIZI_DIKDORTGEN']
2026-09-01 05:46:25,255 [INFO] core.mission.gorev3_pickup: [KANCA_IZ] t=10.62 alt=0.333 off_n=-0.1096 off_e=+0.0053 nose_z=+0.0739
2026-09-01 05:46:25,366 [INFO] core.mission.gorev3_pickup: [KANCA_IZ] t=10.73 alt=0.333 off_n=-0.1120 off_e=+0.0053 nose_z=+0.0735
2026-09-01 05:46:25,477 [INFO] core.mission.gorev3_pickup: [KANCA_IZ] t=10.84 alt=0.333 off_n=-0.1146 off_e=+0.0050 nose_z=+0.0737
2026-09-01 05:46:25,585 [INFO] core.mission.gorev3_pickup: [KANCA_IZ] t=10.95 alt=0.332 off_n=-0.1172 off_e=+0.0046 nose_z=+0.0739
2026-09-01 05:46:25,695 [INFO] core.mission.gorev3_pickup: [KANCA_IZ] t=11.06 alt=0.331 off_n=-0.1207 off_e=+0.0041 nose_z=+0.0741
2026-09-01 05:46:25,807 [INFO] core.mission.gorev3_pickup: [KANCA_IZ] t=11.17 alt=0.330 off_n=-0.1236 off_e=+0.0037 nose_z=+0.0743
2026-09-01 05:46:25,807 [INFO] gz_system.gz_payload_actuator: [HOOK] APPROACHING  lat=  37.0mm ins=   +1.6mm tilt= 14.8deg v=0.009m/s age=0.03s  [lateral(37.0mm>10.2mm)]
2026-09-01 05:46:25,917 [INFO] core.mission.gorev3_pickup: [KANCA_IZ] t=11.28 alt=0.329 off_n=-0.1272 off_e=+0.0032 nose_z=+0.0746
2026-09-01 05:46:26,026 [INFO] core.mission.gorev3_pickup: [KANCA_IZ] t=11.39 alt=0.329 off_n=-0.1308 off_e=+0.0026 nose_z=+0.0750
2026-09-01 05:46:26,135 [INFO] core.mission.gorev3_pickup: [KANCA_IZ] t=11.50 alt=0.331 off_n=-0.1336 off_e=+0.0022 nose_z=+0.0753
QGC port check failed, reporting UNKNOWN: (pid=96785)
2026-09-01 05:46:26,243 [INFO] gz_system.main_gz: Dashboard paint loop: 0.0 FPS (main thread)
2026-09-01 05:46:26,245 [INFO] core.mission.gorev3_pickup: [KANCA_IZ] t=11.61 alt=0.333 off_n=-0.1368 off_e=+0.0019 nose_z=+0.0758
2026-09-01 05:46:26,355 [INFO] core.mission.gorev3_pickup: [KANCA_IZ] t=11.72 alt=0.335 off_n=-0.1397 off_e=+0.0017 nose_z=+0.0762
2026-09-01 05:46:26,466 [INFO] core.mission.gorev3_pickup: [KANCA_IZ] t=11.83 alt=0.337 off_n=-0.1419 off_e=+0.0019 nose_z=+0.0765
2026-09-01 05:46:26,575 [INFO] core.mission.gorev3_pickup: [KANCA_IZ] t=11.94 alt=0.339 off_n=-0.1442 off_e=+0.0025 nose_z=+0.0768
2026-09-01 05:46:26,683 [INFO] core.mission.gorev3_pickup: [KANCA_IZ] t=12.05 alt=0.339 off_n=-0.1459 off_e=+0.0035 nose_z=+0.0770
2026-09-01 05:46:26,792 [INFO] core.mission.gorev3_pickup: [KANCA_IZ] t=12.16 alt=0.340 off_n=-0.1468 off_e=+0.0048 nose_z=+0.0772
2026-09-01 05:46:26,844 [INFO] gz_system.gz_payload_actuator: [HOOK] APPROACHING  lat=  37.4mm ins=   -1.3mm tilt= 16.6deg v=0.008m/s age=0.01s  [lateral(37.4mm>10.2mm), tilt(16.6deg>15.0deg)]
2026-09-01 05:46:26,902 [INFO] core.mission.gorev3_pickup: [KANCA_IZ] t=12.27 alt=0.339 off_n=-0.1473 off_e=+0.0066 nose_z=+0.0774
2026-09-01 05:46:27,011 [INFO] core.mission.gorev3_pickup: [KANCA_IZ] t=12.38 alt=0.340 off_n=-0.1472 off_e=+0.0083 nose_z=+0.0775
2026-09-01 05:46:27,120 [INFO] core.mission.gorev3_pickup: [KANCA_IZ] t=12.49 alt=0.343 off_n=-0.1465 off_e=+0.0103 nose_z=+0.0775
2026-09-01 05:46:27,230 [INFO] core.mission.gorev3_pickup: [KANCA_IZ] t=12.60 alt=0.345 off_n=-0.1451 off_e=+0.0127 nose_z=+0.0771
2026-09-01 05:46:27,339 [INFO] core.mission.gorev3_pickup: [KANCA_IZ] t=12.71 alt=0.346 off_n=-0.1434 off_e=+0.0140 nose_z=+0.0770
2026-09-01 05:46:27,450 [INFO] core.mission.gorev3_pickup: [KANCA_IZ] t=12.82 alt=0.347 off_n=-0.1409 off_e=+0.0153 nose_z=+0.0769
2026-09-01 05:46:27,560 [INFO] core.mission.gorev3_pickup: [KANCA_IZ] t=12.93 alt=0.348 off_n=-0.1379 off_e=+0.0163 nose_z=+0.0766
2026-09-01 05:46:27,668 [INFO] core.mission.gorev3_pickup: [KANCA_IZ] t=13.04 alt=0.349 off_n=-0.1349 off_e=+0.0169 nose_z=+0.0763
2026-09-01 05:46:27,779 [INFO] core.mission.gorev3_pickup: [KANCA_IZ] t=13.15 alt=0.350 off_n=-0.1312 off_e=+0.0172 nose_z=+0.0758
2026-09-01 05:46:27,888 [INFO] core.mission.gorev3_pickup: [KANCA_IZ] t=13.26 alt=0.351 off_n=-0.1270 off_e=+0.0174 nose_z=+0.0753
2026-09-01 05:46:27,888 [INFO] gz_system.gz_payload_actuator: [HOOK] APPROACHING  lat=  37.7mm ins=   +0.6mm tilt= 21.2deg v=0.025m/s age=0.01s  [lateral(37.7mm>10.2mm), tilt(21.2deg>15.0deg)]
2026-09-01 05:46:27,998 [INFO] core.mission.gorev3_pickup: [KANCA_IZ] t=13.37 alt=0.353 off_n=-0.1233 off_e=+0.0174 nose_z=+0.0748
2026-09-01 05:46:28,107 [INFO] core.mission.gorev3_pickup: [KANCA_IZ] t=13.47 alt=0.354 off_n=-0.1186 off_e=+0.0172 nose_z=+0.0742
QGC port check failed, reporting UNKNOWN: (pid=96785)
2026-09-01 05:46:28,216 [INFO] core.mission.gorev3_pickup: [KANCA_IZ] t=13.58 alt=0.354 off_n=-0.1146 off_e=+0.0171 nose_z=+0.0729
2026-09-01 05:46:28,326 [INFO] core.detection.vision_runtime: [VISION] detect() calisiyor -- bu karede 1 tespit: ['KIRMIZI_DIKDORTGEN']
2026-09-01 05:46:28,326 [INFO] core.mission.gorev3_pickup: [KANCA_IZ] t=13.69 alt=0.353 off_n=-0.1114 off_e=+0.0165 nose_z=+0.0726
2026-09-01 05:46:28,435 [INFO] core.mission.gorev3_pickup: [KANCA_IZ] t=13.80 alt=0.353 off_n=-0.1081 off_e=+0.0154 nose_z=+0.0723
2026-09-01 05:46:28,544 [INFO] core.mission.gorev3_pickup: [KANCA_IZ] t=13.91 alt=0.352 off_n=-0.1060 off_e=+0.0144 nose_z=+0.0720
2026-09-01 05:46:28,653 [INFO] core.mission.gorev3_pickup: [KANCA_IZ] t=14.02 alt=0.352 off_n=-0.1042 off_e=+0.0130 nose_z=+0.0718
2026-09-01 05:46:28,762 [INFO] core.mission.gorev3_pickup: [KANCA_IZ] t=14.13 alt=0.351 off_n=-0.1032 off_e=+0.0118 nose_z=+0.0715
2026-09-01 05:46:28,872 [INFO] core.mission.gorev3_pickup: [KANCA_IZ] t=14.24 alt=0.350 off_n=-0.1023 off_e=+0.0104 nose_z=+0.0713
2026-09-01 05:46:28,922 [INFO] gz_system.gz_payload_actuator: [HOOK] APPROACHING  lat=  36.7mm ins=   +4.8mm tilt= 36.6deg v=0.018m/s age=0.01s  [lateral(36.7mm>10.2mm), tilt(36.6deg>15.0deg)]
2026-09-01 05:46:28,980 [INFO] core.mission.gorev3_pickup: [KANCA_IZ] t=14.35 alt=0.349 off_n=-0.1013 off_e=+0.0091 nose_z=+0.0706
2026-09-01 05:46:29,091 [INFO] core.mission.gorev3_pickup: [KANCA_IZ] t=14.46 alt=0.349 off_n=-0.1008 off_e=+0.0080 nose_z=+0.0705
2026-09-01 05:46:29,202 [INFO] core.mission.gorev3_pickup: [KANCA_IZ] t=14.57 alt=0.348 off_n=-0.1001 off_e=+0.0067 nose_z=+0.0704
2026-09-01 05:46:29,311 [INFO] core.mission.gorev3_pickup: [KANCA_IZ] t=14.68 alt=0.347 off_n=-0.0992 off_e=+0.0054 nose_z=+0.0703
2026-09-01 05:46:29,419 [INFO] core.mission.gorev3_pickup: [KANCA_IZ] t=14.79 alt=0.345 off_n=-0.0983 off_e=+0.0041 nose_z=+0.0701
2026-09-01 05:46:29,528 [INFO] core.mission.gorev3_pickup: [KANCA_IZ] t=14.90 alt=0.344 off_n=-0.0968 off_e=+0.0023 nose_z=+0.0699
2026-09-01 05:46:29,638 [INFO] core.mission.gorev3_pickup: [KANCA_IZ] t=15.01 alt=0.342 off_n=-0.0955 off_e=+0.0005 nose_z=+0.0697
2026-09-01 05:46:29,747 [INFO] core.mission.gorev3_pickup: [KANCA_IZ] t=15.12 alt=0.340 off_n=-0.0939 off_e=-0.0021 nose_z=+0.0695
2026-09-01 05:46:29,856 [INFO] core.mission.gorev3_pickup: [KANCA_IZ] t=15.22 alt=0.338 off_n=-0.0924 off_e=-0.0052 nose_z=+0.0693
2026-09-01 05:46:29,966 [INFO] core.mission.gorev3_pickup: [KANCA_IZ] t=15.33 alt=0.336 off_n=-0.0914 off_e=-0.0080 nose_z=+0.0691
2026-09-01 05:46:29,966 [INFO] gz_system.gz_payload_actuator: [HOOK] APPROACHING  lat=  35.6mm ins=   +6.9mm tilt= 51.1deg v=0.015m/s age=0.02s  [lateral(35.6mm>10.2mm), tilt(51.1deg>15.0deg)]
2026-09-01 05:46:30,075 [INFO] core.mission.gorev3_pickup: [KANCA_IZ] t=15.44 alt=0.334 off_n=-0.0906 off_e=-0.0119 nose_z=+0.0689
2026-09-01 05:46:30,183 [INFO] core.mission.gorev3_pickup: [KANCA_IZ] t=15.55 alt=0.332 off_n=-0.0905 off_e=-0.0162 nose_z=+0.0687
QGC port check failed, reporting UNKNOWN: (pid=96785)
2026-09-01 05:46:30,295 [INFO] core.mission.gorev3_pickup: [KANCA_IZ] t=15.66 alt=0.330 off_n=-0.0908 off_e=-0.0202 nose_z=+0.0686
2026-09-01 05:46:30,404 [INFO] core.mission.gorev3_pickup: [KANCA_IZ] t=15.77 alt=0.329 off_n=-0.0918 off_e=-0.0252 nose_z=+0.0684
2026-09-01 05:46:30,514 [INFO] core.mission.gorev3_pickup: [KANCA_IZ] t=15.88 alt=0.328 off_n=-0.0931 off_e=-0.0296 nose_z=+0.0676
2026-09-01 05:46:30,623 [INFO] core.mission.gorev3_pickup: [KANCA_IZ] t=15.99 alt=0.326 off_n=-0.0952 off_e=-0.0348 nose_z=+0.0675
2026-09-01 05:46:30,732 [INFO] core.mission.gorev3_pickup: [KANCA_IZ] t=16.10 alt=0.326 off_n=-0.0973 off_e=-0.0391 nose_z=+0.0672
2026-09-01 05:46:30,840 [INFO] core.mission.gorev3_pickup: [KANCA_IZ] t=16.21 alt=0.326 off_n=-0.1001 off_e=-0.0428 nose_z=+0.0653
2026-09-01 05:46:30,949 [INFO] core.mission.gorev3_pickup: [KANCA_IZ] t=16.32 alt=0.326 off_n=-0.1032 off_e=-0.0357 nose_z=+0.0158
2026-09-01 05:46:31,000 [INFO] gz_system.gz_payload_actuator: [HOOK] APPROACHING  lat=  45.7mm ins=  +62.7mm tilt= 39.1deg v=0.225m/s age=0.01s  [lateral(45.7mm>10.2mm), too_deep(+62.7mm>+19.9mm), tilt(39.1deg>15.0deg), rel_speed(0.225>0.05m/s)]
2026-09-01 05:46:31,059 [INFO] core.mission.gorev3_pickup: [KANCA_IZ] t=16.43 alt=0.325 off_n=-0.1059 off_e=-0.0364 nose_z=+0.0133
2026-09-01 05:46:31,169 [INFO] core.mission.gorev3_pickup: [KANCA_IZ] t=16.54 alt=0.324 off_n=-0.1091 off_e=-0.0405 nose_z=+0.0137
2026-09-01 05:46:31,245 [INFO] gz_system.main_gz: Dashboard paint loop: 0.0 FPS (main thread)
2026-09-01 05:46:31,277 [INFO] core.mission.gorev3_pickup: [KANCA_IZ] t=16.65 alt=0.323 off_n=-0.1123 off_e=-0.0454 nose_z=+0.0140
2026-09-01 05:46:31,386 [INFO] core.detection.vision_runtime: [VISION] detect() calisiyor -- bu karede 0 tespit: []
2026-09-01 05:46:31,386 [INFO] core.mission.gorev3_pickup: [KANCA_IZ] t=16.75 alt=0.322 off_n=-0.1151 off_e=-0.0496 nose_z=+0.0143
2026-09-01 05:46:31,495 [INFO] core.mission.gorev3_pickup: [KANCA_IZ] t=16.86 alt=0.320 off_n=-0.1182 off_e=-0.0542 nose_z=+0.0145
2026-09-01 05:46:31,602 [INFO] core.mission.gorev3_pickup: [KANCA_IZ] t=16.97 alt=0.319 off_n=-0.1214 off_e=-0.0584 nose_z=+0.0148
2026-09-01 05:46:31,712 [INFO] core.mission.gorev3_pickup: [KANCA_IZ] t=17.08 alt=0.317 off_n=-0.1236 off_e=-0.0609 nose_z=+0.0149
2026-09-01 05:46:31,820 [INFO] core.mission.gorev3_pickup: [KANCA_IZ] t=17.19 alt=0.317 off_n=-0.1260 off_e=-0.0632 nose_z=+0.0150
2026-09-01 05:46:31,928 [INFO] core.mission.gorev3_pickup: [KANCA_IZ] t=17.30 alt=0.317 off_n=-0.1276 off_e=-0.0643 nose_z=+0.0150
2026-09-01 05:46:32,038 [INFO] core.mission.gorev3_pickup: [KANCA_IZ] t=17.41 alt=0.317 off_n=-0.1290 off_e=-0.0648 nose_z=+0.0150
2026-09-01 05:46:32,038 [INFO] gz_system.gz_payload_actuator: [HOOK] APPROACHING  lat=  46.2mm ins=  +61.0mm tilt= 44.5deg v=0.017m/s age=0.02s  [lateral(46.2mm>10.2mm), too_deep(+61.0mm>+19.9mm), tilt(44.5deg>15.0deg)]
2026-09-01 05:46:32,146 [INFO] core.mission.gorev3_pickup: [KANCA_IZ] t=17.51 alt=0.316 off_n=-0.1297 off_e=-0.0646 nose_z=+0.0150
QGC port check failed, reporting UNKNOWN: (pid=96785)
2026-09-01 05:46:32,254 [INFO] core.mission.gorev3_pickup: [KANCA_IZ] t=17.62 alt=0.316 off_n=-0.1300 off_e=-0.0636 nose_z=+0.0149
2026-09-01 05:46:32,361 [INFO] core.mission.gorev3_pickup: [KANCA_IZ] t=17.73 alt=0.316 off_n=-0.1298 off_e=-0.0621 nose_z=+0.0148
2026-09-01 05:46:32,470 [INFO] core.mission.gorev3_pickup: [KANCA_IZ] t=17.84 alt=0.316 off_n=-0.1293 off_e=-0.0603 nose_z=+0.0146
2026-09-01 05:46:32,579 [INFO] core.mission.gorev3_pickup: [KANCA_IZ] t=17.95 alt=0.316 off_n=-0.1283 off_e=-0.0576 nose_z=+0.0144
2026-09-01 05:46:32,688 [INFO] core.mission.gorev3_pickup: [KANCA_IZ] t=18.06 alt=0.317 off_n=-0.1274 off_e=-0.0551 nose_z=+0.0143
2026-09-01 05:46:32,798 [INFO] core.mission.gorev3_pickup: [KANCA_IZ] t=18.17 alt=0.317 off_n=-0.1264 off_e=-0.0520 nose_z=+0.0141
2026-09-01 05:46:32,908 [INFO] core.mission.gorev3_pickup: [KANCA_IZ] t=18.28 alt=0.318 off_n=-0.1253 off_e=-0.0486 nose_z=+0.0138
2026-09-01 05:46:33,017 [INFO] core.mission.gorev3_pickup: [KANCA_IZ] t=18.38 alt=0.320 off_n=-0.1243 off_e=-0.0452 nose_z=+0.0136
2026-09-01 05:46:33,068 [INFO] gz_system.gz_payload_actuator: [HOOK] APPROACHING  lat=  45.1mm ins=  +62.5mm tilt= 35.0deg v=0.018m/s age=0.01s  [lateral(45.1mm>10.2mm), too_deep(+62.5mm>+19.9mm), tilt(35.0deg>15.0deg)]
2026-09-01 05:46:33,125 [INFO] core.mission.gorev3_pickup: [KANCA_IZ] t=18.49 alt=0.323 off_n=-0.1235 off_e=-0.0424 nose_z=+0.0134
2026-09-01 05:46:33,235 [INFO] core.mission.gorev3_pickup: [KANCA_IZ] t=18.60 alt=0.326 off_n=-0.1227 off_e=-0.0390 nose_z=+0.0132
2026-09-01 05:46:33,344 [INFO] core.mission.gorev3_pickup: [KANCA_IZ] t=18.71 alt=0.328 off_n=-0.1220 off_e=-0.0356 nose_z=+0.0131
2026-09-01 05:46:33,452 [INFO] core.mission.gorev3_pickup: [KANCA_IZ] t=18.82 alt=0.330 off_n=-0.1213 off_e=-0.0322 nose_z=+0.0130
2026-09-01 05:46:33,561 [INFO] core.mission.gorev3_pickup: [KANCA_IZ] t=18.93 alt=0.331 off_n=-0.1206 off_e=-0.0293 nose_z=+0.0129
2026-09-01 05:46:33,670 [INFO] core.mission.gorev3_pickup: [KANCA_IZ] t=19.04 alt=0.333 off_n=-0.1198 off_e=-0.0260 nose_z=+0.0129
2026-09-01 05:46:33,670 [INFO] gz_system.gz_payload_actuator: [KANCA_DENGE] oturma penceresi ortalama kanca_ofset=(-0.1138, -0.0068)  (221 ornek)
2026-09-01 05:46:33,670 [WARNING] gz_system.gz_payload_actuator: [HOOK] OTURMADI (12.0 s). En iyi ESZAMANLI ornek: lat=  37.0mm ins=   +1.6mm tilt= 14.8deg v=0.009m/s age=0.03s (1 kapi ihlali). CAPTURE_CANDIDATE ornegi: 0/221. Kapi retleri: lateral=221, tilt=205, too_deep=51, rel_speed=7. Sinirlar: yanal<=10.2 mm, dwell 0.30 s.
2026-09-01 05:46:33,670 [WARNING] gz_system.gz_payload_actuator: [HOOK] oturma dogrulanmadi (12.0s) -- /hook/attach YAYINLANMADI, vinc cekiliyor, tekrar denenecek
2026-09-01 05:46:33,670 [INFO] gz_system.gz_payload_actuator: [HOOK] vinc -> 0.00 m
I0901 05:46:33.671194 12931847 fork_posix.cc:71] Other threads are currently calling into gRPC, skipping fork() handlers
2026-09-01 05:46:33,778 [INFO] core.mission.gorev3_pickup: [KANCA_IZ] t=19.15 alt=0.334 off_n=-0.1191 off_e=-0.0233 nose_z=+0.0129
2026-09-01 05:46:33,886 [INFO] core.mission.gorev3_pickup: [KANCA_IZ] t=19.25 alt=0.335 off_n=-0.1183 off_e=-0.0201 nose_z=+0.0130
2026-09-01 05:46:33,995 [INFO] core.mission.gorev3_pickup: [KANCA_IZ] t=19.36 alt=0.336 off_n=-0.1176 off_e=-0.0174 nose_z=+0.0131
2026-09-01 05:46:34,103 [INFO] core.mission.gorev3_pickup: [KANCA_IZ] t=19.47 alt=0.337 off_n=-0.1165 off_e=-0.0144 nose_z=+0.0130
2026-09-01 05:46:34,211 [INFO] core.mission.gorev3_pickup: [KANCA_IZ] t=19.58 alt=0.337 off_n=-0.1155 off_e=-0.0122 nose_z=+0.0132
QGC port check failed, reporting UNKNOWN: (pid=96785)
2026-09-01 05:46:34,318 [INFO] core.mission.gorev3_pickup: [KANCA_IZ] t=19.69 alt=0.338 off_n=-0.1141 off_e=-0.0099 nose_z=+0.0134
2026-09-01 05:46:34,426 [INFO] core.detection.vision_runtime: [VISION] detect() calisiyor -- bu karede 0 tespit: []
2026-09-01 05:46:34,426 [INFO] core.mission.gorev3_pickup: [KANCA_IZ] t=19.79 alt=0.337 off_n=-0.1126 off_e=-0.0084 nose_z=+0.0135
2026-09-01 05:46:34,534 [INFO] core.mission.gorev3_pickup: [KANCA_IZ] t=19.90 alt=0.336 off_n=-0.1107 off_e=-0.0069 nose_z=+0.0137
2026-09-01 05:46:34,643 [INFO] core.mission.gorev3_pickup: [KANCA_IZ] t=20.01 alt=0.334 off_n=-0.1088 off_e=-0.0060 nose_z=+0.0138
2026-09-01 05:46:34,751 [INFO] core.mission.gorev3_pickup: [KANCA_IZ] t=20.12 alt=0.331 off_n=-0.1033 off_e=-0.0109 nose_z=+0.1153
2026-09-01 05:46:34,867 [INFO] core.mission.gorev3_pickup: [KANCA_IZ] t=20.24 alt=0.326 off_n=-0.0756 off_e=-0.0135 nose_z=+0.2098
2026-09-01 05:46:34,978 [INFO] core.mission.gorev3_pickup: [KANCA_IZ] t=20.35 alt=0.322 off_n=+0.0041 off_e=-0.0674 nose_z=+0.3018
2026-09-01 05:46:35,086 [INFO] core.mission.gorev3_pickup: [KANCA_IZ] t=20.45 alt=0.317 off_n=-0.0297 off_e=-0.1421 nose_z=+0.3975
2026-09-01 05:46:35,194 [INFO] core.mission.gorev3_pickup: [KANCA_IZ] t=20.56 alt=0.314 off_n=-0.0720 off_e=-0.1517 nose_z=+0.3937
2026-09-01 05:46:35,302 [INFO] core.mission.gorev3_pickup: [KANCA_IZ] t=20.67 alt=0.312 off_n=-0.1045 off_e=-0.1099 nose_z=+0.3417
2026-09-01 05:46:35,412 [INFO] core.mission.gorev3_pickup: [KANCA_IZ] t=20.78 alt=0.311 off_n=-0.1176 off_e=-0.0054 nose_z=+0.3072
2026-09-01 05:46:35,520 [INFO] core.mission.gorev3_pickup: [KANCA_IZ] t=20.89 alt=0.309 off_n=-0.1070 off_e=+0.0806 nose_z=+0.3258
2026-09-01 05:46:35,629 [INFO] core.mission.gorev3_pickup: [KANCA_IZ] t=21.00 alt=0.309 off_n=-0.0908 off_e=+0.0978 nose_z=+0.3347
2026-09-01 05:46:35,630 [INFO] core.mission.gorev3_pickup: [YENIDEN_HIZA] deneme 2 oncesi, kanca havada -- duzeltme yeniden kosuluyor
2026-09-01 05:46:35,630 [INFO] core.mission.gorev3_pickup: [SON_DUZELTME] 1/6 yanal 134.9 mm -> (kuzey +0.004, dogu -0.067)  | kanca_ofset=(-0.0908, +0.0978) arac_ned=(102.5145, -5.8346) kanca_mutlak=(102.4237, -5.7369)
2026-09-01 05:46:35,739 [INFO] core.mission.gorev3_pickup: [KANCA_IZ] t=21.11 alt=0.309 off_n=-0.0748 off_e=+0.0590 nose_z=+0.3212
2026-09-01 05:46:35,848 [INFO] core.mission.gorev3_pickup: [KANCA_IZ] t=21.22 alt=0.310 off_n=-0.0705 off_e=-0.0024 nose_z=+0.3134
2026-09-01 05:46:35,958 [INFO] core.mission.gorev3_pickup: [KANCA_IZ] t=21.33 alt=0.311 off_n=-0.0779 off_e=-0.0666 nose_z=+0.3218
2026-09-01 05:46:36,068 [INFO] core.mission.gorev3_pickup: [KANCA_IZ] t=21.44 alt=0.312 off_n=-0.0891 off_e=-0.0825 nose_z=+0.3267
2026-09-01 05:46:36,178 [INFO] core.mission.gorev3_pickup: [KANCA_IZ] t=21.55 alt=0.312 off_n=-0.1001 off_e=-0.0548 nose_z=+0.3194
QGC port check failed, reporting UNKNOWN: (pid=96785)
2026-09-01 05:46:36,276 [INFO] gz_system.main_gz: Dashboard paint loop: 0.0 FPS (main thread)
2026-09-01 05:46:36,288 [INFO] core.mission.gorev3_pickup: [KANCA_IZ] t=21.66 alt=0.312 off_n=-0.1026 off_e=-0.0093 nose_z=+0.3148
2026-09-01 05:46:36,400 [INFO] core.mission.gorev3_pickup: [KANCA_IZ] t=21.77 alt=0.312 off_n=-0.0971 off_e=+0.0358 nose_z=+0.3188
2026-09-01 05:46:36,509 [INFO] core.mission.gorev3_pickup: [KANCA_IZ] t=21.88 alt=0.311 off_n=-0.0877 off_e=+0.0481 nose_z=+0.3216
2026-09-01 05:46:36,618 [INFO] core.mission.gorev3_pickup: [KANCA_IZ] t=21.99 alt=0.311 off_n=-0.0815 off_e=+0.0306 nose_z=+0.3187
2026-09-01 05:46:36,729 [INFO] core.mission.gorev3_pickup: [KANCA_IZ] t=22.10 alt=0.309 off_n=-0.0801 off_e=-0.0057 nose_z=+0.3167
2026-09-01 05:46:36,838 [INFO] core.mission.gorev3_pickup: [KANCA_IZ] t=22.21 alt=0.309 off_n=-0.0844 off_e=-0.0366 nose_z=+0.3197
2026-09-01 05:46:36,947 [INFO] core.mission.gorev3_pickup: [KANCA_IZ] t=22.32 alt=0.309 off_n=-0.0913 off_e=-0.0454 nose_z=+0.3222
2026-09-01 05:46:37,060 [INFO] core.mission.gorev3_pickup: [KANCA_IZ] t=22.43 alt=0.311 off_n=-0.0957 off_e=-0.0327 nose_z=+0.3216
2026-09-01 05:46:37,169 [INFO] core.mission.gorev3_pickup: [KANCA_IZ] t=22.54 alt=0.312 off_n=-0.0964 off_e=-0.0048 nose_z=+0.3214
2026-09-01 05:46:37,278 [INFO] core.mission.gorev3_pickup: [KANCA_IZ] t=22.65 alt=0.314 off_n=-0.0930 off_e=+0.0167 nose_z=+0.3235
2026-09-01 05:46:37,387 [INFO] core.mission.gorev3_pickup: [KANCA_IZ] t=22.76 alt=0.315 off_n=-0.0888 off_e=+0.0225 nose_z=+0.3249
2026-09-01 05:46:37,498 [INFO] core.detection.vision_runtime: [VISION] detect() calisiyor -- bu karede 1 tespit: ['KIRMIZI_DIKDORTGEN']
2026-09-01 05:46:37,498 [INFO] core.mission.gorev3_pickup: [KANCA_IZ] t=22.87 alt=0.317 off_n=-0.0851 off_e=+0.0127 nose_z=+0.3248
2026-09-01 05:46:37,607 [INFO] core.mission.gorev3_pickup: [KANCA_IZ] t=22.98 alt=0.318 off_n=-0.0847 off_e=-0.0067 nose_z=+0.3249
2026-09-01 05:46:37,717 [INFO] core.mission.gorev3_pickup: [KANCA_IZ] t=23.09 alt=0.321 off_n=-0.0868 off_e=-0.0205 nose_z=+0.3258
2026-09-01 05:46:37,826 [INFO] core.mission.gorev3_pickup: [KANCA_IZ] t=23.19 alt=0.325 off_n=-0.0906 off_e=-0.0261 nose_z=+0.3263
2026-09-01 05:46:37,936 [INFO] core.mission.gorev3_pickup: [KANCA_IZ] t=23.30 alt=0.326 off_n=-0.0929 off_e=-0.0199 nose_z=+0.3256
2026-09-01 05:46:38,046 [INFO] core.mission.gorev3_pickup: [KANCA_IZ] t=23.41 alt=0.326 off_n=-0.0934 off_e=-0.0056 nose_z=+0.3246
2026-09-01 05:46:38,157 [INFO] core.mission.gorev3_pickup: [KANCA_IZ] t=23.53 alt=0.326 off_n=-0.0920 off_e=+0.0046 nose_z=+0.3243
QGC port check failed, reporting UNKNOWN: (pid=96785)
2026-09-01 05:46:38,269 [INFO] core.mission.gorev3_pickup: [KANCA_IZ] t=23.64 alt=0.325 off_n=-0.0892 off_e=+0.0091 nose_z=+0.3238
2026-09-01 05:46:38,378 [INFO] core.mission.gorev3_pickup: [KANCA_IZ] t=23.75 alt=0.324 off_n=-0.0872 off_e=+0.0035 nose_z=+0.3230
2026-09-01 05:46:38,489 [INFO] core.mission.gorev3_pickup: [KANCA_IZ] t=23.86 alt=0.323 off_n=-0.0869 off_e=-0.0049 nose_z=+0.3226
2026-09-01 05:46:38,601 [INFO] core.mission.gorev3_pickup: [KANCA_IZ] t=23.97 alt=0.321 off_n=-0.0882 off_e=-0.0136 nose_z=+0.3226
2026-09-01 05:46:38,711 [INFO] core.mission.gorev3_pickup: [KANCA_IZ] t=24.08 alt=0.320 off_n=-0.0902 off_e=-0.0161 nose_z=+0.3228
2026-09-01 05:46:38,821 [INFO] core.mission.gorev3_pickup: [KANCA_IZ] t=24.19 alt=0.317 off_n=-0.0914 off_e=-0.0126 nose_z=+0.3230
2026-09-01 05:46:38,909 [INFO] core.mission.gorev3_pickup: [SON_DUZELTME] 2/6 yanal 66.4 mm -> (kuzey +0.013, dogu +0.031)  | kanca_ofset=(-0.0917, -0.0065) arac_ned=(102.4982, -5.9259) kanca_mutlak=(102.4065, -5.9325)
2026-09-01 05:46:38,929 [INFO] core.mission.gorev3_pickup: [KANCA_IZ] t=24.30 alt=0.316 off_n=-0.0916 off_e=-0.0055 nose_z=+0.3235
2026-09-01 05:46:39,038 [INFO] core.mission.gorev3_pickup: [KANCA_IZ] t=24.41 alt=0.315 off_n=-0.0908 off_e=+0.0005 nose_z=+0.3243
2026-09-01 05:46:39,147 [INFO] core.mission.gorev3_pickup: [KANCA_IZ] t=24.52 alt=0.314 off_n=-0.0895 off_e=+0.0023 nose_z=+0.3252
2026-09-01 05:46:39,258 [INFO] core.mission.gorev3_pickup: [KANCA_IZ] t=24.63 alt=0.314 off_n=-0.0885 off_e=-0.0001 nose_z=+0.3262
2026-09-01 05:46:39,366 [INFO] core.mission.gorev3_pickup: [KANCA_IZ] t=24.73 alt=0.313 off_n=-0.0882 off_e=-0.0054 nose_z=+0.3275
2026-09-01 05:46:39,476 [INFO] core.mission.gorev3_pickup: [KANCA_IZ] t=24.84 alt=0.312 off_n=-0.0888 off_e=-0.0093 nose_z=+0.3289
2026-09-01 05:46:39,583 [INFO] core.mission.gorev3_pickup: [KANCA_IZ] t=24.95 alt=0.311 off_n=-0.0899 off_e=-0.0110 nose_z=+0.3305
2026-09-01 05:46:39,691 [INFO] core.mission.gorev3_pickup: [KANCA_IZ] t=25.06 alt=0.310 off_n=-0.0907 off_e=-0.0090 nose_z=+0.3323
2026-09-01 05:46:39,800 [INFO] core.mission.gorev3_pickup: [KANCA_IZ] t=25.17 alt=0.310 off_n=-0.0909 off_e=-0.0056 nose_z=+0.3340
2026-09-01 05:46:39,910 [INFO] core.mission.gorev3_pickup: [KANCA_IZ] t=25.28 alt=0.310 off_n=-0.0905 off_e=-0.0024 nose_z=+0.3360
2026-09-01 05:46:40,019 [INFO] core.mission.gorev3_pickup: [KANCA_IZ] t=25.39 alt=0.310 off_n=-0.0899 off_e=-0.0012 nose_z=+0.3379
2026-09-01 05:46:40,127 [INFO] core.mission.gorev3_pickup: [KANCA_IZ] t=25.50 alt=0.312 off_n=-0.0893 off_e=-0.0025 nose_z=+0.3402
QGC port check failed, reporting UNKNOWN: (pid=96785)
2026-09-01 05:46:40,237 [INFO] core.mission.gorev3_pickup: [KANCA_IZ] t=25.61 alt=0.314 off_n=-0.0891 off_e=-0.0048 nose_z=+0.3420
2026-09-01 05:46:40,344 [INFO] core.mission.gorev3_pickup: [KANCA_IZ] t=25.71 alt=0.316 off_n=-0.0893 off_e=-0.0072 nose_z=+0.3439
2026-09-01 05:46:40,453 [INFO] core.mission.gorev3_pickup: [KANCA_IZ] t=25.82 alt=0.319 off_n=-0.0898 off_e=-0.0083 nose_z=+0.3458
2026-09-01 05:46:40,562 [INFO] core.detection.vision_runtime: [VISION] detect() calisiyor -- bu karede 0 tespit: []
2026-09-01 05:46:40,562 [INFO] core.mission.gorev3_pickup: [KANCA_IZ] t=25.93 alt=0.321 off_n=-0.0902 off_e=-0.0077 nose_z=+0.3471
2026-09-01 05:46:40,669 [INFO] core.mission.gorev3_pickup: [KANCA_IZ] t=26.04 alt=0.324 off_n=-0.0904 off_e=-0.0057 nose_z=+0.3483
2026-09-01 05:46:40,777 [INFO] core.mission.gorev3_pickup: [KANCA_IZ] t=26.15 alt=0.325 off_n=-0.0903 off_e=-0.0041 nose_z=+0.3491
2026-09-01 05:46:40,885 [INFO] core.mission.gorev3_pickup: [KANCA_IZ] t=26.25 alt=0.327 off_n=-0.0899 off_e=-0.0033 nose_z=+0.3498
2026-09-01 05:46:40,994 [INFO] core.mission.gorev3_pickup: [KANCA_IZ] t=26.36 alt=0.328 off_n=-0.0897 off_e=-0.0037 nose_z=+0.3502
2026-09-01 05:46:41,102 [INFO] core.mission.gorev3_pickup: [KANCA_IZ] t=26.47 alt=0.329 off_n=-0.0895 off_e=-0.0050 nose_z=+0.3505
2026-09-01 05:46:41,210 [INFO] core.mission.gorev3_pickup: [KANCA_IZ] t=26.58 alt=0.329 off_n=-0.0897 off_e=-0.0064 nose_z=+0.3507
2026-09-01 05:46:41,300 [INFO] gz_system.main_gz: Dashboard paint loop: 0.0 FPS (main thread)
2026-09-01 05:46:41,319 [INFO] core.mission.gorev3_pickup: [KANCA_IZ] t=26.69 alt=0.330 off_n=-0.0900 off_e=-0.0070 nose_z=+0.3508
2026-09-01 05:46:41,427 [INFO] core.mission.gorev3_pickup: [KANCA_IZ] t=26.79 alt=0.332 off_n=-0.0903 off_e=-0.0067 nose_z=+0.3507
2026-09-01 05:46:41,427 [INFO] core.mission.gorev3_pickup: [SON_DUZELTME] 3/6 yanal 33.5 mm -> (kuzey -0.003, dogu +0.016)  | kanca_ofset=(-0.0903, -0.0067) arac_ned=(102.5295, -5.8976) kanca_mutlak=(102.4392, -5.9043)
2026-09-01 05:46:41,534 [INFO] core.mission.gorev3_pickup: [KANCA_IZ] t=26.90 alt=0.333 off_n=-0.0902 off_e=-0.0059 nose_z=+0.3505
2026-09-01 05:46:41,642 [INFO] core.mission.gorev3_pickup: [KANCA_IZ] t=27.01 alt=0.332 off_n=-0.0899 off_e=-0.0047 nose_z=+0.3502
2026-09-01 05:46:41,751 [INFO] core.mission.gorev3_pickup: [KANCA_IZ] t=27.12 alt=0.331 off_n=-0.0897 off_e=-0.0042 nose_z=+0.3499
2026-09-01 05:46:41,859 [INFO] core.mission.gorev3_pickup: [KANCA_IZ] t=27.23 alt=0.329 off_n=-0.0897 off_e=-0.0045 nose_z=+0.3496
2026-09-01 05:46:41,968 [INFO] core.mission.gorev3_pickup: [KANCA_IZ] t=27.34 alt=0.327 off_n=-0.0897 off_e=-0.0052 nose_z=+0.3495
2026-09-01 05:46:42,077 [INFO] core.mission.gorev3_pickup: [KANCA_IZ] t=27.45 alt=0.325 off_n=-0.0899 off_e=-0.0060 nose_z=+0.3497
2026-09-01 05:46:42,185 [INFO] core.mission.gorev3_pickup: [KANCA_IZ] t=27.55 alt=0.324 off_n=-0.0900 off_e=-0.0063 nose_z=+0.3501
QGC port check failed, reporting UNKNOWN: (pid=96785)
2026-09-01 05:46:42,295 [INFO] core.mission.gorev3_pickup: [KANCA_IZ] t=27.66 alt=0.323 off_n=-0.0900 off_e=-0.0060 nose_z=+0.3506
2026-09-01 05:46:42,404 [INFO] core.mission.gorev3_pickup: [KANCA_IZ] t=27.77 alt=0.322 off_n=-0.0899 off_e=-0.0054 nose_z=+0.3515
2026-09-01 05:46:42,512 [INFO] core.mission.gorev3_pickup: [KANCA_IZ] t=27.88 alt=0.321 off_n=-0.0897 off_e=-0.0049 nose_z=+0.3525
2026-09-01 05:46:42,622 [INFO] core.mission.gorev3_pickup: [KANCA_IZ] t=27.99 alt=0.320 off_n=-0.0896 off_e=-0.0047 nose_z=+0.3536
2026-09-01 05:46:42,731 [INFO] core.mission.gorev3_pickup: [KANCA_IZ] t=28.10 alt=0.318 off_n=-0.0896 off_e=-0.0050 nose_z=+0.3551
2026-09-01 05:46:42,840 [INFO] core.mission.gorev3_pickup: [KANCA_IZ] t=28.21 alt=0.317 off_n=-0.0898 off_e=-0.0054 nose_z=+0.3566
2026-09-01 05:46:42,949 [INFO] core.mission.gorev3_pickup: [KANCA_IZ] t=28.32 alt=0.317 off_n=-0.0900 off_e=-0.0058 nose_z=+0.3584
2026-09-01 05:46:43,059 [INFO] core.mission.gorev3_pickup: [KANCA_IZ] t=28.43 alt=0.317 off_n=-0.0901 off_e=-0.0059 nose_z=+0.3600
2026-09-01 05:46:43,171 [INFO] core.mission.gorev3_pickup: [KANCA_IZ] t=28.54 alt=0.317 off_n=-0.0900 off_e=-0.0058 nose_z=+0.3620
2026-09-01 05:46:43,279 [INFO] core.mission.gorev3_pickup: [KANCA_IZ] t=28.65 alt=0.319 off_n=-0.0898 off_e=-0.0054 nose_z=+0.3639
2026-09-01 05:46:43,388 [INFO] core.mission.gorev3_pickup: [KANCA_IZ] t=28.76 alt=0.320 off_n=-0.0896 off_e=-0.0052 nose_z=+0.3659
2026-09-01 05:46:43,500 [INFO] core.mission.gorev3_pickup: [KANCA_IZ] t=28.87 alt=0.322 off_n=-0.0896 off_e=-0.0051 nose_z=+0.3674
2026-09-01 05:46:43,611 [INFO] core.detection.vision_runtime: [VISION] detect() calisiyor -- bu karede 1 tespit: ['KIRMIZI_DIKDORTGEN']
2026-09-01 05:46:43,611 [INFO] core.mission.gorev3_pickup: [KANCA_IZ] t=28.98 alt=0.324 off_n=-0.0897 off_e=-0.0051 nose_z=+0.3688
2026-09-01 05:46:43,721 [INFO] core.mission.gorev3_pickup: [KANCA_IZ] t=29.09 alt=0.327 off_n=-0.0899 off_e=-0.0053 nose_z=+0.3700
2026-09-01 05:46:43,830 [INFO] core.mission.gorev3_pickup: [KANCA_IZ] t=29.20 alt=0.331 off_n=-0.0900 off_e=-0.0056 nose_z=+0.3707
2026-09-01 05:46:43,939 [INFO] core.mission.gorev3_pickup: [KANCA_IZ] t=29.31 alt=0.331 off_n=-0.0901 off_e=-0.0057 nose_z=+0.3710
2026-09-01 05:46:43,940 [INFO] core.mission.gorev3_pickup: [SON_DUZELTME] 4/6 yanal 25.7 mm -> (kuzey -0.004, dogu +0.012)  | kanca_ofset=(-0.0901, -0.0057) arac_ned=(102.5313, -5.8900) kanca_mutlak=(102.4412, -5.8957)
2026-09-01 05:46:44,048 [INFO] core.mission.gorev3_pickup: [KANCA_IZ] t=29.42 alt=0.331 off_n=-0.0900 off_e=-0.0056 nose_z=+0.3711
2026-09-01 05:46:44,157 [INFO] core.mission.gorev3_pickup: [KANCA_IZ] t=29.53 alt=0.329 off_n=-0.0898 off_e=-0.0053 nose_z=+0.3712
QGC port check failed, reporting UNKNOWN: (pid=98442)
2026-09-01 05:46:44,265 [INFO] core.mission.gorev3_pickup: [KANCA_IZ] t=29.63 alt=0.328 off_n=-0.0898 off_e=-0.0050 nose_z=+0.3714
2026-09-01 05:46:44,375 [INFO] core.mission.gorev3_pickup: [KANCA_IZ] t=29.74 alt=0.328 off_n=-0.0898 off_e=-0.0050 nose_z=+0.3717
2026-09-01 05:46:44,483 [INFO] core.mission.gorev3_pickup: [KANCA_IZ] t=29.85 alt=0.328 off_n=-0.0899 off_e=-0.0051 nose_z=+0.3721
2026-09-01 05:46:44,593 [INFO] core.mission.gorev3_pickup: [KANCA_IZ] t=29.96 alt=0.328 off_n=-0.0900 off_e=-0.0053 nose_z=+0.3724
2026-09-01 05:46:44,703 [INFO] core.mission.gorev3_pickup: [KANCA_IZ] t=30.07 alt=0.329 off_n=-0.0899 off_e=-0.0056 nose_z=+0.3728
2026-09-01 05:46:44,812 [INFO] core.mission.gorev3_pickup: [KANCA_IZ] t=30.18 alt=0.329 off_n=-0.0899 off_e=-0.0057 nose_z=+0.3732
2026-09-01 05:46:44,921 [INFO] core.mission.gorev3_pickup: [KANCA_IZ] t=30.29 alt=0.330 off_n=-0.0898 off_e=-0.0055 nose_z=+0.3735
2026-09-01 05:46:45,030 [INFO] core.mission.gorev3_pickup: [KANCA_IZ] t=30.40 alt=0.331 off_n=-0.0899 off_e=-0.0052 nose_z=+0.3737
2026-09-01 05:46:45,139 [INFO] core.mission.gorev3_pickup: [KANCA_IZ] t=30.51 alt=0.331 off_n=-0.0899 off_e=-0.0050 nose_z=+0.3739
2026-09-01 05:46:45,249 [INFO] core.mission.gorev3_pickup: [KANCA_IZ] t=30.62 alt=0.331 off_n=-0.0899 off_e=-0.0050 nose_z=+0.3740
2026-09-01 05:46:45,358 [INFO] core.mission.gorev3_pickup: [KANCA_IZ] t=30.73 alt=0.332 off_n=-0.0899 off_e=-0.0051 nose_z=+0.3741
2026-09-01 05:46:45,467 [INFO] core.mission.gorev3_pickup: [KANCA_IZ] t=30.83 alt=0.332 off_n=-0.0899 off_e=-0.0052 nose_z=+0.3741
2026-09-01 05:46:45,576 [INFO] core.mission.gorev3_pickup: [KANCA_IZ] t=30.94 alt=0.332 off_n=-0.0899 off_e=-0.0054 nose_z=+0.3741
2026-09-01 05:46:45,686 [INFO] core.mission.gorev3_pickup: [KANCA_IZ] t=31.05 alt=0.333 off_n=-0.0898 off_e=-0.0055 nose_z=+0.3739
2026-09-01 05:46:45,796 [INFO] core.mission.gorev3_pickup: [KANCA_IZ] t=31.16 alt=0.333 off_n=-0.0899 off_e=-0.0055 nose_z=+0.3735
2026-09-01 05:46:45,907 [INFO] core.mission.gorev3_pickup: [KANCA_IZ] t=31.28 alt=0.333 off_n=-0.0899 off_e=-0.0055 nose_z=+0.3732
2026-09-01 05:46:46,016 [INFO] core.mission.gorev3_pickup: [KANCA_IZ] t=31.38 alt=0.332 off_n=-0.0898 off_e=-0.0054 nose_z=+0.3728
2026-09-01 05:46:46,125 [INFO] core.mission.gorev3_pickup: [KANCA_IZ] t=31.49 alt=0.330 off_n=-0.0898 off_e=-0.0053 nose_z=+0.3725
QGC port check failed, reporting UNKNOWN: (pid=98442)
2026-09-01 05:46:46,235 [INFO] core.mission.gorev3_pickup: [KANCA_IZ] t=31.60 alt=0.329 off_n=-0.0897 off_e=-0.0052 nose_z=+0.3725
2026-09-01 05:46:46,300 [INFO] gz_system.main_gz: Dashboard paint loop: 0.0 FPS (main thread)
2026-09-01 05:46:46,344 [INFO] core.mission.gorev3_pickup: [KANCA_IZ] t=31.71 alt=0.329 off_n=-0.0897 off_e=-0.0052 nose_z=+0.3725
2026-09-01 05:46:46,454 [INFO] core.mission.gorev3_pickup: [KANCA_IZ] t=31.82 alt=0.329 off_n=-0.0897 off_e=-0.0053 nose_z=+0.3726
2026-09-01 05:46:46,454 [INFO] core.mission.gorev3_pickup: [SON_DUZELTME] 5/6 yanal 21.4 mm -> (kuzey +0.010, dogu +0.004)  | kanca_ofset=(-0.0897, -0.0053) arac_ned=(102.5027, -5.8748) kanca_mutlak=(102.4130, -5.8801)
2026-09-01 05:46:46,565 [INFO] core.mission.gorev3_pickup: [KANCA_IZ] t=31.93 alt=0.329 off_n=-0.0898 off_e=-0.0054 nose_z=+0.3726
2026-09-01 05:46:46,676 [INFO] core.detection.vision_runtime: [VISION] detect() calisiyor -- bu karede 1 tespit: ['KIRMIZI_DIKDORTGEN']
2026-09-01 05:46:46,676 [INFO] core.mission.gorev3_pickup: [KANCA_IZ] t=32.04 alt=0.329 off_n=-0.0901 off_e=-0.0054 nose_z=+0.3726
2026-09-01 05:46:46,785 [INFO] core.mission.gorev3_pickup: [KANCA_IZ] t=32.15 alt=0.330 off_n=-0.0901 off_e=-0.0055 nose_z=+0.3727
2026-09-01 05:46:46,896 [INFO] core.mission.gorev3_pickup: [KANCA_IZ] t=32.26 alt=0.330 off_n=-0.0898 off_e=-0.0055 nose_z=+0.3726
2026-09-01 05:46:47,006 [INFO] core.mission.gorev3_pickup: [KANCA_IZ] t=32.37 alt=0.331 off_n=-0.0896 off_e=-0.0054 nose_z=+0.3725
2026-09-01 05:46:47,116 [INFO] core.mission.gorev3_pickup: [KANCA_IZ] t=32.48 alt=0.332 off_n=-0.0895 off_e=-0.0053 nose_z=+0.3722
2026-09-01 05:46:47,225 [INFO] core.mission.gorev3_pickup: [KANCA_IZ] t=32.59 alt=0.334 off_n=-0.0896 off_e=-0.0053 nose_z=+0.3718
2026-09-01 05:46:47,336 [INFO] core.mission.gorev3_pickup: [KANCA_IZ] t=32.70 alt=0.334 off_n=-0.0897 off_e=-0.0053 nose_z=+0.3713
2026-09-01 05:46:47,445 [INFO] core.mission.gorev3_pickup: [KANCA_IZ] t=32.81 alt=0.334 off_n=-0.0898 off_e=-0.0053 nose_z=+0.3706
2026-09-01 05:46:47,555 [INFO] core.mission.gorev3_pickup: [KANCA_IZ] t=32.92 alt=0.334 off_n=-0.0900 off_e=-0.0053 nose_z=+0.3699
2026-09-01 05:46:47,665 [INFO] core.mission.gorev3_pickup: [KANCA_IZ] t=33.03 alt=0.334 off_n=-0.0900 off_e=-0.0053 nose_z=+0.3691
2026-09-01 05:46:47,774 [INFO] core.mission.gorev3_pickup: [KANCA_IZ] t=33.14 alt=0.334 off_n=-0.0900 off_e=-0.0053 nose_z=+0.3685
2026-09-01 05:46:47,883 [INFO] core.mission.gorev3_pickup: [KANCA_IZ] t=33.25 alt=0.333 off_n=-0.0898 off_e=-0.0053 nose_z=+0.3677
2026-09-01 05:46:47,994 [INFO] core.mission.gorev3_pickup: [KANCA_IZ] t=33.36 alt=0.332 off_n=-0.0897 off_e=-0.0052 nose_z=+0.3672
2026-09-01 05:46:48,103 [INFO] core.mission.gorev3_pickup: [KANCA_IZ] t=33.47 alt=0.331 off_n=-0.0896 off_e=-0.0053 nose_z=+0.3667
2026-09-01 05:46:48,213 [INFO] core.mission.gorev3_pickup: [KANCA_IZ] t=33.58 alt=0.331 off_n=-0.0896 off_e=-0.0053 nose_z=+0.3665
QGC port check failed, reporting UNKNOWN: (pid=98442)
2026-09-01 05:46:48,324 [INFO] core.mission.gorev3_pickup: [KANCA_IZ] t=33.69 alt=0.331 off_n=-0.0898 off_e=-0.0054 nose_z=+0.3662
2026-09-01 05:46:48,432 [INFO] core.mission.gorev3_pickup: [KANCA_IZ] t=33.80 alt=0.332 off_n=-0.0899 off_e=-0.0054 nose_z=+0.3658
2026-09-01 05:46:48,541 [INFO] core.mission.gorev3_pickup: [KANCA_IZ] t=33.91 alt=0.333 off_n=-0.0899 off_e=-0.0054 nose_z=+0.3655
2026-09-01 05:46:48,651 [INFO] core.mission.gorev3_pickup: [KANCA_IZ] t=34.02 alt=0.333 off_n=-0.0899 off_e=-0.0053 nose_z=+0.3651
2026-09-01 05:46:48,762 [INFO] core.mission.gorev3_pickup: [KANCA_IZ] t=34.13 alt=0.335 off_n=-0.0899 off_e=-0.0053 nose_z=+0.3644
2026-09-01 05:46:48,871 [INFO] core.mission.gorev3_pickup: [KANCA_IZ] t=34.24 alt=0.336 off_n=-0.0899 off_e=-0.0053 nose_z=+0.3635
2026-09-01 05:46:48,980 [INFO] core.mission.gorev3_pickup: [KANCA_IZ] t=34.35 alt=0.336 off_n=-0.0899 off_e=-0.0054 nose_z=+0.3624
2026-09-01 05:46:48,980 [INFO] core.mission.gorev3_pickup: [SON_DUZELTME] 6/6 yanal 16.9 mm -> (kuzey +0.007, dogu -0.005)  | kanca_ofset=(-0.0899, -0.0054) arac_ned=(102.5084, -5.8569) kanca_mutlak=(102.4185, -5.8622)
2026-09-01 05:46:49,089 [INFO] core.mission.gorev3_pickup: [KANCA_IZ] t=34.46 alt=0.336 off_n=-0.0898 off_e=-0.0054 nose_z=+0.3611
2026-09-01 05:46:49,198 [INFO] core.mission.gorev3_pickup: [KANCA_IZ] t=34.57 alt=0.336 off_n=-0.0897 off_e=-0.0054 nose_z=+0.3599
2026-09-01 05:46:49,308 [INFO] core.mission.gorev3_pickup: [KANCA_IZ] t=34.68 alt=0.336 off_n=-0.0897 off_e=-0.0054 nose_z=+0.3585
2026-09-01 05:46:49,418 [INFO] core.mission.gorev3_pickup: [KANCA_IZ] t=34.79 alt=0.336 off_n=-0.0897 off_e=-0.0054 nose_z=+0.3573
2026-09-01 05:46:49,526 [INFO] core.mission.gorev3_pickup: [KANCA_IZ] t=34.89 alt=0.334 off_n=-0.0898 off_e=-0.0055 nose_z=+0.3559
2026-09-01 05:46:49,636 [INFO] core.mission.gorev3_pickup: [KANCA_IZ] t=35.00 alt=0.333 off_n=-0.0898 off_e=-0.0056 nose_z=+0.3550
2026-09-01 05:46:49,744 [INFO] core.detection.vision_runtime: [VISION] detect() calisiyor -- bu karede 1 tespit: ['KIRMIZI_DIKDORTGEN']
2026-09-01 05:46:49,744 [INFO] core.mission.gorev3_pickup: [KANCA_IZ] t=35.11 alt=0.332 off_n=-0.0899 off_e=-0.0056 nose_z=+0.3540
2026-09-01 05:46:49,853 [INFO] core.mission.gorev3_pickup: [KANCA_IZ] t=35.22 alt=0.330 off_n=-0.0899 off_e=-0.0056 nose_z=+0.3532
2026-09-01 05:46:49,963 [INFO] core.mission.gorev3_pickup: [KANCA_IZ] t=35.33 alt=0.329 off_n=-0.0899 off_e=-0.0056 nose_z=+0.3527
2026-09-01 05:46:50,071 [INFO] core.mission.gorev3_pickup: [KANCA_IZ] t=35.44 alt=0.327 off_n=-0.0899 off_e=-0.0055 nose_z=+0.3524
2026-09-01 05:46:50,179 [INFO] core.mission.gorev3_pickup: [KANCA_IZ] t=35.55 alt=0.326 off_n=-0.0899 off_e=-0.0054 nose_z=+0.3523
QGC port check failed, reporting UNKNOWN: (pid=98442)
2026-09-01 05:46:50,288 [INFO] core.mission.gorev3_pickup: [KANCA_IZ] t=35.66 alt=0.325 off_n=-0.0899 off_e=-0.0054 nose_z=+0.3524
2026-09-01 05:46:50,396 [INFO] core.mission.gorev3_pickup: [KANCA_IZ] t=35.76 alt=0.324 off_n=-0.0899 off_e=-0.0054 nose_z=+0.3527
2026-09-01 05:46:50,508 [INFO] core.mission.gorev3_pickup: [KANCA_IZ] t=35.88 alt=0.323 off_n=-0.0898 off_e=-0.0055 nose_z=+0.3533
2026-09-01 05:46:50,617 [INFO] core.mission.gorev3_pickup: [KANCA_IZ] t=35.99 alt=0.322 off_n=-0.0898 off_e=-0.0056 nose_z=+0.3540
2026-09-01 05:46:50,726 [INFO] core.mission.gorev3_pickup: [KANCA_IZ] t=36.09 alt=0.322 off_n=-0.0898 off_e=-0.0057 nose_z=+0.3547
2026-09-01 05:46:50,835 [INFO] core.mission.gorev3_pickup: [KANCA_IZ] t=36.20 alt=0.323 off_n=-0.0898 off_e=-0.0057 nose_z=+0.3557
2026-09-01 05:46:50,943 [INFO] core.mission.gorev3_pickup: [KANCA_IZ] t=36.31 alt=0.323 off_n=-0.0897 off_e=-0.0056 nose_z=+0.3566
2026-09-01 05:46:51,053 [INFO] core.mission.gorev3_pickup: [KANCA_IZ] t=36.42 alt=0.323 off_n=-0.0896 off_e=-0.0054 nose_z=+0.3577
2026-09-01 05:46:51,162 [INFO] core.mission.gorev3_pickup: [KANCA_IZ] t=36.53 alt=0.323 off_n=-0.0896 off_e=-0.0053 nose_z=+0.3589
2026-09-01 05:46:51,271 [INFO] core.mission.gorev3_pickup: [KANCA_IZ] t=36.64 alt=0.324 off_n=-0.0897 off_e=-0.0053 nose_z=+0.3599
2026-09-01 05:46:51,331 [INFO] gz_system.main_gz: Dashboard paint loop: 0.0 FPS (main thread)
2026-09-01 05:46:51,380 [INFO] core.mission.gorev3_pickup: [KANCA_IZ] t=36.75 alt=0.324 off_n=-0.0898 off_e=-0.0054 nose_z=+0.3610
2026-09-01 05:46:51,491 [INFO] core.mission.gorev3_pickup: [KANCA_IZ] t=36.86 alt=0.325 off_n=-0.0898 off_e=-0.0055 nose_z=+0.3618
2026-09-01 05:46:51,491 [WARNING] core.mission.gorev3_pickup: [SON_DUZELTME] butce doldu; son yanal 16.9 mm
2026-09-01 05:46:51,491 [INFO] core.mission.gorev3_pickup: [YENIDEN_HIZA] deneme 2 icin yeni yanal: 16.9 mm
2026-09-01 05:46:51,491 [INFO] gz_system.gz_payload_actuator: [HOOK] alma denemesi 2/3
2026-09-01 05:46:51,491 [INFO] gz_system.gz_payload_actuator: [HOOK] vinc salimi: 0.372 m  (irtifa=0.342 m, guverte=0.070, zincir ofseti=0.060, pay=0.040)
2026-09-01 05:46:51,491 [INFO] gz_system.gz_payload_actuator: [HOOK] vinc -> 0.37 m
I0901 05:46:51.491954 12931847 fork_posix.cc:71] Other threads are currently calling into gRPC, skipping fork() handlers
2026-09-01 05:46:51,600 [INFO] core.mission.gorev3_pickup: [KANCA_IZ] t=36.97 alt=0.325 off_n=-0.0900 off_e=-0.0056 nose_z=+0.3628
2026-09-01 05:46:51,708 [INFO] core.mission.gorev3_pickup: [KANCA_IZ] t=37.08 alt=0.324 off_n=-0.0901 off_e=-0.0056 nose_z=+0.3637
2026-09-01 05:46:51,819 [INFO] core.mission.gorev3_pickup: [KANCA_IZ] t=37.19 alt=0.324 off_n=-0.0899 off_e=-0.0055 nose_z=+0.3646
2026-09-01 05:46:51,928 [INFO] core.mission.gorev3_pickup: [KANCA_IZ] t=37.30 alt=0.323 off_n=-0.0896 off_e=-0.0053 nose_z=+0.3658
2026-09-01 05:46:52,037 [INFO] core.mission.gorev3_pickup: [KANCA_IZ] t=37.41 alt=0.323 off_n=-0.0894 off_e=-0.0053 nose_z=+0.3672
2026-09-01 05:46:52,146 [INFO] core.mission.gorev3_pickup: [KANCA_IZ] t=37.51 alt=0.324 off_n=-0.0894 off_e=-0.0053 nose_z=+0.3683
QGC port check failed, reporting UNKNOWN: (pid=98442)
2026-09-01 05:46:52,254 [INFO] core.mission.gorev3_pickup: [KANCA_IZ] t=37.62 alt=0.325 off_n=-0.0897 off_e=-0.0053 nose_z=+0.3697
2026-09-01 05:46:52,364 [INFO] core.mission.gorev3_pickup: [KANCA_IZ] t=37.73 alt=0.327 off_n=-0.0900 off_e=-0.0054 nose_z=+0.3708
2026-09-01 05:46:52,421 [INFO] gz_system.gz_payload_actuator: [HOOK] APPROACHING  lat=  27.8mm ins= -295.4mm tilt=  0.3deg v=  infm/s age=0.00s  [lateral(27.8mm>10.2mm), too_high(-295.4mm<-4.0mm), rel_speed(inf>0.05m/s)]
2026-09-01 05:46:52,474 [INFO] core.mission.gorev3_pickup: [KANCA_IZ] t=37.84 alt=0.329 off_n=-0.0899 off_e=-0.0056 nose_z=+0.3522
2026-09-01 05:46:52,583 [INFO] core.mission.gorev3_pickup: [KANCA_IZ] t=37.95 alt=0.331 off_n=-0.0902 off_e=-0.0059 nose_z=+0.3034
2026-09-01 05:46:52,692 [INFO] core.mission.gorev3_pickup: [KANCA_IZ] t=38.06 alt=0.333 off_n=-0.0906 off_e=-0.0060 nose_z=+0.2481
2026-09-01 05:46:52,803 [INFO] core.detection.vision_runtime: [VISION] detect() calisiyor -- bu karede 1 tespit: ['KIRMIZI_DIKDORTGEN']
2026-09-01 05:46:52,803 [INFO] core.mission.gorev3_pickup: [KANCA_IZ] t=38.17 alt=0.335 off_n=-0.0907 off_e=-0.0059 nose_z=+0.1922
2026-09-01 05:46:52,913 [INFO] core.mission.gorev3_pickup: [KANCA_IZ] t=38.28 alt=0.335 off_n=-0.0904 off_e=-0.0058 nose_z=+0.1341
2026-09-01 05:46:53,021 [INFO] core.mission.gorev3_pickup: [KANCA_IZ] t=38.39 alt=0.335 off_n=-0.0897 off_e=-0.0059 nose_z=+0.0784
2026-09-01 05:46:53,131 [INFO] core.mission.gorev3_pickup: [KANCA_IZ] t=38.50 alt=0.340 off_n=-0.0847 off_e=-0.0072 nose_z=+0.0750
2026-09-01 05:46:53,240 [INFO] core.mission.gorev3_pickup: [KANCA_IZ] t=38.61 alt=0.352 off_n=-0.0832 off_e=-0.0097 nose_z=+0.0751
2026-09-01 05:46:53,350 [INFO] core.mission.gorev3_pickup: [KANCA_IZ] t=38.72 alt=0.363 off_n=-0.0876 off_e=-0.0124 nose_z=+0.0753
2026-09-01 05:46:53,459 [INFO] core.mission.gorev3_pickup: [KANCA_IZ] t=38.83 alt=0.371 off_n=-0.0968 off_e=-0.0160 nose_z=+0.0754
2026-09-01 05:46:53,460 [INFO] gz_system.gz_payload_actuator: [HOOK] APPROACHING  lat=  24.0mm ins=   +0.6mm tilt=  0.0deg v=0.002m/s age=0.02s  [lateral(24.0mm>10.2mm)]
2026-09-01 05:46:53,569 [INFO] core.mission.gorev3_pickup: [KANCA_IZ] t=38.94 alt=0.374 off_n=-0.1056 off_e=-0.0193 nose_z=+0.0756
2026-09-01 05:46:53,678 [INFO] core.mission.gorev3_pickup: [KANCA_IZ] t=39.05 alt=0.375 off_n=-0.1150 off_e=-0.0232 nose_z=+0.0757
2026-09-01 05:46:53,788 [INFO] core.mission.gorev3_pickup: [KANCA_IZ] t=39.16 alt=0.373 off_n=-0.1205 off_e=-0.0266 nose_z=+0.0758
2026-09-01 05:46:53,899 [INFO] core.mission.gorev3_pickup: [KANCA_IZ] t=39.27 alt=0.370 off_n=-0.1246 off_e=-0.0305 nose_z=+0.0759
2026-09-01 05:46:54,010 [INFO] core.mission.gorev3_pickup: [KANCA_IZ] t=39.38 alt=0.368 off_n=-0.1259 off_e=-0.0340 nose_z=+0.0761
2026-09-01 05:46:54,120 [INFO] core.mission.gorev3_pickup: [KANCA_IZ] t=39.49 alt=0.365 off_n=-0.1245 off_e=-0.0367 nose_z=+0.0763
2026-09-01 05:46:54,231 [INFO] core.mission.gorev3_pickup: [KANCA_IZ] t=39.60 alt=0.360 off_n=-0.1215 off_e=-0.0385 nose_z=+0.0765
QGC port check failed, reporting UNKNOWN: (pid=98442)
2026-09-01 05:46:54,340 [INFO] core.mission.gorev3_pickup: [KANCA_IZ] t=39.71 alt=0.357 off_n=-0.1158 off_e=-0.0403 nose_z=+0.0760
2026-09-01 05:46:54,449 [INFO] core.mission.gorev3_pickup: [KANCA_IZ] t=39.82 alt=0.354 off_n=-0.1085 off_e=-0.0420 nose_z=+0.0761
2026-09-01 05:46:54,499 [INFO] gz_system.gz_payload_actuator: [HOOK] APPROACHING  lat=  24.5mm ins=   -0.3mm tilt= 18.1deg v=0.021m/s age=0.02s  [lateral(24.5mm>10.2mm), tilt(18.1deg>15.0deg)]
2026-09-01 05:46:54,559 [INFO] core.mission.gorev3_pickup: [KANCA_IZ] t=39.93 alt=0.352 off_n=-0.1013 off_e=-0.0435 nose_z=+0.0762
2026-09-01 05:46:54,667 [INFO] core.mission.gorev3_pickup: [KANCA_IZ] t=40.04 alt=0.350 off_n=-0.0924 off_e=-0.0456 nose_z=+0.0763
2026-09-01 05:46:54,776 [INFO] core.mission.gorev3_pickup: [KANCA_IZ] t=40.14 alt=0.350 off_n=-0.0848 off_e=-0.0475 nose_z=+0.0764
2026-09-01 05:46:54,887 [INFO] core.mission.gorev3_pickup: [KANCA_IZ] t=40.26 alt=0.350 off_n=-0.0755 off_e=-0.0498 nose_z=+0.0765
2026-09-01 05:46:54,996 [INFO] core.mission.gorev3_pickup: [KANCA_IZ] t=40.36 alt=0.349 off_n=-0.0685 off_e=-0.0516 nose_z=+0.0765
2026-09-01 05:46:55,107 [INFO] core.mission.gorev3_pickup: [KANCA_IZ] t=40.48 alt=0.347 off_n=-0.0606 off_e=-0.0541 nose_z=+0.0761
2026-09-01 05:46:55,217 [INFO] core.mission.gorev3_pickup: [KANCA_IZ] t=40.59 alt=0.341 off_n=-0.0538 off_e=-0.0567 nose_z=+0.0762
2026-09-01 05:46:55,325 [INFO] core.mission.gorev3_pickup: [KANCA_IZ] t=40.69 alt=0.338 off_n=-0.0490 off_e=-0.0589 nose_z=+0.0762
2026-09-01 05:46:55,435 [INFO] core.mission.gorev3_pickup: [KANCA_IZ] t=40.80 alt=0.335 off_n=-0.0446 off_e=-0.0615 nose_z=+0.0763
2026-09-01 05:46:55,544 [INFO] core.mission.gorev3_pickup: [KANCA_IZ] t=40.91 alt=0.332 off_n=-0.0418 off_e=-0.0638 nose_z=+0.0763
2026-09-01 05:46:55,545 [INFO] gz_system.gz_payload_actuator: [HOOK] APPROACHING  lat=  24.0mm ins=   -0.3mm tilt= 12.4deg v=0.016m/s age=0.03s  [lateral(24.0mm>10.2mm)]
2026-09-01 05:46:55,655 [INFO] core.mission.gorev3_pickup: [KANCA_IZ] t=41.02 alt=0.330 off_n=-0.0394 off_e=-0.0666 nose_z=+0.0763
2026-09-01 05:46:55,765 [INFO] core.mission.gorev3_pickup: [KANCA_IZ] t=41.13 alt=0.328 off_n=-0.0381 off_e=-0.0695 nose_z=+0.0762
2026-09-01 05:46:55,877 [INFO] core.detection.vision_runtime: [VISION] detect() calisiyor -- bu karede 1 tespit: ['KIRMIZI_DIKDORTGEN']
2026-09-01 05:46:55,877 [INFO] core.mission.gorev3_pickup: [KANCA_IZ] t=41.25 alt=0.327 off_n=-0.0376 off_e=-0.0720 nose_z=+0.0762
2026-09-01 05:46:55,988 [INFO] core.mission.gorev3_pickup: [KANCA_IZ] t=41.36 alt=0.326 off_n=-0.0378 off_e=-0.0751 nose_z=+0.0757
2026-09-01 05:46:56,097 [INFO] core.mission.gorev3_pickup: [KANCA_IZ] t=41.47 alt=0.326 off_n=-0.0385 off_e=-0.0778 nose_z=+0.0758
2026-09-01 05:46:56,208 [INFO] core.mission.gorev3_pickup: [KANCA_IZ] t=41.58 alt=0.327 off_n=-0.0397 off_e=-0.0797 nose_z=+0.0758
QGC port check failed, reporting UNKNOWN: (pid=98442)
2026-09-01 05:46:56,317 [INFO] core.mission.gorev3_pickup: [KANCA_IZ] t=41.69 alt=0.326 off_n=-0.0416 off_e=-0.0812 nose_z=+0.0759
2026-09-01 05:46:56,339 [INFO] gz_system.main_gz: Dashboard paint loop: 0.0 FPS (main thread)
2026-09-01 05:46:56,427 [INFO] core.mission.gorev3_pickup: [KANCA_IZ] t=41.80 alt=0.326 off_n=-0.0442 off_e=-0.0819 nose_z=+0.0760
2026-09-01 05:46:56,537 [INFO] core.mission.gorev3_pickup: [KANCA_IZ] t=41.91 alt=0.326 off_n=-0.0466 off_e=-0.0822 nose_z=+0.0760
2026-09-01 05:46:56,588 [INFO] gz_system.gz_payload_actuator: [HOOK] APPROACHING  lat=  24.1mm ins=   -0.1mm tilt=  1.3deg v=0.002m/s age=0.02s  [lateral(24.1mm>10.2mm)]
2026-09-01 05:46:56,645 [INFO] core.mission.gorev3_pickup: [KANCA_IZ] t=42.01 alt=0.327 off_n=-0.0498 off_e=-0.0822 nose_z=+0.0761
2026-09-01 05:46:56,756 [INFO] core.mission.gorev3_pickup: [KANCA_IZ] t=42.12 alt=0.327 off_n=-0.0529 off_e=-0.0821 nose_z=+0.0761
2026-09-01 05:46:56,864 [INFO] core.mission.gorev3_pickup: [KANCA_IZ] t=42.23 alt=0.328 off_n=-0.0553 off_e=-0.0819 nose_z=+0.0761
2026-09-01 05:46:56,973 [INFO] core.mission.gorev3_pickup: [KANCA_IZ] t=42.34 alt=0.329 off_n=-0.0579 off_e=-0.0815 nose_z=+0.0762
2026-09-01 05:46:57,082 [INFO] core.mission.gorev3_pickup: [KANCA_IZ] t=42.45 alt=0.330 off_n=-0.0602 off_e=-0.0808 nose_z=+0.0762
2026-09-01 05:46:57,192 [INFO] core.mission.gorev3_pickup: [KANCA_IZ] t=42.56 alt=0.331 off_n=-0.0618 off_e=-0.0799 nose_z=+0.0762
2026-09-01 05:46:57,303 [INFO] core.mission.gorev3_pickup: [KANCA_IZ] t=42.67 alt=0.332 off_n=-0.0631 off_e=-0.0786 nose_z=+0.0761
2026-09-01 05:46:57,413 [INFO] core.mission.gorev3_pickup: [KANCA_IZ] t=42.78 alt=0.333 off_n=-0.0640 off_e=-0.0771 nose_z=+0.0761
2026-09-01 05:46:57,522 [INFO] core.mission.gorev3_pickup: [KANCA_IZ] t=42.89 alt=0.335 off_n=-0.0642 off_e=-0.0754 nose_z=+0.0761
2026-09-01 05:46:57,632 [INFO] core.mission.gorev3_pickup: [KANCA_IZ] t=43.00 alt=0.337 off_n=-0.0639 off_e=-0.0740 nose_z=+0.0761
2026-09-01 05:46:57,632 [INFO] gz_system.gz_payload_actuator: [HOOK] APPROACHING  lat=  24.1mm ins=   -0.1mm tilt=  0.4deg v=0.007m/s age=0.02s  [lateral(24.1mm>10.2mm)]
2026-09-01 05:46:57,743 [INFO] core.mission.gorev3_pickup: [KANCA_IZ] t=43.11 alt=0.337 off_n=-0.0630 off_e=-0.0727 nose_z=+0.0761
2026-09-01 05:46:57,852 [INFO] core.mission.gorev3_pickup: [KANCA_IZ] t=43.22 alt=0.337 off_n=-0.0620 off_e=-0.0715 nose_z=+0.0761
2026-09-01 05:46:57,963 [INFO] core.mission.gorev3_pickup: [KANCA_IZ] t=43.33 alt=0.338 off_n=-0.0605 off_e=-0.0700 nose_z=+0.0761
2026-09-01 05:46:58,071 [INFO] core.mission.gorev3_pickup: [KANCA_IZ] t=43.44 alt=0.338 off_n=-0.0588 off_e=-0.0688 nose_z=+0.0755
2026-09-01 05:46:58,180 [INFO] core.mission.gorev3_pickup: [KANCA_IZ] t=43.55 alt=0.338 off_n=-0.0571 off_e=-0.0677 nose_z=+0.0756
QGC port check failed, reporting UNKNOWN: (pid=98442)
2026-09-01 05:46:58,290 [INFO] core.mission.gorev3_pickup: [KANCA_IZ] t=43.66 alt=0.338 off_n=-0.0547 off_e=-0.0669 nose_z=+0.0758
2026-09-01 05:46:58,399 [INFO] core.mission.gorev3_pickup: [KANCA_IZ] t=43.77 alt=0.338 off_n=-0.0525 off_e=-0.0667 nose_z=+0.0758
2026-09-01 05:46:58,510 [INFO] core.mission.gorev3_pickup: [KANCA_IZ] t=43.88 alt=0.337 off_n=-0.0501 off_e=-0.0669 nose_z=+0.0759
2026-09-01 05:46:58,619 [INFO] core.mission.gorev3_pickup: [KANCA_IZ] t=43.99 alt=0.337 off_n=-0.0476 off_e=-0.0674 nose_z=+0.0759
2026-09-01 05:46:58,670 [INFO] gz_system.gz_payload_actuator: [HOOK] APPROACHING  lat=  24.4mm ins=   +0.0mm tilt=  0.1deg v=0.008m/s age=0.01s  [lateral(24.4mm>10.2mm)]
2026-09-01 05:46:58,728 [INFO] core.mission.gorev3_pickup: [KANCA_IZ] t=44.10 alt=0.336 off_n=-0.0459 off_e=-0.0677 nose_z=+0.0760
2026-09-01 05:46:58,839 [INFO] core.mission.gorev3_pickup: [KANCA_IZ] t=44.21 alt=0.335 off_n=-0.0447 off_e=-0.0677 nose_z=+0.0760
2026-09-01 05:46:58,948 [INFO] core.detection.vision_runtime: [VISION] detect() calisiyor -- bu karede 1 tespit: ['KIRMIZI_DIKDORTGEN']
2026-09-01 05:46:58,948 [INFO] core.mission.gorev3_pickup: [KANCA_IZ] t=44.32 alt=0.334 off_n=-0.0439 off_e=-0.0675 nose_z=+0.0760
2026-09-01 05:46:59,059 [INFO] core.mission.gorev3_pickup: [KANCA_IZ] t=44.43 alt=0.333 off_n=-0.0438 off_e=-0.0673 nose_z=+0.0760
2026-09-01 05:46:59,168 [INFO] core.mission.gorev3_pickup: [KANCA_IZ] t=44.54 alt=0.332 off_n=-0.0441 off_e=-0.0668 nose_z=+0.0760
2026-09-01 05:46:59,278 [INFO] core.mission.gorev3_pickup: [KANCA_IZ] t=44.65 alt=0.332 off_n=-0.0450 off_e=-0.0658 nose_z=+0.0760
2026-09-01 05:46:59,387 [INFO] core.mission.gorev3_pickup: [KANCA_IZ] t=44.76 alt=0.332 off_n=-0.0464 off_e=-0.0643 nose_z=+0.0761
2026-09-01 05:46:59,496 [INFO] core.mission.gorev3_pickup: [KANCA_IZ] t=44.86 alt=0.334 off_n=-0.0479 off_e=-0.0624 nose_z=+0.0761
2026-09-01 05:46:59,605 [INFO] core.mission.gorev3_pickup: [KANCA_IZ] t=44.97 alt=0.335 off_n=-0.0498 off_e=-0.0600 nose_z=+0.0756
2026-09-01 05:46:59,713 [INFO] gz_system.gz_payload_actuator: [HOOK] APPROACHING  lat=  24.5mm ins=   +0.0mm tilt=  6.9deg v=0.024m/s age=0.01s  [lateral(24.5mm>10.2mm)]
QGC port check failed, reporting UNKNOWN: (pid=98442)
2026-09-01 05:47:00,751 [INFO] gz_system.gz_payload_actuator: [HOOK] APPROACHING  lat=  24.8mm ins=   -0.1mm tilt= 19.6deg v=0.005m/s age=0.01s  [lateral(24.8mm>10.2mm), tilt(19.6deg>15.0deg)]
2026-09-01 05:47:01,339 [INFO] gz_system.main_gz: Dashboard paint loop: 0.0 FPS (main thread)
2026-09-01 05:47:01,797 [INFO] gz_system.gz_payload_actuator: [HOOK] APPROACHING  lat=  25.2mm ins=   +0.2mm tilt= 23.2deg v=0.008m/s age=0.01s  [lateral(25.2mm>10.2mm), tilt(23.2deg>15.0deg)]
2026-09-01 05:47:02,016 [INFO] core.detection.vision_runtime: [VISION] detect() calisiyor -- bu karede 1 tespit: ['KIRMIZI_DIKDORTGEN']
QGC port check failed, reporting UNKNOWN: (pid=98442)
2026-09-01 05:47:02,837 [INFO] gz_system.gz_payload_actuator: [HOOK] APPROACHING  lat=  25.4mm ins=   -0.1mm tilt= 29.7deg v=0.010m/s age=0.01s  [lateral(25.4mm>10.2mm), tilt(29.7deg>15.0deg)]
2026-09-01 05:47:03,890 [INFO] gz_system.gz_payload_actuator: [HOOK] APPROACHING  lat=  25.8mm ins=   +0.2mm tilt= 34.6deg v=0.006m/s age=0.00s  [lateral(25.8mm>10.2mm), tilt(34.6deg>15.0deg)]
QGC port check failed, reporting UNKNOWN: (pid=98442)
2026-09-01 05:47:04,439 [INFO] gz_system.gz_payload_actuator: [KANCA_DENGE] oturma penceresi ortalama kanca_ofset=(-0.0679, -0.0486)  (219 ornek)
2026-09-01 05:47:04,439 [WARNING] gz_system.gz_payload_actuator: [HOOK] OTURMADI (12.0 s). En iyi ESZAMANLI ornek: lat=  23.9mm ins=   +1.0mm tilt=  0.1deg v=0.031m/s age=0.02s (1 kapi ihlali). CAPTURE_CANDIDATE ornegi: 0/219. Kapi retleri: lateral=219, tilt=96, rel_speed=14, too_high=11. Sinirlar: yanal<=10.2 mm, dwell 0.30 s.
2026-09-01 05:47:04,439 [WARNING] gz_system.gz_payload_actuator: [HOOK] oturma dogrulanmadi (12.0s) -- /hook/attach YAYINLANMADI, vinc cekiliyor, tekrar denenecek
2026-09-01 05:47:04,439 [INFO] gz_system.gz_payload_actuator: [HOOK] vinc -> 0.00 m
I0901 05:47:04.440020 12931847 fork_posix.cc:71] Other threads are currently calling into gRPC, skipping fork() handlers
2026-09-01 05:47:05,095 [INFO] core.detection.vision_runtime: [VISION] detect() calisiyor -- bu karede 1 tespit: ['KIRMIZI_DIKDORTGEN']
QGC port check failed, reporting UNKNOWN: (pid=98442)
2026-09-01 05:47:06,343 [INFO] gz_system.main_gz: Dashboard paint loop: 0.0 FPS (main thread)
2026-09-01 05:47:06,366 [INFO] core.mission.gorev3_pickup: [YENIDEN_HIZA] deneme 3 oncesi, kanca havada -- duzeltme yeniden kosuluyor
2026-09-01 05:47:06,366 [INFO] core.mission.gorev3_pickup: [SON_DUZELTME] 1/6 yanal 93.3 mm -> (kuzey +0.043, dogu +0.019)  | kanca_ofset=(-0.1434, -0.0143) arac_ned=(102.4904, -5.8943) kanca_mutlak=(102.3469, -5.9085)
2026-09-01 05:47:08,162 [INFO] core.detection.vision_runtime: [VISION] detect() calisiyor -- bu karede 1 tespit: ['KIRMIZI_DIKDORTGEN']
QGC port check failed, reporting UNKNOWN: (pid=98442)
2026-09-01 05:47:09,434 [INFO] core.mission.gorev3_pickup: [SON_DUZELTME] 2/6 yanal 15.1 mm -> (kuzey -0.003, dogu +0.007)  | kanca_ofset=(-0.0834, -0.0052) arac_ned=(102.5227, -5.8797) kanca_mutlak=(102.4393, -5.8850)
QGC port check failed, reporting UNKNOWN: (pid=98442)
2026-09-01 05:47:11,232 [INFO] core.detection.vision_runtime: [VISION] detect() calisiyor -- bu karede 1 tespit: ['KIRMIZI_DIKDORTGEN']
2026-09-01 05:47:11,368 [INFO] gz_system.main_gz: Dashboard paint loop: 0.0 FPS (main thread)
2026-09-01 05:47:11,999 [INFO] core.mission.gorev3_pickup: [SON_DUZELTME] 3/6 yanal 27.1 mm -> (kuzey +0.005, dogu -0.013)  | kanca_ofset=(-0.0889, -0.0054) arac_ned=(102.5119, -5.8407) kanca_mutlak=(102.4230, -5.8461)
QGC port check failed, reporting UNKNOWN: (pid=98442)
QGC port check failed, reporting UNKNOWN: (pid=98442)
2026-09-01 05:47:14,293 [INFO] core.detection.vision_runtime: [VISION] detect() calisiyor -- bu karede 0 tespit: []
2026-09-01 05:47:14,509 [INFO] core.mission.gorev3_pickup: [SON_DUZELTME] 4/6 yanal 16.3 mm -> (kuzey -0.001, dogu -0.008)  | kanca_ofset=(-0.0896, -0.0054) arac_ned=(102.5244, -5.8499) kanca_mutlak=(102.4348, -5.8553)
QGC port check failed, reporting UNKNOWN: (pid=98442)
2026-09-01 05:47:16,399 [INFO] gz_system.main_gz: Dashboard paint loop: 0.0 FPS (main thread)
2026-09-01 05:47:17,114 [INFO] core.mission.gorev3_pickup: [SON_DUZELTME] 5/6 yanal 25.9 mm -> (kuzey -0.013, dogu -0.002)  | kanca_ofset=(-0.0899, -0.0054) arac_ned=(102.5482, -5.8630) kanca_mutlak=(102.4583, -5.8684)
2026-09-01 05:47:17,330 [INFO] core.detection.vision_runtime: [VISION] detect() calisiyor -- bu karede 0 tespit: []
QGC port check failed, reporting UNKNOWN: (pid=98442)
2026-09-01 05:47:19,716 [INFO] core.mission.gorev3_pickup: [SON_DUZELTME] 6/6 yanal 15.2 mm -> (kuzey -0.005, dogu -0.006)  | kanca_ofset=(-0.0898, -0.0054) arac_ned=(102.5328, -5.8549) kanca_mutlak=(102.4430, -5.8603)
QGC port check failed, reporting UNKNOWN: (pid=98442)
2026-09-01 05:47:20,369 [INFO] core.detection.vision_runtime: [VISION] detect() calisiyor -- bu karede 0 tespit: []
2026-09-01 05:47:21,409 [INFO] gz_system.main_gz: Dashboard paint loop: 0.0 FPS (main thread)
QGC port check failed, reporting UNKNOWN: (pid=98442)
2026-09-01 05:47:22,318 [WARNING] core.mission.gorev3_pickup: [SON_DUZELTME] butce doldu; son yanal 15.2 mm
2026-09-01 05:47:22,318 [INFO] core.mission.gorev3_pickup: [YENIDEN_HIZA] deneme 3 icin yeni yanal: 15.2 mm
2026-09-01 05:47:22,318 [INFO] gz_system.gz_payload_actuator: [HOOK] alma denemesi 3/3
2026-09-01 05:47:22,318 [INFO] gz_system.gz_payload_actuator: [HOOK] vinc salimi: 0.372 m  (irtifa=0.342 m, guverte=0.070, zincir ofseti=0.060, pay=0.040)
2026-09-01 05:47:22,318 [INFO] gz_system.gz_payload_actuator: [HOOK] vinc -> 0.37 m
I0901 05:47:22.319067 12931847 fork_posix.cc:71] Other threads are currently calling into gRPC, skipping fork() handlers
2026-09-01 05:47:23,240 [INFO] gz_system.gz_payload_actuator: [HOOK] APPROACHING  lat=  13.9mm ins= -271.2mm tilt=  0.1deg v=  infm/s age=0.01s  [lateral(13.9mm>10.2mm), too_high(-271.2mm<-4.0mm), rel_speed(inf>0.05m/s)]
2026-09-01 05:47:23,415 [INFO] core.detection.vision_runtime: [VISION] detect() calisiyor -- bu karede 1 tespit: ['KIRMIZI_DIKDORTGEN']
QGC port check failed, reporting UNKNOWN: (pid=98442)
2026-09-01 05:47:24,288 [INFO] gz_system.gz_payload_actuator: [HOOK] APPROACHING  lat=  17.5mm ins=   +1.3mm tilt= 34.1deg v=0.004m/s age=0.02s  [lateral(17.5mm>10.2mm), tilt(34.1deg>15.0deg)]
2026-09-01 05:47:25,312 [INFO] gz_system.gz_payload_actuator: [HOOK] APPROACHING  lat=  17.0mm ins=   +1.3mm tilt= 31.9deg v=0.006m/s age=0.01s  [lateral(17.0mm>10.2mm), tilt(31.9deg>15.0deg)]
QGC port check failed, reporting UNKNOWN: (pid=98442)
2026-09-01 05:47:26,343 [INFO] gz_system.gz_payload_actuator: [HOOK] APPROACHING  lat=  14.8mm ins=   +0.5mm tilt= 24.7deg v=0.007m/s age=0.02s  [lateral(14.8mm>10.2mm), tilt(24.7deg>15.0deg)]
2026-09-01 05:47:26,430 [INFO] gz_system.main_gz: Dashboard paint loop: 0.0 FPS (main thread)
2026-09-01 05:47:26,450 [INFO] core.detection.vision_runtime: [VISION] detect() calisiyor -- bu karede 0 tespit: []
2026-09-01 05:47:27,369 [INFO] gz_system.gz_payload_actuator: [HOOK] APPROACHING  lat=   7.0mm ins=  +13.0mm tilt= 23.1deg v=0.013m/s age=0.02s  [tilt(23.1deg>15.0deg)]
QGC port check failed, reporting UNKNOWN: (pid=98442)
2026-09-01 05:47:28,407 [INFO] gz_system.gz_payload_actuator: [HOOK] APPROACHING  lat=   6.0mm ins=  +11.0mm tilt= 32.6deg v=0.006m/s age=0.02s  [tilt(32.6deg>15.0deg)]
2026-09-01 05:47:29,437 [INFO] gz_system.gz_payload_actuator: [HOOK] APPROACHING  lat=   4.5mm ins=   +9.3mm tilt= 42.5deg v=0.017m/s age=0.00s  [tilt(42.5deg>15.0deg)]
2026-09-01 05:47:29,497 [INFO] core.detection.vision_runtime: [VISION] detect() calisiyor -- bu karede 0 tespit: []
QGC port check failed, reporting UNKNOWN: (pid=98442)
2026-09-01 05:47:30,471 [INFO] gz_system.gz_payload_actuator: [HOOK] APPROACHING  lat=   3.5mm ins=   +8.2mm tilt= 48.9deg v=0.008m/s age=0.02s  [tilt(48.9deg>15.0deg)]
2026-09-01 05:47:31,442 [INFO] gz_system.main_gz: Dashboard paint loop: 0.0 FPS (main thread)
2026-09-01 05:47:31,492 [INFO] gz_system.gz_payload_actuator: [HOOK] APPROACHING  lat=   3.5mm ins=   +7.8mm tilt= 52.1deg v=0.009m/s age=0.00s  [tilt(52.1deg>15.0deg)]
QGC port check failed, reporting UNKNOWN: (pid=98442)
2026-09-01 05:47:32,529 [INFO] core.detection.vision_runtime: [VISION] detect() calisiyor -- bu karede 0 tespit: []
2026-09-01 05:47:32,529 [INFO] gz_system.gz_payload_actuator: [HOOK] APPROACHING  lat=   1.6mm ins=   +7.0mm tilt= 58.7deg v=0.007m/s age=0.02s  [tilt(58.7deg>15.0deg)]
2026-09-01 05:47:33,558 [INFO] gz_system.gz_payload_actuator: [HOOK] APPROACHING  lat=   2.6mm ins=   +6.8mm tilt= 59.5deg v=0.005m/s age=0.02s  [tilt(59.5deg>15.0deg)]
QGC port check failed, reporting UNKNOWN: (pid=98442)
2026-09-01 05:47:34,590 [INFO] gz_system.gz_payload_actuator: [HOOK] APPROACHING  lat=   3.1mm ins=   +7.6mm tilt= 53.7deg v=0.008m/s age=0.03s  [tilt(53.7deg>15.0deg)]
2026-09-01 05:47:35,244 [INFO] gz_system.gz_payload_actuator: [KANCA_DENGE] oturma penceresi ortalama kanca_ofset=(-0.1138, +0.0070)  (222 ornek)
2026-09-01 05:47:35,244 [WARNING] gz_system.gz_payload_actuator: [HOOK] OTURMADI (12.0 s). En iyi ESZAMANLI ornek: lat=   1.6mm ins=   +7.0mm tilt= 58.7deg v=0.007m/s age=0.02s (1 kapi ihlali). CAPTURE_CANDIDATE ornegi: 0/222. Kapi retleri: tilt=208, lateral=66, rel_speed=21, too_high=12. Sinirlar: yanal<=10.2 mm, dwell 0.30 s.
2026-09-01 05:47:35,244 [WARNING] gz_system.gz_payload_actuator: [HOOK] oturma dogrulanmadi (12.0s) -- /hook/attach YAYINLANMADI, vinc cekiliyor, tekrar denenecek
2026-09-01 05:47:35,244 [INFO] gz_system.gz_payload_actuator: [HOOK] vinc -> 0.00 m
I0901 05:47:35.245261 12931847 fork_posix.cc:71] Other threads are currently calling into gRPC, skipping fork() handlers
2026-09-01 05:47:35,570 [INFO] core.detection.vision_runtime: [VISION] detect() calisiyor -- bu karede 0 tespit: []
QGC port check failed, reporting UNKNOWN: (pid=98442)
2026-09-01 05:47:36,456 [INFO] gz_system.main_gz: Dashboard paint loop: 0.0 FPS (main thread)
2026-09-01 05:47:37,173 [INFO] gz_system.gz_payload_actuator: [HOOK] son deneme (3/3) -- yeniden hizalama atlandi, arkasindan deneme gelmeyecek
2026-09-01 05:47:37,173 [ERROR] gz_system.gz_payload_actuator: [HOOK] 3 denemede yuk OTURMADI -- hicbir /hook/attach yayinlanmadi.
2026-09-01 05:47:37,173 [INFO] gz_system.gz_payload_actuator: [HOOK] vinc -> 0.00 m
I0901 05:47:37.173829 12931847 fork_posix.cc:71] Other threads are currently calling into gRPC, skipping fork() handlers
2026-09-01 05:47:38,096 [ERROR] core.mission.gorev3_pickup: Yük alma mekanizması yükü alamadı -- Görev 3 Faz 1 başarısız.
2026-09-01 05:47:38,096 [ERROR] core.mission.gorev3_orchestrator: GOREV 3 FAZ 1 (ALMA) BASARISIZ
2026-09-01 05:47:38,096 [WARNING] core.mission.master_fsm: GOREV 2 TAMAMLANDI ANCAK GOREV 3 BASARISIZ - yalnizca Gorev 2 puani gecerli olabilir
2026-09-01 05:47:38,096 [INFO] core.mission.master_fsm: RETURNING_TO_START_FINISH (dist=102.7 m) -- hedef (47.3977459, 8.5461637) @ 15.0m, sebep: gorev3_failed
2026-09-01 05:47:38,096 [INFO] core.navigation.centering_controller: Kayitli GPS konumuna gidiliyor: lat=47.3977459, lon=8.5461637, alt=15.0m
QGC port check failed, reporting UNKNOWN: (pid=98442)
2026-09-01 05:47:38,612 [INFO] core.detection.vision_runtime: [VISION] detect() calisiyor -- bu karede 1 tespit: ['MAVI_ALTIGEN']
QGC port check failed, reporting UNKNOWN: (pid=98442)
2026-09-01 05:47:41,495 [INFO] gz_system.main_gz: Dashboard paint loop: 0.0 FPS (main thread)
2026-09-01 05:47:41,650 [INFO] core.detection.vision_runtime: [VISION] detect() calisiyor -- bu karede 0 tespit: []
QGC port check failed, reporting UNKNOWN: (pid=98442)
QGC port check failed, reporting UNKNOWN: (pid=98442)
2026-09-01 05:47:44,731 [INFO] core.detection.vision_runtime: [VISION] detect() calisiyor -- bu karede 0 tespit: []
QGC port check failed, reporting UNKNOWN: (pid=98442)
2026-09-01 05:47:46,500 [INFO] gz_system.main_gz: Dashboard paint loop: 0.0 FPS (main thread)
2026-09-01 05:47:47,784 [INFO] core.detection.vision_runtime: [VISION] detect() calisiyor -- bu karede 0 tespit: []
QGC port check failed, reporting UNKNOWN: (pid=98442)
QGC port check failed, reporting UNKNOWN: (pid=98442)
2026-09-01 05:47:50,813 [INFO] core.detection.vision_runtime: [VISION] detect() calisiyor -- bu karede 0 tespit: []
2026-09-01 05:47:51,246 [INFO] core.mission.master_fsm: Baslangic/bitis noktasina ulasildi -- checkpoint'e uzaklik 0.7 m. Inis baslatiliyor.
2026-09-01 05:47:51,246 [INFO] core.mission.master_fsm: Son iniş gerçekleştiriliyor...
2026-09-01 05:47:51,247 [INFO] mavsdk_common.mavsdk_backend_base: İniş yapılıyor...
2026-09-01 05:47:51,275 [INFO] core.detection.detection_publisher: [DETECTION_PUB] yayin kapatiliyor (gonderilen=3967, atlanan=0).
2026-09-01 05:47:51,275 [INFO] core.detection.vision_runtime: [VISION] pipeline durduruldu.
[CAMERA_CLIENT] Stopping client...
[CAMERA_CLIENT] Shutdown complete.
I0901 05:47:51.290616 12931849 fork_posix.cc:71] Other threads are currently calling into gRPC, skipping fork() handlers
[CAMERA_SERVICE_MANAGER] Stopping (PID: 97503)...
I0901 05:47:51.295578 12931849 fork_posix.cc:71] Other threads are currently calling into gRPC, skipping fork() handlers
I0901 05:47:51.299036 12931849 fork_posix.cc:71] Other threads are currently calling into gRPC, skipping fork() handlers
[CAMERA_SERVICE_MANAGER] Stopped.
