2026-09-01 08:12:52,405 [INFO] gz_system.main_gz: gz-transport env: GZ_PARTITION=kursad40 GZ_IP=127.0.0.1
2026-09-01 08:12:52,406 [INFO] gz_system.gz_camera_source: Gazebo kamera servisi kontrol ediliyor (topic=/world/default/model/x500_mono_cam_down_0/link/camera_link/sensor/camera/image)...
[CAMERA_SERVICE_MANAGER] Starting camera_service.py (topic=/world/default/model/x500_mono_cam_down_0/link/camera_link/sensor/camera/image, zmq=tcp://127.0.0.1:5555)...
[CAMERA_SERVICE_MANAGER] gz-transport env for child: GZ_PARTITION=kursad40 GZ_IP=127.0.0.1
QGC port check failed, reporting UNKNOWN: (pid=22265)
[CAMERA_SERVICE_MANAGER] Started (PID: 22452).
[CAMERA_CLIENT] Connecting to ZMQ publisher at tcp://127.0.0.1:5555...2026-09-01 08:12:53,425 [INFO] gz_system.gz_camera_source: Gazebo kamera istemcisi baslatildi.

[CAMERA_CLIENT] Connected. Waiting for frames...
2026-09-01 08:12:53,428 [INFO] gz_system.gz_pose_monitor: Gazebo poz izleyicisi basladi: /world/default/dynamic_pose/info
2026-09-01 08:12:53,429 [INFO] core.detection.detection_publisher: [DETECTION_PUB] tespit yayini acik: tcp://127.0.0.1:5556
2026-09-01 08:12:53,429 [INFO] core.detection.vision_runtime: [VISION] pipeline basladi (mission omru boyunca calisir).
2026-09-01 08:12:53,429 [INFO] core.mission.master_fsm: MASTER MISSION CONTROLLER BASLATILDI
2026-09-01 08:12:53,429 [WARNING] core.detection.vision_runtime: Frame grab loop hatasi (art arda 1. hata, mission etkilenmez): Gazebo kameradan kare okunamadi. Henuz kare alinmadi veya baglanti koptu.
2026-09-01 08:12:53,429 [WARNING] core.detection.vision_runtime: [VISION] detect() basarisiz (art arda 1. hata, mission etkilenmez): Gazebo kameradan kare okunamadi. Henuz kare alinmadi veya baglanti koptu.
2026-09-01 08:12:53,429 [INFO] core.mission.gorev2_orchestrator: GOREV 2 BASLIYOR
2026-09-01 08:12:53,429 [INFO] mavsdk_common.mavsdk_backend_base: Drone'a bağlanılıyor: udp://:14540
Connection using udp:// is deprecated, please use udpin:// or udpout:// (cli_arg.cpp:28)
2026-09-01 08:12:54,405 [INFO] mavsdk_common.mavsdk_backend_base: Drone bağlantısı bekleniyor...
2026-09-01 08:12:54,406 [INFO] mavsdk_common.mavsdk_backend_base: Drone bağlandı!
QGC port check failed, reporting UNKNOWN: (pid=22265)
2026-09-01 08:12:54,426 [INFO] mavsdk_common.mavsdk_backend_base: [TELEMETRY] position rate 10.0 Hz istendi.
2026-09-01 08:12:54,450 [INFO] mavsdk_common.mavsdk_backend_base: [TELEMETRY] position_velocity_ned rate 10.0 Hz istendi.
2026-09-01 08:12:54,473 [INFO] mavsdk_common.mavsdk_backend_base: [TELEMETRY] attitude_euler rate 10.0 Hz istendi.
2026-09-01 08:12:55,088 [INFO] mavsdk_common.mavsdk_backend_base: Drone arm ediliyor...
2026-09-01 08:12:55,108 [INFO] mavsdk_common.mavsdk_backend_base: Kalkış yapılıyor (Hedef: 15.0m)...
QGC port check failed, reporting UNKNOWN: (pid=22265)
2026-09-01 08:12:56,494 [INFO] core.detection.vision_runtime: [VISION] detect() calisiyor -- bu karede 0 tespit: []
2026-09-01 08:12:57,416 [INFO] gz_system.main_gz: Dashboard paint loop: 0.0 FPS (main thread)
QGC port check failed, reporting UNKNOWN: (pid=22265)
2026-09-01 08:12:59,525 [INFO] core.detection.vision_runtime: [VISION] detect() calisiyor -- bu karede 0 tespit: []
QGC port check failed, reporting UNKNOWN: (pid=22265)
QGC port check failed, reporting UNKNOWN: (pid=22265)
2026-09-01 08:13:02,425 [INFO] gz_system.main_gz: Dashboard paint loop: 0.0 FPS (main thread)
2026-09-01 08:13:02,554 [INFO] core.detection.vision_runtime: [VISION] detect() calisiyor -- bu karede 0 tespit: []
QGC port check failed, reporting UNKNOWN: (pid=22265)
2026-09-01 08:13:05,587 [INFO] core.detection.vision_runtime: [VISION] detect() calisiyor -- bu karede 0 tespit: []
QGC port check failed, reporting UNKNOWN: (pid=22265)
2026-09-01 08:13:07,440 [INFO] gz_system.main_gz: Dashboard paint loop: 0.0 FPS (main thread)
QGC port check failed, reporting UNKNOWN: (pid=22265)
2026-09-01 08:13:08,615 [INFO] core.detection.vision_runtime: [VISION] detect() calisiyor -- bu karede 0 tespit: []
QGC port check failed, reporting UNKNOWN: (pid=22265)
2026-09-01 08:13:11,651 [INFO] core.detection.vision_runtime: [VISION] detect() calisiyor -- bu karede 0 tespit: []
2026-09-01 08:13:11,664 [INFO] core.mission.gorev2_orchestrator: Start Checkpoint kaydedildi: (47.3977459, 8.5461637, 14.213000297546387)
2026-09-01 08:13:11,705 [INFO] core.mission.gorev2_orchestrator: [ROUTE_REJOIN] rota ekseni tespit edildi: sabit=lon (lat_span=0.001258, lon_span=0.000000).
2026-09-01 08:13:11,721 [INFO] core.mission.gorev2_orchestrator: [MISSION_START] Rota dogrulandi (3 item): 0:NAV_TAKEOFF, 1:NAV_WAYPOINT, 2:NAV_WAYPOINT
2026-09-01 08:13:11,721 [INFO] core.mission.gorev2_orchestrator: [MISSION_START] Baslangic indeksi: 1
2026-09-01 08:13:11,721 [INFO] core.mission.gorev2_orchestrator: [MISSION_START] 3.0s stabilizasyon bekleniyor...
QGC port check failed, reporting UNKNOWN: (pid=22265)
2026-09-01 08:13:12,446 [INFO] gz_system.main_gz: Dashboard paint loop: 0.0 FPS (main thread)
QGC port check failed, reporting UNKNOWN: (pid=22265)
2026-09-01 08:13:14,687 [INFO] core.detection.vision_runtime: [VISION] detect() calisiyor -- bu karede 0 tespit: []
2026-09-01 08:13:15,255 [INFO] core.mission.gorev2_orchestrator: [MISSION_START] PX4 mevcut gorev ogesi 1 olarak ayarlandi (seq0 NAV_TAKEOFF atlandi -- kalkis zaten yapildi).
2026-09-01 08:13:15,255 [INFO] core.mission.gorev2_orchestrator: [MISSION_START] Yuklu gorev baslatiliyor...
Received ack for not-existing command: 176! Ignoring... (mavlink_command_sender.cpp:304)
2026-09-01 08:13:16,273 [INFO] core.mission.gorev2_orchestrator: [MISSION_START] PX4 MISSION moduna gecti -- arama fazi basliyor.
QGC port check failed, reporting UNKNOWN: (pid=22265)
2026-09-01 08:13:17,476 [INFO] gz_system.main_gz: Dashboard paint loop: 0.0 FPS (main thread)
2026-09-01 08:13:17,715 [INFO] core.detection.vision_runtime: [VISION] detect() calisiyor -- bu karede 0 tespit: []
QGC port check failed, reporting UNKNOWN: (pid=22265)
QGC port check failed, reporting UNKNOWN: (pid=22265)
2026-09-01 08:13:20,746 [INFO] core.detection.vision_runtime: [VISION] detect() calisiyor -- bu karede 0 tespit: []
QGC port check failed, reporting UNKNOWN: (pid=22265)
2026-09-01 08:13:22,489 [INFO] gz_system.main_gz: Dashboard paint loop: 0.0 FPS (main thread)
2026-09-01 08:13:23,788 [INFO] core.detection.vision_runtime: [VISION] detect() calisiyor -- bu karede 0 tespit: []
QGC port check failed, reporting UNKNOWN: (pid=22265)
QGC port check failed, reporting UNKNOWN: (pid=22265)
2026-09-01 08:13:26,864 [INFO] core.detection.vision_runtime: [VISION] detect() calisiyor -- bu karede 2 tespit: ['MAVI_ALTIGEN', 'KIRMIZI_DIKDORTGEN']
2026-09-01 08:13:26,864 [INFO] core.navigation.centering_controller: Mission modu durduruluyor, Offboard'a geciliyor...
2026-09-01 08:13:26,864 [INFO] mavsdk_common.mavsdk_backend_base: Mission'dan Offboard'a geçiş yapılıyor...
Received ack for not-existing command: 176! Ignoring... (mavlink_command_sender.cpp:304)
2026-09-01 08:13:26,880 [INFO] mavsdk_common.mavsdk_backend_base: Offboard başlatılıyor...
Received ack for not-existing command: 176! Ignoring... (mavlink_command_sender.cpp:304)
2026-09-01 08:13:27,097 [INFO] core.navigation.centering_controller: MAVI_ALTIGEN hedefine merkezleniyor (irtifa hedefi: 15.0m, irtifa bandi +/-0.30m)...
2026-09-01 08:13:27,097 [WARNING] core.navigation.centering_controller: [CENTERING] MAVI_ALTIGEN 1/150 hedef kayboldu (feed canli, hedef bu karede yok)
2026-09-01 08:13:27,504 [INFO] gz_system.main_gz: Dashboard paint loop: 0.0 FPS (main thread)
2026-09-01 08:13:27,524 [INFO] core.detection.camera_intrinsics: [CAMERA] intrinsics: hfov=1.7400 rad (99.7 deg) 1280x960 -> f=539.9 px (kaynak: ../../../Tools/simulation/gz/models/mono_cam/model.sdf)
2026-09-01 08:13:27,632 [WARNING] core.navigation.centering_controller: [CENTERING] MAVI_ALTIGEN 6/150 hedef kayboldu (feed canli, hedef bu karede yok)
2026-09-01 08:13:28,180 [INFO] core.navigation.centering_controller: [CENTERING] MAVI_ALTIGEN 11/150 dx=+294px dy=-42px d=8.3m ex=+0.4594 ey=-0.0875 (tol +/-0.010) alt_err=+0.06m -> fwd=+0.15 right=+0.69 down=+0.03 m/s
QGC port check failed, reporting UNKNOWN: (pid=22265)
2026-09-01 08:13:28,731 [INFO] core.navigation.centering_controller: [CENTERING] MAVI_ALTIGEN 16/150 dx=+315px dy=-150px d=9.7m ex=+0.4922 ey=-0.3125 (tol +/-0.010) alt_err=+0.02m -> fwd=+0.47 right=+0.74 down=+0.01 m/s
2026-09-01 08:13:29,280 [INFO] core.navigation.centering_controller: [CENTERING] MAVI_ALTIGEN 21/150 dx=+259px dy=-142px d=8.2m ex=+0.4047 ey=-0.2958 (tol +/-0.010) alt_err=+0.02m -> fwd=+0.44 right=+0.61 down=+0.01 m/s
2026-09-01 08:13:29,829 [INFO] core.navigation.centering_controller: [CENTERING] MAVI_ALTIGEN 26/150 dx=+236px dy=-113px d=7.3m ex=+0.3688 ey=-0.2354 (tol +/-0.010) alt_err=+0.02m -> fwd=+0.35 right=+0.55 down=+0.01 m/s
2026-09-01 08:13:29,938 [INFO] core.detection.vision_runtime: [VISION] detect() calisiyor -- bu karede 2 tespit: ['MAVI_ALTIGEN', 'KIRMIZI_DIKDORTGEN']
2026-09-01 08:13:30,380 [INFO] core.navigation.centering_controller: [CENTERING] MAVI_ALTIGEN 31/150 dx=+227px dy=-103px d=6.9m ex=+0.3547 ey=-0.2146 (tol +/-0.010) alt_err=+0.02m -> fwd=+0.32 right=+0.53 down=+0.01 m/s
QGC port check failed, reporting UNKNOWN: (pid=22265)
2026-09-01 08:13:30,930 [INFO] core.navigation.centering_controller: [CENTERING] MAVI_ALTIGEN 36/150 dx=+216px dy=-104px d=6.7m ex=+0.3375 ey=-0.2167 (tol +/-0.010) alt_err=+0.00m -> fwd=+0.33 right=+0.51 down=+0.00 m/s
2026-09-01 08:13:31,481 [INFO] core.navigation.centering_controller: [CENTERING] MAVI_ALTIGEN 41/150 dx=+204px dy=-103px d=6.3m ex=+0.3187 ey=-0.2146 (tol +/-0.010) alt_err=-0.01m -> fwd=+0.32 right=+0.48 down=-0.01 m/s
2026-09-01 08:13:32,032 [INFO] core.navigation.centering_controller: [CENTERING] MAVI_ALTIGEN 46/150 dx=+193px dy=-99px d=6.0m ex=+0.3016 ey=-0.2062 (tol +/-0.010) alt_err=-0.02m -> fwd=+0.31 right=+0.45 down=-0.01 m/s
QGC port check failed, reporting UNKNOWN: (pid=22265)
2026-09-01 08:13:32,519 [INFO] gz_system.main_gz: Dashboard paint loop: 0.0 FPS (main thread)
2026-09-01 08:13:32,582 [INFO] core.navigation.centering_controller: [CENTERING] MAVI_ALTIGEN 51/150 dx=+181px dy=-96px d=5.7m ex=+0.2828 ey=-0.2000 (tol +/-0.010) alt_err=-0.03m -> fwd=+0.30 right=+0.42 down=-0.02 m/s
2026-09-01 08:13:33,021 [INFO] core.detection.vision_runtime: [VISION] detect() calisiyor -- bu karede 2 tespit: ['MAVI_ALTIGEN', 'KIRMIZI_DIKDORTGEN']
2026-09-01 08:13:33,131 [INFO] core.navigation.centering_controller: [CENTERING] MAVI_ALTIGEN 56/150 dx=+171px dy=-94px d=5.4m ex=+0.2672 ey=-0.1958 (tol +/-0.010) alt_err=-0.02m -> fwd=+0.29 right=+0.40 down=-0.01 m/s
2026-09-01 08:13:33,683 [INFO] core.navigation.centering_controller: [CENTERING] MAVI_ALTIGEN 61/150 dx=+163px dy=-93px d=5.2m ex=+0.2547 ey=-0.1938 (tol +/-0.010) alt_err=-0.01m -> fwd=+0.29 right=+0.38 down=-0.01 m/s
2026-09-01 08:13:34,235 [INFO] core.navigation.centering_controller: [CENTERING] MAVI_ALTIGEN 66/150 dx=+154px dy=-91px d=5.0m ex=+0.2406 ey=-0.1896 (tol +/-0.010) alt_err=-0.01m -> fwd=+0.28 right=+0.36 down=-0.00 m/s
QGC port check failed, reporting UNKNOWN: (pid=22265)
2026-09-01 08:13:34,787 [INFO] core.navigation.centering_controller: [CENTERING] MAVI_ALTIGEN 71/150 dx=+145px dy=-89px d=4.7m ex=+0.2266 ey=-0.1854 (tol +/-0.010) alt_err=-0.01m -> fwd=+0.28 right=+0.34 down=-0.00 m/s
2026-09-01 08:13:35,338 [INFO] core.navigation.centering_controller: [CENTERING] MAVI_ALTIGEN 76/150 dx=+139px dy=-86px d=4.5m ex=+0.2172 ey=-0.1792 (tol +/-0.010) alt_err=-0.01m -> fwd=+0.27 right=+0.33 down=-0.00 m/s
2026-09-01 08:13:35,884 [INFO] core.navigation.centering_controller: [CENTERING] MAVI_ALTIGEN 81/150 dx=+133px dy=-83px d=4.4m ex=+0.2078 ey=-0.1729 (tol +/-0.010) alt_err=-0.01m -> fwd=+0.26 right=+0.31 down=-0.01 m/s
2026-09-01 08:13:36,105 [INFO] core.detection.vision_runtime: [VISION] detect() calisiyor -- bu karede 2 tespit: ['MAVI_ALTIGEN', 'KIRMIZI_DIKDORTGEN']
2026-09-01 08:13:36,435 [INFO] core.navigation.centering_controller: [CENTERING] MAVI_ALTIGEN 86/150 dx=+126px dy=-78px d=4.1m ex=+0.1969 ey=-0.1625 (tol +/-0.010) alt_err=-0.02m -> fwd=+0.24 right=+0.30 down=-0.01 m/s
QGC port check failed, reporting UNKNOWN: (pid=22265)
2026-09-01 08:13:36,989 [INFO] core.navigation.centering_controller: [CENTERING] MAVI_ALTIGEN 91/150 dx=+120px dy=-76px d=3.9m ex=+0.1875 ey=-0.1583 (tol +/-0.010) alt_err=-0.02m -> fwd=+0.24 right=+0.28 down=-0.01 m/s
2026-09-01 08:13:37,541 [INFO] core.navigation.centering_controller: [CENTERING] MAVI_ALTIGEN 96/150 dx=+113px dy=-73px d=3.7m ex=+0.1766 ey=-0.1521 (tol +/-0.010) alt_err=-0.01m -> fwd=+0.23 right=+0.26 down=-0.01 m/s
2026-09-01 08:13:37,548 [INFO] gz_system.main_gz: Dashboard paint loop: 0.0 FPS (main thread)
2026-09-01 08:13:38,090 [INFO] core.navigation.centering_controller: [CENTERING] MAVI_ALTIGEN 101/150 dx=+107px dy=-70px d=3.6m ex=+0.1672 ey=-0.1458 (tol +/-0.010) alt_err=-0.01m -> fwd=+0.22 right=+0.25 down=-0.00 m/s
QGC port check failed, reporting UNKNOWN: (pid=22265)
2026-09-01 08:13:38,640 [INFO] core.navigation.centering_controller: [CENTERING] MAVI_ALTIGEN 106/150 dx=+102px dy=-66px d=3.4m ex=+0.1594 ey=-0.1375 (tol +/-0.010) alt_err=-0.01m -> fwd=+0.21 right=+0.24 down=-0.00 m/s
2026-09-01 08:13:39,190 [INFO] core.detection.vision_runtime: [VISION] detect() calisiyor -- bu karede 2 tespit: ['MAVI_ALTIGEN', 'KIRMIZI_DIKDORTGEN']
2026-09-01 08:13:39,191 [INFO] core.navigation.centering_controller: [CENTERING] MAVI_ALTIGEN 111/150 dx=+96px dy=-62px d=3.2m ex=+0.1500 ey=-0.1292 (tol +/-0.010) alt_err=-0.01m -> fwd=+0.19 right=+0.22 down=-0.00 m/s
2026-09-01 08:13:39,743 [INFO] core.navigation.centering_controller: [CENTERING] MAVI_ALTIGEN 116/150 dx=+92px dy=-59px d=3.0m ex=+0.1437 ey=-0.1229 (tol +/-0.010) alt_err=-0.00m -> fwd=+0.18 right=+0.22 down=-0.00 m/s
2026-09-01 08:13:40,294 [INFO] core.navigation.centering_controller: [CENTERING] MAVI_ALTIGEN 121/150 dx=+89px dy=-56px d=2.9m ex=+0.1391 ey=-0.1167 (tol +/-0.010) alt_err=-0.01m -> fwd=+0.17 right=+0.21 down=-0.00 m/s
QGC port check failed, reporting UNKNOWN: (pid=22265)
2026-09-01 08:13:40,844 [INFO] core.navigation.centering_controller: [CENTERING] MAVI_ALTIGEN 126/150 dx=+86px dy=-52px d=2.8m ex=+0.1344 ey=-0.1083 (tol +/-0.010) alt_err=-0.01m -> fwd=+0.16 right=+0.20 down=-0.00 m/s
2026-09-01 08:13:41,396 [INFO] core.navigation.centering_controller: [CENTERING] MAVI_ALTIGEN 131/150 dx=+81px dy=-49px d=2.6m ex=+0.1266 ey=-0.1021 (tol +/-0.010) alt_err=-0.01m -> fwd=+0.15 right=+0.19 down=-0.00 m/s
2026-09-01 08:13:41,948 [INFO] core.navigation.centering_controller: [CENTERING] MAVI_ALTIGEN 136/150 dx=+78px dy=-46px d=2.5m ex=+0.1219 ey=-0.0958 (tol +/-0.010) alt_err=-0.01m -> fwd=+0.15 right=+0.18 down=-0.00 m/s
2026-09-01 08:13:42,280 [INFO] core.detection.vision_runtime: [VISION] detect() calisiyor -- bu karede 2 tespit: ['MAVI_ALTIGEN', 'KIRMIZI_DIKDORTGEN']
QGC port check failed, reporting UNKNOWN: (pid=22265)
2026-09-01 08:13:42,499 [INFO] core.navigation.centering_controller: [CENTERING] MAVI_ALTIGEN 141/150 dx=+75px dy=-44px d=2.4m ex=+0.1172 ey=-0.0917 (tol +/-0.010) alt_err=-0.00m -> fwd=+0.15 right=+0.18 down=-0.00 m/s
2026-09-01 08:13:42,576 [INFO] gz_system.main_gz: Dashboard paint loop: 0.0 FPS (main thread)
2026-09-01 08:13:43,052 [INFO] core.navigation.centering_controller: [CENTERING] MAVI_ALTIGEN 146/150 dx=+70px dy=-41px d=2.3m ex=+0.1094 ey=-0.0854 (tol +/-0.010) alt_err=-0.01m -> fwd=+0.15 right=+0.16 down=-0.01 m/s
2026-09-01 08:13:43,604 [ERROR] core.navigation.centering_controller: Merkezleme zaman asimina ugradi! (150 deneme / 15.0s butcesi doldu)
2026-09-01 08:13:43,604 [WARNING] core.mission.gorev2_orchestrator: [RETRY_IN_PLACE] MAVI_ALTIGEN 1/3 merkezlenemedi -- 5s yerinde beklenip tekrar denenecek (hedef goruniyor, d=2.14m).
QGC port check failed, reporting UNKNOWN: (pid=22265)
2026-09-01 08:13:45,370 [INFO] core.detection.vision_runtime: [VISION] detect() calisiyor -- bu karede 2 tespit: ['MAVI_ALTIGEN', 'KIRMIZI_DIKDORTGEN']
QGC port check failed, reporting UNKNOWN: (pid=22265)
2026-09-01 08:13:47,581 [INFO] gz_system.main_gz: Dashboard paint loop: 0.0 FPS (main thread)
2026-09-01 08:13:48,451 [INFO] core.detection.vision_runtime: [VISION] detect() calisiyor -- bu karede 2 tespit: ['MAVI_ALTIGEN', 'KIRMIZI_DIKDORTGEN']
QGC port check failed, reporting UNKNOWN: (pid=22265)
2026-09-01 08:13:48,672 [INFO] core.navigation.centering_controller: MAVI_ALTIGEN hedefine merkezleniyor (irtifa hedefi: 15.0m, irtifa bandi +/-0.30m)...
2026-09-01 08:13:48,673 [INFO] core.navigation.centering_controller: [CENTERING] MAVI_ALTIGEN 1/150 dx=+66px dy=-35px d=2.1m ex=+0.1031 ey=-0.0729 (tol +/-0.010) alt_err=-0.05m -> fwd=+0.15 right=+0.15 down=-0.02 m/s
2026-09-01 08:13:49,223 [INFO] core.navigation.centering_controller: [CENTERING] MAVI_ALTIGEN 6/150 dx=+79px dy=-47px d=2.5m ex=+0.1234 ey=-0.0979 (tol +/-0.010) alt_err=-0.04m -> fwd=+0.15 right=+0.19 down=-0.02 m/s
2026-09-01 08:13:49,773 [INFO] core.navigation.centering_controller: [CENTERING] MAVI_ALTIGEN 11/150 dx=+69px dy=-37px d=2.2m ex=+0.1078 ey=-0.0771 (tol +/-0.010) alt_err=-0.02m -> fwd=+0.15 right=+0.16 down=-0.01 m/s
2026-09-01 08:13:50,322 [INFO] core.navigation.centering_controller: [CENTERING] MAVI_ALTIGEN 16/150 dx=+61px dy=-32px d=1.9m ex=+0.0953 ey=-0.0667 (tol +/-0.010) alt_err=-0.02m -> fwd=+0.15 right=+0.15 down=-0.01 m/s
QGC port check failed, reporting UNKNOWN: (pid=22265)
2026-09-01 08:13:50,875 [INFO] core.navigation.centering_controller: [CENTERING] MAVI_ALTIGEN 21/150 dx=+60px dy=-28px d=1.8m ex=+0.0938 ey=-0.0583 (tol +/-0.010) alt_err=-0.02m -> fwd=+0.15 right=+0.15 down=-0.01 m/s
2026-09-01 08:13:51,424 [INFO] core.navigation.centering_controller: [CENTERING] MAVI_ALTIGEN 26/150 dx=+58px dy=-26px d=1.8m ex=+0.0906 ey=-0.0542 (tol +/-0.010) alt_err=-0.02m -> fwd=+0.15 right=+0.15 down=-0.01 m/s
2026-09-01 08:13:51,534 [INFO] core.detection.vision_runtime: [VISION] detect() calisiyor -- bu karede 2 tespit: ['MAVI_ALTIGEN', 'KIRMIZI_DIKDORTGEN']
2026-09-01 08:13:51,973 [INFO] core.navigation.centering_controller: [CENTERING] MAVI_ALTIGEN 31/150 dx=+55px dy=-23px d=1.7m ex=+0.0859 ey=-0.0479 (tol +/-0.010) alt_err=-0.02m -> fwd=+0.15 right=+0.15 down=-0.01 m/s
QGC port check failed, reporting UNKNOWN: (pid=22265)
2026-09-01 08:13:52,521 [INFO] core.navigation.centering_controller: [CENTERING] MAVI_ALTIGEN 36/150 dx=+52px dy=-18px d=1.5m ex=+0.0813 ey=-0.0375 (tol +/-0.010) alt_err=-0.01m -> fwd=+0.15 right=+0.15 down=-0.00 m/s
2026-09-01 08:13:52,593 [INFO] gz_system.main_gz: Dashboard paint loop: 0.0 FPS (main thread)
2026-09-01 08:13:53,068 [INFO] core.navigation.centering_controller: [CENTERING] MAVI_ALTIGEN 41/150 dx=+48px dy=-15px d=1.4m ex=+0.0750 ey=-0.0312 (tol +/-0.010) alt_err=-0.01m -> fwd=+0.15 right=+0.15 down=-0.00 m/s
2026-09-01 08:13:53,620 [INFO] core.navigation.centering_controller: [CENTERING] MAVI_ALTIGEN 46/150 dx=+45px dy=-12px d=1.3m ex=+0.0703 ey=-0.0250 (tol +/-0.010) alt_err=-0.01m -> fwd=+0.15 right=+0.15 down=-0.00 m/s
2026-09-01 08:13:54,169 [INFO] core.navigation.centering_controller: [CENTERING] MAVI_ALTIGEN 51/150 dx=+42px dy=-9px d=1.2m ex=+0.0656 ey=-0.0187 (tol +/-0.010) alt_err=+0.00m -> fwd=+0.15 right=+0.15 down=+0.00 m/s
QGC port check failed, reporting UNKNOWN: (pid=22265)
2026-09-01 08:13:54,609 [INFO] core.detection.vision_runtime: [VISION] detect() calisiyor -- bu karede 2 tespit: ['MAVI_ALTIGEN', 'KIRMIZI_DIKDORTGEN']
2026-09-01 08:13:54,721 [INFO] core.navigation.centering_controller: [CENTERING] MAVI_ALTIGEN 56/150 dx=+38px dy=-5px d=1.1m ex=+0.0594 ey=-0.0104 (tol +/-0.010) alt_err=+0.01m -> fwd=+0.15 right=+0.15 down=+0.00 m/s
2026-09-01 08:13:55,271 [INFO] core.navigation.centering_controller: [CENTERING] MAVI_ALTIGEN 61/150 dx=+36px dy=+10px d=1.0m ex=+0.0563 ey=+0.0208 (tol +/-0.010) alt_err=+0.00m -> fwd=-0.15 right=+0.15 down=+0.00 m/s
2026-09-01 08:13:55,815 [INFO] core.navigation.centering_controller: [CENTERING] MAVI_ALTIGEN 66/150 dx=+32px dy=+13px d=1.0m ex=+0.0500 ey=+0.0271 (tol +/-0.010) alt_err=-0.00m -> fwd=-0.15 right=+0.15 down=-0.00 m/s
2026-09-01 08:13:56,368 [INFO] core.navigation.centering_controller: [CENTERING] MAVI_ALTIGEN 71/150 dx=+28px dy=-1px d=0.8m ex=+0.0437 ey=-0.0021 (tol +/-0.010) alt_err=-0.01m -> fwd=+0.00 right=+0.15 down=-0.00 m/s
QGC port check failed, reporting UNKNOWN: (pid=22265)
2026-09-01 08:13:56,923 [INFO] core.navigation.centering_controller: [CENTERING] MAVI_ALTIGEN 76/150 dx=+26px dy=-24px d=1.0m ex=+0.0406 ey=-0.0500 (tol +/-0.010) alt_err=-0.01m -> fwd=+0.15 right=+0.15 down=-0.00 m/s
2026-09-01 08:13:57,474 [INFO] core.navigation.centering_controller: [CENTERING] MAVI_ALTIGEN 81/150 dx=+23px dy=-11px d=0.7m ex=+0.0359 ey=-0.0229 (tol +/-0.010) alt_err=-0.01m -> fwd=+0.15 right=+0.15 down=-0.00 m/s
2026-09-01 08:13:57,625 [INFO] gz_system.main_gz: Dashboard paint loop: 0.0 FPS (main thread)
2026-09-01 08:13:57,694 [INFO] core.detection.vision_runtime: [VISION] detect() calisiyor -- bu karede 2 tespit: ['MAVI_ALTIGEN', 'KIRMIZI_DIKDORTGEN']
2026-09-01 08:13:58,024 [INFO] core.navigation.centering_controller: [CENTERING] MAVI_ALTIGEN 86/150 dx=+20px dy=-2px d=0.6m ex=+0.0312 ey=-0.0042 (tol +/-0.010) alt_err=-0.01m -> fwd=+0.00 right=+0.15 down=-0.00 m/s
QGC port check failed, reporting UNKNOWN: (pid=22265)
2026-09-01 08:13:58,571 [INFO] core.navigation.centering_controller: [CENTERING] MAVI_ALTIGEN 91/150 dx=+17px dy=+18px d=0.7m ex=+0.0266 ey=+0.0375 (tol +/-0.010) alt_err=-0.01m -> fwd=-0.15 right=+0.15 down=-0.00 m/s
2026-09-01 08:13:59,114 [INFO] core.navigation.centering_controller: [CENTERING] MAVI_ALTIGEN 96/150 dx=+16px dy=+8px d=0.5m ex=+0.0250 ey=+0.0167 (tol +/-0.010) alt_err=-0.01m -> fwd=-0.15 right=+0.15 down=-0.01 m/s
2026-09-01 08:13:59,665 [INFO] core.navigation.centering_controller: [CENTERING] MAVI_ALTIGEN 101/150 dx=+12px dy=-8px d=0.4m ex=+0.0187 ey=-0.0167 (tol +/-0.010) alt_err=-0.01m -> fwd=+0.15 right=+0.15 down=-0.00 m/s
2026-09-01 08:14:00,217 [INFO] core.navigation.centering_controller: [CENTERING] MAVI_ALTIGEN 106/150 dx=+8px dy=-19px d=0.6m ex=+0.0125 ey=-0.0396 (tol +/-0.010) alt_err=-0.01m -> fwd=+0.15 right=+0.15 down=-0.00 m/s
QGC port check failed, reporting UNKNOWN: (pid=22265)
2026-09-01 08:14:00,766 [INFO] core.detection.vision_runtime: [VISION] detect() calisiyor -- bu karede 2 tespit: ['MAVI_ALTIGEN', 'KIRMIZI_DIKDORTGEN']
2026-09-01 08:14:00,768 [INFO] core.navigation.centering_controller: [CENTERING] MAVI_ALTIGEN 111/150 dx=-1px dy=-7px d=0.2m ex=-0.0016 ey=-0.0146 (tol +/-0.010) alt_err=-0.02m -> fwd=+0.15 right=+0.00 down=-0.01 m/s
2026-09-01 08:14:01,316 [INFO] core.navigation.centering_controller: [CENTERING] MAVI_ALTIGEN 116/150 dx=-15px dy=+3px d=0.4m ex=-0.0234 ey=+0.0063 (tol +/-0.010) alt_err=-0.01m -> fwd=+0.00 right=-0.15 down=-0.00 m/s
2026-09-01 08:14:01,863 [INFO] core.navigation.centering_controller: [CENTERING] MAVI_ALTIGEN 121/150 dx=-6px dy=+18px d=0.5m ex=-0.0094 ey=+0.0375 (tol +/-0.010) alt_err=-0.00m -> fwd=-0.15 right=+0.00 down=-0.00 m/s
2026-09-01 08:14:02,406 [INFO] core.navigation.centering_controller: [CENTERING] MAVI_ALTIGEN 126/150 dx=+19px dy=+6px d=0.6m ex=+0.0297 ey=+0.0125 (tol +/-0.010) alt_err=-0.00m -> fwd=-0.15 right=+0.15 down=-0.00 m/s
QGC port check failed, reporting UNKNOWN: (pid=22265)
2026-09-01 08:14:02,657 [INFO] gz_system.main_gz: Dashboard paint loop: 0.0 FPS (main thread)
2026-09-01 08:14:02,960 [INFO] core.navigation.centering_controller: [CENTERING] MAVI_ALTIGEN 131/150 dx=+14px dy=-18px d=0.6m ex=+0.0219 ey=-0.0375 (tol +/-0.010) alt_err=+0.00m -> fwd=+0.15 right=+0.15 down=+0.00 m/s
2026-09-01 08:14:03,514 [INFO] core.navigation.centering_controller: [CENTERING] MAVI_ALTIGEN 136/150 dx=+4px dy=-14px d=0.4m ex=+0.0063 ey=-0.0292 (tol +/-0.010) alt_err=-0.01m -> fwd=+0.15 right=+0.00 down=-0.00 m/s
2026-09-01 08:14:03,841 [INFO] core.detection.vision_runtime: [VISION] detect() calisiyor -- bu karede 2 tespit: ['MAVI_ALTIGEN', 'KIRMIZI_DIKDORTGEN']
2026-09-01 08:14:04,061 [INFO] core.navigation.centering_controller: [CENTERING] MAVI_ALTIGEN 141/150 dx=-19px dy=-5px d=0.5m ex=-0.0297 ey=-0.0104 (tol +/-0.010) alt_err=-0.01m -> fwd=+0.15 right=-0.15 down=-0.00 m/s
QGC port check failed, reporting UNKNOWN: (pid=22625)
2026-09-01 08:14:04,610 [INFO] core.navigation.centering_controller: [CENTERING] MAVI_ALTIGEN 146/150 dx=-7px dy=+11px d=0.4m ex=-0.0109 ey=+0.0229 (tol +/-0.010) alt_err=-0.00m -> fwd=-0.15 right=-0.15 down=-0.00 m/s
2026-09-01 08:14:05,154 [ERROR] core.navigation.centering_controller: Merkezleme zaman asimina ugradi! (150 deneme / 15.0s butcesi doldu)
2026-09-01 08:14:05,154 [WARNING] core.mission.gorev2_orchestrator: [RETRY_IN_PLACE] MAVI_ALTIGEN 2/3 merkezlenemedi -- 5s yerinde beklenip tekrar denenecek (hedef goruniyor, d=0.53m).
QGC port check failed, reporting UNKNOWN: (pid=22625)
2026-09-01 08:14:06,916 [INFO] core.detection.vision_runtime: [VISION] detect() calisiyor -- bu karede 2 tespit: ['MAVI_ALTIGEN', 'KIRMIZI_DIKDORTGEN']
2026-09-01 08:14:07,664 [INFO] gz_system.main_gz: Dashboard paint loop: 0.0 FPS (main thread)
QGC port check failed, reporting UNKNOWN: (pid=22625)
2026-09-01 08:14:09,994 [INFO] core.detection.vision_runtime: [VISION] detect() calisiyor -- bu karede 2 tespit: ['MAVI_ALTIGEN', 'KIRMIZI_DIKDORTGEN']
2026-09-01 08:14:10,214 [INFO] core.navigation.centering_controller: MAVI_ALTIGEN hedefine merkezleniyor (irtifa hedefi: 15.0m, irtifa bandi +/-0.30m)...
2026-09-01 08:14:10,214 [INFO] core.navigation.centering_controller: Merkezleme tamamlandi. (attempt 1/150, dx=+3px dy=-2px ex=+0.0047 ey=-0.0042 alt_err=+0.01m)
QGC port check failed, reporting UNKNOWN: (pid=22625)
QGC port check failed, reporting UNKNOWN: (pid=22625)
2026-09-01 08:14:12,668 [INFO] gz_system.main_gz: Dashboard paint loop: 0.0 FPS (main thread)
2026-09-01 08:14:13,102 [INFO] core.detection.vision_runtime: [VISION] detect() calisiyor -- bu karede 2 tespit: ['MAVI_ALTIGEN', 'KIRMIZI_DIKDORTGEN']
2026-09-01 08:14:13,323 [INFO] core.mission.gorev2_orchestrator: [POST_LOCK_DRIFT] MAVI_ALTIGEN 3s: peak=3.6px final=3.6px (10.02cm / 10.02cm), 28 ornek, 0 kayip
2026-09-01 08:14:13,324 [INFO] core.navigation.centering_controller: 2.0 saniye hover yapiliyor (Konum dogrulama)...
QGC port check failed, reporting UNKNOWN: (pid=22625)
2026-09-01 08:14:15,337 [INFO] core.position_log.position_store: Konum basariyla kaydedildi: MAVI_ALTIGEN (ilk)
2026-09-01 08:14:15,337 [INFO] core.mission.gorev2_orchestrator: Mavi Altigen ortalandi -- KIRMIZI yuk hemen birakiliyor.
2026-09-01 08:14:15,337 [INFO] core.mission.gorev2_fsm: PAYLOAD MISSION 1 basliyor (Mavi Altigen / RED payload)
2026-09-01 08:14:15,337 [INFO] core.navigation.centering_controller: Kayitli GPS konumuna gidiliyor: lat=47.3982661, lon=8.546260799999999, alt=15.0m
2026-09-01 08:14:15,337 [INFO] core.mission.payload_release: Yük bırakma başlatılıyor: MAVI_ALTIGEN
2026-09-01 08:14:15,337 [INFO] core.navigation.centering_controller: MAVI_ALTIGEN hedefine merkezleniyor (irtifa hedefi: 10.0m, irtifa bandi +/-0.30m)...
2026-09-01 08:14:15,339 [INFO] core.navigation.centering_controller: [CENTERING] MAVI_ALTIGEN 1/200 dx=+5px dy=-3px d=0.2m ex=+0.0078 ey=-0.0063 (tol +/-0.010) alt_err=+5.03m -> fwd=+0.00 right=+0.00 down=+0.15 m/s
2026-09-01 08:14:15,894 [INFO] core.navigation.centering_controller: [CENTERING] MAVI_ALTIGEN 6/200 dx=+6px dy=-4px d=0.2m ex=+0.0094 ey=-0.0083 (tol +/-0.010) alt_err=+4.90m -> fwd=+0.00 right=+0.00 down=+0.90 m/s
2026-09-01 08:14:16,117 [INFO] core.detection.vision_runtime: [VISION] detect() calisiyor -- bu karede 2 tespit: ['MAVI_ALTIGEN', 'KIRMIZI_DIKDORTGEN']
2026-09-01 08:14:16,457 [INFO] core.navigation.centering_controller: [CENTERING] MAVI_ALTIGEN 11/200 dx=+5px dy=-2px d=0.1m ex=+0.0078 ey=-0.0042 (tol +/-0.010) alt_err=+4.40m -> fwd=+0.00 right=+0.00 down=+1.65 m/s
QGC port check failed, reporting UNKNOWN: (pid=22625)
2026-09-01 08:14:17,021 [INFO] core.navigation.centering_controller: [CENTERING] MAVI_ALTIGEN 16/200 dx=+4px dy=-2px d=0.1m ex=+0.0063 ey=-0.0042 (tol +/-0.010) alt_err=+3.62m -> fwd=+0.00 right=+0.00 down=+1.81 m/s
2026-09-01 08:14:17,588 [INFO] core.navigation.centering_controller: [CENTERING] MAVI_ALTIGEN 21/200 dx=+4px dy=-1px d=0.1m ex=+0.0063 ey=-0.0021 (tol +/-0.010) alt_err=+2.70m -> fwd=+0.00 right=+0.00 down=+1.35 m/s
2026-09-01 08:14:17,677 [INFO] gz_system.main_gz: Dashboard paint loop: 0.0 FPS (main thread)
2026-09-01 08:14:18,136 [INFO] core.navigation.centering_controller: [CENTERING] MAVI_ALTIGEN 26/200 dx=+4px dy=-2px d=0.1m ex=+0.0063 ey=-0.0042 (tol +/-0.010) alt_err=+1.91m -> fwd=+0.00 right=+0.00 down=+0.96 m/s
QGC port check failed, reporting UNKNOWN: (pid=22625)
2026-09-01 08:14:18,688 [INFO] core.navigation.centering_controller: [CENTERING] MAVI_ALTIGEN 31/200 dx=+4px dy=-2px d=0.1m ex=+0.0063 ey=-0.0042 (tol +/-0.010) alt_err=+1.45m -> fwd=+0.00 right=+0.00 down=+0.73 m/s
2026-09-01 08:14:19,127 [INFO] core.detection.vision_runtime: [VISION] detect() calisiyor -- bu karede 1 tespit: ['MAVI_ALTIGEN']
2026-09-01 08:14:19,239 [INFO] core.navigation.centering_controller: [CENTERING] MAVI_ALTIGEN 36/200 dx=+5px dy=+0px d=0.1m ex=+0.0078 ey=+0.0000 (tol +/-0.010) alt_err=+1.03m -> fwd=+0.00 right=+0.00 down=+0.52 m/s
2026-09-01 08:14:19,790 [INFO] core.navigation.centering_controller: [CENTERING] MAVI_ALTIGEN 41/200 dx=+6px dy=+0px d=0.1m ex=+0.0094 ey=+0.0000 (tol +/-0.010) alt_err=+0.78m -> fwd=+0.00 right=+0.00 down=+0.39 m/s
2026-09-01 08:14:20,341 [INFO] core.navigation.centering_controller: [CENTERING] MAVI_ALTIGEN 46/200 dx=+7px dy=-1px d=0.1m ex=+0.0109 ey=-0.0021 (tol +/-0.010) alt_err=+0.57m -> fwd=+0.00 right=+0.15 down=+0.29 m/s
QGC port check failed, reporting UNKNOWN: (pid=22686)
2026-09-01 08:14:20,893 [INFO] core.navigation.centering_controller: [CENTERING] MAVI_ALTIGEN 51/200 dx=+19px dy=+0px d=0.4m ex=+0.0297 ey=+0.0000 (tol +/-0.010) alt_err=+0.45m -> fwd=+0.00 right=+0.15 down=+0.23 m/s
2026-09-01 08:14:21,442 [INFO] core.navigation.centering_controller: [CENTERING] MAVI_ALTIGEN 56/200 dx=+8px dy=-2px d=0.2m ex=+0.0125 ey=-0.0042 (tol +/-0.010) alt_err=+0.33m -> fwd=+0.00 right=+0.15 down=+0.17 m/s
2026-09-01 08:14:21,659 [INFO] core.navigation.centering_controller: Merkezleme tamamlandi. (attempt 58/200, dx=+5px dy=-2px ex=+0.0078 ey=-0.0042 alt_err=+0.30m)
2026-09-01 08:14:21,660 [INFO] core.navigation.centering_controller: MAVI_ALTIGEN hedefine merkezleniyor (irtifa hedefi: 5.0m, irtifa bandi +/-0.30m)...
2026-09-01 08:14:21,660 [INFO] core.navigation.centering_controller: [CENTERING] MAVI_ALTIGEN 1/200 dx=+5px dy=-2px d=0.1m ex=+0.0078 ey=-0.0042 (tol +/-0.010) alt_err=+5.30m -> fwd=+0.00 right=+0.00 down=+0.15 m/s
2026-09-01 08:14:22,211 [INFO] core.detection.vision_runtime: [VISION] detect() calisiyor -- bu karede 1 tespit: ['MAVI_ALTIGEN']
2026-09-01 08:14:22,212 [INFO] core.navigation.centering_controller: [CENTERING] MAVI_ALTIGEN 6/200 dx=-12px dy=-3px d=0.2m ex=-0.0187 ey=-0.0063 (tol +/-0.010) alt_err=+5.17m -> fwd=+0.00 right=-0.15 down=+0.90 m/s
QGC port check failed, reporting UNKNOWN: (pid=22686)
2026-09-01 08:14:22,677 [INFO] gz_system.main_gz: Dashboard paint loop: 0.0 FPS (main thread)
2026-09-01 08:14:22,759 [INFO] core.navigation.centering_controller: [CENTERING] MAVI_ALTIGEN 11/200 dx=-10px dy=-1px d=0.2m ex=-0.0156 ey=-0.0021 (tol +/-0.010) alt_err=+4.58m -> fwd=+0.00 right=-0.15 down=+1.65 m/s
2026-09-01 08:14:23,309 [INFO] core.navigation.centering_controller: [CENTERING] MAVI_ALTIGEN 16/200 dx=+7px dy=-1px d=0.1m ex=+0.0109 ey=-0.0021 (tol +/-0.010) alt_err=+3.81m -> fwd=+0.00 right=+0.15 down=+1.91 m/s
2026-09-01 08:14:23,861 [INFO] core.navigation.centering_controller: [CENTERING] MAVI_ALTIGEN 21/200 dx=+19px dy=-2px d=0.3m ex=+0.0297 ey=-0.0042 (tol +/-0.010) alt_err=+2.89m -> fwd=+0.00 right=+0.15 down=+1.45 m/s
2026-09-01 08:14:24,410 [INFO] core.navigation.centering_controller: [CENTERING] MAVI_ALTIGEN 26/200 dx=+3px dy=-2px d=0.0m ex=+0.0047 ey=-0.0042 (tol +/-0.010) alt_err=+2.17m -> fwd=+0.00 right=+0.00 down=+1.09 m/s
QGC port check failed, reporting UNKNOWN: (pid=22686)
2026-09-01 08:14:24,960 [INFO] core.navigation.centering_controller: [CENTERING] MAVI_ALTIGEN 31/200 dx=-25px dy=-1px d=0.3m ex=-0.0391 ey=-0.0021 (tol +/-0.010) alt_err=+1.54m -> fwd=+0.00 right=-0.15 down=+0.77 m/s
2026-09-01 08:14:25,292 [INFO] core.detection.vision_runtime: [VISION] detect() calisiyor -- bu karede 1 tespit: ['MAVI_ALTIGEN']
2026-09-01 08:14:25,514 [INFO] core.navigation.centering_controller: [CENTERING] MAVI_ALTIGEN 36/200 dx=-10px dy=-3px d=0.1m ex=-0.0156 ey=-0.0063 (tol +/-0.010) alt_err=+1.18m -> fwd=+0.00 right=-0.15 down=+0.59 m/s
2026-09-01 08:14:26,060 [INFO] core.navigation.centering_controller: [CENTERING] MAVI_ALTIGEN 41/200 dx=+14px dy=-2px d=0.2m ex=+0.0219 ey=-0.0042 (tol +/-0.010) alt_err=+0.85m -> fwd=+0.00 right=+0.15 down=+0.43 m/s
QGC port check failed, reporting UNKNOWN: (pid=22686)
2026-09-01 08:14:26,610 [INFO] core.navigation.centering_controller: [CENTERING] MAVI_ALTIGEN 46/200 dx=+17px dy=-1px d=0.2m ex=+0.0266 ey=-0.0021 (tol +/-0.010) alt_err=+0.66m -> fwd=+0.00 right=+0.15 down=+0.33 m/s
2026-09-01 08:14:27,158 [INFO] core.navigation.centering_controller: [CENTERING] MAVI_ALTIGEN 51/200 dx=+4px dy=-1px d=0.0m ex=+0.0063 ey=-0.0021 (tol +/-0.010) alt_err=+0.47m -> fwd=+0.00 right=+0.00 down=+0.24 m/s
2026-09-01 08:14:27,686 [INFO] gz_system.main_gz: Dashboard paint loop: 0.0 FPS (main thread)
2026-09-01 08:14:27,707 [INFO] core.navigation.centering_controller: [CENTERING] MAVI_ALTIGEN 56/200 dx=-22px dy=-2px d=0.2m ex=-0.0344 ey=-0.0042 (tol +/-0.010) alt_err=+0.36m -> fwd=+0.00 right=-0.15 down=+0.18 m/s
2026-09-01 08:14:28,255 [INFO] core.navigation.centering_controller: [CENTERING] MAVI_ALTIGEN 61/200 dx=-9px dy=-1px d=0.1m ex=-0.0141 ey=-0.0021 (tol +/-0.010) alt_err=+0.26m -> fwd=+0.00 right=-0.15 down=+0.13 m/s
2026-09-01 08:14:28,363 [INFO] core.detection.vision_runtime: [VISION] detect() calisiyor -- bu karede 1 tespit: ['MAVI_ALTIGEN']
2026-09-01 08:14:28,364 [INFO] core.navigation.centering_controller: Merkezleme tamamlandi. (attempt 62/200, dx=-5px dy=+0px ex=-0.0078 ey=+0.0000 alt_err=+0.25m)
2026-09-01 08:14:28,365 [INFO] core.navigation.centering_controller: MAVI_ALTIGEN hedefine merkezleniyor (irtifa hedefi: 0.45m, irtifa bandi +/-0.05m)...
2026-09-01 08:14:28,365 [INFO] core.navigation.centering_controller: [CENTERING] MAVI_ALTIGEN 1/200 dx=-5px dy=+0px d=0.0m ex=-0.0078 ey=+0.0000 (tol +/-0.010) alt_err=+4.80m -> fwd=+0.00 right=+0.00 down=+0.15 m/s
QGC port check failed, reporting UNKNOWN: (pid=22686)
2026-09-01 08:14:28,914 [INFO] core.navigation.centering_controller: [CENTERING] MAVI_ALTIGEN 6/200 dx=+28px dy=+1px d=0.3m ex=+0.0437 ey=+0.0021 (tol +/-0.010) alt_err=+4.68m -> fwd=+0.00 right=+0.15 down=+0.90 m/s
2026-09-01 08:14:29,465 [INFO] core.navigation.centering_controller: [CENTERING] MAVI_ALTIGEN 11/200 dx=+17px dy=+2px d=0.1m ex=+0.0266 ey=+0.0042 (tol +/-0.010) alt_err=+4.09m -> fwd=+0.00 right=+0.15 down=+1.65 m/s
2026-09-01 08:14:30,014 [INFO] core.navigation.centering_controller: [CENTERING] MAVI_ALTIGEN 16/200 dx=+3px dy=+3px d=0.0m ex=+0.0047 ey=+0.0063 (tol +/-0.010) alt_err=+3.31m -> fwd=+0.00 right=+0.00 down=+1.66 m/s
2026-09-01 08:14:30,566 [INFO] core.navigation.centering_controller: [CENTERING] MAVI_ALTIGEN 21/200 dx=-34px dy=+3px d=0.2m ex=-0.0531 ey=+0.0063 (tol +/-0.010) alt_err=+2.40m -> fwd=+0.00 right=-0.15 down=+1.20 m/s
QGC port check failed, reporting UNKNOWN: (pid=22686)
2026-09-01 08:14:31,117 [INFO] core.navigation.centering_controller: [CENTERING] MAVI_ALTIGEN 26/200 dx=-19px dy=+9px d=0.1m ex=-0.0297 ey=+0.0187 (tol +/-0.010) alt_err=+1.82m -> fwd=-0.10 right=-0.13 down=+0.91 m/s
2026-09-01 08:14:31,445 [INFO] core.detection.vision_runtime: [VISION] detect() calisiyor -- bu karede 1 tespit: ['MAVI_ALTIGEN']
2026-09-01 08:14:31,665 [INFO] core.navigation.centering_controller: [CENTERING] MAVI_ALTIGEN 31/200 dx=+12px dy=-11px d=0.1m ex=+0.0187 ey=-0.0229 (tol +/-0.010) alt_err=+1.31m -> fwd=+0.08 right=+0.10 down=+0.65 m/s
2026-09-01 08:14:32,213 [INFO] core.navigation.centering_controller: [CENTERING] MAVI_ALTIGEN 36/200 dx=+36px dy=-32px d=0.1m ex=+0.0563 ey=-0.0667 (tol +/-0.010) alt_err=+0.99m -> fwd=+0.10 right=+0.09 down=+0.50 m/s
QGC port check failed, reporting UNKNOWN: (pid=22686)
2026-09-01 08:14:32,696 [INFO] gz_system.main_gz: Dashboard paint loop: 0.0 FPS (main thread)
2026-09-01 08:14:32,762 [INFO] core.navigation.centering_controller: [CENTERING] MAVI_ALTIGEN 41/200 dx=+15px dy=-10px d=0.0m ex=+0.0234 ey=-0.0208 (tol +/-0.010) alt_err=+0.71m -> fwd=+0.05 right=+0.07 down=+0.35 m/s
2026-09-01 08:14:33,315 [INFO] core.navigation.centering_controller: [CENTERING] MAVI_ALTIGEN 46/200 dx=-10px dy=+30px d=0.1m ex=-0.0164 ey=+0.0635 (tol +/-0.010) alt_err=+0.55m -> fwd=-0.10 right=-0.06 down=+0.27 m/s
2026-09-01 08:14:33,871 [INFO] core.navigation.centering_controller: [CENTERING] MAVI_ALTIGEN 51/200 dx=-14px dy=+12px d=0.0m ex=-0.0227 ey=+0.0240 (tol +/-0.010) alt_err=+0.40m -> fwd=-0.04 right=-0.05 down=+0.20 m/s
2026-09-01 08:14:34,428 [INFO] core.navigation.centering_controller: [CENTERING] MAVI_ALTIGEN 56/200 dx=+12px dy=+0px d=0.0m ex=+0.0180 ey=+0.0000 (tol +/-0.010) alt_err=+0.31m -> fwd=+0.00 right=+0.04 down=+0.15 m/s
2026-09-01 08:14:34,536 [INFO] core.detection.vision_runtime: [VISION] detect() calisiyor -- bu karede 1 tespit: ['MAVI_ALTIGEN']
QGC port check failed, reporting UNKNOWN: (pid=22686)
2026-09-01 08:14:34,982 [INFO] core.navigation.centering_controller: [CENTERING] MAVI_ALTIGEN 61/200 dx=+0px dy=+0px d=0.0m ex=+0.0000 ey=+0.0000 (tol +/-0.010) alt_err=+0.23m -> fwd=+0.00 right=+0.00 down=+0.12 m/s
2026-09-01 08:14:35,541 [INFO] core.navigation.centering_controller: [CENTERING] MAVI_ALTIGEN 66/200 dx=+0px dy=+0px d=0.0m ex=+0.0000 ey=+0.0000 (tol +/-0.010) alt_err=+0.19m -> fwd=+0.00 right=+0.00 down=+0.10 m/s
2026-09-01 08:14:36,094 [WARNING] core.navigation.centering_controller: [CENTERING] MAVI_ALTIGEN 71/200 hedef kayboldu (feed canli, hedef bu karede yok)
2026-09-01 08:14:36,095 [WARNING] core.navigation.centering_controller: [LOW_ALT_OPEN_LOOP_DESCENT] MAVI_ALTIGEN: goruntu 0.60m'de kayboldu -- dondurulmus kestirime (47.3982672, 8.5462630, offset=0.0cm @ 0.60m) gore 0.45m'ye alcalmaya devam.
QGC port check failed, reporting UNKNOWN: (pid=22686)
2026-09-01 08:14:36,992 [INFO] core.navigation.centering_controller: [LOW_ALT_OPEN_LOOP_DESCENT] MAVI_ALTIGEN: 0.498m'ye ulasildi (hedef 0.45m).
2026-09-01 08:14:36,992 [INFO] core.navigation.centering_controller: [AIM_OFFSET_APPLIED] MAVI_ALTIGEN: montaj (ileri=0.00, sag=0.04) m, yon=1.3 deg -> tutma noktasi (47.3982672, 8.5462626) olarak otelendi (kuzey +0.00, dogu -0.03 m).
2026-09-01 08:14:37,551 [INFO] core.detection.vision_runtime: [VISION] detect() calisiyor -- bu karede 0 tespit: []
2026-09-01 08:14:37,661 [INFO] core.navigation.centering_controller: [MOUNT_TRANSLATE_DONE] MAVI_ALTIGEN: kalan 4.8 cm, sure 0.67 s (yakinsadi).
2026-09-01 08:14:37,662 [WARNING] core.navigation.centering_controller: [LOW_ALT_OPEN_LOOP_DESCENT] MAVI_ALTIGEN: goruntu 0.49m'de kayboldu -- dondurulmus kestirime (47.3982672, 8.5462626, offset=0.0cm @ 0.60m) gore 0.45m'ye alcalmaya devam.
2026-09-01 08:14:37,662 [INFO] core.navigation.centering_controller: [LOW_ALT_OPEN_LOOP_DESCENT] MAVI_ALTIGEN: 0.493m'ye ulasildi (hedef 0.45m).
2026-09-01 08:14:37,662 [INFO] core.navigation.centering_controller: 0.1m ileri hareket ediliyor (0.3 m/s, 0.3s)...
2026-09-01 08:14:37,698 [INFO] gz_system.main_gz: Dashboard paint loop: 0.0 FPS (main thread)
2026-09-01 08:14:38,106 [INFO] core.mission.payload_release: [RELEASE_OFFSET] MAVI_ALTIGEN: {'shape_type': 'MAVI_ALTIGEN', 'altitude_m': 0.504, 'target_visible': False, 'best_known_offset_cm': 8.36, 'best_known_offset_alt_m': 5.247}
2026-09-01 08:14:38,106 [WARNING] core.mission.payload_release: [RELEASE_ALTITUDE] MAVI_ALTIGEN: 0.504 m -- hedef 0.45 +/- 0.05 m BANDI DISINDA.
2026-09-01 08:14:38,106 [INFO] core.mission.payload_release: [MOUNT_VECTOR_MEASURED] MAVI_ALTIGEN: {'world_dx': 0.0356, 'world_dy': 0.0005, 'gazebo_yaw_deg': 89.38, 'body_forward_m': 0.0008, 'body_right_m': 0.0356} (uygulanan: (0.0, 0.035))
2026-09-01 08:14:38,106 [INFO] gz_system.gz_payload_actuator: Gazebo DetachableJoint tetikleniyor: /payload/detach/red
I0901 08:14:38.108199 13245531 fork_posix.cc:71] Other threads are currently calling into gRPC, skipping fork() handlers
I0901 08:14:38.166198 13245531 fork_posix.cc:71] Other threads are currently calling into gRPC, skipping fork() handlers
I0901 08:14:38.222504 13245531 fork_posix.cc:71] Other threads are currently calling into gRPC, skipping fork() handlers
I0901 08:14:38.266444 13245531 fork_posix.cc:71] Other threads are currently calling into gRPC, skipping fork() handlers
I0901 08:14:38.317547 13245531 fork_posix.cc:71] Other threads are currently calling into gRPC, skipping fork() handlers
QGC port check failed, reporting UNKNOWN: (pid=22686)
2026-09-01 08:14:39,356 [INFO] gz_system.gz_payload_actuator: Yuk ayrildi (red), gecikme 1.248 s.
2026-09-01 08:14:39,356 [INFO] core.mission.payload_release: [PAYLOAD_RELEASED] PAYLOAD 1 RELEASED @0.50m
2026-09-01 08:14:40,598 [INFO] core.detection.vision_runtime: [VISION] detect() calisiyor -- bu karede 1 tespit: ['KIRMIZI_DIKDORTGEN']
QGC port check failed, reporting UNKNOWN: (pid=22686)
2026-09-01 08:14:41,359 [INFO] core.mission.payload_release: [PAYLOAD_FINAL_POSE] MAVI_ALTIGEN: x=7.470 y=33.092 z=0.041 merkeze 1957.3 cm egim 0.0 deg (HEDEF DISINDA)
2026-09-01 08:14:41,359 [INFO] core.mission.payload_release: Doğrulama işareti aranıyor: KIRMIZI_DIKDORTGEN
2026-09-01 08:14:41,359 [INFO] core.mission.payload_release: Yük bırakma DOĞRULANDI: KIRMIZI_DIKDORTGEN tespit edildi.
2026-09-01 08:14:41,360 [INFO] core.navigation.centering_controller: 15.0m irtifasina tirmaniliyor (goruntuden bagimsiz)...
QGC port check failed, reporting UNKNOWN: (pid=22686)
2026-09-01 08:14:42,714 [INFO] gz_system.main_gz: Dashboard paint loop: 0.0 FPS (main thread)
2026-09-01 08:14:43,602 [INFO] core.detection.vision_runtime: [VISION] detect() calisiyor -- bu karede 1 tespit: ['MAVI_ALTIGEN']
QGC port check failed, reporting UNKNOWN: (pid=22686)
QGC port check failed, reporting UNKNOWN: (pid=22686)
2026-09-01 08:14:46,697 [INFO] core.detection.vision_runtime: [VISION] detect() calisiyor -- bu karede 1 tespit: ['MAVI_ALTIGEN']
2026-09-01 08:14:47,719 [INFO] gz_system.main_gz: Dashboard paint loop: 0.0 FPS (main thread)
QGC port check failed, reporting UNKNOWN: (pid=22686)
2026-09-01 08:14:49,699 [INFO] core.detection.vision_runtime: [VISION] detect() calisiyor -- bu karede 1 tespit: ['MAVI_ALTIGEN']
QGC port check failed, reporting UNKNOWN: (pid=22686)
2026-09-01 08:14:51,020 [INFO] core.mission.gorev2_orchestrator: [ROUTE_REJOIN] rota hattina donuluyor (sabit eksen=lon): hedef lat=47.3982683 lon=8.5461636 (mevcut lat=47.3982683 lon=8.5462619).
2026-09-01 08:14:51,020 [INFO] core.navigation.centering_controller: Kayitli GPS konumuna gidiliyor: lat=47.3982683, lon=8.5461636, alt=15.0m
QGC port check failed, reporting UNKNOWN: (pid=22686)
2026-09-01 08:14:52,701 [INFO] core.detection.vision_runtime: [VISION] detect() calisiyor -- bu karede 0 tespit: []
2026-09-01 08:14:52,759 [INFO] gz_system.main_gz: Dashboard paint loop: 0.0 FPS (main thread)
2026-09-01 08:14:54,235 [INFO] mavsdk_common.mavsdk_backend_base: Offboard durduruluyor...
Received ack for not-existing command: 176! Ignoring... (mavlink_command_sender.cpp:304)
QGC port check failed, reporting UNKNOWN: (pid=22686)
2026-09-01 08:14:54,982 [INFO] core.mission.gorev2_orchestrator: [MISSION_RESUME] rota 2. ogeden devam ettiriliyor.
Received ack for not-existing command: 176! Ignoring... (mavlink_command_sender.cpp:304)
2026-09-01 08:14:55,776 [INFO] core.detection.vision_runtime: [VISION] detect() calisiyor -- bu karede 2 tespit: ['MAVI_ALTIGEN', 'KIRMIZI_DIKDORTGEN']
QGC port check failed, reporting UNKNOWN: (pid=22686)
2026-09-01 08:14:57,789 [INFO] gz_system.main_gz: Dashboard paint loop: 0.0 FPS (main thread)
QGC port check failed, reporting UNKNOWN: (pid=22686)
2026-09-01 08:14:58,851 [INFO] core.detection.vision_runtime: [VISION] detect() calisiyor -- bu karede 1 tespit: ['MAVI_ALTIGEN']
QGC port check failed, reporting UNKNOWN: (pid=22686)
2026-09-01 08:15:01,914 [INFO] core.detection.vision_runtime: [VISION] detect() calisiyor -- bu karede 0 tespit: []
QGC port check failed, reporting UNKNOWN: (pid=22686)
2026-09-01 08:15:02,814 [INFO] gz_system.main_gz: Dashboard paint loop: 0.0 FPS (main thread)
2026-09-01 08:15:03,475 [INFO] core.navigation.centering_controller: Mission modu durduruluyor, Offboard'a geciliyor...
2026-09-01 08:15:03,475 [INFO] mavsdk_common.mavsdk_backend_base: Mission'dan Offboard'a geçiş yapılıyor...
2026-09-01 08:15:03,482 [INFO] mavsdk_common.mavsdk_backend_base: Offboard başlatılıyor...
Received ack for not-existing command: 176! Ignoring... (mavlink_command_sender.cpp:304)
Received ack for not-existing command: 176! Ignoring... (mavlink_command_sender.cpp:304)
2026-09-01 08:15:04,302 [INFO] core.mission.gorev2_orchestrator: KIRMIZI_UCGEN kucuk bir hedef -- merkezleme icin 8.0 m'ye alcaliniyor.
2026-09-01 08:15:04,302 [INFO] core.navigation.centering_controller: KIRMIZI_UCGEN hedefine merkezleniyor (irtifa hedefi: 8.0m, irtifa bandi +/-0.30m)...
2026-09-01 08:15:04,304 [INFO] core.navigation.centering_controller: [CENTERING] KIRMIZI_UCGEN 1/200 dx=+237px dy=+70px d=6.9m ex=+0.3703 ey=+0.1458 (tol +/-0.010) alt_err=+7.14m -> fwd=-0.15 right=+0.15 down=+0.15 m/s
QGC port check failed, reporting UNKNOWN: (pid=22686)
2026-09-01 08:15:04,842 [INFO] core.navigation.centering_controller: [CENTERING] KIRMIZI_UCGEN 6/200 dx=+292px dy=-65px d=8.3m ex=+0.4562 ey=-0.1354 (tol +/-0.010) alt_err=+6.99m -> fwd=+0.20 right=+0.68 down=+0.90 m/s
2026-09-01 08:15:04,955 [INFO] core.detection.vision_runtime: [VISION] detect() calisiyor -- bu karede 2 tespit: ['KIRMIZI_UCGEN', 'MAVI_DIKDORTGEN']
2026-09-01 08:15:05,415 [INFO] core.navigation.centering_controller: [CENTERING] KIRMIZI_UCGEN 11/200 dx=+304px dy=-161px d=9.2m ex=+0.4750 ey=-0.3354 (tol +/-0.010) alt_err=+6.38m -> fwd=+0.50 right=+0.71 down=+1.65 m/s
2026-09-01 08:15:05,986 [INFO] core.navigation.centering_controller: [CENTERING] KIRMIZI_UCGEN 16/200 dx=+273px dy=-164px d=7.9m ex=+0.4266 ey=-0.3417 (tol +/-0.010) alt_err=+5.43m -> fwd=+0.51 right=+0.64 down=+2.40 m/s
2026-09-01 08:15:06,556 [INFO] core.navigation.centering_controller: [CENTERING] KIRMIZI_UCGEN 21/200 dx=+264px dy=-146px d=7.0m ex=+0.4125 ey=-0.3042 (tol +/-0.010) alt_err=+4.50m -> fwd=+0.46 right=+0.62 down=+2.25 m/s
QGC port check failed, reporting UNKNOWN: (pid=22686)
2026-09-01 08:15:07,123 [INFO] core.navigation.centering_controller: [CENTERING] KIRMIZI_UCGEN 26/200 dx=+268px dy=-141px d=6.6m ex=+0.4188 ey=-0.2938 (tol +/-0.010) alt_err=+3.73m -> fwd=+0.44 right=+0.63 down=+1.86 m/s
2026-09-01 08:15:07,692 [INFO] core.navigation.centering_controller: [CENTERING] KIRMIZI_UCGEN 31/200 dx=+272px dy=-145px d=6.2m ex=+0.4250 ey=-0.3021 (tol +/-0.010) alt_err=+2.80m -> fwd=+0.45 right=+0.64 down=+1.40 m/s
2026-09-01 08:15:07,842 [INFO] gz_system.main_gz: Dashboard paint loop: 0.0 FPS (main thread)
2026-09-01 08:15:08,037 [INFO] core.detection.vision_runtime: [VISION] detect() calisiyor -- bu karede 2 tespit: ['KIRMIZI_UCGEN', 'MAVI_DIKDORTGEN']
2026-09-01 08:15:08,267 [INFO] core.navigation.centering_controller: [CENTERING] KIRMIZI_UCGEN 36/200 dx=+272px dy=-149px d=5.7m ex=+0.4250 ey=-0.3104 (tol +/-0.010) alt_err=+1.97m -> fwd=+0.47 right=+0.64 down=+0.99 m/s
QGC port check failed, reporting UNKNOWN: (pid=22686)
2026-09-01 08:15:08,833 [INFO] core.navigation.centering_controller: [CENTERING] KIRMIZI_UCGEN 41/200 dx=+265px dy=-147px d=5.3m ex=+0.4141 ey=-0.3063 (tol +/-0.010) alt_err=+1.49m -> fwd=+0.46 right=+0.62 down=+0.74 m/s
2026-09-01 08:15:09,399 [INFO] core.navigation.centering_controller: [CENTERING] KIRMIZI_UCGEN 46/200 dx=+252px dy=-141px d=4.9m ex=+0.3937 ey=-0.2938 (tol +/-0.010) alt_err=+1.07m -> fwd=+0.44 right=+0.59 down=+0.53 m/s
2026-09-01 08:15:09,962 [INFO] core.navigation.centering_controller: [CENTERING] KIRMIZI_UCGEN 51/200 dx=+234px dy=-133px d=4.4m ex=+0.3656 ey=-0.2771 (tol +/-0.010) alt_err=+0.77m -> fwd=+0.42 right=+0.55 down=+0.39 m/s
2026-09-01 08:15:10,526 [INFO] core.navigation.centering_controller: [CENTERING] KIRMIZI_UCGEN 56/200 dx=+217px dy=-125px d=4.0m ex=+0.3391 ey=-0.2604 (tol +/-0.010) alt_err=+0.59m -> fwd=+0.39 right=+0.51 down=+0.30 m/s
QGC port check failed, reporting UNKNOWN: (pid=22686)
2026-09-01 08:15:11,085 [INFO] core.detection.vision_runtime: [VISION] detect() calisiyor -- bu karede 2 tespit: ['KIRMIZI_UCGEN', 'MAVI_DIKDORTGEN']
2026-09-01 08:15:11,086 [INFO] core.navigation.centering_controller: [CENTERING] KIRMIZI_UCGEN 61/200 dx=+201px dy=-115px d=3.6m ex=+0.3141 ey=-0.2396 (tol +/-0.010) alt_err=+0.43m -> fwd=+0.36 right=+0.47 down=+0.21 m/s
2026-09-01 08:15:11,651 [INFO] core.navigation.centering_controller: [CENTERING] KIRMIZI_UCGEN 66/200 dx=+185px dy=-105px d=3.3m ex=+0.2891 ey=-0.2188 (tol +/-0.010) alt_err=+0.33m -> fwd=+0.33 right=+0.43 down=+0.16 m/s
2026-09-01 08:15:12,212 [INFO] core.navigation.centering_controller: [CENTERING] KIRMIZI_UCGEN 71/200 dx=+168px dy=-97px d=3.0m ex=+0.2625 ey=-0.2021 (tol +/-0.010) alt_err=+0.25m -> fwd=+0.30 right=+0.39 down=+0.13 m/s
QGC port check failed, reporting UNKNOWN: (pid=22686)
2026-09-01 08:15:12,782 [INFO] core.navigation.centering_controller: [CENTERING] KIRMIZI_UCGEN 76/200 dx=+152px dy=-90px d=2.7m ex=+0.2375 ey=-0.1875 (tol +/-0.010) alt_err=+0.20m -> fwd=+0.28 right=+0.36 down=+0.10 m/s
2026-09-01 08:15:12,846 [INFO] gz_system.main_gz: Dashboard paint loop: 0.0 FPS (main thread)
2026-09-01 08:15:13,349 [INFO] core.navigation.centering_controller: [CENTERING] KIRMIZI_UCGEN 81/200 dx=+138px dy=-83px d=2.4m ex=+0.2156 ey=-0.1729 (tol +/-0.010) alt_err=+0.15m -> fwd=+0.26 right=+0.32 down=+0.07 m/s
2026-09-01 08:15:13,913 [INFO] core.navigation.centering_controller: [CENTERING] KIRMIZI_UCGEN 86/200 dx=+127px dy=-76px d=2.2m ex=+0.1984 ey=-0.1583 (tol +/-0.010) alt_err=+0.11m -> fwd=+0.24 right=+0.30 down=+0.05 m/s
2026-09-01 08:15:14,140 [INFO] core.detection.vision_runtime: [VISION] detect() calisiyor -- bu karede 2 tespit: ['KIRMIZI_UCGEN', 'MAVI_DIKDORTGEN']
2026-09-01 08:15:14,481 [INFO] core.navigation.centering_controller: [CENTERING] KIRMIZI_UCGEN 91/200 dx=+115px dy=-70px d=2.0m ex=+0.1797 ey=-0.1458 (tol +/-0.010) alt_err=+0.07m -> fwd=+0.22 right=+0.27 down=+0.04 m/s
QGC port check failed, reporting UNKNOWN: (pid=22686)
2026-09-01 08:15:15,049 [INFO] core.navigation.centering_controller: [CENTERING] KIRMIZI_UCGEN 96/200 dx=+104px dy=-64px d=1.8m ex=+0.1625 ey=-0.1333 (tol +/-0.010) alt_err=+0.05m -> fwd=+0.20 right=+0.24 down=+0.03 m/s
2026-09-01 08:15:15,612 [INFO] core.navigation.centering_controller: [CENTERING] KIRMIZI_UCGEN 101/200 dx=+97px dy=-59px d=1.7m ex=+0.1516 ey=-0.1229 (tol +/-0.010) alt_err=+0.04m -> fwd=+0.18 right=+0.23 down=+0.02 m/s
2026-09-01 08:15:16,182 [INFO] core.navigation.centering_controller: [CENTERING] KIRMIZI_UCGEN 106/200 dx=+88px dy=-54px d=1.5m ex=+0.1375 ey=-0.1125 (tol +/-0.010) alt_err=+0.03m -> fwd=+0.17 right=+0.21 down=+0.01 m/s
QGC port check failed, reporting UNKNOWN: (pid=22686)
2026-09-01 08:15:16,748 [INFO] core.navigation.centering_controller: [CENTERING] KIRMIZI_UCGEN 111/200 dx=+77px dy=-48px d=1.3m ex=+0.1203 ey=-0.1000 (tol +/-0.010) alt_err=+0.02m -> fwd=+0.15 right=+0.18 down=+0.01 m/s
2026-09-01 08:15:17,201 [INFO] core.detection.vision_runtime: [VISION] detect() calisiyor -- bu karede 2 tespit: ['KIRMIZI_UCGEN', 'MAVI_DIKDORTGEN']
2026-09-01 08:15:17,315 [INFO] core.navigation.centering_controller: [CENTERING] KIRMIZI_UCGEN 116/200 dx=+69px dy=-43px d=1.2m ex=+0.1078 ey=-0.0896 (tol +/-0.010) alt_err=+0.01m -> fwd=+0.15 right=+0.16 down=+0.01 m/s
2026-09-01 08:15:17,850 [INFO] gz_system.main_gz: Dashboard paint loop: 0.0 FPS (main thread)
2026-09-01 08:15:17,879 [INFO] core.navigation.centering_controller: [CENTERING] KIRMIZI_UCGEN 121/200 dx=+63px dy=-39px d=1.1m ex=+0.0984 ey=-0.0813 (tol +/-0.010) alt_err=+0.01m -> fwd=+0.15 right=+0.15 down=+0.00 m/s
2026-09-01 08:15:18,443 [INFO] core.navigation.centering_controller: [CENTERING] KIRMIZI_UCGEN 126/200 dx=+61px dy=-34px d=1.0m ex=+0.0953 ey=-0.0708 (tol +/-0.010) alt_err=+0.00m -> fwd=+0.15 right=+0.15 down=+0.00 m/s
QGC port check failed, reporting UNKNOWN: (pid=22686)
2026-09-01 08:15:19,009 [INFO] core.navigation.centering_controller: [CENTERING] KIRMIZI_UCGEN 131/200 dx=+56px dy=-30px d=0.9m ex=+0.0875 ey=-0.0625 (tol +/-0.010) alt_err=-0.01m -> fwd=+0.15 right=+0.15 down=-0.00 m/s
2026-09-01 08:15:19,572 [INFO] core.navigation.centering_controller: [CENTERING] KIRMIZI_UCGEN 136/200 dx=+53px dy=-25px d=0.9m ex=+0.0828 ey=-0.0521 (tol +/-0.010) alt_err=-0.01m -> fwd=+0.15 right=+0.15 down=-0.00 m/s
2026-09-01 08:15:20,140 [INFO] core.navigation.centering_controller: [CENTERING] KIRMIZI_UCGEN 141/200 dx=+48px dy=-18px d=0.8m ex=+0.0750 ey=-0.0375 (tol +/-0.010) alt_err=-0.00m -> fwd=+0.15 right=+0.15 down=-0.00 m/s
2026-09-01 08:15:20,253 [INFO] core.detection.vision_runtime: [VISION] detect() calisiyor -- bu karede 2 tespit: ['KIRMIZI_UCGEN', 'MAVI_DIKDORTGEN']
QGC port check failed, reporting UNKNOWN: (pid=22265)
2026-09-01 08:15:20,709 [INFO] core.navigation.centering_controller: [CENTERING] KIRMIZI_UCGEN 146/200 dx=+43px dy=-14px d=0.7m ex=+0.0672 ey=-0.0292 (tol +/-0.010) alt_err=+0.00m -> fwd=+0.15 right=+0.15 down=+0.00 m/s
2026-09-01 08:15:21,274 [INFO] core.navigation.centering_controller: [CENTERING] KIRMIZI_UCGEN 151/200 dx=+39px dy=-10px d=0.6m ex=+0.0609 ey=-0.0208 (tol +/-0.010) alt_err=-0.00m -> fwd=+0.15 right=+0.15 down=-0.00 m/s
2026-09-01 08:15:21,840 [INFO] core.navigation.centering_controller: [CENTERING] KIRMIZI_UCGEN 156/200 dx=+34px dy=-5px d=0.5m ex=+0.0531 ey=-0.0104 (tol +/-0.010) alt_err=-0.01m -> fwd=+0.15 right=+0.15 down=-0.00 m/s
2026-09-01 08:15:22,406 [INFO] core.navigation.centering_controller: [CENTERING] KIRMIZI_UCGEN 161/200 dx=+28px dy=+18px d=0.5m ex=+0.0437 ey=+0.0375 (tol +/-0.010) alt_err=-0.01m -> fwd=-0.15 right=+0.15 down=-0.01 m/s
QGC port check failed, reporting UNKNOWN: (pid=22265)
2026-09-01 08:15:22,874 [INFO] gz_system.main_gz: Dashboard paint loop: 0.0 FPS (main thread)
2026-09-01 08:15:22,970 [INFO] core.navigation.centering_controller: [CENTERING] KIRMIZI_UCGEN 166/200 dx=+22px dy=+12px d=0.4m ex=+0.0344 ey=+0.0250 (tol +/-0.010) alt_err=-0.01m -> fwd=-0.15 right=+0.15 down=-0.00 m/s
2026-09-01 08:15:23,311 [INFO] core.detection.vision_runtime: [VISION] detect() calisiyor -- bu karede 2 tespit: ['KIRMIZI_UCGEN', 'MAVI_DIKDORTGEN']
2026-09-01 08:15:23,538 [INFO] core.navigation.centering_controller: [CENTERING] KIRMIZI_UCGEN 171/200 dx=+18px dy=-7px d=0.3m ex=+0.0281 ey=-0.0146 (tol +/-0.010) alt_err=-0.00m -> fwd=+0.15 right=+0.15 down=-0.00 m/s
2026-09-01 08:15:24,104 [INFO] core.navigation.centering_controller: [CENTERING] KIRMIZI_UCGEN 176/200 dx=+14px dy=-22px d=0.4m ex=+0.0219 ey=-0.0458 (tol +/-0.010) alt_err=-0.00m -> fwd=+0.15 right=+0.15 down=-0.00 m/s
2026-09-01 08:15:24,665 [INFO] core.navigation.centering_controller: [CENTERING] KIRMIZI_UCGEN 181/200 dx=+7px dy=-7px d=0.1m ex=+0.0109 ey=-0.0146 (tol +/-0.010) alt_err=-0.01m -> fwd=+0.15 right=+0.15 down=-0.01 m/s
QGC port check failed, reporting UNKNOWN: (pid=22265)
2026-09-01 08:15:24,891 [INFO] core.navigation.centering_controller: Merkezleme tamamlandi. (attempt 183/200, dx=+6px dy=-3px ex=+0.0094 ey=-0.0063 alt_err=-0.01m)
2026-09-01 08:15:26,365 [INFO] core.detection.vision_runtime: [VISION] detect() calisiyor -- bu karede 2 tespit: ['KIRMIZI_UCGEN', 'MAVI_DIKDORTGEN']
QGC port check failed, reporting UNKNOWN: (pid=22265)
2026-09-01 08:15:27,885 [INFO] gz_system.main_gz: Dashboard paint loop: 0.0 FPS (main thread)
2026-09-01 08:15:27,951 [INFO] core.mission.gorev2_orchestrator: [POST_LOCK_DRIFT] KIRMIZI_UCGEN 3s: peak=24.0px final=12.8px (66.78cm / 35.57cm), 27 ornek, 0 kayip
2026-09-01 08:15:27,951 [INFO] core.navigation.centering_controller: 2.0 saniye hover yapiliyor (Konum dogrulama)...
QGC port check failed, reporting UNKNOWN: (pid=22265)
2026-09-01 08:15:29,418 [INFO] core.detection.vision_runtime: [VISION] detect() calisiyor -- bu karede 2 tespit: ['KIRMIZI_UCGEN', 'MAVI_DIKDORTGEN']
2026-09-01 08:15:29,984 [INFO] core.position_log.position_store: Konum basariyla kaydedildi: KIRMIZI_UCGEN (ikinci)
2026-09-01 08:15:29,984 [INFO] core.mission.gorev2_orchestrator: Kirmizi Ucgen ortalandi -- MAVI yuk hemen birakiliyor.
2026-09-01 08:15:29,984 [INFO] core.mission.gorev2_fsm: PAYLOAD MISSION 2 basliyor (Kirmizi Ucgen / BLUE payload)
2026-09-01 08:15:29,984 [INFO] core.navigation.centering_controller: Kayitli GPS konumuna gidiliyor: lat=47.3986489, lon=8.546255, alt=15.0m
QGC port check failed, reporting UNKNOWN: (pid=22265)
2026-09-01 08:15:32,510 [INFO] core.detection.vision_runtime: [VISION] detect() calisiyor -- bu karede 2 tespit: ['KIRMIZI_UCGEN', 'MAVI_DIKDORTGEN']
QGC port check failed, reporting UNKNOWN: (pid=22265)
2026-09-01 08:15:32,913 [INFO] gz_system.main_gz: Dashboard paint loop: 0.0 FPS (main thread)
2026-09-01 08:15:34,226 [INFO] core.mission.payload_release: Yük bırakma başlatılıyor: KIRMIZI_UCGEN
2026-09-01 08:15:34,226 [INFO] core.navigation.centering_controller: KIRMIZI_UCGEN hedefine merkezleniyor (irtifa hedefi: 10.0m, irtifa bandi +/-0.30m)...
2026-09-01 08:15:34,227 [INFO] core.navigation.centering_controller: [CENTERING] KIRMIZI_UCGEN 1/200 dx=-2px dy=-3px d=0.1m ex=-0.0031 ey=-0.0063 (tol +/-0.010) alt_err=+4.74m -> fwd=+0.00 right=+0.00 down=+0.15 m/s
QGC port check failed, reporting UNKNOWN: (pid=22265)
2026-09-01 08:15:34,795 [INFO] core.navigation.centering_controller: [CENTERING] KIRMIZI_UCGEN 6/200 dx=-2px dy=-1px d=0.1m ex=-0.0031 ey=-0.0021 (tol +/-0.010) alt_err=+4.62m -> fwd=+0.00 right=+0.00 down=+0.90 m/s
2026-09-01 08:15:35,358 [INFO] core.navigation.centering_controller: [CENTERING] KIRMIZI_UCGEN 11/200 dx=-3px dy=-1px d=0.1m ex=-0.0047 ey=-0.0021 (tol +/-0.010) alt_err=+3.97m -> fwd=+0.00 right=+0.00 down=+1.65 m/s
2026-09-01 08:15:35,580 [INFO] core.detection.vision_runtime: [VISION] detect() calisiyor -- bu karede 2 tespit: ['KIRMIZI_UCGEN', 'MAVI_DIKDORTGEN']
2026-09-01 08:15:35,919 [INFO] core.navigation.centering_controller: [CENTERING] KIRMIZI_UCGEN 16/200 dx=-2px dy=-1px d=0.1m ex=-0.0031 ey=-0.0021 (tol +/-0.010) alt_err=+3.18m -> fwd=+0.00 right=+0.00 down=+1.59 m/s
2026-09-01 08:15:36,480 [INFO] core.navigation.centering_controller: [CENTERING] KIRMIZI_UCGEN 21/200 dx=-4px dy=-1px d=0.1m ex=-0.0063 ey=-0.0021 (tol +/-0.010) alt_err=+2.27m -> fwd=+0.00 right=+0.00 down=+1.13 m/s
QGC port check failed, reporting UNKNOWN: (pid=22265)
2026-09-01 08:15:37,040 [INFO] core.navigation.centering_controller: [CENTERING] KIRMIZI_UCGEN 26/200 dx=-2px dy=-1px d=0.0m ex=-0.0031 ey=-0.0021 (tol +/-0.010) alt_err=+1.60m -> fwd=+0.00 right=+0.00 down=+0.80 m/s
2026-09-01 08:15:37,604 [INFO] core.navigation.centering_controller: [CENTERING] KIRMIZI_UCGEN 31/200 dx=-2px dy=+0px d=0.0m ex=-0.0031 ey=+0.0000 (tol +/-0.010) alt_err=+1.20m -> fwd=+0.00 right=+0.00 down=+0.60 m/s
2026-09-01 08:15:37,917 [INFO] gz_system.main_gz: Dashboard paint loop: 0.0 FPS (main thread)
2026-09-01 08:15:38,167 [INFO] core.navigation.centering_controller: [CENTERING] KIRMIZI_UCGEN 36/200 dx=-2px dy=+1px d=0.0m ex=-0.0031 ey=+0.0021 (tol +/-0.010) alt_err=+0.85m -> fwd=+0.00 right=+0.00 down=+0.43 m/s
2026-09-01 08:15:38,616 [INFO] core.detection.vision_runtime: [VISION] detect() calisiyor -- bu karede 2 tespit: ['KIRMIZI_UCGEN', 'MAVI_DIKDORTGEN']
QGC port check failed, reporting UNKNOWN: (pid=22265)
2026-09-01 08:15:38,732 [INFO] core.navigation.centering_controller: [CENTERING] KIRMIZI_UCGEN 41/200 dx=-2px dy=+0px d=0.0m ex=-0.0031 ey=+0.0000 (tol +/-0.010) alt_err=+0.65m -> fwd=+0.00 right=+0.00 down=+0.32 m/s
2026-09-01 08:15:39,296 [INFO] core.navigation.centering_controller: [CENTERING] KIRMIZI_UCGEN 46/200 dx=+0px dy=+1px d=0.0m ex=+0.0000 ey=+0.0021 (tol +/-0.010) alt_err=+0.48m -> fwd=+0.00 right=+0.00 down=+0.24 m/s
2026-09-01 08:15:39,861 [INFO] core.navigation.centering_controller: [CENTERING] KIRMIZI_UCGEN 51/200 dx=+0px dy=+2px d=0.0m ex=+0.0000 ey=+0.0042 (tol +/-0.010) alt_err=+0.36m -> fwd=+0.00 right=+0.00 down=+0.18 m/s
2026-09-01 08:15:40,427 [INFO] core.navigation.centering_controller: Merkezleme tamamlandi. (attempt 56/200, dx=+0px dy=+1px ex=+0.0000 ey=+0.0021 alt_err=+0.28m)
2026-09-01 08:15:40,428 [INFO] core.navigation.centering_controller: KIRMIZI_UCGEN hedefine merkezleniyor (irtifa hedefi: 5.0m, irtifa bandi +/-0.30m)...
2026-09-01 08:15:40,429 [INFO] core.navigation.centering_controller: [CENTERING] KIRMIZI_UCGEN 1/200 dx=+0px dy=+1px d=0.0m ex=+0.0000 ey=+0.0021 (tol +/-0.010) alt_err=+5.28m -> fwd=+0.00 right=+0.00 down=+0.15 m/s
QGC port check failed, reporting UNKNOWN: (pid=22265)
2026-09-01 08:15:40,996 [INFO] core.navigation.centering_controller: [CENTERING] KIRMIZI_UCGEN 6/200 dx=+2px dy=+0px d=0.0m ex=+0.0031 ey=+0.0000 (tol +/-0.010) alt_err=+5.16m -> fwd=+0.00 right=+0.00 down=+0.90 m/s
2026-09-01 08:15:41,561 [INFO] core.navigation.centering_controller: [CENTERING] KIRMIZI_UCGEN 11/200 dx=+0px dy=+0px d=0.0m ex=+0.0000 ey=+0.0000 (tol +/-0.010) alt_err=+4.55m -> fwd=+0.00 right=+0.00 down=+1.65 m/s
2026-09-01 08:15:41,674 [INFO] core.detection.vision_runtime: [VISION] detect() calisiyor -- bu karede 2 tespit: ['KIRMIZI_UCGEN', 'MAVI_DIKDORTGEN']
2026-09-01 08:15:42,127 [INFO] core.navigation.centering_controller: [CENTERING] KIRMIZI_UCGEN 16/200 dx=-2px dy=+0px d=0.0m ex=-0.0031 ey=+0.0000 (tol +/-0.010) alt_err=+3.60m -> fwd=+0.00 right=+0.00 down=+1.81 m/s
2026-09-01 08:15:42,692 [INFO] core.navigation.centering_controller: [CENTERING] KIRMIZI_UCGEN 21/200 dx=-1px dy=-1px d=0.0m ex=-0.0016 ey=-0.0021 (tol +/-0.010) alt_err=+2.84m -> fwd=+0.00 right=+0.00 down=+1.42 m/s
QGC port check failed, reporting UNKNOWN: (pid=22265)
2026-09-01 08:15:42,944 [INFO] gz_system.main_gz: Dashboard paint loop: 0.0 FPS (main thread)
2026-09-01 08:15:43,255 [INFO] core.navigation.centering_controller: [CENTERING] KIRMIZI_UCGEN 26/200 dx=-2px dy=-2px d=0.0m ex=-0.0031 ey=-0.0042 (tol +/-0.010) alt_err=+2.02m -> fwd=+0.00 right=+0.00 down=+1.01 m/s
2026-09-01 08:15:43,820 [INFO] core.navigation.centering_controller: [CENTERING] KIRMIZI_UCGEN 31/200 dx=-1px dy=-2px d=0.0m ex=-0.0016 ey=-0.0042 (tol +/-0.010) alt_err=+1.53m -> fwd=+0.00 right=+0.00 down=+0.76 m/s
2026-09-01 08:15:44,388 [INFO] core.navigation.centering_controller: [CENTERING] KIRMIZI_UCGEN 36/200 dx=-2px dy=-4px d=0.1m ex=-0.0031 ey=-0.0083 (tol +/-0.010) alt_err=+1.09m -> fwd=+0.00 right=+0.00 down=+0.55 m/s
2026-09-01 08:15:44,726 [INFO] core.detection.vision_runtime: [VISION] detect() calisiyor -- bu karede 2 tespit: ['KIRMIZI_UCGEN', 'MAVI_DIKDORTGEN']
QGC port check failed, reporting UNKNOWN: (pid=22265)
2026-09-01 08:15:44,951 [INFO] core.navigation.centering_controller: [CENTERING] KIRMIZI_UCGEN 41/200 dx=-1px dy=-3px d=0.0m ex=-0.0016 ey=-0.0063 (tol +/-0.010) alt_err=+0.79m -> fwd=+0.00 right=+0.00 down=+0.40 m/s
2026-09-01 08:15:45,515 [INFO] core.navigation.centering_controller: [CENTERING] KIRMIZI_UCGEN 46/200 dx=+0px dy=-2px d=0.0m ex=+0.0000 ey=-0.0042 (tol +/-0.010) alt_err=+0.61m -> fwd=+0.00 right=+0.00 down=+0.31 m/s
2026-09-01 08:15:46,078 [INFO] core.navigation.centering_controller: [CENTERING] KIRMIZI_UCGEN 51/200 dx=+1px dy=-3px d=0.0m ex=+0.0016 ey=-0.0063 (tol +/-0.010) alt_err=+0.45m -> fwd=+0.00 right=+0.00 down=+0.23 m/s
2026-09-01 08:15:46,632 [INFO] core.navigation.centering_controller: [CENTERING] KIRMIZI_UCGEN 56/200 dx=+1px dy=-4px d=0.0m ex=+0.0016 ey=-0.0083 (tol +/-0.010) alt_err=+0.35m -> fwd=+0.00 right=+0.00 down=+0.18 m/s
QGC port check failed, reporting UNKNOWN: (pid=22265)
2026-09-01 08:15:46,966 [INFO] core.navigation.centering_controller: Merkezleme tamamlandi. (attempt 59/200, dx=+2px dy=-3px ex=+0.0031 ey=-0.0063 alt_err=+0.29m)
2026-09-01 08:15:46,967 [INFO] core.navigation.centering_controller: KIRMIZI_UCGEN hedefine merkezleniyor (irtifa hedefi: 0.45m, irtifa bandi +/-0.05m)...
2026-09-01 08:15:46,968 [INFO] core.navigation.centering_controller: [CENTERING] KIRMIZI_UCGEN 1/200 dx=+2px dy=-3px d=0.0m ex=+0.0031 ey=-0.0063 (tol +/-0.010) alt_err=+4.84m -> fwd=+0.00 right=+0.00 down=+0.15 m/s
2026-09-01 08:15:47,522 [INFO] core.navigation.centering_controller: [CENTERING] KIRMIZI_UCGEN 6/200 dx=+3px dy=-2px d=0.0m ex=+0.0047 ey=-0.0042 (tol +/-0.010) alt_err=+4.72m -> fwd=+0.00 right=+0.00 down=+0.90 m/s
2026-09-01 08:15:47,743 [INFO] core.detection.vision_runtime: [VISION] detect() calisiyor -- bu karede 1 tespit: ['KIRMIZI_UCGEN']
2026-09-01 08:15:47,965 [INFO] gz_system.main_gz: Dashboard paint loop: 0.0 FPS (main thread)
2026-09-01 08:15:48,079 [INFO] core.navigation.centering_controller: [CENTERING] KIRMIZI_UCGEN 11/200 dx=+4px dy=-3px d=0.0m ex=+0.0063 ey=-0.0063 (tol +/-0.010) alt_err=+4.14m -> fwd=+0.00 right=+0.00 down=+1.65 m/s
2026-09-01 08:15:48,633 [INFO] core.navigation.centering_controller: [CENTERING] KIRMIZI_UCGEN 16/200 dx=+3px dy=-5px d=0.0m ex=+0.0047 ey=-0.0104 (tol +/-0.010) alt_err=+3.21m -> fwd=+0.15 right=+0.00 down=+1.61 m/s
QGC port check failed, reporting UNKNOWN: (pid=22265)
2026-09-01 08:15:49,186 [INFO] core.navigation.centering_controller: [CENTERING] KIRMIZI_UCGEN 21/200 dx=+3px dy=-11px d=0.1m ex=+0.0047 ey=-0.0229 (tol +/-0.010) alt_err=+2.45m -> fwd=+0.13 right=+0.00 down=+1.23 m/s
2026-09-01 08:15:49,740 [INFO] core.navigation.centering_controller: [CENTERING] KIRMIZI_UCGEN 26/200 dx=+4px dy=+20px d=0.1m ex=+0.0063 ey=+0.0417 (tol +/-0.010) alt_err=+1.74m -> fwd=-0.10 right=+0.00 down=+0.87 m/s
2026-09-01 08:15:50,296 [INFO] core.navigation.centering_controller: [CENTERING] KIRMIZI_UCGEN 31/200 dx=+6px dy=+78px d=0.3m ex=+0.0086 ey=+0.1635 (tol +/-0.010) alt_err=+1.33m -> fwd=-0.25 right=+0.00 down=+0.67 m/s
QGC port check failed, reporting UNKNOWN: (pid=22265)
2026-09-01 08:15:50,848 [INFO] core.detection.vision_runtime: [VISION] detect() calisiyor -- bu karede 1 tespit: ['KIRMIZI_UCGEN']
2026-09-01 08:15:50,850 [INFO] core.navigation.centering_controller: [CENTERING] KIRMIZI_UCGEN 36/200 dx=+10px dy=+74px d=0.2m ex=+0.0164 ey=+0.1542 (tol +/-0.010) alt_err=+0.95m -> fwd=-0.23 right=+0.08 down=+0.48 m/s
2026-09-01 08:15:51,407 [INFO] core.navigation.centering_controller: [CENTERING] KIRMIZI_UCGEN 41/200 dx=+6px dy=+28px d=0.1m ex=+0.0094 ey=+0.0594 (tol +/-0.010) alt_err=+0.73m -> fwd=-0.09 right=+0.00 down=+0.37 m/s
2026-09-01 08:15:51,965 [INFO] core.navigation.centering_controller: [CENTERING] KIRMIZI_UCGEN 46/200 dx=-26px dy=-20px d=0.1m ex=-0.0414 ey=-0.0417 (tol +/-0.010) alt_err=+0.53m -> fwd=+0.06 right=-0.06 down=+0.26 m/s
2026-09-01 08:15:52,523 [INFO] core.navigation.centering_controller: [CENTERING] KIRMIZI_UCGEN 51/200 dx=-21px dy=-36px d=0.1m ex=-0.0328 ey=-0.0760 (tol +/-0.010) alt_err=+0.41m -> fwd=+0.11 right=-0.05 down=+0.20 m/s
QGC port check failed, reporting UNKNOWN: (pid=22265)
2026-09-01 08:15:53,001 [INFO] gz_system.main_gz: Dashboard paint loop: 0.0 FPS (main thread)
2026-09-01 08:15:53,081 [INFO] core.navigation.centering_controller: [CENTERING] KIRMIZI_UCGEN 56/200 dx=-1px dy=+0px d=0.0m ex=-0.0016 ey=+0.0010 (tol +/-0.010) alt_err=+0.30m -> fwd=+0.00 right=+0.00 down=+0.15 m/s
2026-09-01 08:15:53,639 [INFO] core.navigation.centering_controller: [CENTERING] KIRMIZI_UCGEN 61/200 dx=+18px dy=+40px d=0.1m ex=+0.0273 ey=+0.0844 (tol +/-0.010) alt_err=+0.22m -> fwd=-0.13 right=+0.04 down=+0.11 m/s
2026-09-01 08:15:53,862 [INFO] core.detection.vision_runtime: [VISION] detect() calisiyor -- bu karede 1 tespit: ['KIRMIZI_UCGEN']
2026-09-01 08:15:54,202 [INFO] core.navigation.centering_controller: [CENTERING] KIRMIZI_UCGEN 66/200 dx=+4px dy=+16px d=0.0m ex=+0.0063 ey=+0.0344 (tol +/-0.010) alt_err=+0.17m -> fwd=-0.05 right=+0.00 down=+0.09 m/s
QGC port check failed, reporting UNKNOWN: (pid=22265)
2026-09-01 08:15:54,763 [INFO] core.navigation.centering_controller: [CENTERING] KIRMIZI_UCGEN 71/200 dx=-22px dy=-56px d=0.1m ex=-0.0336 ey=-0.1167 (tol +/-0.010) alt_err=+0.13m -> fwd=+0.17 right=-0.05 down=+0.07 m/s
2026-09-01 08:15:55,321 [INFO] core.navigation.centering_controller: [CENTERING] KIRMIZI_UCGEN 76/200 dx=-26px dy=-66px d=0.1m ex=-0.0398 ey=-0.1365 (tol +/-0.010) alt_err=+0.11m -> fwd=+0.20 right=-0.06 down=+0.05 m/s
2026-09-01 08:15:55,880 [INFO] core.navigation.centering_controller: [CENTERING] KIRMIZI_UCGEN 81/200 dx=+5px dy=+53px d=0.1m ex=+0.0078 ey=+0.1104 (tol +/-0.010) alt_err=+0.08m -> fwd=-0.17 right=+0.00 down=+0.04 m/s
2026-09-01 08:15:56,443 [INFO] core.navigation.centering_controller: [CENTERING] KIRMIZI_UCGEN 86/200 dx=+30px dy=+94px d=0.1m ex=+0.0461 ey=+0.1969 (tol +/-0.010) alt_err=+0.06m -> fwd=-0.30 right=+0.07 down=+0.03 m/s
QGC port check failed, reporting UNKNOWN: (pid=22265)
2026-09-01 08:15:56,893 [INFO] core.detection.vision_runtime: [VISION] detect() calisiyor -- bu karede 1 tespit: ['KIRMIZI_UCGEN']
2026-09-01 08:15:57,007 [INFO] core.navigation.centering_controller: Merkezleme tamamlandi. (attempt 91/200, dx=+6px dy=+4px ex=+0.0086 ey=+0.0073 alt_err=+0.04m)
2026-09-01 08:15:57,008 [INFO] core.navigation.centering_controller: [AIM_OFFSET_APPLIED] KIRMIZI_UCGEN: montaj (ileri=0.00, sag=-0.04) m, yon=0.0 deg -> tutma noktasi (47.3986475, 8.5462545) olarak otelendi (kuzey -0.00, dogu +0.03 m).
2026-09-01 08:15:58,034 [INFO] gz_system.main_gz: Dashboard paint loop: 0.0 FPS (main thread)
2026-09-01 08:15:58,699 [INFO] core.navigation.centering_controller: [MOUNT_TRANSLATE_DONE] KIRMIZI_UCGEN: kalan 5.0 cm, sure 1.69 s (yakinsadi).
2026-09-01 08:15:58,699 [WARNING] core.navigation.centering_controller: [LOW_ALT_OPEN_LOOP_DESCENT] KIRMIZI_UCGEN: goruntu 0.50m'de kayboldu -- dondurulmus kestirime (47.3986475, 8.5462545, offset=0.6cm @ 0.49m) gore 0.45m'ye alcalmaya devam.
2026-09-01 08:15:58,700 [INFO] core.navigation.centering_controller: [LOW_ALT_OPEN_LOOP_DESCENT] KIRMIZI_UCGEN: 0.496m'ye ulasildi (hedef 0.45m).
2026-09-01 08:15:58,700 [INFO] core.navigation.centering_controller: 0.1m ileri hareket ediliyor (0.3 m/s, 0.3s)...
QGC port check failed, reporting UNKNOWN: (pid=22265)
2026-09-01 08:15:59,037 [INFO] core.mission.payload_release: [RELEASE_OFFSET] KIRMIZI_UCGEN: {'shape_type': 'KIRMIZI_UCGEN', 'altitude_m': 0.498, 'target_visible': True, 'best_known_offset_cm': 12.31, 'best_known_offset_alt_m': 0.496, 'dx_cm': 6.82, 'dy_cm': -9.04, 'offset_cm': 11.32}
2026-09-01 08:15:59,037 [INFO] core.mission.payload_release: [MOUNT_VECTOR_MEASURED] KIRMIZI_UCGEN: {'world_dx': -0.0345, 'world_dy': 0.0005, 'gazebo_yaw_deg': 90.26, 'body_forward_m': 0.0006, 'body_right_m': -0.0345} (uygulanan: (0.0, -0.035))
2026-09-01 08:15:59,038 [INFO] gz_system.gz_payload_actuator: Gazebo DetachableJoint tetikleniyor: /payload/detach/blue
I0901 08:15:59.038587 13245531 fork_posix.cc:71] Other threads are currently calling into gRPC, skipping fork() handlers
I0901 08:15:59.093339 13245531 fork_posix.cc:71] Other threads are currently calling into gRPC, skipping fork() handlers
I0901 08:15:59.154216 13245531 fork_posix.cc:71] Other threads are currently calling into gRPC, skipping fork() handlers
I0901 08:15:59.194452 13245531 fork_posix.cc:71] Other threads are currently calling into gRPC, skipping fork() handlers
I0901 08:15:59.243403 13245531 fork_posix.cc:71] Other threads are currently calling into gRPC, skipping fork() handlers
2026-09-01 08:15:59,960 [INFO] core.detection.vision_runtime: [VISION] detect() calisiyor -- bu karede 1 tespit: ['KIRMIZI_UCGEN']
2026-09-01 08:16:00,256 [INFO] gz_system.gz_payload_actuator: Yuk ayrildi (blue), gecikme 1.149 s.
2026-09-01 08:16:00,256 [INFO] core.mission.payload_release: [PAYLOAD_RELEASED] PAYLOAD 2 RELEASED @0.50m
QGC port check failed, reporting UNKNOWN: (pid=22265)
2026-09-01 08:16:02,258 [INFO] core.mission.payload_release: [PAYLOAD_FINAL_POSE] KIRMIZI_UCGEN: x=6.713 y=75.365 z=0.036 merkeze 3599.7 cm egim 0.1 deg (HEDEF DISINDA)
2026-09-01 08:16:02,258 [INFO] core.mission.payload_release: Doğrulama işareti aranıyor: MAVI_DIKDORTGEN
2026-09-01 08:16:02,258 [INFO] core.mission.payload_release: Yük bırakma DOĞRULANDI: MAVI_DIKDORTGEN tespit edildi.
2026-09-01 08:16:02,258 [INFO] core.navigation.centering_controller: 1.5m irtifasina tirmaniliyor (goruntuden bagimsiz)...
QGC port check failed, reporting UNKNOWN: (pid=22265)
2026-09-01 08:16:03,046 [INFO] core.detection.vision_runtime: [VISION] detect() calisiyor -- bu karede 2 tespit: ['KIRMIZI_UCGEN', 'MAVI_DIKDORTGEN']
2026-09-01 08:16:03,074 [INFO] gz_system.main_gz: Dashboard paint loop: 0.0 FPS (main thread)
2026-09-01 08:16:04,400 [INFO] core.mission.gorev2_orchestrator: SEARCH COMPLETE: MAVI_ALTIGEN ve KIRMIZI_UCGEN ikisi de kaydedildi. Mission kalici olarak sona erdi, Offboard tek yetkili.
2026-09-01 08:16:04,509 [INFO] core.mission.gorev2_orchestrator: Gorev 2 tamamlandi (Payload Mission 1 + 2 basariyla calisti).
2026-09-01 08:16:04,510 [INFO] core.mission.master_fsm: Görev 2 akışı bitti, doğrudan Görev 3'e geçiliyor...
2026-09-01 08:16:04,510 [INFO] core.mission.gorev3_pickup: Görev 3 Faz 1 (Alma) Başlatıldı.
2026-09-01 08:16:04,510 [INFO] core.mission.gorev3_pickup: Mavi Altıgen konumuna 1.5m irtifada gidiliyor: 47.3982661, 8.546260799999999
2026-09-01 08:16:04,510 [INFO] core.navigation.centering_controller: Kayitli GPS konumuna gidiliyor: lat=47.3982661, lon=8.546260799999999, alt=1.5m
QGC port check failed, reporting UNKNOWN: (pid=22265)
2026-09-01 08:16:06,091 [INFO] core.detection.vision_runtime: [VISION] detect() calisiyor -- bu karede 0 tespit: []
QGC port check failed, reporting UNKNOWN: (pid=22265)
2026-09-01 08:16:08,087 [INFO] gz_system.main_gz: Dashboard paint loop: 0.0 FPS (main thread)
QGC port check failed, reporting UNKNOWN: (pid=22265)
2026-09-01 08:16:09,188 [INFO] core.detection.vision_runtime: [VISION] detect() calisiyor -- bu karede 0 tespit: []
QGC port check failed, reporting UNKNOWN: (pid=22265)
2026-09-01 08:16:11,420 [INFO] core.mission.gorev3_pickup: Kırmızı Dikdörtgenin uzun kenarına dik hizalanılıyor: -0.9 -> 3.1 derece
2026-09-01 08:16:12,201 [INFO] core.detection.vision_runtime: [VISION] detect() calisiyor -- bu karede 2 tespit: ['MAVI_ALTIGEN', 'KIRMIZI_DIKDORTGEN']
QGC port check failed, reporting UNKNOWN: (pid=22265)
2026-09-01 08:16:13,118 [INFO] gz_system.main_gz: Dashboard paint loop: 0.0 FPS (main thread)
2026-09-01 08:16:13,427 [INFO] core.mission.gorev3_pickup: 1.2m irtifada (gorus dostu) hedefe ortalanıyor...
2026-09-01 08:16:13,428 [INFO] core.navigation.centering_controller: KIRMIZI_DIKDORTGEN hedefine merkezleniyor (irtifa hedefi: 1.2m, irtifa bandi +/-0.30m)...
2026-09-01 08:16:13,429 [INFO] core.navigation.centering_controller: [CENTERING] KIRMIZI_DIKDORTGEN 1/200 dx=+44px dy=-202px d=0.6m ex=+0.0688 ey=-0.4208 (tol +/-0.010) alt_err=+0.34m -> fwd=+0.15 right=+0.10 down=+0.15 m/s
2026-09-01 08:16:13,985 [WARNING] core.navigation.centering_controller: [CENTERING] KIRMIZI_DIKDORTGEN 6/200 hedef kayboldu (feed canli, hedef bu karede yok)
2026-09-01 08:16:14,545 [INFO] core.navigation.centering_controller: [CENTERING] KIRMIZI_DIKDORTGEN 11/200 dx=+34px dy=-116px d=0.3m ex=+0.0531 ey=-0.2417 (tol +/-0.010) alt_err=+0.23m -> fwd=+0.36 right=+0.08 down=+0.12 m/s
QGC port check failed, reporting UNKNOWN: (pid=22265)
2026-09-01 08:16:15,107 [INFO] core.navigation.centering_controller: [CENTERING] KIRMIZI_DIKDORTGEN 16/200 dx=+15px dy=+82px d=0.2m ex=+0.0234 ey=+0.1708 (tol +/-0.010) alt_err=+0.16m -> fwd=-0.26 right=+0.08 down=+0.08 m/s
2026-09-01 08:16:15,217 [INFO] core.detection.vision_runtime: [VISION] detect() calisiyor -- bu karede 2 tespit: ['MAVI_ALTIGEN', 'KIRMIZI_DIKDORTGEN']
2026-09-01 08:16:15,666 [INFO] core.navigation.centering_controller: [CENTERING] KIRMIZI_DIKDORTGEN 21/200 dx=-6px dy=+229px d=0.6m ex=-0.0094 ey=+0.4771 (tol +/-0.010) alt_err=+0.12m -> fwd=-0.72 right=+0.00 down=+0.06 m/s
2026-09-01 08:16:16,226 [INFO] core.navigation.centering_controller: [CENTERING] KIRMIZI_DIKDORTGEN 26/200 dx=-23px dy=+206px d=0.5m ex=-0.0359 ey=+0.4292 (tol +/-0.010) alt_err=+0.08m -> fwd=-0.64 right=-0.08 down=+0.04 m/s
2026-09-01 08:16:16,787 [INFO] core.navigation.centering_controller: [CENTERING] KIRMIZI_DIKDORTGEN 31/200 dx=-7px dy=+89px d=0.2m ex=-0.0109 ey=+0.1854 (tol +/-0.010) alt_err=+0.05m -> fwd=-0.28 right=-0.07 down=+0.02 m/s
QGC port check failed, reporting UNKNOWN: (pid=22265)
2026-09-01 08:16:17,347 [INFO] core.navigation.centering_controller: [CENTERING] KIRMIZI_DIKDORTGEN 36/200 dx=+17px dy=+15px d=0.1m ex=+0.0266 ey=+0.0312 (tol +/-0.010) alt_err=+0.03m -> fwd=-0.05 right=+0.07 down=+0.01 m/s
2026-09-01 08:16:17,909 [INFO] core.navigation.centering_controller: [CENTERING] KIRMIZI_DIKDORTGEN 41/200 dx=+22px dy=+31px d=0.1m ex=+0.0344 ey=+0.0646 (tol +/-0.010) alt_err=+0.02m -> fwd=-0.10 right=+0.07 down=+0.01 m/s
2026-09-01 08:16:18,119 [INFO] gz_system.main_gz: Dashboard paint loop: 0.0 FPS (main thread)
2026-09-01 08:16:18,243 [INFO] core.detection.vision_runtime: [VISION] detect() calisiyor -- bu karede 2 tespit: ['MAVI_ALTIGEN', 'KIRMIZI_DIKDORTGEN']
2026-09-01 08:16:18,470 [INFO] core.navigation.centering_controller: [CENTERING] KIRMIZI_DIKDORTGEN 46/200 dx=+5px dy=+82px d=0.2m ex=+0.0078 ey=+0.1708 (tol +/-0.010) alt_err=+0.02m -> fwd=-0.26 right=+0.00 down=+0.01 m/s
QGC port check failed, reporting UNKNOWN: (pid=22265)
2026-09-01 08:16:19,031 [INFO] core.navigation.centering_controller: [CENTERING] KIRMIZI_DIKDORTGEN 51/200 dx=-19px dy=+97px d=0.2m ex=-0.0297 ey=+0.2021 (tol +/-0.010) alt_err=+0.02m -> fwd=-0.30 right=-0.07 down=+0.01 m/s
2026-09-01 08:16:19,591 [INFO] core.navigation.centering_controller: [CENTERING] KIRMIZI_DIKDORTGEN 56/200 dx=-11px dy=+60px d=0.1m ex=-0.0172 ey=+0.1250 (tol +/-0.010) alt_err=+0.03m -> fwd=-0.19 right=-0.07 down=+0.01 m/s
2026-09-01 08:16:20,151 [INFO] core.navigation.centering_controller: [CENTERING] KIRMIZI_DIKDORTGEN 61/200 dx=+19px dy=+13px d=0.1m ex=+0.0297 ey=+0.0271 (tol +/-0.010) alt_err=+0.02m -> fwd=-0.05 right=+0.07 down=+0.01 m/s
2026-09-01 08:16:20,717 [INFO] core.navigation.centering_controller: [CENTERING] KIRMIZI_DIKDORTGEN 66/200 dx=+18px dy=-1px d=0.0m ex=+0.0281 ey=-0.0021 (tol +/-0.010) alt_err=+0.00m -> fwd=+0.00 right=+0.07 down=+0.00 m/s
QGC port check failed, reporting UNKNOWN: (pid=22265)
2026-09-01 08:16:21,280 [INFO] core.detection.vision_runtime: [VISION] detect() calisiyor -- bu karede 2 tespit: ['MAVI_ALTIGEN', 'KIRMIZI_DIKDORTGEN']
2026-09-01 08:16:21,281 [INFO] core.navigation.centering_controller: [CENTERING] KIRMIZI_DIKDORTGEN 71/200 dx=+2px dy=+17px d=0.0m ex=+0.0031 ey=+0.0354 (tol +/-0.010) alt_err=-0.00m -> fwd=-0.05 right=+0.00 down=-0.00 m/s
2026-09-01 08:16:21,842 [INFO] core.navigation.centering_controller: [CENTERING] KIRMIZI_DIKDORTGEN 76/200 dx=-22px dy=+36px d=0.1m ex=-0.0344 ey=+0.0750 (tol +/-0.010) alt_err=-0.01m -> fwd=-0.11 right=-0.07 down=-0.01 m/s
2026-09-01 08:16:22,404 [INFO] core.navigation.centering_controller: [CENTERING] KIRMIZI_DIKDORTGEN 81/200 dx=-8px dy=+35px d=0.1m ex=-0.0125 ey=+0.0729 (tol +/-0.010) alt_err=-0.02m -> fwd=-0.11 right=-0.07 down=-0.01 m/s
QGC port check failed, reporting UNKNOWN: (pid=22265)
2026-09-01 08:16:22,961 [INFO] core.navigation.centering_controller: [CENTERING] KIRMIZI_DIKDORTGEN 86/200 dx=+20px dy=+18px d=0.1m ex=+0.0312 ey=+0.0375 (tol +/-0.010) alt_err=-0.01m -> fwd=-0.06 right=+0.07 down=-0.00 m/s
2026-09-01 08:16:23,137 [INFO] gz_system.main_gz: Dashboard paint loop: 0.0 FPS (main thread)
2026-09-01 08:16:23,523 [INFO] core.navigation.centering_controller: [CENTERING] KIRMIZI_DIKDORTGEN 91/200 dx=+17px dy=+5px d=0.0m ex=+0.0266 ey=+0.0104 (tol +/-0.010) alt_err=+0.00m -> fwd=-0.05 right=+0.07 down=+0.00 m/s
2026-09-01 08:16:23,857 [INFO] core.navigation.centering_controller: Merkezleme tamamlandi. (attempt 94/200, dx=+4px dy=-1px ex=+0.0063 ey=-0.0021 alt_err=-0.00m)
2026-09-01 08:16:24,081 [INFO] core.mission.gorev3_pickup: Kanca hedefin uzerine getiriliyor (govde +0.175m ileri)...
2026-09-01 08:16:24,307 [INFO] core.detection.vision_runtime: [VISION] detect() calisiyor -- bu karede 2 tespit: ['MAVI_ALTIGEN', 'KIRMIZI_DIKDORTGEN']
QGC port check failed, reporting UNKNOWN: (pid=22265)
QGC port check failed, reporting UNKNOWN: (pid=22265)
2026-09-01 08:16:27,322 [INFO] core.detection.vision_runtime: [VISION] detect() calisiyor -- bu karede 2 tespit: ['MAVI_ALTIGEN', 'KIRMIZI_DIKDORTGEN']
2026-09-01 08:16:28,106 [INFO] core.mission.gorev3_pickup: 0.9m hizalama irtifasina dikey iniliyor...
2026-09-01 08:16:28,176 [INFO] gz_system.main_gz: Dashboard paint loop: 0.0 FPS (main thread)
QGC port check failed, reporting UNKNOWN: (pid=22265)
2026-09-01 08:16:30,343 [INFO] core.detection.vision_runtime: [VISION] detect() calisiyor -- bu karede 2 tespit: ['MAVI_ALTIGEN', 'KIRMIZI_DIKDORTGEN']
QGC port check failed, reporting UNKNOWN: (pid=22265)
QGC port check failed, reporting UNKNOWN: (pid=22265)
2026-09-01 08:16:33,140 [INFO] core.mission.gorev3_pickup: [HIZA_KALIBRASYON] goruntu=2.5 cm  gercek=2.6 cm  irtifa=0.93 m
2026-09-01 08:16:33,140 [INFO] core.mission.gorev3_pickup: [GORUNTU] kanca yukun ortasinda: sapma 2.5 cm (tol 5 cm).
2026-09-01 08:16:33,206 [INFO] gz_system.main_gz: Dashboard paint loop: 0.0 FPS (main thread)
2026-09-01 08:16:33,364 [INFO] core.detection.vision_runtime: [VISION] detect() calisiyor -- bu karede 2 tespit: ['MAVI_ALTIGEN', 'KIRMIZI_DIKDORTGEN']
QGC port check failed, reporting UNKNOWN: (pid=22265)
2026-09-01 08:16:35,174 [INFO] core.mission.visual_alignment: [GORSEL_HIZA_TANI] it=1 alt_m=0.946 focal_px=539.94 depth_img_m=0.9878 depth_tel_m=0.926 depth_used_m=0.9878 depth_src=image u=653.64 v=572.6 radius_px=12.71 long_px=78.62 conf=0.997 method=payload-topface-deshadow yaw_deg=3.11 body_fwd_m=-0.0844 body_right_m=0.025 hook_off_n=-0.09 hook_off_e=-0.0039 err_raw_m=0.0247 truth_lateral_m=0.0278
2026-09-01 08:16:35,302 [INFO] core.mission.visual_alignment: [GORSEL_HIZA_TANI] it=2 alt_m=0.947 focal_px=539.94 depth_img_m=0.983 depth_tel_m=0.927 depth_used_m=0.983 depth_src=image u=653.0 v=573.0 radius_px=12.77 long_px=79.0 conf=1.0 method=payload-topface-deshadow yaw_deg=3.11 body_fwd_m=-0.0843 body_right_m=0.0237 hook_off_n=-0.0899 hook_off_e=-0.0039 err_raw_m=0.0234 truth_lateral_m=0.027
2026-09-01 08:16:35,430 [INFO] core.mission.visual_alignment: [GORSEL_HIZA_TANI] it=3 alt_m=0.948 focal_px=539.94 depth_img_m=0.9811 depth_tel_m=0.928 depth_used_m=0.9811 depth_src=image u=652.38 v=573.03 radius_px=12.79 long_px=79.15 conf=0.998 method=payload-topface-deshadow yaw_deg=3.11 body_fwd_m=-0.0841 body_right_m=0.0225 hook_off_n=-0.0899 hook_off_e=-0.0039 err_raw_m=0.0223 truth_lateral_m=0.0266
2026-09-01 08:16:36,389 [INFO] core.detection.vision_runtime: [VISION] detect() calisiyor -- bu karede 2 tespit: ['MAVI_ALTIGEN', 'KIRMIZI_DIKDORTGEN']
2026-09-01 08:16:36,734 [INFO] core.mission.visual_alignment: [GORSEL_HIZA_TANI] it=4 alt_m=0.947 focal_px=539.94 depth_img_m=0.9459 depth_tel_m=0.927 depth_used_m=0.9459 depth_src=image u=657.83 v=567.6 radius_px=13.27 long_px=82.05 conf=0.999 method=payload-topface-deshadow yaw_deg=3.11 body_fwd_m=-0.0685 body_right_m=0.0312 hook_off_n=-0.0899 hook_off_e=-0.0039 err_raw_m=0.0372 truth_lateral_m=0.0382
QGC port check failed, reporting UNKNOWN: (pid=22265)
2026-09-01 08:16:37,965 [INFO] core.mission.visual_alignment: [GORSEL_HIZA_TANI] it=5 alt_m=0.943 focal_px=539.94 depth_img_m=0.935 depth_tel_m=0.923 depth_used_m=0.935 depth_src=image u=652.0 v=563.0 radius_px=13.43 long_px=83.0 conf=0.998 method=payload-topface-deshadow yaw_deg=3.11 body_fwd_m=-0.0587 body_right_m=0.0208 hook_off_n=-0.0899 hook_off_e=-0.0038 err_raw_m=0.0369 truth_lateral_m=0.0403
2026-09-01 08:16:38,207 [INFO] gz_system.main_gz: Dashboard paint loop: 0.0 FPS (main thread)
QGC port check failed, reporting UNKNOWN: (pid=22265)
2026-09-01 08:16:39,199 [INFO] core.mission.visual_alignment: [GORSEL_HIZA_TANI] it=6 alt_m=0.93 focal_px=539.94 depth_img_m=0.918 depth_tel_m=0.91 depth_used_m=0.918 depth_src=image u=643.29 v=566.41 radius_px=13.68 long_px=84.52 conf=0.999 method=payload-topface-deshadow yaw_deg=3.11 body_fwd_m=-0.0619 body_right_m=0.0056 hook_off_n=-0.0899 hook_off_e=-0.0038 err_raw_m=0.0284 truth_lateral_m=0.0324
2026-09-01 08:16:39,420 [INFO] core.detection.vision_runtime: [VISION] detect() calisiyor -- bu karede 2 tespit: ['MAVI_ALTIGEN', 'KIRMIZI_DIKDORTGEN']
2026-09-01 08:16:40,441 [INFO] core.mission.visual_alignment: [GORSEL_HIZA_TANI] it=7 alt_m=0.943 focal_px=539.94 depth_img_m=0.9201 depth_tel_m=0.923 depth_used_m=0.9201 depth_src=image u=642.38 v=575.62 radius_px=13.64 long_px=84.32 conf=0.999 method=payload-topface-deshadow yaw_deg=3.1 body_fwd_m=-0.078 body_right_m=0.0041 hook_off_n=-0.0897 hook_off_e=-0.0036 err_raw_m=0.0121 truth_lateral_m=0.0172
2026-09-01 08:16:40,442 [INFO] core.mission.visual_alignment: [GORSEL_HIZA] yakinsadi: 18.9 mm, 7 iterasyon, 7 tespit, 0.070 m hareket
2026-09-01 08:16:40,442 [INFO] core.mission.gorev3_pickup: [GORSEL_HIZA] converged: son hata=18.9 mm, 7 iterasyon, 7 tespit, 0.070 m hareket
2026-09-01 08:16:40,442 [INFO] core.mission.gorev3_pickup: [GORSEL_HIZA] yuva GORUNTUDEN olculdu: NED=(58.137, 7.450)
2026-09-01 08:16:40,442 [INFO] core.mission.gorev3_pickup: Vinc salinacak (hedef irtifa 0.30 m icin) -- ARAC HALA 0.94 m'de, kanca serbest asili kalacak.
2026-09-01 08:16:40,442 [INFO] gz_system.gz_payload_actuator: [HOOK] vinc salimi: 0.330 m  (irtifa=0.300 m, guverte=0.070, zincir ofseti=0.060, pay=0.040)
2026-09-01 08:16:40,442 [INFO] gz_system.gz_payload_actuator: [HOOK] vinc -> 0.33 m
I0901 08:16:40.443535 13245531 fork_posix.cc:71] Other threads are currently calling into gRPC, skipping fork() handlers
QGC port check failed, reporting UNKNOWN: (pid=22265)
2026-09-01 08:16:42,454 [INFO] core.detection.vision_runtime: [VISION] detect() calisiyor -- bu karede 1 tespit: ['KIRMIZI_DIKDORTGEN']
QGC port check failed, reporting UNKNOWN: (pid=22265)
2026-09-01 08:16:43,226 [INFO] gz_system.main_gz: Dashboard paint loop: 0.0 FPS (main thread)
QGC port check failed, reporting UNKNOWN: (pid=22265)
2026-09-01 08:16:45,405 [INFO] core.mission.gorev3_pickup: [SON_DUZELTME] 1/6 yanal 13.2 mm -> (kuzey +0.005, dogu +0.004)  | kanca_ofset=(-0.0905, -0.0047) arac_ned=(58.2173, 7.4462) kanca_mutlak=(58.1268, 7.4415)
2026-09-01 08:16:45,472 [INFO] core.detection.vision_runtime: [VISION] detect() calisiyor -- bu karede 1 tespit: ['KIRMIZI_DIKDORTGEN']
QGC port check failed, reporting UNKNOWN: (pid=22265)
2026-09-01 08:16:48,230 [INFO] gz_system.main_gz: Dashboard paint loop: 0.0 FPS (main thread)
2026-09-01 08:16:48,439 [INFO] core.mission.gorev3_pickup: [SON_DUZELTME] 2/6 yanal 38.3 mm -> (kuzey +0.019, dogu -0.001)  | kanca_ofset=(-0.0919, -0.0024) arac_ned=(58.1908, 7.4541) kanca_mutlak=(58.0989, 7.4517)
2026-09-01 08:16:48,493 [INFO] core.detection.vision_runtime: [VISION] detect() calisiyor -- bu karede 1 tespit: ['KIRMIZI_DIKDORTGEN']
QGC port check failed, reporting UNKNOWN: (pid=22265)
2026-09-01 08:16:50,940 [INFO] core.mission.gorev3_pickup: [SON_DUZELTME] 3/6 yanal 10.9 mm -> (kuzey +0.000, dogu -0.005)  | kanca_ofset=(-0.0890, -0.0032) arac_ned=(58.2254, 7.4638) kanca_mutlak=(58.1365, 7.4606)
QGC port check failed, reporting UNKNOWN: (pid=22265)
2026-09-01 08:16:51,497 [INFO] core.detection.vision_runtime: [VISION] detect() calisiyor -- bu karede 1 tespit: ['KIRMIZI_DIKDORTGEN']
QGC port check failed, reporting UNKNOWN: (pid=22265)
2026-09-01 08:16:53,265 [INFO] gz_system.main_gz: Dashboard paint loop: 0.0 FPS (main thread)
2026-09-01 08:16:53,509 [INFO] core.mission.gorev3_pickup: [SON_DUZELTME] 4/6 yanal 21.9 mm -> (kuzey -0.009, dogu -0.007)  | kanca_ofset=(-0.0898, -0.0037) arac_ned=(58.2444, 7.4667) kanca_mutlak=(58.1545, 7.4630)
2026-09-01 08:16:54,513 [INFO] core.detection.vision_runtime: [VISION] detect() calisiyor -- bu karede 1 tespit: ['KIRMIZI_DIKDORTGEN']
QGC port check failed, reporting UNKNOWN: (pid=22265)
2026-09-01 08:16:56,077 [INFO] core.mission.gorev3_pickup: [SON_DUZELTME] 5/6 yanal 11.7 mm -> (kuzey -0.003, dogu +0.005)  | kanca_ofset=(-0.0906, -0.0038) arac_ned=(58.2340, 7.4436) kanca_mutlak=(58.1434, 7.4398)
QGC port check failed, reporting UNKNOWN: (pid=22265)
2026-09-01 08:16:57,534 [INFO] core.detection.vision_runtime: [VISION] detect() calisiyor -- bu karede 1 tespit: ['KIRMIZI_DIKDORTGEN']
2026-09-01 08:16:58,285 [INFO] gz_system.main_gz: Dashboard paint loop: 0.0 FPS (main thread)
2026-09-01 08:16:58,654 [INFO] core.mission.gorev3_pickup: [SON_DUZELTME] 6/6 yanal 23.5 mm -> (kuzey +0.001, dogu -0.012)  | kanca_ofset=(-0.0902, -0.0016) arac_ned=(58.2262, 7.4748) kanca_mutlak=(58.1361, 7.4732)
QGC port check failed, reporting UNKNOWN: (pid=22265)
2026-09-01 08:17:00,556 [INFO] core.detection.vision_runtime: [VISION] detect() calisiyor -- bu karede 1 tespit: ['KIRMIZI_DIKDORTGEN']
QGC port check failed, reporting UNKNOWN: (pid=22265)
2026-09-01 08:17:01,226 [WARNING] core.mission.gorev3_pickup: [SON_DUZELTME] butce doldu; son yanal 23.5 mm
2026-09-01 08:17:01,227 [INFO] core.mission.gorev3_pickup: [KANCA_DENGE] INIS ONCESI irtifa=0.942 m kanca_ofset=(-0.0903, -0.0046)
2026-09-01 08:17:01,227 [INFO] core.mission.gorev3_pickup: Hizalandi -- 0.30 m alma irtifasina SAF DIKEY iniliyor (yanal hareket yok).
2026-09-01 08:17:01,228 [INFO] core.mission.gorev3_pickup: [KANCA_IZ] t=0.00 alt=0.942 off_n=-0.0903 off_e=-0.0046 nose_z=+0.6710
2026-09-01 08:17:01,339 [INFO] core.mission.gorev3_pickup: [KANCA_IZ] t=0.11 alt=0.940 off_n=-0.0901 off_e=-0.0045 nose_z=+0.6633
2026-09-01 08:17:01,449 [INFO] core.mission.gorev3_pickup: [KANCA_IZ] t=0.22 alt=0.916 off_n=-0.0898 off_e=-0.0045 nose_z=+0.6255
2026-09-01 08:17:01,562 [INFO] core.mission.gorev3_pickup: [KANCA_IZ] t=0.33 alt=0.871 off_n=-0.0894 off_e=-0.0041 nose_z=+0.5767
2026-09-01 08:17:01,673 [INFO] core.mission.gorev3_pickup: [KANCA_IZ] t=0.45 alt=0.810 off_n=-0.0892 off_e=-0.0031 nose_z=+0.5138
2026-09-01 08:17:01,784 [INFO] core.mission.gorev3_pickup: [KANCA_IZ] t=0.56 alt=0.752 off_n=-0.0892 off_e=-0.0018 nose_z=+0.4564
2026-09-01 08:17:01,896 [INFO] core.mission.gorev3_pickup: [KANCA_IZ] t=0.67 alt=0.695 off_n=-0.0895 off_e=-0.0010 nose_z=+0.4123
2026-09-01 08:17:02,008 [INFO] core.mission.gorev3_pickup: [KANCA_IZ] t=0.78 alt=0.606 off_n=-0.0899 off_e=-0.0008 nose_z=+0.3666
2026-09-01 08:17:02,120 [INFO] core.mission.gorev3_pickup: [KANCA_IZ] t=0.89 alt=0.574 off_n=-0.0903 off_e=-0.0014 nose_z=+0.3294
2026-09-01 08:17:02,232 [INFO] core.mission.gorev3_pickup: [KANCA_IZ] t=1.00 alt=0.545 off_n=-0.0906 off_e=-0.0023 nose_z=+0.3021
2026-09-01 08:17:02,344 [INFO] core.mission.gorev3_pickup: [KANCA_IZ] t=1.12 alt=0.523 off_n=-0.0907 off_e=-0.0034 nose_z=+0.2739
2026-09-01 08:17:02,457 [INFO] core.mission.gorev3_pickup: [KANCA_IZ] t=1.23 alt=0.503 off_n=-0.0907 off_e=-0.0041 nose_z=+0.2506
2026-09-01 08:17:02,567 [INFO] core.mission.gorev3_pickup: [KANCA_IZ] t=1.34 alt=0.487 off_n=-0.0904 off_e=-0.0043 nose_z=+0.2335
2026-09-01 08:17:02,680 [INFO] core.mission.gorev3_pickup: [KANCA_IZ] t=1.45 alt=0.473 off_n=-0.0900 off_e=-0.0041 nose_z=+0.2152
2026-09-01 08:17:02,792 [INFO] core.mission.gorev3_pickup: [KANCA_IZ] t=1.56 alt=0.461 off_n=-0.0895 off_e=-0.0038 nose_z=+0.1995
2026-09-01 08:17:02,903 [INFO] core.mission.gorev3_pickup: [KANCA_IZ] t=1.68 alt=0.443 off_n=-0.0892 off_e=-0.0037 nose_z=+0.1854
2026-09-01 08:17:03,014 [INFO] core.mission.gorev3_pickup: [KANCA_IZ] t=1.79 alt=0.435 off_n=-0.0891 off_e=-0.0039 nose_z=+0.1721
QGC port check failed, reporting UNKNOWN: (pid=22265)
2026-09-01 08:17:03,124 [INFO] core.mission.gorev3_pickup: [KANCA_IZ] t=1.90 alt=0.428 off_n=-0.0892 off_e=-0.0042 nose_z=+0.1600
2026-09-01 08:17:03,236 [INFO] core.mission.gorev3_pickup: [KANCA_IZ] t=2.01 alt=0.421 off_n=-0.0894 off_e=-0.0045 nose_z=+0.1503
2026-09-01 08:17:03,315 [INFO] gz_system.main_gz: Dashboard paint loop: 0.0 FPS (main thread)
2026-09-01 08:17:03,348 [INFO] core.mission.gorev3_pickup: [KANCA_IZ] t=2.12 alt=0.415 off_n=-0.0897 off_e=-0.0047 nose_z=+0.1397
2026-09-01 08:17:03,459 [INFO] core.mission.gorev3_pickup: [KANCA_IZ] t=2.23 alt=0.409 off_n=-0.0899 off_e=-0.0046 nose_z=+0.1314
2026-09-01 08:17:03,571 [INFO] core.detection.vision_runtime: [VISION] detect() calisiyor -- bu karede 1 tespit: ['KIRMIZI_DIKDORTGEN']
2026-09-01 08:17:03,571 [INFO] core.mission.gorev3_pickup: [KANCA_IZ] t=2.34 alt=0.404 off_n=-0.0900 off_e=-0.0040 nose_z=+0.1223
2026-09-01 08:17:03,681 [INFO] core.mission.gorev3_pickup: [KANCA_IZ] t=2.45 alt=0.399 off_n=-0.0899 off_e=-0.0034 nose_z=+0.1141
2026-09-01 08:17:03,792 [INFO] core.mission.gorev3_pickup: [KANCA_IZ] t=2.56 alt=0.396 off_n=-0.0897 off_e=-0.0032 nose_z=+0.1078
2026-09-01 08:17:03,902 [INFO] core.mission.gorev3_pickup: [KANCA_IZ] t=2.67 alt=0.389 off_n=-0.0894 off_e=-0.0031 nose_z=+0.1003
2026-09-01 08:17:04,011 [INFO] core.mission.gorev3_pickup: [KANCA_IZ] t=2.78 alt=0.385 off_n=-0.0892 off_e=-0.0031 nose_z=+0.0945
2026-09-01 08:17:04,120 [INFO] core.mission.gorev3_pickup: [KANCA_IZ] t=2.89 alt=0.381 off_n=-0.0889 off_e=-0.0030 nose_z=+0.0883
2026-09-01 08:17:04,231 [INFO] core.mission.gorev3_pickup: [KANCA_IZ] t=3.00 alt=0.377 off_n=-0.0889 off_e=-0.0027 nose_z=+0.0823
2026-09-01 08:17:04,341 [INFO] core.mission.gorev3_pickup: [KANCA_IZ] t=3.11 alt=0.373 off_n=-0.0893 off_e=-0.0023 nose_z=+0.0777
2026-09-01 08:17:04,452 [INFO] core.mission.gorev3_pickup: [KANCA_IZ] t=3.22 alt=0.369 off_n=-0.0874 off_e=-0.0028 nose_z=+0.0760
2026-09-01 08:17:04,563 [INFO] core.mission.gorev3_pickup: [KANCA_IZ] t=3.34 alt=0.366 off_n=-0.0851 off_e=-0.0032 nose_z=+0.0759
2026-09-01 08:17:04,672 [INFO] core.mission.gorev3_pickup: [KANCA_IZ] t=3.44 alt=0.365 off_n=-0.0844 off_e=-0.0033 nose_z=+0.0758
2026-09-01 08:17:04,784 [INFO] core.mission.gorev3_pickup: [KANCA_IZ] t=3.56 alt=0.365 off_n=-0.0849 off_e=-0.0030 nose_z=+0.0757
2026-09-01 08:17:04,894 [INFO] core.mission.gorev3_pickup: [KANCA_IZ] t=3.67 alt=0.364 off_n=-0.0865 off_e=-0.0021 nose_z=+0.0756
2026-09-01 08:17:05,005 [INFO] core.mission.gorev3_pickup: [KANCA_IZ] t=3.78 alt=0.362 off_n=-0.0883 off_e=-0.0007 nose_z=+0.0755
QGC port check failed, reporting UNKNOWN: (pid=22265)
2026-09-01 08:17:05,116 [INFO] core.mission.gorev3_pickup: [KANCA_IZ] t=3.89 alt=0.360 off_n=-0.0900 off_e=+0.0010 nose_z=+0.0755
2026-09-01 08:17:05,226 [INFO] core.mission.gorev3_pickup: [KANCA_IZ] t=4.00 alt=0.357 off_n=-0.0920 off_e=+0.0034 nose_z=+0.0754
2026-09-01 08:17:05,336 [INFO] core.mission.gorev3_pickup: [KANCA_IZ] t=4.11 alt=0.356 off_n=-0.0935 off_e=+0.0058 nose_z=+0.0753
2026-09-01 08:17:05,446 [INFO] core.mission.gorev3_pickup: [KANCA_IZ] t=4.22 alt=0.354 off_n=-0.0952 off_e=+0.0089 nose_z=+0.0753
2026-09-01 08:17:05,557 [INFO] core.mission.gorev3_pickup: [KANCA_IZ] t=4.33 alt=0.353 off_n=-0.0964 off_e=+0.0119 nose_z=+0.0753
2026-09-01 08:17:05,667 [INFO] core.mission.gorev3_pickup: [KANCA_IZ] t=4.44 alt=0.351 off_n=-0.0972 off_e=+0.0145 nose_z=+0.0752
2026-09-01 08:17:05,777 [INFO] core.mission.gorev3_pickup: [KANCA_IZ] t=4.55 alt=0.350 off_n=-0.0976 off_e=+0.0173 nose_z=+0.0752
2026-09-01 08:17:05,888 [INFO] core.mission.gorev3_pickup: [KANCA_IZ] t=4.66 alt=0.349 off_n=-0.0977 off_e=+0.0199 nose_z=+0.0752
2026-09-01 08:17:05,999 [INFO] core.mission.gorev3_pickup: [KANCA_IZ] t=4.77 alt=0.348 off_n=-0.0976 off_e=+0.0218 nose_z=+0.0751
2026-09-01 08:17:06,110 [INFO] core.mission.gorev3_pickup: [KANCA_IZ] t=4.88 alt=0.347 off_n=-0.0972 off_e=+0.0237 nose_z=+0.0751
2026-09-01 08:17:06,220 [INFO] core.mission.gorev3_pickup: [KANCA_IZ] t=4.99 alt=0.346 off_n=-0.0970 off_e=+0.0249 nose_z=+0.0751
2026-09-01 08:17:06,331 [INFO] core.mission.gorev3_pickup: [KANCA_IZ] t=5.10 alt=0.345 off_n=-0.0969 off_e=+0.0260 nose_z=+0.0751
2026-09-01 08:17:06,440 [INFO] core.mission.gorev3_pickup: [KANCA_IZ] t=5.21 alt=0.343 off_n=-0.0970 off_e=+0.0265 nose_z=+0.0751
2026-09-01 08:17:06,552 [INFO] core.mission.gorev3_pickup: [KANCA_IZ] t=5.32 alt=0.342 off_n=-0.0972 off_e=+0.0264 nose_z=+0.0751
2026-09-01 08:17:06,662 [INFO] core.detection.vision_runtime: [VISION] detect() calisiyor -- bu karede 1 tespit: ['KIRMIZI_UCGEN']
2026-09-01 08:17:06,662 [INFO] core.mission.gorev3_pickup: [KANCA_IZ] t=5.43 alt=0.340 off_n=-0.0974 off_e=+0.0257 nose_z=+0.0751
2026-09-01 08:17:06,773 [INFO] core.mission.gorev3_pickup: [KANCA_IZ] t=5.55 alt=0.339 off_n=-0.0973 off_e=+0.0247 nose_z=+0.0751
2026-09-01 08:17:06,885 [INFO] core.mission.gorev3_pickup: [KANCA_IZ] t=5.66 alt=0.339 off_n=-0.0970 off_e=+0.0235 nose_z=+0.0750
2026-09-01 08:17:06,995 [INFO] core.mission.gorev3_pickup: [KANCA_IZ] t=5.77 alt=0.340 off_n=-0.0963 off_e=+0.0223 nose_z=+0.0751
QGC port check failed, reporting UNKNOWN: (pid=22265)
2026-09-01 08:17:07,106 [INFO] core.mission.gorev3_pickup: [KANCA_IZ] t=5.88 alt=0.341 off_n=-0.0953 off_e=+0.0214 nose_z=+0.0751
2026-09-01 08:17:07,216 [INFO] core.mission.gorev3_pickup: [KANCA_IZ] t=5.99 alt=0.342 off_n=-0.0944 off_e=+0.0209 nose_z=+0.0750
2026-09-01 08:17:07,326 [INFO] core.mission.gorev3_pickup: [KANCA_IZ] t=6.10 alt=0.343 off_n=-0.0932 off_e=+0.0208 nose_z=+0.0750
2026-09-01 08:17:07,326 [INFO] core.mission.gorev3_pickup: Yük alma mekanizması aktifleşiyor...
2026-09-01 08:17:07,326 [INFO] core.mission.gorev3_pickup: [KANCA_DENGE] INIS SONRASI irtifa=0.343 m kanca_ofset=(-0.0932, +0.0208)  ->  DEGISIM=(-2.9, +25.4) mm  |25.6 mm|
2026-09-01 08:17:07,326 [INFO] gz_system.gz_payload_actuator: [HOOK] alma denemesi 1/3
2026-09-01 08:17:07,326 [INFO] gz_system.gz_payload_actuator: [HOOK] vinc salimi: 0.373 m  (irtifa=0.343 m, guverte=0.070, zincir ofseti=0.060, pay=0.040)
2026-09-01 08:17:07,326 [INFO] gz_system.gz_payload_actuator: [HOOK] vinc -> 0.37 m
I0901 08:17:07.327236 13245531 fork_posix.cc:71] Other threads are currently calling into gRPC, skipping fork() handlers
2026-09-01 08:17:07,439 [INFO] core.mission.gorev3_pickup: [KANCA_IZ] t=6.21 alt=0.343 off_n=-0.0923 off_e=+0.0211 nose_z=+0.0750
2026-09-01 08:17:07,549 [INFO] core.mission.gorev3_pickup: [KANCA_IZ] t=6.32 alt=0.343 off_n=-0.0914 off_e=+0.0220 nose_z=+0.0750
2026-09-01 08:17:07,660 [INFO] core.mission.gorev3_pickup: [KANCA_IZ] t=6.43 alt=0.343 off_n=-0.0906 off_e=+0.0233 nose_z=+0.0750
2026-09-01 08:17:07,772 [INFO] core.mission.gorev3_pickup: [KANCA_IZ] t=6.54 alt=0.343 off_n=-0.0899 off_e=+0.0249 nose_z=+0.0749
2026-09-01 08:17:07,882 [INFO] core.mission.gorev3_pickup: [KANCA_IZ] t=6.65 alt=0.343 off_n=-0.0892 off_e=+0.0268 nose_z=+0.0749
2026-09-01 08:17:07,994 [INFO] core.mission.gorev3_pickup: [KANCA_IZ] t=6.77 alt=0.343 off_n=-0.0889 off_e=+0.0285 nose_z=+0.0749
2026-09-01 08:17:08,105 [INFO] core.mission.gorev3_pickup: [KANCA_IZ] t=6.88 alt=0.342 off_n=-0.0890 off_e=+0.0304 nose_z=+0.0749
2026-09-01 08:17:08,215 [INFO] core.mission.gorev3_pickup: [KANCA_IZ] t=6.99 alt=0.341 off_n=-0.0894 off_e=+0.0323 nose_z=+0.0749
2026-09-01 08:17:08,325 [INFO] core.mission.gorev3_pickup: [KANCA_IZ] t=7.10 alt=0.339 off_n=-0.0900 off_e=+0.0337 nose_z=+0.0749
2026-09-01 08:17:08,326 [INFO] gz_system.gz_payload_actuator: [HOOK] APPROACHING  lat=  17.5mm ins=   +1.1mm tilt= 34.0deg v=  infm/s age=0.00s  [lateral(17.5mm>10.2mm), tilt(34.0deg>15.0deg), rel_speed(inf>0.05m/s)]
2026-09-01 08:17:08,335 [INFO] gz_system.main_gz: Dashboard paint loop: 0.0 FPS (main thread)
2026-09-01 08:17:08,437 [INFO] core.mission.gorev3_pickup: [KANCA_IZ] t=7.21 alt=0.338 off_n=-0.0918 off_e=+0.0347 nose_z=+0.0724
2026-09-01 08:17:08,549 [INFO] core.mission.gorev3_pickup: [KANCA_IZ] t=7.32 alt=0.337 off_n=-0.0956 off_e=+0.0351 nose_z=+0.0655
2026-09-01 08:17:08,661 [INFO] core.mission.gorev3_pickup: [KANCA_IZ] t=7.43 alt=0.336 off_n=-0.0957 off_e=+0.0356 nose_z=+0.0658
2026-09-01 08:17:08,772 [INFO] core.mission.gorev3_pickup: [KANCA_IZ] t=7.54 alt=0.336 off_n=-0.0963 off_e=+0.0361 nose_z=+0.0658
2026-09-01 08:17:08,886 [INFO] core.mission.gorev3_pickup: [KANCA_IZ] t=7.66 alt=0.335 off_n=-0.0972 off_e=+0.0365 nose_z=+0.0657
2026-09-01 08:17:08,997 [INFO] core.mission.gorev3_pickup: [KANCA_IZ] t=7.77 alt=0.336 off_n=-0.0985 off_e=+0.0371 nose_z=+0.0656
QGC port check failed, reporting UNKNOWN: (pid=22265)
2026-09-01 08:17:09,109 [INFO] core.mission.gorev3_pickup: [KANCA_IZ] t=7.88 alt=0.336 off_n=-0.0993 off_e=+0.0382 nose_z=+0.0656
2026-09-01 08:17:09,222 [INFO] core.mission.gorev3_pickup: [KANCA_IZ] t=7.99 alt=0.335 off_n=-0.0996 off_e=+0.0394 nose_z=+0.0656
2026-09-01 08:17:09,334 [INFO] core.mission.gorev3_pickup: [KANCA_IZ] t=8.11 alt=0.335 off_n=-0.0992 off_e=+0.0412 nose_z=+0.0656
2026-09-01 08:17:09,334 [INFO] gz_system.gz_payload_actuator: [HOOK] APPROACHING  lat=  12.6mm ins=  +10.4mm tilt= 36.9deg v=0.007m/s age=0.02s  [lateral(12.6mm>10.2mm), tilt(36.9deg>15.0deg)]
2026-09-01 08:17:09,447 [INFO] core.mission.gorev3_pickup: [KANCA_IZ] t=8.22 alt=0.335 off_n=-0.0981 off_e=+0.0432 nose_z=+0.0657
2026-09-01 08:17:09,557 [INFO] core.mission.gorev3_pickup: [KANCA_IZ] t=8.33 alt=0.334 off_n=-0.0966 off_e=+0.0454 nose_z=+0.0657
2026-09-01 08:17:09,668 [INFO] core.detection.vision_runtime: [VISION] detect() calisiyor -- bu karede 1 tespit: ['KIRMIZI_DIKDORTGEN']
2026-09-01 08:17:09,668 [INFO] core.mission.gorev3_pickup: [KANCA_IZ] t=8.44 alt=0.334 off_n=-0.0950 off_e=+0.0476 nose_z=+0.0658
2026-09-01 08:17:09,780 [INFO] core.mission.gorev3_pickup: [KANCA_IZ] t=8.55 alt=0.334 off_n=-0.0927 off_e=+0.0504 nose_z=+0.0658
2026-09-01 08:17:09,891 [INFO] core.mission.gorev3_pickup: [KANCA_IZ] t=8.66 alt=0.334 off_n=-0.0902 off_e=+0.0533 nose_z=+0.0658
2026-09-01 08:17:10,001 [INFO] core.mission.gorev3_pickup: [KANCA_IZ] t=8.77 alt=0.334 off_n=-0.0882 off_e=+0.0557 nose_z=+0.0658
2026-09-01 08:17:10,113 [INFO] core.mission.gorev3_pickup: [KANCA_IZ] t=8.89 alt=0.333 off_n=-0.0859 off_e=+0.0585 nose_z=+0.0658
2026-09-01 08:17:10,224 [INFO] core.mission.gorev3_pickup: [KANCA_IZ] t=9.00 alt=0.333 off_n=-0.0841 off_e=+0.0610 nose_z=+0.0656
2026-09-01 08:17:10,335 [INFO] core.mission.gorev3_pickup: [KANCA_IZ] t=9.11 alt=0.333 off_n=-0.0827 off_e=+0.0632 nose_z=+0.0652
2026-09-01 08:17:10,336 [INFO] gz_system.gz_payload_actuator: [HOOK] APPROACHING  lat=  12.1mm ins=  +10.8mm tilt= 34.4deg v=0.010m/s age=0.02s  [lateral(12.1mm>10.2mm), tilt(34.4deg>15.0deg)]
2026-09-01 08:17:10,447 [INFO] core.mission.gorev3_pickup: [KANCA_IZ] t=9.22 alt=0.332 off_n=-0.0822 off_e=+0.0649 nose_z=+0.0653
2026-09-01 08:17:10,556 [INFO] core.mission.gorev3_pickup: [KANCA_IZ] t=9.33 alt=0.332 off_n=-0.0817 off_e=+0.0666 nose_z=+0.0652
2026-09-01 08:17:10,667 [INFO] core.mission.gorev3_pickup: [KANCA_IZ] t=9.44 alt=0.332 off_n=-0.0817 off_e=+0.0680 nose_z=+0.0651
2026-09-01 08:17:10,779 [INFO] core.mission.gorev3_pickup: [KANCA_IZ] t=9.55 alt=0.332 off_n=-0.0819 off_e=+0.0691 nose_z=+0.0651
2026-09-01 08:17:10,889 [INFO] core.mission.gorev3_pickup: [KANCA_IZ] t=9.66 alt=0.333 off_n=-0.0827 off_e=+0.0701 nose_z=+0.0652
2026-09-01 08:17:11,000 [INFO] core.mission.gorev3_pickup: [KANCA_IZ] t=9.77 alt=0.335 off_n=-0.0839 off_e=+0.0711 nose_z=+0.0653
QGC port check failed, reporting UNKNOWN: (pid=22265)
2026-09-01 08:17:11,111 [INFO] core.mission.gorev3_pickup: [KANCA_IZ] t=9.88 alt=0.339 off_n=-0.0853 off_e=+0.0720 nose_z=+0.0654
2026-09-01 08:17:11,221 [INFO] core.mission.gorev3_pickup: [KANCA_IZ] t=9.99 alt=0.341 off_n=-0.0871 off_e=+0.0729 nose_z=+0.0655
2026-09-01 08:17:11,332 [INFO] core.mission.gorev3_pickup: [KANCA_IZ] t=10.10 alt=0.342 off_n=-0.0892 off_e=+0.0739 nose_z=+0.0657
2026-09-01 08:17:11,383 [INFO] gz_system.gz_payload_actuator: [HOOK] APPROACHING  lat=  11.1mm ins=  +10.3mm tilt= 27.2deg v=0.005m/s age=0.01s  [lateral(11.1mm>10.2mm), tilt(27.2deg>15.0deg)]
2026-09-01 08:17:11,443 [INFO] core.mission.gorev3_pickup: [KANCA_IZ] t=10.21 alt=0.344 off_n=-0.0911 off_e=+0.0745 nose_z=+0.0658
2026-09-01 08:17:11,553 [INFO] core.mission.gorev3_pickup: [KANCA_IZ] t=10.33 alt=0.345 off_n=-0.0938 off_e=+0.0749 nose_z=+0.0659
2026-09-01 08:17:11,663 [INFO] core.mission.gorev3_pickup: [KANCA_IZ] t=10.44 alt=0.346 off_n=-0.0967 off_e=+0.0749 nose_z=+0.0661
2026-09-01 08:17:11,774 [INFO] core.mission.gorev3_pickup: [KANCA_IZ] t=10.55 alt=0.347 off_n=-0.0994 off_e=+0.0742 nose_z=+0.0662
2026-09-01 08:17:11,886 [INFO] core.mission.gorev3_pickup: [KANCA_IZ] t=10.66 alt=0.348 off_n=-0.1031 off_e=+0.0726 nose_z=+0.0663
2026-09-01 08:17:11,996 [INFO] core.mission.gorev3_pickup: [KANCA_IZ] t=10.77 alt=0.349 off_n=-0.1066 off_e=+0.0704 nose_z=+0.0665
2026-09-01 08:17:12,107 [INFO] core.mission.gorev3_pickup: [KANCA_IZ] t=10.88 alt=0.349 off_n=-0.1096 off_e=+0.0677 nose_z=+0.0667
2026-09-01 08:17:12,217 [INFO] core.mission.gorev3_pickup: [KANCA_IZ] t=10.99 alt=0.349 off_n=-0.1130 off_e=+0.0641 nose_z=+0.0670
2026-09-01 08:17:12,327 [INFO] core.mission.gorev3_pickup: [KANCA_IZ] t=11.10 alt=0.350 off_n=-0.1163 off_e=+0.0598 nose_z=+0.0672
2026-09-01 08:17:12,439 [INFO] core.mission.gorev3_pickup: [KANCA_IZ] t=11.21 alt=0.351 off_n=-0.1189 off_e=+0.0558 nose_z=+0.0673
2026-09-01 08:17:12,439 [INFO] gz_system.gz_payload_actuator: [HOOK] APPROACHING  lat=  11.6mm ins=   +8.7mm tilt= 34.0deg v=0.005m/s age=0.03s  [lateral(11.6mm>10.2mm), tilt(34.0deg>15.0deg)]
2026-09-01 08:17:12,552 [INFO] core.mission.gorev3_pickup: [KANCA_IZ] t=11.32 alt=0.351 off_n=-0.1216 off_e=+0.0508 nose_z=+0.0674
2026-09-01 08:17:12,662 [INFO] core.mission.gorev3_pickup: [KANCA_IZ] t=11.43 alt=0.352 off_n=-0.1237 off_e=+0.0462 nose_z=+0.0673
2026-09-01 08:17:12,772 [INFO] core.detection.vision_runtime: [VISION] detect() calisiyor -- bu karede 0 tespit: []
2026-09-01 08:17:12,772 [INFO] core.mission.gorev3_pickup: [KANCA_IZ] t=11.54 alt=0.352 off_n=-0.1250 off_e=+0.0425 nose_z=+0.0674
2026-09-01 08:17:12,883 [INFO] core.mission.gorev3_pickup: [KANCA_IZ] t=11.65 alt=0.353 off_n=-0.1260 off_e=+0.0384 nose_z=+0.0676
2026-09-01 08:17:12,991 [INFO] core.mission.gorev3_pickup: [KANCA_IZ] t=11.76 alt=0.352 off_n=-0.1265 off_e=+0.0351 nose_z=+0.0678
QGC port check failed, reporting UNKNOWN: (pid=22265)
2026-09-01 08:17:13,100 [INFO] core.mission.gorev3_pickup: [KANCA_IZ] t=11.87 alt=0.350 off_n=-0.1265 off_e=+0.0328 nose_z=+0.0679
2026-09-01 08:17:13,210 [INFO] core.mission.gorev3_pickup: [KANCA_IZ] t=11.98 alt=0.348 off_n=-0.1263 off_e=+0.0304 nose_z=+0.0681
2026-09-01 08:17:13,319 [INFO] core.mission.gorev3_pickup: [KANCA_IZ] t=12.09 alt=0.347 off_n=-0.1258 off_e=+0.0283 nose_z=+0.0682
2026-09-01 08:17:13,358 [INFO] gz_system.main_gz: Dashboard paint loop: 0.0 FPS (main thread)
2026-09-01 08:17:13,429 [INFO] core.mission.gorev3_pickup: [KANCA_IZ] t=12.20 alt=0.345 off_n=-0.1253 off_e=+0.0267 nose_z=+0.0683
2026-09-01 08:17:13,482 [INFO] gz_system.gz_payload_actuator: [HOOK] APPROACHING  lat=  11.6mm ins=   +7.6mm tilt= 39.7deg v=0.004m/s age=0.02s  [lateral(11.6mm>10.2mm), tilt(39.7deg>15.0deg)]
2026-09-01 08:17:13,540 [INFO] core.mission.gorev3_pickup: [KANCA_IZ] t=12.31 alt=0.344 off_n=-0.1246 off_e=+0.0250 nose_z=+0.0684
2026-09-01 08:17:13,648 [INFO] core.mission.gorev3_pickup: [KANCA_IZ] t=12.42 alt=0.343 off_n=-0.1239 off_e=+0.0233 nose_z=+0.0685
2026-09-01 08:17:13,758 [INFO] core.mission.gorev3_pickup: [KANCA_IZ] t=12.53 alt=0.342 off_n=-0.1234 off_e=+0.0221 nose_z=+0.0686
2026-09-01 08:17:13,868 [INFO] core.mission.gorev3_pickup: [KANCA_IZ] t=12.64 alt=0.341 off_n=-0.1229 off_e=+0.0208 nose_z=+0.0686
2026-09-01 08:17:13,978 [INFO] core.mission.gorev3_pickup: [KANCA_IZ] t=12.75 alt=0.340 off_n=-0.1226 off_e=+0.0200 nose_z=+0.0687
2026-09-01 08:17:14,087 [INFO] core.mission.gorev3_pickup: [KANCA_IZ] t=12.86 alt=0.339 off_n=-0.1224 off_e=+0.0191 nose_z=+0.0687
2026-09-01 08:17:14,196 [INFO] core.mission.gorev3_pickup: [KANCA_IZ] t=12.97 alt=0.337 off_n=-0.1223 off_e=+0.0187 nose_z=+0.0688
2026-09-01 08:17:14,306 [INFO] core.mission.gorev3_pickup: [KANCA_IZ] t=13.08 alt=0.336 off_n=-0.1222 off_e=+0.0183 nose_z=+0.0688
2026-09-01 08:17:14,415 [INFO] core.mission.gorev3_pickup: [KANCA_IZ] t=13.19 alt=0.334 off_n=-0.1222 off_e=+0.0181 nose_z=+0.0689
2026-09-01 08:17:14,525 [INFO] core.mission.gorev3_pickup: [KANCA_IZ] t=13.30 alt=0.333 off_n=-0.1222 off_e=+0.0180 nose_z=+0.0689
2026-09-01 08:17:14,525 [INFO] gz_system.gz_payload_actuator: [HOOK] APPROACHING  lat=  11.4mm ins=   +7.1mm tilt= 41.5deg v=0.004m/s age=0.01s  [lateral(11.4mm>10.2mm), tilt(41.5deg>15.0deg)]
2026-09-01 08:17:14,636 [INFO] core.mission.gorev3_pickup: [KANCA_IZ] t=13.41 alt=0.333 off_n=-0.1222 off_e=+0.0180 nose_z=+0.0689
2026-09-01 08:17:14,745 [INFO] core.mission.gorev3_pickup: [KANCA_IZ] t=13.52 alt=0.333 off_n=-0.1220 off_e=+0.0180 nose_z=+0.0690
2026-09-01 08:17:14,855 [INFO] core.mission.gorev3_pickup: [KANCA_IZ] t=13.63 alt=0.333 off_n=-0.1216 off_e=+0.0180 nose_z=+0.0689
2026-09-01 08:17:14,964 [INFO] core.mission.gorev3_pickup: [KANCA_IZ] t=13.74 alt=0.333 off_n=-0.1208 off_e=+0.0180 nose_z=+0.0689
QGC port check failed, reporting UNKNOWN: (pid=22265)
2026-09-01 08:17:15,074 [INFO] core.mission.gorev3_pickup: [KANCA_IZ] t=13.85 alt=0.333 off_n=-0.1199 off_e=+0.0177 nose_z=+0.0688
2026-09-01 08:17:15,184 [INFO] core.mission.gorev3_pickup: [KANCA_IZ] t=13.96 alt=0.333 off_n=-0.1183 off_e=+0.0170 nose_z=+0.0681
2026-09-01 08:17:15,293 [INFO] core.mission.gorev3_pickup: [KANCA_IZ] t=14.07 alt=0.333 off_n=-0.1163 off_e=+0.0160 nose_z=+0.0681
2026-09-01 08:17:15,403 [INFO] core.mission.gorev3_pickup: [KANCA_IZ] t=14.18 alt=0.333 off_n=-0.1142 off_e=+0.0150 nose_z=+0.0679
2026-09-01 08:17:15,517 [INFO] core.mission.gorev3_pickup: [KANCA_IZ] t=14.29 alt=0.332 off_n=-0.1112 off_e=+0.0137 nose_z=+0.0676
2026-09-01 08:17:15,569 [INFO] gz_system.gz_payload_actuator: [HOOK] APPROACHING  lat=  11.3mm ins=   +8.5mm tilt= 37.5deg v=0.022m/s age=0.02s  [lateral(11.3mm>10.2mm), tilt(37.5deg>15.0deg)]
2026-09-01 08:17:15,628 [INFO] core.mission.gorev3_pickup: [KANCA_IZ] t=14.40 alt=0.330 off_n=-0.1080 off_e=+0.0122 nose_z=+0.0672
2026-09-01 08:17:15,741 [INFO] core.mission.gorev3_pickup: [KANCA_IZ] t=14.51 alt=0.329 off_n=-0.1051 off_e=+0.0107 nose_z=+0.0668
2026-09-01 08:17:15,854 [INFO] core.detection.vision_runtime: [VISION] detect() calisiyor -- bu karede 1 tespit: ['KIRMIZI_DIKDORTGEN']
2026-09-01 08:17:15,854 [INFO] core.mission.gorev3_pickup: [KANCA_IZ] t=14.63 alt=0.328 off_n=-0.1016 off_e=+0.0086 nose_z=+0.0660
2026-09-01 08:17:15,965 [INFO] core.mission.gorev3_pickup: [KANCA_IZ] t=14.74 alt=0.327 off_n=-0.0985 off_e=+0.0060 nose_z=+0.0652
2026-09-01 08:17:16,076 [INFO] core.mission.gorev3_pickup: [KANCA_IZ] t=14.85 alt=0.328 off_n=-0.0956 off_e=+0.0033 nose_z=+0.0645
2026-09-01 08:17:16,187 [INFO] core.mission.gorev3_pickup: [KANCA_IZ] t=14.96 alt=0.329 off_n=-0.0933 off_e=+0.0014 nose_z=+0.0643
2026-09-01 08:17:16,299 [INFO] core.mission.gorev3_pickup: [KANCA_IZ] t=15.07 alt=0.330 off_n=-0.0911 off_e=-0.0006 nose_z=+0.0641
2026-09-01 08:17:16,409 [INFO] core.mission.gorev3_pickup: [KANCA_IZ] t=15.18 alt=0.336 off_n=-0.0888 off_e=-0.0023 nose_z=+0.0639
2026-09-01 08:17:16,519 [INFO] core.mission.gorev3_pickup: [KANCA_IZ] t=15.29 alt=0.339 off_n=-0.0867 off_e=-0.0037 nose_z=+0.0638
2026-09-01 08:17:16,570 [INFO] gz_system.gz_payload_actuator: [HOOK] APPROACHING  lat=  11.2mm ins=  +12.2mm tilt= 26.2deg v=0.005m/s age=0.00s  [lateral(11.2mm>10.2mm), tilt(26.2deg>15.0deg)]
2026-09-01 08:17:16,630 [INFO] core.mission.gorev3_pickup: [KANCA_IZ] t=15.40 alt=0.342 off_n=-0.0849 off_e=-0.0048 nose_z=+0.0638
2026-09-01 08:17:16,741 [INFO] core.mission.gorev3_pickup: [KANCA_IZ] t=15.51 alt=0.345 off_n=-0.0826 off_e=-0.0061 nose_z=+0.0638
2026-09-01 08:17:16,853 [INFO] core.mission.gorev3_pickup: [KANCA_IZ] t=15.63 alt=0.348 off_n=-0.0807 off_e=-0.0074 nose_z=+0.0638
2026-09-01 08:17:16,964 [INFO] core.mission.gorev3_pickup: [KANCA_IZ] t=15.74 alt=0.350 off_n=-0.0786 off_e=-0.0088 nose_z=+0.0638
QGC port check failed, reporting UNKNOWN: (pid=22265)
2026-09-01 08:17:17,078 [INFO] core.mission.gorev3_pickup: [KANCA_IZ] t=15.85 alt=0.351 off_n=-0.0768 off_e=-0.0097 nose_z=+0.0639
2026-09-01 08:17:17,189 [INFO] core.mission.gorev3_pickup: [KANCA_IZ] t=15.96 alt=0.351 off_n=-0.0752 off_e=-0.0103 nose_z=+0.0640
2026-09-01 08:17:17,300 [INFO] core.mission.gorev3_pickup: [KANCA_IZ] t=16.07 alt=0.351 off_n=-0.0743 off_e=-0.0104 nose_z=+0.0641
2026-09-01 08:17:17,412 [INFO] core.mission.gorev3_pickup: [KANCA_IZ] t=16.18 alt=0.348 off_n=-0.0737 off_e=-0.0103 nose_z=+0.0643
2026-09-01 08:17:17,523 [INFO] core.mission.gorev3_pickup: [KANCA_IZ] t=16.30 alt=0.346 off_n=-0.0739 off_e=-0.0100 nose_z=+0.0645
2026-09-01 08:17:17,574 [INFO] gz_system.gz_payload_actuator: [HOOK] APPROACHING  lat=  10.7mm ins=  +11.4mm tilt= 30.4deg v=0.014m/s age=0.01s  [lateral(10.7mm>10.2mm), tilt(30.4deg>15.0deg)]
2026-09-01 08:17:17,633 [INFO] core.mission.gorev3_pickup: [KANCA_IZ] t=16.41 alt=0.344 off_n=-0.0747 off_e=-0.0099 nose_z=+0.0644
2026-09-01 08:17:17,745 [INFO] core.mission.gorev3_pickup: [KANCA_IZ] t=16.52 alt=0.341 off_n=-0.0764 off_e=-0.0095 nose_z=+0.0643
2026-09-01 08:17:17,856 [INFO] core.mission.gorev3_pickup: [KANCA_IZ] t=16.63 alt=0.338 off_n=-0.0786 off_e=-0.0091 nose_z=+0.0645
2026-09-01 08:17:17,966 [INFO] core.mission.gorev3_pickup: [KANCA_IZ] t=16.74 alt=0.336 off_n=-0.0808 off_e=-0.0088 nose_z=+0.0645
2026-09-01 08:17:18,077 [INFO] core.mission.gorev3_pickup: [KANCA_IZ] t=16.85 alt=0.334 off_n=-0.0835 off_e=-0.0082 nose_z=+0.0645
2026-09-01 08:17:18,189 [INFO] core.mission.gorev3_pickup: [KANCA_IZ] t=16.96 alt=0.333 off_n=-0.0860 off_e=-0.0074 nose_z=+0.0644
2026-09-01 08:17:18,300 [INFO] core.mission.gorev3_pickup: [KANCA_IZ] t=17.07 alt=0.333 off_n=-0.0887 off_e=-0.0062 nose_z=+0.0643
2026-09-01 08:17:18,379 [INFO] gz_system.main_gz: Dashboard paint loop: 0.0 FPS (main thread)
2026-09-01 08:17:18,411 [INFO] core.mission.gorev3_pickup: [KANCA_IZ] t=17.18 alt=0.333 off_n=-0.0913 off_e=-0.0045 nose_z=+0.0642
2026-09-01 08:17:18,523 [INFO] core.mission.gorev3_pickup: [KANCA_IZ] t=17.30 alt=0.333 off_n=-0.0931 off_e=-0.0027 nose_z=+0.0640
2026-09-01 08:17:18,633 [INFO] core.mission.gorev3_pickup: [KANCA_IZ] t=17.41 alt=0.332 off_n=-0.0948 off_e=-0.0003 nose_z=+0.0639
2026-09-01 08:17:18,633 [INFO] gz_system.gz_payload_actuator: [HOOK] APPROACHING  lat=  10.7mm ins=  +12.1mm tilt= 27.0deg v=0.010m/s age=0.02s  [lateral(10.7mm>10.2mm), tilt(27.0deg>15.0deg)]
2026-09-01 08:17:18,744 [INFO] core.mission.gorev3_pickup: [KANCA_IZ] t=17.52 alt=0.331 off_n=-0.0962 off_e=+0.0024 nose_z=+0.0638
2026-09-01 08:17:18,855 [INFO] core.detection.vision_runtime: [VISION] detect() calisiyor -- bu karede 1 tespit: ['KIRMIZI_UCGEN']
2026-09-01 08:17:18,856 [INFO] core.mission.gorev3_pickup: [KANCA_IZ] t=17.63 alt=0.332 off_n=-0.0971 off_e=+0.0054 nose_z=+0.0637
2026-09-01 08:17:18,966 [INFO] core.mission.gorev3_pickup: [KANCA_IZ] t=17.74 alt=0.333 off_n=-0.0974 off_e=+0.0079 nose_z=+0.0636
QGC port check failed, reporting UNKNOWN: (pid=22265)
2026-09-01 08:17:19,076 [INFO] core.mission.gorev3_pickup: [KANCA_IZ] t=17.85 alt=0.334 off_n=-0.0971 off_e=+0.0112 nose_z=+0.0635
2026-09-01 08:17:19,189 [INFO] core.mission.gorev3_pickup: [KANCA_IZ] t=17.96 alt=0.335 off_n=-0.0963 off_e=+0.0140 nose_z=+0.0635
2026-09-01 08:17:19,300 [INFO] core.mission.gorev3_pickup: [KANCA_IZ] t=18.07 alt=0.335 off_n=-0.0946 off_e=+0.0171 nose_z=+0.0635
2026-09-01 08:17:19,412 [INFO] core.mission.gorev3_pickup: [KANCA_IZ] t=18.18 alt=0.335 off_n=-0.0919 off_e=+0.0201 nose_z=+0.0636
2026-09-01 08:17:19,523 [INFO] core.mission.gorev3_pickup: [KANCA_IZ] t=18.29 alt=0.336 off_n=-0.0891 off_e=+0.0225 nose_z=+0.0637
2026-09-01 08:17:19,633 [INFO] core.mission.gorev3_pickup: [KANCA_IZ] t=18.41 alt=0.337 off_n=-0.0852 off_e=+0.0258 nose_z=+0.0636
2026-09-01 08:17:19,634 [INFO] gz_system.gz_payload_actuator: [HOOK] APPROACHING  lat=  10.9mm ins=  +12.4mm tilt= 25.5deg v=0.006m/s age=0.02s  [lateral(10.9mm>10.2mm), tilt(25.5deg>15.0deg)]
2026-09-01 08:17:19,746 [INFO] core.mission.gorev3_pickup: [KANCA_IZ] t=18.52 alt=0.338 off_n=-0.0819 off_e=+0.0286 nose_z=+0.0636
2026-09-01 08:17:19,857 [INFO] core.mission.gorev3_pickup: [KANCA_IZ] t=18.63 alt=0.340 off_n=-0.0780 off_e=+0.0322 nose_z=+0.0636
2026-09-01 08:17:19,968 [INFO] core.mission.gorev3_pickup: [KANCA_IZ] t=18.74 alt=0.342 off_n=-0.0745 off_e=+0.0356 nose_z=+0.0632
2026-09-01 08:17:20,080 [INFO] core.mission.gorev3_pickup: [KANCA_IZ] t=18.85 alt=0.345 off_n=-0.0717 off_e=+0.0389 nose_z=+0.0634
2026-09-01 08:17:20,192 [INFO] core.mission.gorev3_pickup: [KANCA_IZ] t=18.96 alt=0.347 off_n=-0.0688 off_e=+0.0429 nose_z=+0.0636
2026-09-01 08:17:20,302 [INFO] core.mission.gorev3_pickup: [KANCA_IZ] t=19.07 alt=0.350 off_n=-0.0664 off_e=+0.0470 nose_z=+0.0639
2026-09-01 08:17:20,355 [INFO] gz_system.gz_payload_actuator: [KANCA_DENGE] oturma penceresi ortalama kanca_ofset=(-0.0983, +0.0283)  (217 ornek)
2026-09-01 08:17:20,355 [WARNING] gz_system.gz_payload_actuator: [HOOK] OTURMADI (12.0 s). En iyi ESZAMANLI ornek: lat=  10.3mm ins=  +11.4mm tilt= 31.1deg v=0.006m/s age=0.02s (2 kapi ihlali). CAPTURE_CANDIDATE ornegi: 0/217. Kapi retleri: lateral=217, tilt=217, rel_speed=5. Sinirlar: yanal<=10.2 mm, dwell 0.30 s.
2026-09-01 08:17:20,355 [WARNING] gz_system.gz_payload_actuator: [HOOK] oturma dogrulanmadi (12.0s) -- /hook/attach YAYINLANMADI, vinc cekiliyor, tekrar denenecek
2026-09-01 08:17:20,355 [INFO] gz_system.gz_payload_actuator: [HOOK] vinc -> 0.00 m
I0901 08:17:20.355948 13245531 fork_posix.cc:71] Other threads are currently calling into gRPC, skipping fork() handlers
2026-09-01 08:17:20,414 [INFO] core.mission.gorev3_pickup: [KANCA_IZ] t=19.19 alt=0.351 off_n=-0.0649 off_e=+0.0504 nose_z=+0.0642
2026-09-01 08:17:20,526 [INFO] core.mission.gorev3_pickup: [KANCA_IZ] t=19.30 alt=0.351 off_n=-0.0638 off_e=+0.0540 nose_z=+0.0646
2026-09-01 08:17:20,638 [INFO] core.mission.gorev3_pickup: [KANCA_IZ] t=19.41 alt=0.350 off_n=-0.0631 off_e=+0.0571 nose_z=+0.0651
2026-09-01 08:17:20,748 [INFO] core.mission.gorev3_pickup: [KANCA_IZ] t=19.52 alt=0.349 off_n=-0.0627 off_e=+0.0593 nose_z=+0.0655
2026-09-01 08:17:20,860 [INFO] core.mission.gorev3_pickup: [KANCA_IZ] t=19.63 alt=0.346 off_n=-0.0625 off_e=+0.0605 nose_z=+0.0658
2026-09-01 08:17:20,972 [INFO] core.mission.gorev3_pickup: [KANCA_IZ] t=19.74 alt=0.344 off_n=-0.0622 off_e=+0.0610 nose_z=+0.0661
QGC port check failed, reporting UNKNOWN: (pid=22265)
2026-09-01 08:17:21,084 [INFO] core.mission.gorev3_pickup: [KANCA_IZ] t=19.86 alt=0.343 off_n=-0.0618 off_e=+0.0606 nose_z=+0.0663
2026-09-01 08:17:21,198 [INFO] core.mission.gorev3_pickup: [KANCA_IZ] t=19.97 alt=0.342 off_n=-0.0613 off_e=+0.0593 nose_z=+0.0665
2026-09-01 08:17:21,308 [INFO] core.mission.gorev3_pickup: [KANCA_IZ] t=20.08 alt=0.341 off_n=-0.0606 off_e=+0.0571 nose_z=+0.0667
2026-09-01 08:17:21,422 [INFO] core.mission.gorev3_pickup: [KANCA_IZ] t=20.19 alt=0.340 off_n=-0.0699 off_e=+0.0401 nose_z=+0.1228
2026-09-01 08:17:21,533 [INFO] core.mission.gorev3_pickup: [KANCA_IZ] t=20.31 alt=0.338 off_n=-0.0877 off_e=-0.0047 nose_z=+0.2352
2026-09-01 08:17:21,644 [INFO] core.mission.gorev3_pickup: [KANCA_IZ] t=20.42 alt=0.335 off_n=-0.1151 off_e=-0.0448 nose_z=+0.3184
2026-09-01 08:17:21,756 [INFO] core.mission.gorev3_pickup: [KANCA_IZ] t=20.53 alt=0.334 off_n=-0.1157 off_e=-0.0329 nose_z=+0.3651
2026-09-01 08:17:21,867 [INFO] core.detection.vision_runtime: [VISION] detect() calisiyor -- bu karede 1 tespit: ['KIRMIZI_DIKDORTGEN']
2026-09-01 08:17:21,868 [INFO] core.mission.gorev3_pickup: [KANCA_IZ] t=20.64 alt=0.333 off_n=-0.1176 off_e=-0.0016 nose_z=+0.4125
2026-09-01 08:17:21,979 [INFO] core.mission.gorev3_pickup: [KANCA_IZ] t=20.75 alt=0.332 off_n=-0.1055 off_e=+0.0031 nose_z=+0.4132
2026-09-01 08:17:22,091 [INFO] core.mission.gorev3_pickup: [KANCA_IZ] t=20.86 alt=0.331 off_n=-0.0865 off_e=-0.0092 nose_z=+0.3970
2026-09-01 08:17:22,202 [INFO] core.mission.gorev3_pickup: [KANCA_IZ] t=20.97 alt=0.330 off_n=-0.0700 off_e=-0.0258 nose_z=+0.3836
2026-09-01 08:17:22,314 [INFO] core.mission.gorev3_pickup: [KANCA_IZ] t=21.09 alt=0.329 off_n=-0.0725 off_e=-0.0296 nose_z=+0.3745
2026-09-01 08:17:22,325 [INFO] core.mission.gorev3_pickup: [YENIDEN_HIZA] deneme 2 oncesi, kanca havada -- duzeltme yeniden kosuluyor
2026-09-01 08:17:22,325 [INFO] core.mission.gorev3_pickup: [SON_DUZELTME] 1/6 yanal 70.1 mm -> (kuzey +0.002, dogu +0.035)  | kanca_ofset=(-0.0750, -0.0285) arac_ned=(58.2087, 7.4082) kanca_mutlak=(58.1338, 7.3797)
2026-09-01 08:17:22,425 [INFO] core.mission.gorev3_pickup: [KANCA_IZ] t=21.20 alt=0.329 off_n=-0.0914 off_e=-0.0174 nose_z=+0.3659
2026-09-01 08:17:22,537 [INFO] core.mission.gorev3_pickup: [KANCA_IZ] t=21.31 alt=0.328 off_n=-0.1092 off_e=-0.0003 nose_z=+0.3621
2026-09-01 08:17:22,650 [INFO] core.mission.gorev3_pickup: [KANCA_IZ] t=21.42 alt=0.328 off_n=-0.1189 off_e=+0.0161 nose_z=+0.3605
2026-09-01 08:17:22,760 [INFO] core.mission.gorev3_pickup: [KANCA_IZ] t=21.53 alt=0.329 off_n=-0.1123 off_e=+0.0193 nose_z=+0.3578
2026-09-01 08:17:22,873 [INFO] core.mission.gorev3_pickup: [KANCA_IZ] t=21.65 alt=0.329 off_n=-0.0985 off_e=+0.0118 nose_z=+0.3546
2026-09-01 08:17:22,985 [INFO] core.mission.gorev3_pickup: [KANCA_IZ] t=21.76 alt=0.330 off_n=-0.0822 off_e=-0.0030 nose_z=+0.3521
QGC port check failed, reporting UNKNOWN: (pid=22265)
2026-09-01 08:17:23,096 [INFO] core.mission.gorev3_pickup: [KANCA_IZ] t=21.87 alt=0.330 off_n=-0.0756 off_e=-0.0141 nose_z=+0.3506
2026-09-01 08:17:23,208 [INFO] core.mission.gorev3_pickup: [KANCA_IZ] t=21.98 alt=0.329 off_n=-0.0787 off_e=-0.0163 nose_z=+0.3488
2026-09-01 08:17:23,321 [INFO] core.mission.gorev3_pickup: [KANCA_IZ] t=22.09 alt=0.327 off_n=-0.0895 off_e=-0.0103 nose_z=+0.3462
2026-09-01 08:17:23,411 [INFO] gz_system.main_gz: Dashboard paint loop: 0.0 FPS (main thread)
2026-09-01 08:17:23,433 [INFO] core.mission.gorev3_pickup: [KANCA_IZ] t=22.21 alt=0.326 off_n=-0.0995 off_e=-0.0005 nose_z=+0.3447
2026-09-01 08:17:23,544 [INFO] core.mission.gorev3_pickup: [KANCA_IZ] t=22.32 alt=0.325 off_n=-0.1029 off_e=+0.0060 nose_z=+0.3439
2026-09-01 08:17:23,655 [INFO] core.mission.gorev3_pickup: [KANCA_IZ] t=22.43 alt=0.324 off_n=-0.0992 off_e=+0.0073 nose_z=+0.3427
2026-09-01 08:17:23,766 [INFO] core.mission.gorev3_pickup: [KANCA_IZ] t=22.54 alt=0.324 off_n=-0.0923 off_e=+0.0031 nose_z=+0.3416
2026-09-01 08:17:23,877 [INFO] core.mission.gorev3_pickup: [KANCA_IZ] t=22.65 alt=0.323 off_n=-0.0845 off_e=-0.0044 nose_z=+0.3408
2026-09-01 08:17:23,987 [INFO] core.mission.gorev3_pickup: [KANCA_IZ] t=22.76 alt=0.323 off_n=-0.0818 off_e=-0.0097 nose_z=+0.3404
2026-09-01 08:17:24,100 [INFO] core.mission.gorev3_pickup: [KANCA_IZ] t=22.87 alt=0.323 off_n=-0.0839 off_e=-0.0103 nose_z=+0.3400
2026-09-01 08:17:24,212 [INFO] core.mission.gorev3_pickup: [KANCA_IZ] t=22.98 alt=0.325 off_n=-0.0897 off_e=-0.0067 nose_z=+0.3395
2026-09-01 08:17:24,323 [INFO] core.mission.gorev3_pickup: [KANCA_IZ] t=23.10 alt=0.325 off_n=-0.0947 off_e=-0.0014 nose_z=+0.3391
2026-09-01 08:17:24,434 [INFO] core.mission.gorev3_pickup: [KANCA_IZ] t=23.21 alt=0.326 off_n=-0.0960 off_e=+0.0015 nose_z=+0.3387
2026-09-01 08:17:24,545 [INFO] core.mission.gorev3_pickup: [KANCA_IZ] t=23.32 alt=0.326 off_n=-0.0940 off_e=+0.0020 nose_z=+0.3380
2026-09-01 08:17:24,657 [INFO] core.mission.gorev3_pickup: [KANCA_IZ] t=23.43 alt=0.326 off_n=-0.0898 off_e=-0.0008 nose_z=+0.3372
2026-09-01 08:17:24,768 [INFO] core.mission.gorev3_pickup: [KANCA_IZ] t=23.54 alt=0.326 off_n=-0.0864 off_e=-0.0045 nose_z=+0.3365
2026-09-01 08:17:24,880 [INFO] core.detection.vision_runtime: [VISION] detect() calisiyor -- bu karede 1 tespit: ['KIRMIZI_DIKDORTGEN']
2026-09-01 08:17:24,880 [INFO] core.mission.gorev3_pickup: [KANCA_IZ] t=23.65 alt=0.325 off_n=-0.0855 off_e=-0.0066 nose_z=+0.3360
2026-09-01 08:17:24,992 [INFO] core.mission.gorev3_pickup: [KANCA_IZ] t=23.76 alt=0.324 off_n=-0.0870 off_e=-0.0069 nose_z=+0.3355
QGC port check failed, reporting UNKNOWN: (pid=22265)
2026-09-01 08:17:25,102 [INFO] core.mission.gorev3_pickup: [KANCA_IZ] t=23.87 alt=0.321 off_n=-0.0900 off_e=-0.0051 nose_z=+0.3352
2026-09-01 08:17:25,213 [INFO] core.mission.gorev3_pickup: [KANCA_IZ] t=23.99 alt=0.321 off_n=-0.0924 off_e=-0.0025 nose_z=+0.3352
2026-09-01 08:17:25,324 [INFO] core.mission.gorev3_pickup: [KANCA_IZ] t=24.10 alt=0.321 off_n=-0.0930 off_e=-0.0008 nose_z=+0.3355
2026-09-01 08:17:25,436 [INFO] core.mission.gorev3_pickup: [KANCA_IZ] t=24.21 alt=0.321 off_n=-0.0918 off_e=-0.0008 nose_z=+0.3358
2026-09-01 08:17:25,547 [INFO] core.mission.gorev3_pickup: [KANCA_IZ] t=24.32 alt=0.322 off_n=-0.0895 off_e=-0.0023 nose_z=+0.3363
2026-09-01 08:17:25,657 [INFO] core.mission.gorev3_pickup: [KANCA_IZ] t=24.43 alt=0.323 off_n=-0.0881 off_e=-0.0039 nose_z=+0.3367
2026-09-01 08:17:25,768 [INFO] core.mission.gorev3_pickup: [KANCA_IZ] t=24.54 alt=0.323 off_n=-0.0876 off_e=-0.0052 nose_z=+0.3372
2026-09-01 08:17:25,880 [INFO] core.mission.gorev3_pickup: [KANCA_IZ] t=24.65 alt=0.323 off_n=-0.0887 off_e=-0.0053 nose_z=+0.3377
2026-09-01 08:17:25,885 [INFO] core.mission.gorev3_pickup: [SON_DUZELTME] 2/6 yanal 26.8 mm -> (kuzey +0.007, dogu -0.011)  | kanca_ofset=(-0.0889, -0.0052) arac_ned=(58.2118, 7.4777) kanca_mutlak=(58.1229, 7.4725)
2026-09-01 08:17:25,990 [INFO] core.mission.gorev3_pickup: [KANCA_IZ] t=24.76 alt=0.323 off_n=-0.0903 off_e=-0.0042 nose_z=+0.3382
2026-09-01 08:17:26,100 [INFO] core.mission.gorev3_pickup: [KANCA_IZ] t=24.87 alt=0.324 off_n=-0.0913 off_e=-0.0028 nose_z=+0.3386
2026-09-01 08:17:26,213 [INFO] core.mission.gorev3_pickup: [KANCA_IZ] t=24.99 alt=0.324 off_n=-0.0916 off_e=-0.0018 nose_z=+0.3391
2026-09-01 08:17:26,321 [INFO] core.mission.gorev3_pickup: [KANCA_IZ] t=25.09 alt=0.324 off_n=-0.0909 off_e=-0.0020 nose_z=+0.3396
2026-09-01 08:17:26,430 [INFO] core.mission.gorev3_pickup: [KANCA_IZ] t=25.20 alt=0.324 off_n=-0.0897 off_e=-0.0030 nose_z=+0.3402
2026-09-01 08:17:26,540 [INFO] core.mission.gorev3_pickup: [KANCA_IZ] t=25.31 alt=0.325 off_n=-0.0890 off_e=-0.0039 nose_z=+0.3406
2026-09-01 08:17:26,651 [INFO] core.mission.gorev3_pickup: [KANCA_IZ] t=25.42 alt=0.325 off_n=-0.0887 off_e=-0.0045 nose_z=+0.3412
2026-09-01 08:17:26,761 [INFO] core.mission.gorev3_pickup: [KANCA_IZ] t=25.53 alt=0.325 off_n=-0.0893 off_e=-0.0043 nose_z=+0.3418
2026-09-01 08:17:26,872 [INFO] core.mission.gorev3_pickup: [KANCA_IZ] t=25.64 alt=0.325 off_n=-0.0900 off_e=-0.0036 nose_z=+0.3423
2026-09-01 08:17:26,982 [INFO] core.mission.gorev3_pickup: [KANCA_IZ] t=25.75 alt=0.325 off_n=-0.0906 off_e=-0.0029 nose_z=+0.3429
QGC port check failed, reporting UNKNOWN: (pid=22265)
2026-09-01 08:17:27,091 [INFO] core.mission.gorev3_pickup: [KANCA_IZ] t=25.86 alt=0.325 off_n=-0.0907 off_e=-0.0026 nose_z=+0.3437
2026-09-01 08:17:27,200 [INFO] core.mission.gorev3_pickup: [KANCA_IZ] t=25.97 alt=0.325 off_n=-0.0904 off_e=-0.0027 nose_z=+0.3443
2026-09-01 08:17:27,310 [INFO] core.mission.gorev3_pickup: [KANCA_IZ] t=26.08 alt=0.325 off_n=-0.0897 off_e=-0.0031 nose_z=+0.3452
2026-09-01 08:17:27,419 [INFO] core.mission.gorev3_pickup: [KANCA_IZ] t=26.19 alt=0.326 off_n=-0.0893 off_e=-0.0036 nose_z=+0.3459
2026-09-01 08:17:27,528 [INFO] core.mission.gorev3_pickup: [KANCA_IZ] t=26.30 alt=0.326 off_n=-0.0893 off_e=-0.0038 nose_z=+0.3468
2026-09-01 08:17:27,638 [INFO] core.mission.gorev3_pickup: [KANCA_IZ] t=26.41 alt=0.327 off_n=-0.0895 off_e=-0.0037 nose_z=+0.3474
2026-09-01 08:17:27,748 [INFO] core.mission.gorev3_pickup: [KANCA_IZ] t=26.52 alt=0.329 off_n=-0.0900 off_e=-0.0034 nose_z=+0.3481
2026-09-01 08:17:27,858 [INFO] core.mission.gorev3_pickup: [KANCA_IZ] t=26.63 alt=0.331 off_n=-0.0903 off_e=-0.0032 nose_z=+0.3485
2026-09-01 08:17:27,967 [INFO] core.detection.vision_runtime: [VISION] detect() calisiyor -- bu karede 0 tespit: []
2026-09-01 08:17:27,967 [INFO] core.mission.gorev3_pickup: [KANCA_IZ] t=26.74 alt=0.333 off_n=-0.0903 off_e=-0.0030 nose_z=+0.3487
2026-09-01 08:17:28,076 [INFO] core.mission.gorev3_pickup: [KANCA_IZ] t=26.85 alt=0.336 off_n=-0.0900 off_e=-0.0031 nose_z=+0.3485
2026-09-01 08:17:28,186 [INFO] core.mission.gorev3_pickup: [KANCA_IZ] t=26.96 alt=0.338 off_n=-0.0897 off_e=-0.0033 nose_z=+0.3480
2026-09-01 08:17:28,295 [INFO] core.mission.gorev3_pickup: [KANCA_IZ] t=27.07 alt=0.340 off_n=-0.0896 off_e=-0.0036 nose_z=+0.3470
2026-09-01 08:17:28,403 [INFO] core.mission.gorev3_pickup: [KANCA_IZ] t=27.18 alt=0.340 off_n=-0.0896 off_e=-0.0036 nose_z=+0.3459
2026-09-01 08:17:28,404 [INFO] core.mission.gorev3_pickup: [SON_DUZELTME] 3/6 yanal 19.3 mm -> (kuzey +0.004, dogu -0.009)  | kanca_ofset=(-0.0896, -0.0036) arac_ned=(58.2190, 7.4709) kanca_mutlak=(58.1293, 7.4673)
2026-09-01 08:17:28,443 [INFO] gz_system.main_gz: Dashboard paint loop: 0.0 FPS (main thread)
2026-09-01 08:17:28,512 [INFO] core.mission.gorev3_pickup: [KANCA_IZ] t=27.28 alt=0.339 off_n=-0.0898 off_e=-0.0036 nose_z=+0.3448
2026-09-01 08:17:28,621 [INFO] core.mission.gorev3_pickup: [KANCA_IZ] t=27.39 alt=0.338 off_n=-0.0899 off_e=-0.0035 nose_z=+0.3436
2026-09-01 08:17:28,730 [INFO] core.mission.gorev3_pickup: [KANCA_IZ] t=27.50 alt=0.337 off_n=-0.0900 off_e=-0.0034 nose_z=+0.3425
2026-09-01 08:17:28,840 [INFO] core.mission.gorev3_pickup: [KANCA_IZ] t=27.61 alt=0.336 off_n=-0.0900 off_e=-0.0033 nose_z=+0.3417
2026-09-01 08:17:28,949 [INFO] core.mission.gorev3_pickup: [KANCA_IZ] t=27.72 alt=0.336 off_n=-0.0899 off_e=-0.0033 nose_z=+0.3409
QGC port check failed, reporting UNKNOWN: (pid=22265)
2026-09-01 08:17:29,058 [INFO] core.mission.gorev3_pickup: [KANCA_IZ] t=27.83 alt=0.335 off_n=-0.0899 off_e=-0.0033 nose_z=+0.3403
2026-09-01 08:17:29,168 [INFO] core.mission.gorev3_pickup: [KANCA_IZ] t=27.94 alt=0.335 off_n=-0.0900 off_e=-0.0034 nose_z=+0.3398
2026-09-01 08:17:29,279 [INFO] core.mission.gorev3_pickup: [KANCA_IZ] t=28.05 alt=0.334 off_n=-0.0900 off_e=-0.0035 nose_z=+0.3394
2026-09-01 08:17:29,389 [INFO] core.mission.gorev3_pickup: [KANCA_IZ] t=28.16 alt=0.334 off_n=-0.0901 off_e=-0.0035 nose_z=+0.3390
2026-09-01 08:17:29,497 [INFO] core.mission.gorev3_pickup: [KANCA_IZ] t=28.27 alt=0.334 off_n=-0.0900 off_e=-0.0035 nose_z=+0.3387
2026-09-01 08:17:29,607 [INFO] core.mission.gorev3_pickup: [KANCA_IZ] t=28.38 alt=0.332 off_n=-0.0900 off_e=-0.0034 nose_z=+0.3384
2026-09-01 08:17:29,716 [INFO] core.mission.gorev3_pickup: [KANCA_IZ] t=28.49 alt=0.331 off_n=-0.0898 off_e=-0.0034 nose_z=+0.3383
2026-09-01 08:17:29,824 [INFO] core.mission.gorev3_pickup: [KANCA_IZ] t=28.60 alt=0.330 off_n=-0.0898 off_e=-0.0034 nose_z=+0.3384
2026-09-01 08:17:29,935 [INFO] core.mission.gorev3_pickup: [KANCA_IZ] t=28.71 alt=0.329 off_n=-0.0899 off_e=-0.0034 nose_z=+0.3387
2026-09-01 08:17:30,044 [INFO] core.mission.gorev3_pickup: [KANCA_IZ] t=28.82 alt=0.328 off_n=-0.0901 off_e=-0.0034 nose_z=+0.3392
2026-09-01 08:17:30,153 [INFO] core.mission.gorev3_pickup: [KANCA_IZ] t=28.93 alt=0.328 off_n=-0.0902 off_e=-0.0034 nose_z=+0.3396
2026-09-01 08:17:30,263 [INFO] core.mission.gorev3_pickup: [KANCA_IZ] t=29.04 alt=0.328 off_n=-0.0902 off_e=-0.0034 nose_z=+0.3403
2026-09-01 08:17:30,373 [INFO] core.mission.gorev3_pickup: [KANCA_IZ] t=29.15 alt=0.327 off_n=-0.0901 off_e=-0.0034 nose_z=+0.3410
2026-09-01 08:17:30,482 [INFO] core.mission.gorev3_pickup: [KANCA_IZ] t=29.25 alt=0.327 off_n=-0.0899 off_e=-0.0034 nose_z=+0.3418
2026-09-01 08:17:30,592 [INFO] core.mission.gorev3_pickup: [KANCA_IZ] t=29.36 alt=0.326 off_n=-0.0897 off_e=-0.0034 nose_z=+0.3428
2026-09-01 08:17:30,702 [INFO] core.mission.gorev3_pickup: [KANCA_IZ] t=29.47 alt=0.325 off_n=-0.0898 off_e=-0.0034 nose_z=+0.3439
2026-09-01 08:17:30,812 [INFO] core.mission.gorev3_pickup: [KANCA_IZ] t=29.58 alt=0.324 off_n=-0.0899 off_e=-0.0034 nose_z=+0.3450
2026-09-01 08:17:30,920 [INFO] core.mission.gorev3_pickup: [KANCA_IZ] t=29.69 alt=0.325 off_n=-0.0901 off_e=-0.0034 nose_z=+0.3465
2026-09-01 08:17:30,921 [INFO] core.mission.gorev3_pickup: [SON_DUZELTME] 4/6 yanal 21.7 mm -> (kuzey -0.004, dogu -0.010)  | kanca_ofset=(-0.0901, -0.0034) arac_ned=(58.2355, 7.4732) kanca_mutlak=(58.1455, 7.4698)
2026-09-01 08:17:31,031 [INFO] core.detection.vision_runtime: [VISION] detect() calisiyor -- bu karede 0 tespit: []
2026-09-01 08:17:31,032 [INFO] core.mission.gorev3_pickup: [KANCA_IZ] t=29.80 alt=0.326 off_n=-0.0901 off_e=-0.0035 nose_z=+0.3477
QGC port check failed, reporting UNKNOWN: (pid=22265)
2026-09-01 08:17:31,141 [INFO] core.mission.gorev3_pickup: [KANCA_IZ] t=29.91 alt=0.327 off_n=-0.0900 off_e=-0.0035 nose_z=+0.3491
2026-09-01 08:17:31,250 [INFO] core.mission.gorev3_pickup: [KANCA_IZ] t=30.02 alt=0.329 off_n=-0.0900 off_e=-0.0036 nose_z=+0.3501
2026-09-01 08:17:31,360 [INFO] core.mission.gorev3_pickup: [KANCA_IZ] t=30.13 alt=0.331 off_n=-0.0900 off_e=-0.0036 nose_z=+0.3510
2026-09-01 08:17:31,470 [INFO] core.mission.gorev3_pickup: [KANCA_IZ] t=30.24 alt=0.332 off_n=-0.0901 off_e=-0.0035 nose_z=+0.3516
2026-09-01 08:17:31,580 [INFO] core.mission.gorev3_pickup: [KANCA_IZ] t=30.35 alt=0.334 off_n=-0.0901 off_e=-0.0035 nose_z=+0.3520
2026-09-01 08:17:31,690 [INFO] core.mission.gorev3_pickup: [KANCA_IZ] t=30.46 alt=0.336 off_n=-0.0901 off_e=-0.0035 nose_z=+0.3521
2026-09-01 08:17:31,798 [INFO] core.mission.gorev3_pickup: [KANCA_IZ] t=30.57 alt=0.340 off_n=-0.0900 off_e=-0.0034 nose_z=+0.3519
2026-09-01 08:17:31,908 [INFO] core.mission.gorev3_pickup: [KANCA_IZ] t=30.68 alt=0.340 off_n=-0.0899 off_e=-0.0033 nose_z=+0.3515
2026-09-01 08:17:32,018 [INFO] core.mission.gorev3_pickup: [KANCA_IZ] t=30.79 alt=0.341 off_n=-0.0898 off_e=-0.0033 nose_z=+0.3509
2026-09-01 08:17:32,127 [INFO] core.mission.gorev3_pickup: [KANCA_IZ] t=30.90 alt=0.340 off_n=-0.0898 off_e=-0.0033 nose_z=+0.3503
2026-09-01 08:17:32,237 [INFO] core.mission.gorev3_pickup: [KANCA_IZ] t=31.01 alt=0.339 off_n=-0.0901 off_e=-0.0034 nose_z=+0.3497
2026-09-01 08:17:32,347 [INFO] core.mission.gorev3_pickup: [KANCA_IZ] t=31.12 alt=0.338 off_n=-0.0902 off_e=-0.0035 nose_z=+0.3492
2026-09-01 08:17:32,457 [INFO] core.mission.gorev3_pickup: [KANCA_IZ] t=31.23 alt=0.337 off_n=-0.0903 off_e=-0.0036 nose_z=+0.3487
2026-09-01 08:17:32,567 [INFO] core.mission.gorev3_pickup: [KANCA_IZ] t=31.34 alt=0.335 off_n=-0.0903 off_e=-0.0036 nose_z=+0.3486
2026-09-01 08:17:32,678 [INFO] core.mission.gorev3_pickup: [KANCA_IZ] t=31.45 alt=0.334 off_n=-0.0901 off_e=-0.0035 nose_z=+0.3487
2026-09-01 08:17:32,789 [INFO] core.mission.gorev3_pickup: [KANCA_IZ] t=31.56 alt=0.332 off_n=-0.0899 off_e=-0.0035 nose_z=+0.3490
2026-09-01 08:17:32,898 [INFO] core.mission.gorev3_pickup: [KANCA_IZ] t=31.67 alt=0.331 off_n=-0.0898 off_e=-0.0035 nose_z=+0.3496
2026-09-01 08:17:33,008 [INFO] core.mission.gorev3_pickup: [KANCA_IZ] t=31.78 alt=0.330 off_n=-0.0897 off_e=-0.0034 nose_z=+0.3502
QGC port check failed, reporting UNKNOWN: (pid=22265)
2026-09-01 08:17:33,119 [INFO] core.mission.gorev3_pickup: [KANCA_IZ] t=31.89 alt=0.329 off_n=-0.0898 off_e=-0.0034 nose_z=+0.3511
2026-09-01 08:17:33,230 [INFO] core.mission.gorev3_pickup: [KANCA_IZ] t=32.00 alt=0.328 off_n=-0.0899 off_e=-0.0035 nose_z=+0.3522
2026-09-01 08:17:33,340 [INFO] core.mission.gorev3_pickup: [KANCA_IZ] t=32.11 alt=0.328 off_n=-0.0900 off_e=-0.0036 nose_z=+0.3532
2026-09-01 08:17:33,453 [INFO] core.mission.gorev3_pickup: [KANCA_IZ] t=32.23 alt=0.329 off_n=-0.0900 off_e=-0.0036 nose_z=+0.3544
2026-09-01 08:17:33,453 [INFO] core.mission.gorev3_pickup: [SON_DUZELTME] 5/6 yanal 33.6 mm -> (kuzey +0.012, dogu -0.011)  | kanca_ofset=(-0.0900, -0.0036) arac_ned=(58.2023, 7.4758) kanca_mutlak=(58.1123, 7.4722)
2026-09-01 08:17:33,478 [INFO] gz_system.main_gz: Dashboard paint loop: 0.0 FPS (main thread)
2026-09-01 08:17:33,565 [INFO] core.mission.gorev3_pickup: [KANCA_IZ] t=32.34 alt=0.329 off_n=-0.0901 off_e=-0.0035 nose_z=+0.3555
2026-09-01 08:17:33,676 [INFO] core.mission.gorev3_pickup: [KANCA_IZ] t=32.45 alt=0.330 off_n=-0.0901 off_e=-0.0034 nose_z=+0.3564
2026-09-01 08:17:33,786 [INFO] core.mission.gorev3_pickup: [KANCA_IZ] t=32.56 alt=0.332 off_n=-0.0900 off_e=-0.0033 nose_z=+0.3572
2026-09-01 08:17:33,896 [INFO] core.mission.gorev3_pickup: [KANCA_IZ] t=32.67 alt=0.334 off_n=-0.0898 off_e=-0.0034 nose_z=+0.3576
2026-09-01 08:17:34,008 [INFO] core.mission.gorev3_pickup: [KANCA_IZ] t=32.78 alt=0.337 off_n=-0.0896 off_e=-0.0036 nose_z=+0.3577
2026-09-01 08:17:34,120 [INFO] core.detection.vision_runtime: [VISION] detect() calisiyor -- bu karede 1 tespit: ['KIRMIZI_DIKDORTGEN']
2026-09-01 08:17:34,120 [INFO] core.mission.gorev3_pickup: [KANCA_IZ] t=32.89 alt=0.338 off_n=-0.0896 off_e=-0.0036 nose_z=+0.3576
2026-09-01 08:17:34,230 [INFO] core.mission.gorev3_pickup: [KANCA_IZ] t=33.00 alt=0.339 off_n=-0.0896 off_e=-0.0036 nose_z=+0.3573
2026-09-01 08:17:34,341 [INFO] core.mission.gorev3_pickup: [KANCA_IZ] t=33.11 alt=0.340 off_n=-0.0898 off_e=-0.0035 nose_z=+0.3569
2026-09-01 08:17:34,451 [INFO] core.mission.gorev3_pickup: [KANCA_IZ] t=33.22 alt=0.341 off_n=-0.0899 off_e=-0.0034 nose_z=+0.3563
2026-09-01 08:17:34,563 [INFO] core.mission.gorev3_pickup: [KANCA_IZ] t=33.34 alt=0.340 off_n=-0.0900 off_e=-0.0034 nose_z=+0.3556
2026-09-01 08:17:34,674 [INFO] core.mission.gorev3_pickup: [KANCA_IZ] t=33.45 alt=0.340 off_n=-0.0900 off_e=-0.0034 nose_z=+0.3549
2026-09-01 08:17:34,786 [INFO] core.mission.gorev3_pickup: [KANCA_IZ] t=33.56 alt=0.339 off_n=-0.0900 off_e=-0.0035 nose_z=+0.3541
2026-09-01 08:17:34,897 [INFO] core.mission.gorev3_pickup: [KANCA_IZ] t=33.67 alt=0.338 off_n=-0.0900 off_e=-0.0036 nose_z=+0.3534
2026-09-01 08:17:35,008 [INFO] core.mission.gorev3_pickup: [KANCA_IZ] t=33.78 alt=0.336 off_n=-0.0899 off_e=-0.0035 nose_z=+0.3529
QGC port check failed, reporting UNKNOWN: (pid=22265)
2026-09-01 08:17:35,120 [INFO] core.mission.gorev3_pickup: [KANCA_IZ] t=33.89 alt=0.335 off_n=-0.0899 off_e=-0.0035 nose_z=+0.3524
2026-09-01 08:17:35,231 [INFO] core.mission.gorev3_pickup: [KANCA_IZ] t=34.00 alt=0.334 off_n=-0.0898 off_e=-0.0033 nose_z=+0.3521
2026-09-01 08:17:35,341 [INFO] core.mission.gorev3_pickup: [KANCA_IZ] t=34.11 alt=0.333 off_n=-0.0898 off_e=-0.0033 nose_z=+0.3520
2026-09-01 08:17:35,455 [INFO] core.mission.gorev3_pickup: [KANCA_IZ] t=34.23 alt=0.331 off_n=-0.0898 off_e=-0.0032 nose_z=+0.3520
2026-09-01 08:17:35,565 [INFO] core.mission.gorev3_pickup: [KANCA_IZ] t=34.34 alt=0.329 off_n=-0.0899 off_e=-0.0032 nose_z=+0.3524
2026-09-01 08:17:35,675 [INFO] core.mission.gorev3_pickup: [KANCA_IZ] t=34.45 alt=0.327 off_n=-0.0901 off_e=-0.0034 nose_z=+0.3530
2026-09-01 08:17:35,788 [INFO] core.mission.gorev3_pickup: [KANCA_IZ] t=34.56 alt=0.325 off_n=-0.0901 off_e=-0.0035 nose_z=+0.3540
2026-09-01 08:17:35,899 [INFO] core.mission.gorev3_pickup: [KANCA_IZ] t=34.67 alt=0.323 off_n=-0.0901 off_e=-0.0036 nose_z=+0.3554
2026-09-01 08:17:36,009 [INFO] core.mission.gorev3_pickup: [KANCA_IZ] t=34.78 alt=0.322 off_n=-0.0899 off_e=-0.0035 nose_z=+0.3572
2026-09-01 08:17:36,010 [INFO] core.mission.gorev3_pickup: [SON_DUZELTME] 6/6 yanal 18.2 mm -> (kuzey +0.002, dogu +0.009)  | kanca_ofset=(-0.0899, -0.0035) arac_ned=(58.2228, 7.4355) kanca_mutlak=(58.1329, 7.4320)
2026-09-01 08:17:36,120 [INFO] core.mission.gorev3_pickup: [KANCA_IZ] t=34.89 alt=0.322 off_n=-0.0897 off_e=-0.0035 nose_z=+0.3594
2026-09-01 08:17:36,231 [INFO] core.mission.gorev3_pickup: [KANCA_IZ] t=35.00 alt=0.322 off_n=-0.0896 off_e=-0.0037 nose_z=+0.3617
2026-09-01 08:17:36,345 [INFO] core.mission.gorev3_pickup: [KANCA_IZ] t=35.12 alt=0.321 off_n=-0.0898 off_e=-0.0036 nose_z=+0.3638
2026-09-01 08:17:36,456 [INFO] core.mission.gorev3_pickup: [KANCA_IZ] t=35.23 alt=0.321 off_n=-0.0900 off_e=-0.0033 nose_z=+0.3663
2026-09-01 08:17:36,566 [INFO] core.mission.gorev3_pickup: [KANCA_IZ] t=35.34 alt=0.321 off_n=-0.0901 off_e=-0.0031 nose_z=+0.3690
2026-09-01 08:17:36,678 [INFO] core.mission.gorev3_pickup: [KANCA_IZ] t=35.45 alt=0.321 off_n=-0.0901 off_e=-0.0031 nose_z=+0.3717
2026-09-01 08:17:36,789 [INFO] core.mission.gorev3_pickup: [KANCA_IZ] t=35.56 alt=0.323 off_n=-0.0900 off_e=-0.0033 nose_z=+0.3740
2026-09-01 08:17:36,901 [INFO] core.mission.gorev3_pickup: [KANCA_IZ] t=35.67 alt=0.326 off_n=-0.0898 off_e=-0.0036 nose_z=+0.3765
2026-09-01 08:17:37,012 [INFO] core.mission.gorev3_pickup: [KANCA_IZ] t=35.78 alt=0.331 off_n=-0.0897 off_e=-0.0037 nose_z=+0.3783
QGC port check failed, reporting UNKNOWN: (pid=22265)
2026-09-01 08:17:37,122 [INFO] core.detection.vision_runtime: [VISION] detect() calisiyor -- bu karede 1 tespit: ['KIRMIZI_DIKDORTGEN']
2026-09-01 08:17:37,122 [INFO] core.mission.gorev3_pickup: [KANCA_IZ] t=35.89 alt=0.333 off_n=-0.0897 off_e=-0.0038 nose_z=+0.3800
2026-09-01 08:17:37,233 [INFO] core.mission.gorev3_pickup: [KANCA_IZ] t=36.01 alt=0.334 off_n=-0.0899 off_e=-0.0036 nose_z=+0.3812
2026-09-01 08:17:37,344 [INFO] core.mission.gorev3_pickup: [KANCA_IZ] t=36.12 alt=0.335 off_n=-0.0900 off_e=-0.0035 nose_z=+0.3819
2026-09-01 08:17:37,455 [INFO] core.mission.gorev3_pickup: [KANCA_IZ] t=36.23 alt=0.335 off_n=-0.0901 off_e=-0.0033 nose_z=+0.3826
2026-09-01 08:17:37,567 [INFO] core.mission.gorev3_pickup: [KANCA_IZ] t=36.34 alt=0.334 off_n=-0.0899 off_e=-0.0032 nose_z=+0.3833
2026-09-01 08:17:37,677 [INFO] core.mission.gorev3_pickup: [KANCA_IZ] t=36.45 alt=0.334 off_n=-0.0898 off_e=-0.0033 nose_z=+0.3838
2026-09-01 08:17:37,789 [INFO] core.mission.gorev3_pickup: [KANCA_IZ] t=36.56 alt=0.335 off_n=-0.0897 off_e=-0.0035 nose_z=+0.3843
2026-09-01 08:17:37,901 [INFO] core.mission.gorev3_pickup: [KANCA_IZ] t=36.67 alt=0.334 off_n=-0.0898 off_e=-0.0037 nose_z=+0.3849
2026-09-01 08:17:38,013 [INFO] core.mission.gorev3_pickup: [KANCA_IZ] t=36.79 alt=0.334 off_n=-0.0898 off_e=-0.0037 nose_z=+0.3854
2026-09-01 08:17:38,123 [INFO] core.mission.gorev3_pickup: [KANCA_IZ] t=36.90 alt=0.333 off_n=-0.0899 off_e=-0.0036 nose_z=+0.3861
2026-09-01 08:17:38,234 [INFO] core.mission.gorev3_pickup: [KANCA_IZ] t=37.01 alt=0.334 off_n=-0.0900 off_e=-0.0035 nose_z=+0.3867
2026-09-01 08:17:38,344 [INFO] core.mission.gorev3_pickup: [KANCA_IZ] t=37.12 alt=0.334 off_n=-0.0900 off_e=-0.0035 nose_z=+0.3873
2026-09-01 08:17:38,456 [INFO] core.mission.gorev3_pickup: [KANCA_IZ] t=37.23 alt=0.335 off_n=-0.0899 off_e=-0.0034 nose_z=+0.3880
2026-09-01 08:17:38,513 [INFO] gz_system.main_gz: Dashboard paint loop: 0.0 FPS (main thread)
2026-09-01 08:17:38,567 [INFO] core.mission.gorev3_pickup: [KANCA_IZ] t=37.34 alt=0.335 off_n=-0.0899 off_e=-0.0034 nose_z=+0.3886
2026-09-01 08:17:38,567 [WARNING] core.mission.gorev3_pickup: [SON_DUZELTME] butce doldu; son yanal 18.2 mm
2026-09-01 08:17:38,567 [INFO] core.mission.gorev3_pickup: [YENIDEN_HIZA] deneme 2 icin yeni yanal: 18.2 mm
2026-09-01 08:17:38,567 [INFO] gz_system.gz_payload_actuator: [HOOK] alma denemesi 2/3
2026-09-01 08:17:38,568 [INFO] gz_system.gz_payload_actuator: [HOOK] vinc salimi: 0.373 m  (irtifa=0.343 m, guverte=0.070, zincir ofseti=0.060, pay=0.040)
2026-09-01 08:17:38,568 [INFO] gz_system.gz_payload_actuator: [HOOK] vinc -> 0.37 m
I0901 08:17:38.568397 13245531 fork_posix.cc:71] Other threads are currently calling into gRPC, skipping fork() handlers
2026-09-01 08:17:38,680 [INFO] core.mission.gorev3_pickup: [KANCA_IZ] t=37.45 alt=0.336 off_n=-0.0899 off_e=-0.0035 nose_z=+0.3891
2026-09-01 08:17:38,793 [INFO] core.mission.gorev3_pickup: [KANCA_IZ] t=37.56 alt=0.336 off_n=-0.0900 off_e=-0.0034 nose_z=+0.3895
2026-09-01 08:17:38,904 [INFO] core.mission.gorev3_pickup: [KANCA_IZ] t=37.68 alt=0.338 off_n=-0.0901 off_e=-0.0035 nose_z=+0.3897
2026-09-01 08:17:39,015 [INFO] core.mission.gorev3_pickup: [KANCA_IZ] t=37.79 alt=0.338 off_n=-0.0900 off_e=-0.0037 nose_z=+0.3899
QGC port check failed, reporting UNKNOWN: (pid=22265)
2026-09-01 08:17:39,127 [INFO] core.mission.gorev3_pickup: [KANCA_IZ] t=37.90 alt=0.337 off_n=-0.0900 off_e=-0.0038 nose_z=+0.3899
2026-09-01 08:17:39,238 [INFO] core.mission.gorev3_pickup: [KANCA_IZ] t=38.01 alt=0.336 off_n=-0.0900 off_e=-0.0037 nose_z=+0.3900
2026-09-01 08:17:39,348 [INFO] core.mission.gorev3_pickup: [KANCA_IZ] t=38.12 alt=0.336 off_n=-0.0899 off_e=-0.0034 nose_z=+0.3901
2026-09-01 08:17:39,461 [INFO] core.mission.gorev3_pickup: [KANCA_IZ] t=38.23 alt=0.336 off_n=-0.0899 off_e=-0.0033 nose_z=+0.3902
2026-09-01 08:17:39,516 [INFO] gz_system.gz_payload_actuator: [HOOK] APPROACHING  lat=  11.4mm ins= -314.4mm tilt=  0.2deg v=  infm/s age=0.00s  [lateral(11.4mm>10.2mm), too_high(-314.4mm<-4.0mm), rel_speed(inf>0.05m/s)]
2026-09-01 08:17:39,574 [INFO] core.mission.gorev3_pickup: [KANCA_IZ] t=38.35 alt=0.336 off_n=-0.0896 off_e=-0.0033 nose_z=+0.3728
2026-09-01 08:17:39,685 [INFO] core.mission.gorev3_pickup: [KANCA_IZ] t=38.46 alt=0.336 off_n=-0.0899 off_e=-0.0036 nose_z=+0.3176
2026-09-01 08:17:39,797 [INFO] core.mission.gorev3_pickup: [KANCA_IZ] t=38.57 alt=0.336 off_n=-0.0906 off_e=-0.0039 nose_z=+0.2601
2026-09-01 08:17:39,909 [INFO] core.mission.gorev3_pickup: [KANCA_IZ] t=38.68 alt=0.336 off_n=-0.0910 off_e=-0.0041 nose_z=+0.2044
2026-09-01 08:17:40,021 [INFO] core.mission.gorev3_pickup: [KANCA_IZ] t=38.79 alt=0.335 off_n=-0.0910 off_e=-0.0041 nose_z=+0.1487
2026-09-01 08:17:40,133 [INFO] core.detection.vision_runtime: [VISION] detect() calisiyor -- bu karede 1 tespit: ['KIRMIZI_DIKDORTGEN']
2026-09-01 08:17:40,133 [INFO] core.mission.gorev3_pickup: [KANCA_IZ] t=38.91 alt=0.334 off_n=-0.0907 off_e=-0.0041 nose_z=+0.0993
2026-09-01 08:17:40,244 [INFO] core.mission.gorev3_pickup: [KANCA_IZ] t=39.02 alt=0.332 off_n=-0.0899 off_e=-0.0042 nose_z=+0.0628
2026-09-01 08:17:40,353 [INFO] core.mission.gorev3_pickup: [KANCA_IZ] t=39.13 alt=0.331 off_n=-0.0866 off_e=-0.0068 nose_z=+0.0617
2026-09-01 08:17:40,466 [INFO] core.mission.gorev3_pickup: [KANCA_IZ] t=39.24 alt=0.334 off_n=-0.0864 off_e=-0.0090 nose_z=+0.0617
2026-09-01 08:17:40,517 [INFO] gz_system.gz_payload_actuator: [HOOK] CAPTURE_CANDIDATE  lat=   5.3mm ins=  +14.4mm tilt= 10.6deg v=0.048m/s age=0.00s  [ok]
2026-09-01 08:17:40,575 [INFO] core.mission.gorev3_pickup: [KANCA_IZ] t=39.35 alt=0.337 off_n=-0.0869 off_e=-0.0109 nose_z=+0.0616
2026-09-01 08:17:40,684 [INFO] core.mission.gorev3_pickup: [KANCA_IZ] t=39.46 alt=0.340 off_n=-0.0881 off_e=-0.0123 nose_z=+0.0621
2026-09-01 08:17:40,796 [INFO] core.mission.gorev3_pickup: [KANCA_IZ] t=39.57 alt=0.341 off_n=-0.0889 off_e=-0.0131 nose_z=+0.0625
2026-09-01 08:17:40,796 [INFO] gz_system.gz_payload_actuator: [HOOK] OTURDU (SEATED): lat=   4.5mm ins=  +13.5mm tilt=  3.5deg v=0.019m/s age=0.03s -- dwell 0.33 s
2026-09-01 08:17:40,796 [INFO] gz_system.gz_payload_actuator: [HOOK] SEATED -> LOCKING: servo kilitleniyor
I0901 08:17:40.796919 13245531 fork_posix.cc:71] Other threads are currently calling into gRPC, skipping fork() handlers
2026-09-01 08:17:40,907 [INFO] core.mission.gorev3_pickup: [KANCA_IZ] t=39.68 alt=0.342 off_n=-0.0900 off_e=-0.0119 nose_z=+0.0623
2026-09-01 08:17:41,017 [INFO] core.mission.gorev3_pickup: [KANCA_IZ] t=39.79 alt=0.342 off_n=-0.0893 off_e=-0.0147 nose_z=+0.0622
QGC port check failed, reporting UNKNOWN: (pid=22265)
2026-09-01 08:17:41,127 [INFO] core.mission.gorev3_pickup: [KANCA_IZ] t=39.90 alt=0.342 off_n=-0.0883 off_e=-0.0181 nose_z=+0.0622
2026-09-01 08:17:41,236 [INFO] core.mission.gorev3_pickup: [KANCA_IZ] t=40.01 alt=0.341 off_n=-0.0875 off_e=-0.0211 nose_z=+0.0624
2026-09-01 08:17:41,347 [INFO] core.mission.gorev3_pickup: [KANCA_IZ] t=40.12 alt=0.341 off_n=-0.0866 off_e=-0.0250 nose_z=+0.0627
2026-09-01 08:17:41,457 [INFO] core.mission.gorev3_pickup: [KANCA_IZ] t=40.23 alt=0.341 off_n=-0.0858 off_e=-0.0287 nose_z=+0.0629
2026-09-01 08:17:41,567 [INFO] core.mission.gorev3_pickup: [KANCA_IZ] t=40.34 alt=0.341 off_n=-0.0851 off_e=-0.0317 nose_z=+0.0631
I0901 08:17:41.635387 13245531 fork_posix.cc:71] Other threads are currently calling into gRPC, skipping fork() handlers
2026-09-01 08:17:41,680 [INFO] core.mission.gorev3_pickup: [KANCA_IZ] t=40.45 alt=0.341 off_n=-0.0842 off_e=-0.0350 nose_z=+0.0632
2026-09-01 08:17:41,791 [INFO] core.mission.gorev3_pickup: [KANCA_IZ] t=40.56 alt=0.342 off_n=-0.0832 off_e=-0.0378 nose_z=+0.0634
2026-09-01 08:17:41,900 [INFO] core.mission.gorev3_pickup: [KANCA_IZ] t=40.67 alt=0.343 off_n=-0.0822 off_e=-0.0403 nose_z=+0.0635
2026-09-01 08:17:42,009 [INFO] core.mission.gorev3_pickup: [KANCA_IZ] t=40.78 alt=0.343 off_n=-0.0813 off_e=-0.0421 nose_z=+0.0637
2026-09-01 08:17:42,120 [INFO] core.mission.gorev3_pickup: [KANCA_IZ] t=40.89 alt=0.342 off_n=-0.0802 off_e=-0.0438 nose_z=+0.0637
2026-09-01 08:17:42,231 [INFO] core.mission.gorev3_pickup: [KANCA_IZ] t=41.00 alt=0.341 off_n=-0.0793 off_e=-0.0450 nose_z=+0.0637
2026-09-01 08:17:42,341 [INFO] core.mission.gorev3_pickup: [KANCA_IZ] t=41.11 alt=0.341 off_n=-0.0782 off_e=-0.0461 nose_z=+0.0637
2026-09-01 08:17:42,453 [INFO] core.mission.gorev3_pickup: [KANCA_IZ] t=41.22 alt=0.340 off_n=-0.0770 off_e=-0.0468 nose_z=+0.0637
2026-09-01 08:17:42,562 [INFO] core.mission.gorev3_pickup: [KANCA_IZ] t=41.33 alt=0.341 off_n=-0.0759 off_e=-0.0473 nose_z=+0.0638
2026-09-01 08:17:42,597 [INFO] gz_system.gz_payload_actuator: [HOOK] LOCKED (payload_red) -- vinc acik, yuk ipte; oturma: lat=   1.9mm ins=  +12.2mm tilt= 13.0deg v=0.008m/s age=0.01s
2026-09-01 08:17:42,672 [INFO] core.mission.gorev3_pickup: [KANCA_IZ] t=41.44 alt=0.341 off_n=-0.0750 off_e=-0.0475 nose_z=+0.0638
2026-09-01 08:17:42,781 [INFO] core.mission.gorev3_pickup: [KANCA_IZ] t=41.55 alt=0.342 off_n=-0.0743 off_e=-0.0474 nose_z=+0.0638
2026-09-01 08:17:42,891 [INFO] core.mission.gorev3_pickup: [KANCA_IZ] t=41.66 alt=0.342 off_n=-0.0739 off_e=-0.0471 nose_z=+0.0638
2026-09-01 08:17:43,000 [INFO] core.mission.gorev3_pickup: [KANCA_IZ] t=41.77 alt=0.343 off_n=-0.0737 off_e=-0.0466 nose_z=+0.0638
QGC port check failed, reporting UNKNOWN: (pid=22265)
2026-09-01 08:17:43,110 [INFO] core.mission.gorev3_pickup: [KANCA_IZ] t=41.88 alt=0.345 off_n=-0.0738 off_e=-0.0460 nose_z=+0.0638
2026-09-01 08:17:43,220 [INFO] core.detection.vision_runtime: [VISION] detect() calisiyor -- bu karede 0 tespit: []
2026-09-01 08:17:43,220 [INFO] core.mission.gorev3_pickup: [KANCA_IZ] t=41.99 alt=0.346 off_n=-0.0741 off_e=-0.0455 nose_z=+0.0638
2026-09-01 08:17:43,331 [INFO] core.mission.gorev3_pickup: [KANCA_IZ] t=42.10 alt=0.348 off_n=-0.0748 off_e=-0.0450 nose_z=+0.0638
2026-09-01 08:17:43,440 [INFO] core.mission.gorev3_pickup: [KANCA_IZ] t=42.21 alt=0.349 off_n=-0.0757 off_e=-0.0448 nose_z=+0.0638
2026-09-01 08:17:43,549 [INFO] gz_system.main_gz: Dashboard paint loop: 0.0 FPS (main thread)
2026-09-01 08:17:43,550 [INFO] core.mission.gorev3_pickup: [KANCA_IZ] t=42.32 alt=0.349 off_n=-0.0769 off_e=-0.0449 nose_z=+0.0638
2026-09-01 08:17:43,659 [INFO] core.mission.gorev3_pickup: [KANCA_IZ] t=42.43 alt=0.349 off_n=-0.0787 off_e=-0.0450 nose_z=+0.0638
2026-09-01 08:17:43,769 [INFO] core.mission.gorev3_pickup: [KANCA_IZ] t=42.54 alt=0.349 off_n=-0.0810 off_e=-0.0452 nose_z=+0.0638
2026-09-01 08:17:43,879 [INFO] core.mission.gorev3_pickup: [KANCA_IZ] t=42.65 alt=0.348 off_n=-0.0831 off_e=-0.0455 nose_z=+0.0638
2026-09-01 08:17:43,990 [INFO] core.mission.gorev3_pickup: [KANCA_IZ] t=42.76 alt=0.348 off_n=-0.0855 off_e=-0.0457 nose_z=+0.0638
2026-09-01 08:17:44,100 [INFO] core.mission.gorev3_pickup: [KANCA_IZ] t=42.87 alt=0.348 off_n=-0.0878 off_e=-0.0461 nose_z=+0.0638
2026-09-01 08:17:44,209 [INFO] core.mission.gorev3_pickup: [KANCA_IZ] t=42.98 alt=0.348 off_n=-0.0895 off_e=-0.0464 nose_z=+0.0638
2026-09-01 08:17:44,321 [INFO] core.mission.gorev3_pickup: [KANCA_IZ] t=43.09 alt=0.348 off_n=-0.0911 off_e=-0.0468 nose_z=+0.0638
2026-09-01 08:17:44,430 [INFO] core.mission.gorev3_pickup: [KANCA_IZ] t=43.20 alt=0.346 off_n=-0.0921 off_e=-0.0473 nose_z=+0.0638
2026-09-01 08:17:44,539 [INFO] core.mission.gorev3_pickup: [KANCA_IZ] t=43.31 alt=0.345 off_n=-0.0925 off_e=-0.0476 nose_z=+0.0638
2026-09-01 08:17:44,649 [INFO] core.mission.gorev3_pickup: [KANCA_IZ] t=43.42 alt=0.344 off_n=-0.0927 off_e=-0.0479 nose_z=+0.0638
2026-09-01 08:17:44,758 [INFO] core.mission.gorev3_pickup: [KANCA_IZ] t=43.53 alt=0.344 off_n=-0.0924 off_e=-0.0482 nose_z=+0.0638
2026-09-01 08:17:44,869 [INFO] core.mission.gorev3_pickup: [KANCA_IZ] t=43.64 alt=0.343 off_n=-0.0919 off_e=-0.0483 nose_z=+0.0638
2026-09-01 08:17:44,978 [INFO] core.mission.gorev3_pickup: [KANCA_IZ] t=43.75 alt=0.343 off_n=-0.0911 off_e=-0.0484 nose_z=+0.0638
QGC port check failed, reporting UNKNOWN: (pid=22265)
2026-09-01 08:17:45,089 [INFO] core.mission.gorev3_pickup: [KANCA_IZ] t=43.86 alt=0.344 off_n=-0.0900 off_e=-0.0482 nose_z=+0.0638
2026-09-01 08:17:45,198 [INFO] core.mission.gorev3_pickup: [KANCA_IZ] t=43.97 alt=0.346 off_n=-0.0891 off_e=-0.0479 nose_z=+0.0638
2026-09-01 08:17:45,308 [INFO] core.mission.gorev3_pickup: [KANCA_IZ] t=44.08 alt=0.349 off_n=-0.0882 off_e=-0.0472 nose_z=+0.0638
2026-09-01 08:17:45,418 [INFO] core.mission.gorev3_pickup: [KANCA_IZ] t=44.19 alt=0.351 off_n=-0.0880 off_e=-0.0461 nose_z=+0.0638
2026-09-01 08:17:45,529 [INFO] core.mission.gorev3_pickup: [KANCA_IZ] t=44.30 alt=0.353 off_n=-0.0883 off_e=-0.0448 nose_z=+0.0638
2026-09-01 08:17:45,599 [INFO] core.mission.gorev3_pickup: Yükseliniyor: 1.0m
2026-09-01 08:17:46,300 [INFO] core.detection.vision_runtime: [VISION] detect() calisiyor -- bu karede 1 tespit: ['KIRMIZI_UCGEN']
QGC port check failed, reporting UNKNOWN: (pid=22265)
2026-09-01 08:17:47,625 [INFO] core.mission.gorev3_pickup: Yükseliniyor: 2.0m
2026-09-01 08:17:48,589 [INFO] gz_system.main_gz: Dashboard paint loop: 0.0 FPS (main thread)
QGC port check failed, reporting UNKNOWN: (pid=22265)
2026-09-01 08:17:49,389 [INFO] core.detection.vision_runtime: [VISION] detect() calisiyor -- bu karede 1 tespit: ['KIRMIZI_UCGEN']
2026-09-01 08:17:49,719 [INFO] core.mission.gorev3_pickup: Yükseliniyor: 3.0m
QGC port check failed, reporting UNKNOWN: (pid=22265)
2026-09-01 08:17:51,810 [INFO] core.mission.gorev3_pickup: Doğrulama kontrolü yapılıyor (son irtifa)...
2026-09-01 08:17:51,810 [INFO] core.mission.gorev3_pickup: [ALMA_DOGRULAMA] kanca_kilitli=True  yuk_yukseldi=+2.45 m  dikdortgen_goruntude=False (bu sonuncusu artik yalnizca gozlem)
2026-09-01 08:17:51,810 [INFO] core.mission.gorev3_pickup: Yük Alma Başarılı (kanca kilitli, yuk +2.45 m yukseldi).
2026-09-01 08:17:51,810 [INFO] core.mission.gorev3_transport: Görev 3 Faz 2 (Düşük Hızlı Taşıma) Başlatıldı.
2026-09-01 08:17:51,810 [INFO] core.mission.gorev3_transport: Kırmızı Üçgen konumuna 2.0 m/s hızla gidiliyor: 47.3986489, 8.546255
2026-09-01 08:17:51,810 [INFO] core.navigation.centering_controller: Kayitli GPS konumuna gidiliyor: lat=47.3986489, lon=8.546255, alt=1.5m
2026-09-01 08:17:52,473 [INFO] core.detection.vision_runtime: [VISION] detect() calisiyor -- bu karede 1 tespit: ['MAVI_ALTIGEN']
QGC port check failed, reporting UNKNOWN: (pid=22265)
2026-09-01 08:17:53,615 [INFO] gz_system.main_gz: Dashboard paint loop: 0.0 FPS (main thread)
QGC port check failed, reporting UNKNOWN: (pid=22265)
2026-09-01 08:17:55,476 [INFO] core.detection.vision_runtime: [VISION] detect() calisiyor -- bu karede 1 tespit: ['KIRMIZI_UCGEN']
QGC port check failed, reporting UNKNOWN: (pid=22265)
2026-09-01 08:17:57,612 [INFO] core.mission.gorev3_transport: Hedefe ulaşıldı.
2026-09-01 08:17:57,612 [INFO] core.mission.gorev3_redrop: Görev 3 Faz 3 (Yeniden Bırakma) Başlatıldı.
2026-09-01 08:17:57,612 [INFO] core.navigation.centering_controller: KIRMIZI_UCGEN hedefine merkezleniyor (irtifa hedefi: 1.5m, irtifa bandi +/-0.30m)...
2026-09-01 08:17:57,612 [WARNING] core.navigation.centering_controller: [CENTERING] KIRMIZI_UCGEN 1/150 hedef kayboldu (feed canli, hedef bu karede yok)
2026-09-01 08:17:58,176 [INFO] core.navigation.centering_controller: [CENTERING] KIRMIZI_UCGEN 6/150 dx=-35px dy=+342px d=1.0m ex=-0.0547 ey=+0.7125 (tol +/-0.010) alt_err=+0.06m -> fwd=-0.60 right=-0.09 down=+0.03 m/s
2026-09-01 08:17:58,511 [INFO] core.detection.vision_runtime: [VISION] detect() calisiyor -- bu karede 2 tespit: ['KIRMIZI_UCGEN', 'MAVI_DIKDORTGEN']
2026-09-01 08:17:58,619 [INFO] gz_system.main_gz: Dashboard paint loop: 0.0 FPS (main thread)
2026-09-01 08:17:58,736 [INFO] core.navigation.centering_controller: [CENTERING] KIRMIZI_UCGEN 11/150 dx=-79px dy=+292px d=0.9m ex=-0.1234 ey=+0.6094 (tol +/-0.010) alt_err=+0.09m -> fwd=-0.91 right=-0.19 down=+0.05 m/s
QGC port check failed, reporting UNKNOWN: (pid=22265)
2026-09-01 08:17:59,297 [INFO] core.navigation.centering_controller: [CENTERING] KIRMIZI_UCGEN 16/150 dx=-2px dy=+250px d=0.7m ex=-0.0023 ey=+0.5198 (tol +/-0.010) alt_err=+0.09m -> fwd=-0.78 right=+0.00 down=+0.04 m/s
2026-09-01 08:17:59,863 [INFO] core.navigation.centering_controller: [CENTERING] KIRMIZI_UCGEN 21/150 dx=+44px dy=+113px d=0.4m ex=+0.0680 ey=+0.2354 (tol +/-0.010) alt_err=+0.07m -> fwd=-0.35 right=+0.10 down=+0.04 m/s
2026-09-01 08:17:59,976 [WARNING] core.navigation.centering_controller: [LOW_ALT_OPEN_LOOP_DESCENT] KIRMIZI_UCGEN: goruntu 1.57m'de kayboldu -- dondurulmus kestirime (47.3986431, 8.5462549, offset=35.2cm @ 1.57m) gore 1.50m'ye alcalmaya devam.
2026-09-01 08:18:00,319 [INFO] core.navigation.centering_controller: [LOW_ALT_OPEN_LOOP_DESCENT] KIRMIZI_UCGEN: 1.544m'ye ulasildi (hedef 1.50m).
2026-09-01 08:18:00,620 [INFO] core.mission.visual_placement: [GORSEL_YERLESTIRME] 1/6 yuk-hedef 991.4 mm -> (kuzey +0.100, dogu +0.007)
QGC port check failed, reporting UNKNOWN: (pid=22265)
2026-09-01 08:18:01,565 [INFO] core.detection.vision_runtime: [VISION] detect() calisiyor -- bu karede 2 tespit: ['KIRMIZI_UCGEN', 'MAVI_DIKDORTGEN']
QGC port check failed, reporting UNKNOWN: (pid=22265)
2026-09-01 08:18:03,623 [INFO] gz_system.main_gz: Dashboard paint loop: 0.0 FPS (main thread)
2026-09-01 08:18:04,631 [INFO] core.detection.vision_runtime: [VISION] detect() calisiyor -- bu karede 2 tespit: ['KIRMIZI_UCGEN', 'MAVI_DIKDORTGEN']
QGC port check failed, reporting UNKNOWN: (pid=22265)
2026-09-01 08:18:06,671 [INFO] core.mission.visual_placement: [GORSEL_YERLESTIRME] 2/6 yuk-hedef 1236.8 mm -> (kuzey +0.100, dogu +0.003)
QGC port check failed, reporting UNKNOWN: (pid=22265)
2026-09-01 08:18:07,692 [INFO] core.detection.vision_runtime: [VISION] detect() calisiyor -- bu karede 2 tespit: ['KIRMIZI_UCGEN', 'MAVI_DIKDORTGEN']
2026-09-01 08:18:08,259 [INFO] core.mission.visual_placement: [GORSEL_YERLESTIRME] 3/6 yuk-hedef 1220.3 mm -> (kuzey +0.100, dogu +0.002)
2026-09-01 08:18:08,631 [INFO] gz_system.main_gz: Dashboard paint loop: 0.0 FPS (main thread)
QGC port check failed, reporting UNKNOWN: (pid=22265)
2026-09-01 08:18:09,847 [INFO] core.mission.visual_placement: [GORSEL_YERLESTIRME] 4/6 yuk-hedef 1175.1 mm -> (kuzey +0.100, dogu +0.004)
2026-09-01 08:18:10,756 [INFO] core.detection.vision_runtime: [VISION] detect() calisiyor -- bu karede 2 tespit: ['KIRMIZI_UCGEN', 'MAVI_DIKDORTGEN']
QGC port check failed, reporting UNKNOWN: (pid=23234)
2026-09-01 08:18:11,437 [INFO] core.mission.visual_placement: [GORSEL_YERLESTIRME] 5/6 yuk-hedef 1149.9 mm -> (kuzey +0.100, dogu +0.007)
2026-09-01 08:18:13,026 [INFO] core.mission.visual_placement: [GORSEL_YERLESTIRME] 6/6 yuk-hedef 1059.8 mm -> (kuzey +0.100, dogu +0.007)
QGC port check failed, reporting UNKNOWN: (pid=23234)
2026-09-01 08:18:13,643 [INFO] gz_system.main_gz: Dashboard paint loop: 0.0 FPS (main thread)
2026-09-01 08:18:13,822 [INFO] core.detection.vision_runtime: [VISION] detect() calisiyor -- bu karede 2 tespit: ['KIRMIZI_UCGEN', 'MAVI_DIKDORTGEN']
2026-09-01 08:18:14,620 [WARNING] core.mission.visual_placement: [GORSEL_YERLESTIRME] hizalanamadi (correction_budget); son hata 1059.8 mm
2026-09-01 08:18:14,620 [WARNING] core.mission.gorev3_redrop: [GORSEL_YERLESTIRME] hizalanamadi (correction_budget) -- birakma yine de yapilacak, sonuc olculup raporlanacak.
2026-09-01 08:18:14,620 [INFO] core.mission.gorev3_redrop: [GORSEL_YERLESTIRME] hedef GORUNTUDEN olculdu: NED=(100.425, 6.839)
2026-09-01 08:18:14,620 [INFO] core.mission.gorev3_redrop: 0.30 m birakma irtifasina iniliyor.
QGC port check failed, reporting UNKNOWN: (pid=23234)
2026-09-01 08:18:16,874 [INFO] core.detection.vision_runtime: [VISION] detect() calisiyor -- bu karede 1 tespit: ['KIRMIZI_UCGEN']
QGC port check failed, reporting UNKNOWN: (pid=23234)
2026-09-01 08:18:18,655 [INFO] gz_system.main_gz: Dashboard paint loop: 0.0 FPS (main thread)
QGC port check failed, reporting UNKNOWN: (pid=23234)
2026-09-01 08:18:19,961 [INFO] core.detection.vision_runtime: [VISION] detect() calisiyor -- bu karede 1 tespit: ['KIRMIZI_UCGEN']
2026-09-01 08:18:20,667 [INFO] core.mission.visual_placement: [YERLESTIRME_DUZELTME] 1/6 yuk-hedef 968.2 mm -> (kuzey +0.482, dogu +0.047)
QGC port check failed, reporting UNKNOWN: (pid=23234)
2026-09-01 08:18:22,734 [INFO] core.mission.visual_placement: [YERLESTIRME_DUZELTME] 2/6 yuk-hedef 674.1 mm -> (kuzey +0.334, dogu +0.045)
2026-09-01 08:18:23,073 [INFO] core.detection.vision_runtime: [VISION] detect() calisiyor -- bu karede 1 tespit: ['KIRMIZI_UCGEN']
QGC port check failed, reporting UNKNOWN: (pid=23234)
2026-09-01 08:18:23,675 [INFO] gz_system.main_gz: Dashboard paint loop: 0.0 FPS (main thread)
2026-09-01 08:18:24,760 [INFO] core.mission.visual_placement: [YERLESTIRME_DUZELTME] 3/6 yuk-hedef 494.1 mm -> (kuzey +0.245, dogu +0.031)
QGC port check failed, reporting UNKNOWN: (pid=23234)
2026-09-01 08:18:26,108 [INFO] core.detection.vision_runtime: [VISION] detect() calisiyor -- bu karede 2 tespit: ['KIRMIZI_UCGEN', 'MAVI_DIKDORTGEN']
2026-09-01 08:18:26,790 [INFO] core.mission.visual_placement: [YERLESTIRME_DUZELTME] 4/6 yuk-hedef 139.7 mm -> (kuzey +0.065, dogu +0.026)
QGC port check failed, reporting UNKNOWN: (pid=23234)
2026-09-01 08:18:28,687 [INFO] gz_system.main_gz: Dashboard paint loop: 0.0 FPS (main thread)
2026-09-01 08:18:28,824 [INFO] core.mission.visual_placement: [YERLESTIRME_DUZELTME] 5/6 yuk-hedef 46.9 mm -- hedefin icinde.
2026-09-01 08:18:28,824 [INFO] core.mission.gorev3_redrop: [GORSEL_YERLESTIRME] birakma oncesi son yuk-hedef hatasi: 46.9 mm
2026-09-01 08:18:28,824 [INFO] core.mission.gorev3_redrop: Taşınan yük bırakma mekanizması aktifleşiyor...
2026-09-01 08:18:28,824 [INFO] gz_system.gz_payload_actuator: [HOOK] servo aciliyor -- yuk birakiliyor
I0901 08:18:28.824602 13245531 fork_posix.cc:71] Other threads are currently calling into gRPC, skipping fork() handlers
QGC port check failed, reporting UNKNOWN: (pid=23234)
2026-09-01 08:18:29,163 [INFO] core.detection.vision_runtime: [VISION] detect() calisiyor -- bu karede 2 tespit: ['KIRMIZI_UCGEN', 'MAVI_DIKDORTGEN']
2026-09-01 08:18:29,797 [INFO] gz_system.gz_payload_actuator: [HOOK] ayrilma dogrulandi (0.00 s, deneme 1).
2026-09-01 08:18:30,299 [INFO] gz_system.gz_payload_actuator: [HOOK] vinc -> 0.00 m
I0901 08:18:30.299924 13245531 fork_posix.cc:71] Other threads are currently calling into gRPC, skipping fork() handlers
QGC port check failed, reporting UNKNOWN: (pid=23234)
2026-09-01 08:18:31,280 [INFO] gz_system.gz_payload_actuator: [HOOK] yuk birakildi, vinc toplandi.
2026-09-01 08:18:32,193 [INFO] core.detection.vision_runtime: [VISION] detect() calisiyor -- bu karede 2 tespit: ['KIRMIZI_UCGEN', 'MAVI_DIKDORTGEN']
QGC port check failed, reporting UNKNOWN: (pid=23234)
2026-09-01 08:18:33,280 [INFO] core.mission.gorev3_redrop: [GOREV3_FINAL_POSE] x=6.914 y=75.362 z=0.041 -- Kirmizi Ucgen merkezine 3603.2 cm, YERDE
2026-09-01 08:18:33,280 [INFO] core.mission.gorev3_redrop: Görev 3 Faz 3 Başarılı.
2026-09-01 08:18:33,280 [INFO] core.mission.gorev3_finish: Görev 3 Faz 4 (Sonlandırma) Başlatıldı.
2026-09-01 08:18:33,280 [INFO] core.mission.gorev3_finish: Yükseliniyor: 1.0m
2026-09-01 08:18:33,702 [INFO] gz_system.main_gz: Dashboard paint loop: 0.0 FPS (main thread)
QGC port check failed, reporting UNKNOWN: (pid=23234)
2026-09-01 08:18:35,235 [INFO] core.detection.vision_runtime: [VISION] detect() calisiyor -- bu karede 2 tespit: ['KIRMIZI_UCGEN', 'MAVI_DIKDORTGEN']
2026-09-01 08:18:35,349 [INFO] core.mission.gorev3_finish: Yükseliniyor: 2.0m
QGC port check failed, reporting UNKNOWN: (pid=23234)
2026-09-01 08:18:37,379 [INFO] core.mission.gorev3_finish: Finish Line (Checkpoint) konumuna gidiliyor: 47.3977459, 8.5461637
2026-09-01 08:18:37,379 [INFO] core.navigation.centering_controller: Kayitli GPS konumuna gidiliyor: lat=47.3977459, lon=8.5461637, alt=14.213000297546387m
2026-09-01 08:18:38,268 [INFO] core.detection.vision_runtime: [VISION] detect() calisiyor -- bu karede 1 tespit: ['KIRMIZI_UCGEN']
2026-09-01 08:18:38,726 [INFO] gz_system.main_gz: Dashboard paint loop: 0.0 FPS (main thread)
QGC port check failed, reporting UNKNOWN: (pid=23234)
QGC port check failed, reporting UNKNOWN: (pid=23234)
2026-09-01 08:18:41,366 [INFO] core.detection.vision_runtime: [VISION] detect() calisiyor -- bu karede 0 tespit: []
QGC port check failed, reporting UNKNOWN: (pid=23234)
2026-09-01 08:18:43,755 [INFO] gz_system.main_gz: Dashboard paint loop: 0.0 FPS (main thread)
2026-09-01 08:18:44,463 [INFO] core.detection.vision_runtime: [VISION] detect() calisiyor -- bu karede 1 tespit: ['KIRMIZI_DIKDORTGEN']
QGC port check failed, reporting UNKNOWN: (pid=23234)
QGC port check failed, reporting UNKNOWN: (pid=23234)
2026-09-01 08:18:47,542 [INFO] core.detection.vision_runtime: [VISION] detect() calisiyor -- bu karede 0 tespit: []
2026-09-01 08:18:48,416 [INFO] core.mission.gorev3_finish: GOREV 3 TAMAMLANDI - TUM GOREVLER BASARIYLA BITTI
2026-09-01 08:18:48,416 [INFO] core.mission.master_fsm: TUM GOREVLER (2 + 3) BASARIYLA TAMAMLANDI
2026-09-01 08:18:48,416 [INFO] core.mission.master_fsm: RETURNING_TO_START_FINISH (dist=0.8 m) -- hedef (47.3977459, 8.5461637) @ 15.0m, sebep: gorev3_complete
2026-09-01 08:18:48,416 [INFO] core.navigation.centering_controller: Kayitli GPS konumuna gidiliyor: lat=47.3977459, lon=8.5461637, alt=15.0m
2026-09-01 08:18:48,790 [INFO] gz_system.main_gz: Dashboard paint loop: 0.0 FPS (main thread)
QGC port check failed, reporting UNKNOWN: (pid=23234)
2026-09-01 08:18:50,610 [INFO] core.detection.vision_runtime: [VISION] detect() calisiyor -- bu karede 0 tespit: []
QGC port check failed, reporting UNKNOWN: (pid=23234)
QGC port check failed, reporting UNKNOWN: (pid=23234)
2026-09-01 08:18:53,583 [INFO] core.mission.master_fsm: Baslangic/bitis noktasina ulasildi -- checkpoint'e uzaklik 0.8 m. Inis baslatiliyor.
2026-09-01 08:18:53,583 [INFO] core.mission.master_fsm: Son iniş gerçekleştiriliyor...
2026-09-01 08:18:53,583 [INFO] mavsdk_common.mavsdk_backend_base: İniş yapılıyor...
2026-09-01 08:18:53,612 [INFO] core.detection.detection_publisher: [DETECTION_PUB] yayin kapatiliyor (gonderilen=3222, atlanan=0).
2026-09-01 08:18:53,612 [INFO] core.detection.vision_runtime: [VISION] pipeline durduruldu.
[CAMERA_CLIENT] Stopping client...
[CAMERA_CLIENT] Shutdown complete.
I0901 08:18:53.637239 13245533 fork_posix.cc:71] Other threads are currently calling into gRPC, skipping fork() handlers
[CAMERA_SERVICE_MANAGER] Stopping (PID: 22452)...
I0901 08:18:53.643123 13245533 fork_posix.cc:71] Other threads are currently calling into gRPC, skipping fork() handlers
I0901 08:18:53.647580 13245533 fork_posix.cc:71] Other threads are currently calling into gRPC, skipping fork() handlers
[CAMERA_SERVICE_MANAGER] Stopped.
