2026-09-01 11:10:34,311 [INFO] gz_system.main_gz: gz-transport env: GZ_PARTITION=kursad40 GZ_IP=127.0.0.1
2026-09-01 11:10:34,312 [INFO] gz_system.gz_camera_source: Gazebo kamera servisi kontrol ediliyor (topic=/world/default/model/x500_mono_cam_down_0/link/camera_link/sensor/camera/image)...
[CAMERA_SERVICE_MANAGER] Starting camera_service.py (topic=/world/default/model/x500_mono_cam_down_0/link/camera_link/sensor/camera/image, zmq=tcp://127.0.0.1:5555)...
QGC port check failed, reporting UNKNOWN: (pid=44547)
[CAMERA_SERVICE_MANAGER] gz-transport env for child: GZ_PARTITION=kursad40 GZ_IP=127.0.0.1
[CAMERA_SERVICE_MANAGER] Started (PID: 45656).
[CAMERA_CLIENT] Connecting to ZMQ publisher at tcp://127.0.0.1:5555...
[CAMERA_CLIENT] Connected. Waiting for frames...
2026-09-01 11:10:35,326 [INFO] gz_system.gz_camera_source: Gazebo kamera istemcisi baslatildi.
2026-09-01 11:10:35,329 [INFO] gz_system.gz_pose_monitor: Gazebo poz izleyicisi basladi: /world/default/dynamic_pose/info
2026-09-01 11:10:35,329 [INFO] core.detection.detection_publisher: [DETECTION_PUB] tespit yayini acik: tcp://127.0.0.1:5556
2026-09-01 11:10:35,330 [INFO] core.detection.vision_runtime: [VISION] pipeline basladi (mission omru boyunca calisir).
2026-09-01 11:10:35,330 [INFO] core.mission.master_fsm: MASTER MISSION CONTROLLER BASLATILDI
2026-09-01 11:10:35,330 [WARNING] core.detection.vision_runtime: Frame grab loop hatasi (art arda 1. hata, mission etkilenmez): Gazebo kameradan kare okunamadi. Henuz kare alinmadi veya baglanti koptu.
2026-09-01 11:10:35,330 [WARNING] core.detection.vision_runtime: [VISION] detect() basarisiz (art arda 1. hata, mission etkilenmez): Gazebo kameradan kare okunamadi. Henuz kare alinmadi veya baglanti koptu.
2026-09-01 11:10:35,330 [INFO] core.mission.gorev2_orchestrator: GOREV 2 BASLIYOR
2026-09-01 11:10:35,330 [INFO] mavsdk_common.mavsdk_backend_base: Drone'a bağlanılıyor: udp://:14540
Connection using udp:// is deprecated, please use udpin:// or udpout:// (cli_arg.cpp:28)
2026-09-01 11:10:36,188 [INFO] mavsdk_common.mavsdk_backend_base: Drone bağlantısı bekleniyor...
2026-09-01 11:10:36,188 [INFO] mavsdk_common.mavsdk_backend_base: Drone bağlandı!
2026-09-01 11:10:36,215 [INFO] mavsdk_common.mavsdk_backend_base: [TELEMETRY] position rate 10.0 Hz istendi.
2026-09-01 11:10:36,231 [INFO] mavsdk_common.mavsdk_backend_base: [TELEMETRY] position_velocity_ned rate 10.0 Hz istendi.
2026-09-01 11:10:36,243 [INFO] mavsdk_common.mavsdk_backend_base: [TELEMETRY] attitude_euler rate 10.0 Hz istendi.
QGC port check failed, reporting UNKNOWN: (pid=44547)
2026-09-01 11:10:37,070 [INFO] mavsdk_common.mavsdk_backend_base: Drone arm ediliyor...
2026-09-01 11:10:37,095 [INFO] mavsdk_common.mavsdk_backend_base: Kalkış yapılıyor (Hedef: 15.0m)...
QGC port check failed, reporting UNKNOWN: (pid=44547)
2026-09-01 11:10:38,373 [INFO] core.detection.vision_runtime: [VISION] detect() calisiyor -- bu karede 0 tespit: []
2026-09-01 11:10:39,336 [INFO] gz_system.main_gz: Dashboard paint loop: 0.0 FPS (main thread)
QGC port check failed, reporting UNKNOWN: (pid=44547)
2026-09-01 11:10:41,407 [INFO] core.detection.vision_runtime: [VISION] detect() calisiyor -- bu karede 0 tespit: []
QGC port check failed, reporting UNKNOWN: (pid=44547)
QGC port check failed, reporting UNKNOWN: (pid=44547)
2026-09-01 11:10:44,348 [INFO] gz_system.main_gz: Dashboard paint loop: 0.0 FPS (main thread)
2026-09-01 11:10:44,440 [INFO] core.detection.vision_runtime: [VISION] detect() calisiyor -- bu karede 0 tespit: []
QGC port check failed, reporting UNKNOWN: (pid=44547)
2026-09-01 11:10:47,476 [INFO] core.detection.vision_runtime: [VISION] detect() calisiyor -- bu karede 0 tespit: []
QGC port check failed, reporting UNKNOWN: (pid=44547)
2026-09-01 11:10:49,358 [INFO] gz_system.main_gz: Dashboard paint loop: 0.0 FPS (main thread)
QGC port check failed, reporting UNKNOWN: (pid=44547)
2026-09-01 11:10:50,510 [INFO] core.detection.vision_runtime: [VISION] detect() calisiyor -- bu karede 0 tespit: []
QGC port check failed, reporting UNKNOWN: (pid=44547)
2026-09-01 11:10:53,599 [INFO] core.detection.vision_runtime: [VISION] detect() calisiyor -- bu karede 0 tespit: []
2026-09-01 11:10:53,662 [INFO] core.mission.gorev2_orchestrator: Start Checkpoint kaydedildi: (47.3977459, 8.5461637, 14.187000274658203)
2026-09-01 11:10:53,693 [INFO] core.mission.gorev2_orchestrator: [ROUTE_REJOIN] rota ekseni tespit edildi: sabit=lon (lat_span=0.001258, lon_span=0.000000).
2026-09-01 11:10:53,718 [INFO] core.mission.gorev2_orchestrator: [MISSION_START] Rota dogrulandi (3 item): 0:NAV_TAKEOFF, 1:NAV_WAYPOINT, 2:NAV_WAYPOINT
2026-09-01 11:10:53,718 [INFO] core.mission.gorev2_orchestrator: [MISSION_START] Baslangic indeksi: 1
2026-09-01 11:10:53,718 [INFO] core.mission.gorev2_orchestrator: [MISSION_START] 3.0s stabilizasyon bekleniyor...
QGC port check failed, reporting UNKNOWN: (pid=44547)
2026-09-01 11:10:54,391 [INFO] gz_system.main_gz: Dashboard paint loop: 0.0 FPS (main thread)
QGC port check failed, reporting UNKNOWN: (pid=44547)
2026-09-01 11:10:56,636 [INFO] core.detection.vision_runtime: [VISION] detect() calisiyor -- bu karede 0 tespit: []
2026-09-01 11:10:57,255 [INFO] core.mission.gorev2_orchestrator: [MISSION_START] PX4 mevcut gorev ogesi 1 olarak ayarlandi (seq0 NAV_TAKEOFF atlandi -- kalkis zaten yapildi).
2026-09-01 11:10:57,255 [INFO] core.mission.gorev2_orchestrator: [MISSION_START] Yuklu gorev baslatiliyor...
Received ack for not-existing command: 176! Ignoring... (mavlink_command_sender.cpp:304)
2026-09-01 11:10:58,267 [INFO] core.mission.gorev2_orchestrator: [MISSION_START] PX4 MISSION moduna gecti -- arama fazi basliyor.
QGC port check failed, reporting UNKNOWN: (pid=44547)
2026-09-01 11:10:59,409 [INFO] gz_system.main_gz: Dashboard paint loop: 0.0 FPS (main thread)
2026-09-01 11:10:59,677 [INFO] core.detection.vision_runtime: [VISION] detect() calisiyor -- bu karede 0 tespit: []
QGC port check failed, reporting UNKNOWN: (pid=44547)
QGC port check failed, reporting UNKNOWN: (pid=44547)
2026-09-01 11:11:02,714 [INFO] core.detection.vision_runtime: [VISION] detect() calisiyor -- bu karede 0 tespit: []
QGC port check failed, reporting UNKNOWN: (pid=44547)
2026-09-01 11:11:04,438 [INFO] gz_system.main_gz: Dashboard paint loop: 0.0 FPS (main thread)
2026-09-01 11:11:05,747 [INFO] core.detection.vision_runtime: [VISION] detect() calisiyor -- bu karede 0 tespit: []
QGC port check failed, reporting UNKNOWN: (pid=44547)
QGC port check failed, reporting UNKNOWN: (pid=44547)
2026-09-01 11:11:08,788 [INFO] core.detection.vision_runtime: [VISION] detect() calisiyor -- bu karede 0 tespit: []
2026-09-01 11:11:09,468 [INFO] gz_system.main_gz: Dashboard paint loop: 0.0 FPS (main thread)
2026-09-01 11:11:09,996 [INFO] core.navigation.centering_controller: Mission modu durduruluyor, Offboard'a geciliyor...
2026-09-01 11:11:09,996 [INFO] mavsdk_common.mavsdk_backend_base: Mission'dan Offboard'a geçiş yapılıyor...
2026-09-01 11:11:10,007 [INFO] mavsdk_common.mavsdk_backend_base: Offboard başlatılıyor...
QGC port check failed, reporting UNKNOWN: (pid=44547)
2026-09-01 11:11:11,889 [INFO] core.detection.vision_runtime: [VISION] detect() calisiyor -- bu karede 2 tespit: ['KIRMIZI_UCGEN', 'KIRMIZI_DIKDORTGEN']
QGC port check failed, reporting UNKNOWN: (pid=44547)
2026-09-01 11:11:13,027 [ERROR] core.navigation.centering_controller: PX4 OFFBOARD modunu onaylamadi (timeout).
2026-09-01 11:11:13,027 [INFO] core.mission.gorev2_orchestrator: [ROUTE_REJOIN] rota hattina donuluyor (sabit eksen=lon): hedef lat=47.3983154 lon=8.5461634 (mevcut lat=47.3983154 lon=8.5461637).
2026-09-01 11:11:13,028 [INFO] core.navigation.centering_controller: Kayitli GPS konumuna gidiliyor: lat=47.3983154, lon=8.5461634, alt=15.0m
2026-09-01 11:11:13,028 [INFO] mavsdk_common.mavsdk_backend_base: Offboard durduruluyor...
Received ack for not-existing command: 176! Ignoring... (mavlink_command_sender.cpp:304)
2026-09-01 11:11:13,317 [INFO] core.mission.gorev2_orchestrator: [MISSION_RESUME] rota 2. ogeden devam ettiriliyor.
Received ack for not-existing command: 176! Ignoring... (mavlink_command_sender.cpp:304)
QGC port check failed, reporting UNKNOWN: (pid=44547)
2026-09-01 11:11:14,431 [INFO] core.mission.gorev2_orchestrator: [OFFBOARD] resume sonrasi 1.9s oturma payi bekleniyor.
2026-09-01 11:11:14,488 [INFO] gz_system.main_gz: Dashboard paint loop: 0.0 FPS (main thread)
2026-09-01 11:11:14,902 [INFO] core.detection.vision_runtime: [VISION] detect() calisiyor -- bu karede 1 tespit: ['KIRMIZI_UCGEN']
2026-09-01 11:11:16,331 [INFO] core.navigation.centering_controller: Mission modu durduruluyor, Offboard'a geciliyor...
2026-09-01 11:11:16,331 [INFO] mavsdk_common.mavsdk_backend_base: Mission'dan Offboard'a geçiş yapılıyor...
Received ack for not-existing command: 176! Ignoring... (mavlink_command_sender.cpp:304)
2026-09-01 11:11:16,349 [INFO] mavsdk_common.mavsdk_backend_base: Offboard başlatılıyor...
QGC port check failed, reporting UNKNOWN: (pid=44547)
Received ack for not-existing command: 176! Ignoring... (mavlink_command_sender.cpp:304)
2026-09-01 11:11:17,174 [INFO] core.mission.gorev2_orchestrator: KIRMIZI_UCGEN kucuk bir hedef -- merkezleme icin 8.0 m'ye alcaliniyor.
2026-09-01 11:11:17,174 [INFO] core.navigation.centering_controller: KIRMIZI_UCGEN hedefine merkezleniyor (irtifa hedefi: 8.0m, irtifa bandi +/-0.30m)...
2026-09-01 11:11:17,174 [WARNING] core.navigation.centering_controller: [CENTERING] KIRMIZI_UCGEN 1/200 hedef kayboldu (feed canli, hedef bu karede yok)
2026-09-01 11:11:17,681 [WARNING] core.navigation.centering_controller: [CENTERING] KIRMIZI_UCGEN 6/200 hedef kayboldu (feed canli, hedef bu karede yok)
2026-09-01 11:11:17,903 [INFO] core.detection.vision_runtime: [VISION] detect() calisiyor -- bu karede 2 tespit: ['KIRMIZI_UCGEN', 'KIRMIZI_DIKDORTGEN']
2026-09-01 11:11:17,905 [INFO] core.detection.camera_intrinsics: [CAMERA] intrinsics: hfov=1.7400 rad (99.7 deg) 1280x960 -> f=539.9 px (kaynak: ../../../Tools/simulation/gz/models/mono_cam/model.sdf)
2026-09-01 11:11:18,239 [INFO] core.navigation.centering_controller: [CENTERING] KIRMIZI_UCGEN 11/200 dx=-332px dy=+453px d=15.6m ex=-0.5188 ey=+0.9437 (tol +/-0.010) alt_err=+7.00m -> fwd=-0.60 right=-0.60 down=+0.60 m/s
QGC port check failed, reporting UNKNOWN: (pid=44547)
2026-09-01 11:11:18,788 [INFO] core.navigation.centering_controller: [CENTERING] KIRMIZI_UCGEN 16/200 dx=-356px dy=+471px d=16.1m ex=-0.5563 ey=+0.9812 (tol +/-0.010) alt_err=+6.69m -> fwd=-0.45 right=-0.45 down=+0.45 m/s
2026-09-01 11:11:19,346 [WARNING] core.navigation.centering_controller: [CENTERING] KIRMIZI_UCGEN 21/200 hedef kayboldu (feed canli, hedef bu karede yok)
2026-09-01 11:11:19,491 [INFO] gz_system.main_gz: Dashboard paint loop: 0.0 FPS (main thread)
2026-09-01 11:11:19,904 [INFO] core.navigation.centering_controller: [CENTERING] KIRMIZI_UCGEN 26/200 dx=-291px dy=+413px d=13.0m ex=-0.4547 ey=+0.8604 (tol +/-0.010) alt_err=+5.89m -> fwd=-1.05 right=-0.68 down=+1.05 m/s
QGC port check failed, reporting UNKNOWN: (pid=44547)
2026-09-01 11:11:20,461 [INFO] core.navigation.centering_controller: [CENTERING] KIRMIZI_UCGEN 31/200 dx=-353px dy=+473px d=14.5m ex=-0.5516 ey=+0.9854 (tol +/-0.010) alt_err=+5.24m -> fwd=-1.20 right=-0.60 down=+1.20 m/s
2026-09-01 11:11:21,014 [INFO] core.detection.vision_runtime: [VISION] detect() calisiyor -- bu karede 2 tespit: ['KIRMIZI_UCGEN', 'KIRMIZI_DIKDORTGEN']
2026-09-01 11:11:21,015 [INFO] core.navigation.centering_controller: [CENTERING] KIRMIZI_UCGEN 36/200 dx=-350px dy=+457px d=13.4m ex=-0.5469 ey=+0.9521 (tol +/-0.010) alt_err=+4.59m -> fwd=-1.43 right=-0.82 down=+1.95 m/s
2026-09-01 11:11:21,572 [INFO] core.navigation.centering_controller: [CENTERING] KIRMIZI_UCGEN 41/200 dx=-341px dy=+426px d=11.8m ex=-0.5328 ey=+0.8875 (tol +/-0.010) alt_err=+3.65m -> fwd=-1.33 right=-0.80 down=+1.82 m/s
2026-09-01 11:11:22,135 [INFO] core.navigation.centering_controller: [CENTERING] KIRMIZI_UCGEN 46/200 dx=-318px dy=+380px d=9.8m ex=-0.4969 ey=+0.7917 (tol +/-0.010) alt_err=+2.72m -> fwd=-1.19 right=-0.75 down=+1.36 m/s
QGC port check failed, reporting UNKNOWN: (pid=44547)
2026-09-01 11:11:22,693 [INFO] core.navigation.centering_controller: [CENTERING] KIRMIZI_UCGEN 51/200 dx=-314px dy=+360px d=8.9m ex=-0.4906 ey=+0.7500 (tol +/-0.010) alt_err=+2.04m -> fwd=-1.12 right=-0.74 down=+1.02 m/s
2026-09-01 11:11:23,252 [INFO] core.navigation.centering_controller: [CENTERING] KIRMIZI_UCGEN 56/200 dx=-312px dy=+345px d=8.1m ex=-0.4875 ey=+0.7188 (tol +/-0.010) alt_err=+1.45m -> fwd=-1.08 right=-0.73 down=+0.73 m/s
2026-09-01 11:11:23,812 [INFO] core.navigation.centering_controller: [CENTERING] KIRMIZI_UCGEN 61/200 dx=-297px dy=+316px d=7.3m ex=-0.4641 ey=+0.6583 (tol +/-0.010) alt_err=+1.10m -> fwd=-0.99 right=-0.70 down=+0.55 m/s
2026-09-01 11:11:24,036 [INFO] core.detection.vision_runtime: [VISION] detect() calisiyor -- bu karede 2 tespit: ['KIRMIZI_UCGEN', 'KIRMIZI_DIKDORTGEN']
2026-09-01 11:11:24,374 [INFO] core.navigation.centering_controller: [CENTERING] KIRMIZI_UCGEN 66/200 dx=-278px dy=+279px d=6.4m ex=-0.4344 ey=+0.5813 (tol +/-0.010) alt_err=+0.80m -> fwd=-0.87 right=-0.65 down=+0.40 m/s
QGC port check failed, reporting UNKNOWN: (pid=44547)
2026-09-01 11:11:24,521 [INFO] gz_system.main_gz: Dashboard paint loop: 0.0 FPS (main thread)
2026-09-01 11:11:24,934 [INFO] core.navigation.centering_controller: [CENTERING] KIRMIZI_UCGEN 71/200 dx=-257px dy=+246px d=5.6m ex=-0.4016 ey=+0.5125 (tol +/-0.010) alt_err=+0.58m -> fwd=-0.77 right=-0.60 down=+0.29 m/s
2026-09-01 11:11:25,493 [INFO] core.navigation.centering_controller: [CENTERING] KIRMIZI_UCGEN 76/200 dx=-236px dy=+215px d=5.0m ex=-0.3688 ey=+0.4479 (tol +/-0.010) alt_err=+0.44m -> fwd=-0.67 right=-0.55 down=+0.22 m/s
2026-09-01 11:11:26,055 [INFO] core.navigation.centering_controller: [CENTERING] KIRMIZI_UCGEN 81/200 dx=-214px dy=+188px d=4.4m ex=-0.3344 ey=+0.3917 (tol +/-0.010) alt_err=+0.33m -> fwd=-0.59 right=-0.50 down=+0.16 m/s
QGC port check failed, reporting UNKNOWN: (pid=44547)
2026-09-01 11:11:26,614 [INFO] core.navigation.centering_controller: [CENTERING] KIRMIZI_UCGEN 86/200 dx=-197px dy=+163px d=3.9m ex=-0.3078 ey=+0.3396 (tol +/-0.010) alt_err=+0.25m -> fwd=-0.51 right=-0.46 down=+0.13 m/s
2026-09-01 11:11:27,061 [INFO] core.detection.vision_runtime: [VISION] detect() calisiyor -- bu karede 2 tespit: ['KIRMIZI_UCGEN', 'KIRMIZI_DIKDORTGEN']
2026-09-01 11:11:27,173 [INFO] core.navigation.centering_controller: [CENTERING] KIRMIZI_UCGEN 91/200 dx=-176px dy=+138px d=3.4m ex=-0.2750 ey=+0.2875 (tol +/-0.010) alt_err=+0.20m -> fwd=-0.43 right=-0.41 down=+0.10 m/s
2026-09-01 11:11:27,737 [INFO] core.navigation.centering_controller: [CENTERING] KIRMIZI_UCGEN 96/200 dx=-159px dy=+118px d=3.0m ex=-0.2484 ey=+0.2458 (tol +/-0.010) alt_err=+0.15m -> fwd=-0.37 right=-0.37 down=+0.07 m/s
2026-09-01 11:11:28,287 [INFO] core.navigation.centering_controller: [CENTERING] KIRMIZI_UCGEN 101/200 dx=-145px dy=+103px d=2.7m ex=-0.2266 ey=+0.2146 (tol +/-0.010) alt_err=+0.11m -> fwd=-0.32 right=-0.34 down=+0.06 m/s
QGC port check failed, reporting UNKNOWN: (pid=44547)
2026-09-01 11:11:28,842 [INFO] core.navigation.centering_controller: [CENTERING] KIRMIZI_UCGEN 106/200 dx=-133px dy=+90px d=2.4m ex=-0.2078 ey=+0.1875 (tol +/-0.010) alt_err=+0.07m -> fwd=-0.28 right=-0.31 down=+0.04 m/s
2026-09-01 11:11:29,390 [INFO] core.navigation.centering_controller: [CENTERING] KIRMIZI_UCGEN 111/200 dx=-122px dy=+78px d=2.2m ex=-0.1906 ey=+0.1625 (tol +/-0.010) alt_err=+0.04m -> fwd=-0.24 right=-0.29 down=+0.02 m/s
2026-09-01 11:11:29,536 [INFO] gz_system.main_gz: Dashboard paint loop: 0.0 FPS (main thread)
2026-09-01 11:11:29,944 [INFO] core.navigation.centering_controller: [CENTERING] KIRMIZI_UCGEN 116/200 dx=-108px dy=+66px d=1.9m ex=-0.1688 ey=+0.1375 (tol +/-0.010) alt_err=+0.01m -> fwd=-0.21 right=-0.25 down=+0.00 m/s
2026-09-01 11:11:30,166 [INFO] core.detection.vision_runtime: [VISION] detect() calisiyor -- bu karede 1 tespit: ['KIRMIZI_UCGEN']
QGC port check failed, reporting UNKNOWN: (pid=44547)
2026-09-01 11:11:30,496 [INFO] core.navigation.centering_controller: [CENTERING] KIRMIZI_UCGEN 121/200 dx=-101px dy=+58px d=1.7m ex=-0.1578 ey=+0.1208 (tol +/-0.010) alt_err=-0.01m -> fwd=-0.18 right=-0.24 down=-0.00 m/s
2026-09-01 11:11:31,047 [INFO] core.navigation.centering_controller: [CENTERING] KIRMIZI_UCGEN 126/200 dx=-89px dy=+49px d=1.5m ex=-0.1391 ey=+0.1021 (tol +/-0.010) alt_err=-0.01m -> fwd=-0.15 right=-0.21 down=-0.00 m/s
2026-09-01 11:11:31,594 [INFO] core.navigation.centering_controller: [CENTERING] KIRMIZI_UCGEN 131/200 dx=-79px dy=+43px d=1.3m ex=-0.1234 ey=+0.0896 (tol +/-0.010) alt_err=-0.01m -> fwd=-0.15 right=-0.19 down=-0.00 m/s
2026-09-01 11:11:32,147 [INFO] core.navigation.centering_controller: [CENTERING] KIRMIZI_UCGEN 136/200 dx=-73px dy=+39px d=1.2m ex=-0.1141 ey=+0.0813 (tol +/-0.010) alt_err=-0.01m -> fwd=-0.15 right=-0.17 down=-0.01 m/s
QGC port check failed, reporting UNKNOWN: (pid=44547)
2026-09-01 11:11:32,698 [INFO] core.navigation.centering_controller: [CENTERING] KIRMIZI_UCGEN 141/200 dx=-67px dy=+35px d=1.1m ex=-0.1047 ey=+0.0729 (tol +/-0.010) alt_err=-0.02m -> fwd=-0.15 right=-0.16 down=-0.01 m/s
2026-09-01 11:11:33,247 [INFO] core.detection.vision_runtime: [VISION] detect() calisiyor -- bu karede 1 tespit: ['KIRMIZI_UCGEN']
2026-09-01 11:11:33,250 [INFO] core.navigation.centering_controller: [CENTERING] KIRMIZI_UCGEN 146/200 dx=-58px dy=+30px d=1.0m ex=-0.0906 ey=+0.0625 (tol +/-0.010) alt_err=-0.02m -> fwd=-0.15 right=-0.15 down=-0.01 m/s
2026-09-01 11:11:33,798 [INFO] core.navigation.centering_controller: [CENTERING] KIRMIZI_UCGEN 151/200 dx=-53px dy=+26px d=0.9m ex=-0.0828 ey=+0.0542 (tol +/-0.010) alt_err=-0.02m -> fwd=-0.15 right=-0.15 down=-0.01 m/s
2026-09-01 11:11:34,350 [INFO] core.navigation.centering_controller: [CENTERING] KIRMIZI_UCGEN 156/200 dx=-50px dy=+21px d=0.8m ex=-0.0781 ey=+0.0437 (tol +/-0.010) alt_err=-0.01m -> fwd=-0.15 right=-0.15 down=-0.01 m/s
QGC port check failed, reporting UNKNOWN: (pid=44547)
2026-09-01 11:11:34,547 [INFO] gz_system.main_gz: Dashboard paint loop: 0.0 FPS (main thread)
2026-09-01 11:11:34,901 [INFO] core.navigation.centering_controller: [CENTERING] KIRMIZI_UCGEN 161/200 dx=-48px dy=+18px d=0.8m ex=-0.0750 ey=+0.0375 (tol +/-0.010) alt_err=-0.01m -> fwd=-0.15 right=-0.15 down=-0.01 m/s
2026-09-01 11:11:35,453 [INFO] core.navigation.centering_controller: [CENTERING] KIRMIZI_UCGEN 166/200 dx=-43px dy=+13px d=0.7m ex=-0.0672 ey=+0.0271 (tol +/-0.010) alt_err=-0.02m -> fwd=-0.15 right=-0.15 down=-0.01 m/s
2026-09-01 11:11:36,003 [INFO] core.navigation.centering_controller: [CENTERING] KIRMIZI_UCGEN 171/200 dx=-36px dy=+8px d=0.5m ex=-0.0563 ey=+0.0167 (tol +/-0.010) alt_err=-0.01m -> fwd=-0.15 right=-0.15 down=-0.01 m/s
2026-09-01 11:11:36,334 [INFO] core.detection.vision_runtime: [VISION] detect() calisiyor -- bu karede 1 tespit: ['KIRMIZI_UCGEN']
QGC port check failed, reporting UNKNOWN: (pid=44547)
2026-09-01 11:11:36,555 [INFO] core.navigation.centering_controller: [CENTERING] KIRMIZI_UCGEN 176/200 dx=-34px dy=+4px d=0.5m ex=-0.0531 ey=+0.0083 (tol +/-0.010) alt_err=-0.00m -> fwd=+0.00 right=-0.15 down=-0.00 m/s
2026-09-01 11:11:37,107 [INFO] core.navigation.centering_controller: [CENTERING] KIRMIZI_UCGEN 181/200 dx=-29px dy=-22px d=0.5m ex=-0.0453 ey=-0.0458 (tol +/-0.010) alt_err=-0.00m -> fwd=+0.15 right=-0.15 down=-0.00 m/s
2026-09-01 11:11:37,657 [INFO] core.navigation.centering_controller: [CENTERING] KIRMIZI_UCGEN 186/200 dx=-21px dy=-10px d=0.3m ex=-0.0328 ey=-0.0208 (tol +/-0.010) alt_err=-0.01m -> fwd=+0.15 right=-0.15 down=-0.00 m/s
2026-09-01 11:11:38,213 [INFO] core.navigation.centering_controller: [CENTERING] KIRMIZI_UCGEN 191/200 dx=-17px dy=+7px d=0.3m ex=-0.0266 ey=+0.0146 (tol +/-0.010) alt_err=-0.02m -> fwd=-0.15 right=-0.15 down=-0.01 m/s
QGC port check failed, reporting UNKNOWN: (pid=44547)
2026-09-01 11:11:38,762 [INFO] core.navigation.centering_controller: [CENTERING] KIRMIZI_UCGEN 196/200 dx=-14px dy=+22px d=0.4m ex=-0.0219 ey=+0.0458 (tol +/-0.010) alt_err=-0.02m -> fwd=-0.15 right=-0.15 down=-0.01 m/s
2026-09-01 11:11:39,316 [ERROR] core.navigation.centering_controller: Merkezleme zaman asimina ugradi! (200 deneme / 20.0s butcesi doldu)
2026-09-01 11:11:39,316 [WARNING] core.mission.gorev2_orchestrator: [RETRY_IN_PLACE] KIRMIZI_UCGEN 1/3 merkezlenemedi -- 5s yerinde beklenip tekrar denenecek (hedef goruniyor, d=0.30m).
2026-09-01 11:11:39,425 [INFO] core.detection.vision_runtime: [VISION] detect() calisiyor -- bu karede 1 tespit: ['KIRMIZI_UCGEN']
2026-09-01 11:11:39,564 [INFO] gz_system.main_gz: Dashboard paint loop: 0.0 FPS (main thread)
QGC port check failed, reporting UNKNOWN: (pid=44547)
QGC port check failed, reporting UNKNOWN: (pid=44547)
2026-09-01 11:11:42,521 [INFO] core.detection.vision_runtime: [VISION] detect() calisiyor -- bu karede 1 tespit: ['KIRMIZI_UCGEN']
2026-09-01 11:11:44,400 [INFO] core.navigation.centering_controller: KIRMIZI_UCGEN hedefine merkezleniyor (irtifa hedefi: 8.0m, irtifa bandi +/-0.30m)...
2026-09-01 11:11:44,400 [INFO] core.navigation.centering_controller: Merkezleme tamamlandi. (attempt 1/150, dx=-2px dy=-2px ex=-0.0031 ey=-0.0042 alt_err=-0.04m)
QGC port check failed, reporting UNKNOWN: (pid=44547)
2026-09-01 11:11:44,599 [INFO] gz_system.main_gz: Dashboard paint loop: 0.0 FPS (main thread)
2026-09-01 11:11:45,610 [INFO] core.detection.vision_runtime: [VISION] detect() calisiyor -- bu karede 1 tespit: ['KIRMIZI_UCGEN']
QGC port check failed, reporting UNKNOWN: (pid=44547)
2026-09-01 11:11:47,484 [INFO] core.mission.gorev2_orchestrator: [POST_LOCK_DRIFT] KIRMIZI_UCGEN 3s: peak=2.0px final=1.0px (5.56cm / 2.78cm), 28 ornek, 0 kayip
2026-09-01 11:11:47,484 [INFO] core.navigation.centering_controller: 2.0 saniye hover yapiliyor (Konum dogrulama)...
QGC port check failed, reporting UNKNOWN: (pid=44547)
2026-09-01 11:11:48,697 [INFO] core.detection.vision_runtime: [VISION] detect() calisiyor -- bu karede 1 tespit: ['KIRMIZI_UCGEN']
2026-09-01 11:11:49,584 [INFO] core.position_log.position_store: Konum basariyla kaydedildi: KIRMIZI_UCGEN (ilk)
2026-09-01 11:11:49,584 [INFO] core.mission.gorev2_orchestrator: Kirmizi Ucgen ortalandi ama payload 1 henuz birakilmadi -- interlock geregi yerinde birakma atlaniyor; toplu birakmada dogru sirada yapilacak.
2026-09-01 11:11:49,584 [INFO] core.mission.gorev2_orchestrator: [ROUTE_REJOIN] rota hattina donuluyor (sabit eksen=lon): hedef lat=47.3983212 lon=8.5461641 (mevcut lat=47.3983212 lon=8.5460511).
2026-09-01 11:11:49,584 [INFO] core.navigation.centering_controller: Kayitli GPS konumuna gidiliyor: lat=47.3983212, lon=8.5461641, alt=15.0m
2026-09-01 11:11:49,606 [INFO] gz_system.main_gz: Dashboard paint loop: 0.0 FPS (main thread)
QGC port check failed, reporting UNKNOWN: (pid=44547)
2026-09-01 11:11:51,698 [INFO] core.detection.vision_runtime: [VISION] detect() calisiyor -- bu karede 0 tespit: []
QGC port check failed, reporting UNKNOWN: (pid=44547)
2026-09-01 11:11:54,393 [INFO] mavsdk_common.mavsdk_backend_base: Offboard durduruluyor...
Received ack for not-existing command: 176! Ignoring... (mavlink_command_sender.cpp:304)
QGC port check failed, reporting UNKNOWN: (pid=44547)
2026-09-01 11:11:54,565 [INFO] core.mission.gorev2_orchestrator: [MISSION_RESUME] rota 2. ogeden devam ettiriliyor.
Received ack for not-existing command: 176! Ignoring... (mavlink_command_sender.cpp:304)
2026-09-01 11:11:54,626 [INFO] gz_system.main_gz: Dashboard paint loop: 0.0 FPS (main thread)
2026-09-01 11:11:54,727 [INFO] core.detection.vision_runtime: [VISION] detect() calisiyor -- bu karede 2 tespit: ['KIRMIZI_UCGEN', 'KIRMIZI_DIKDORTGEN']
QGC port check failed, reporting UNKNOWN: (pid=44547)
2026-09-01 11:11:57,741 [INFO] core.detection.vision_runtime: [VISION] detect() calisiyor -- bu karede 2 tespit: ['KIRMIZI_UCGEN', 'KIRMIZI_DIKDORTGEN']
QGC port check failed, reporting UNKNOWN: (pid=44547)
2026-09-01 11:11:59,658 [INFO] gz_system.main_gz: Dashboard paint loop: 0.0 FPS (main thread)
QGC port check failed, reporting UNKNOWN: (pid=44547)
2026-09-01 11:12:00,835 [INFO] core.detection.vision_runtime: [VISION] detect() calisiyor -- bu karede 0 tespit: []
2026-09-01 11:12:01,491 [INFO] core.navigation.centering_controller: Mission modu durduruluyor, Offboard'a geciliyor...
2026-09-01 11:12:01,491 [INFO] mavsdk_common.mavsdk_backend_base: Mission'dan Offboard'a geçiş yapılıyor...
2026-09-01 11:12:01,496 [INFO] mavsdk_common.mavsdk_backend_base: Offboard başlatılıyor...
QGC port check failed, reporting UNKNOWN: (pid=44547)
2026-09-01 11:12:03,920 [INFO] core.detection.vision_runtime: [VISION] detect() calisiyor -- bu karede 2 tespit: ['MAVI_ALTIGEN', 'MAVI_DIKDORTGEN']
QGC port check failed, reporting UNKNOWN: (pid=44547)
2026-09-01 11:12:04,528 [ERROR] core.navigation.centering_controller: PX4 OFFBOARD modunu onaylamadi (timeout).
2026-09-01 11:12:04,528 [INFO] core.mission.gorev2_orchestrator: [ROUTE_REJOIN] rota hattina donuluyor (sabit eksen=lon): hedef lat=47.3986264 lon=8.5461600 (mevcut lat=47.3986264 lon=8.5461603).
2026-09-01 11:12:04,528 [INFO] core.navigation.centering_controller: Kayitli GPS konumuna gidiliyor: lat=47.3986264, lon=8.54616, alt=15.0m
2026-09-01 11:12:04,528 [INFO] mavsdk_common.mavsdk_backend_base: Offboard durduruluyor...
Received ack for not-existing command: 176! Ignoring... (mavlink_command_sender.cpp:304)
2026-09-01 11:12:04,636 [INFO] core.mission.gorev2_orchestrator: [MISSION_RESUME] rota 2. ogeden devam ettiriliyor.
Received ack for not-existing command: 176! Ignoring... (mavlink_command_sender.cpp:304)
2026-09-01 11:12:04,680 [INFO] gz_system.main_gz: Dashboard paint loop: 0.0 FPS (main thread)
2026-09-01 11:12:05,761 [INFO] core.mission.gorev2_orchestrator: [OFFBOARD] resume sonrasi 1.9s oturma payi bekleniyor.
QGC port check failed, reporting UNKNOWN: (pid=44547)
2026-09-01 11:12:06,982 [INFO] core.detection.vision_runtime: [VISION] detect() calisiyor -- bu karede 2 tespit: ['MAVI_ALTIGEN', 'MAVI_DIKDORTGEN']
2026-09-01 11:12:07,653 [INFO] core.navigation.centering_controller: Mission modu durduruluyor, Offboard'a geciliyor...
2026-09-01 11:12:07,653 [INFO] mavsdk_common.mavsdk_backend_base: Mission'dan Offboard'a geçiş yapılıyor...
Received ack for not-existing command: 176! Ignoring... (mavlink_command_sender.cpp:304)
2026-09-01 11:12:07,668 [INFO] mavsdk_common.mavsdk_backend_base: Offboard başlatılıyor...
Received ack for not-existing command: 176! Ignoring... (mavlink_command_sender.cpp:304)
2026-09-01 11:12:08,277 [INFO] core.navigation.centering_controller: MAVI_ALTIGEN hedefine merkezleniyor (irtifa hedefi: 15.0m, irtifa bandi +/-0.30m)...
2026-09-01 11:12:08,278 [WARNING] core.navigation.centering_controller: [CENTERING] MAVI_ALTIGEN 1/150 hedef kayboldu (feed canli, hedef bu karede yok)
QGC port check failed, reporting UNKNOWN: (pid=44547)
2026-09-01 11:12:08,784 [WARNING] core.navigation.centering_controller: [CENTERING] MAVI_ALTIGEN 6/150 hedef kayboldu (feed canli, hedef bu karede yok)
2026-09-01 11:12:09,287 [WARNING] core.navigation.centering_controller: [CENTERING] MAVI_ALTIGEN 11/150 hedef kayboldu (feed canli, hedef bu karede yok)
2026-09-01 11:12:09,687 [INFO] gz_system.main_gz: Dashboard paint loop: 0.0 FPS (main thread)
2026-09-01 11:12:09,831 [INFO] core.navigation.centering_controller: [CENTERING] MAVI_ALTIGEN 16/150 dx=-320px dy=+456px d=15.4m ex=-0.5000 ey=+0.9500 (tol +/-0.010) alt_err=-0.04m -> fwd=-0.60 right=-0.60 down=-0.02 m/s
2026-09-01 11:12:10,052 [INFO] core.detection.vision_runtime: [VISION] detect() calisiyor -- bu karede 1 tespit: ['MAVI_DIKDORTGEN']
2026-09-01 11:12:10,381 [INFO] core.navigation.centering_controller: [CENTERING] MAVI_ALTIGEN 21/150 dx=-298px dy=+435px d=14.6m ex=-0.4656 ey=+0.9062 (tol +/-0.010) alt_err=-0.05m -> fwd=-0.45 right=-0.45 down=-0.02 m/s
QGC port check failed, reporting UNKNOWN: (pid=44547)
2026-09-01 11:12:10,931 [WARNING] core.navigation.centering_controller: [CENTERING] MAVI_ALTIGEN 26/150 hedef kayboldu (feed canli, hedef bu karede yok)
2026-09-01 11:12:11,482 [INFO] core.navigation.centering_controller: [CENTERING] MAVI_ALTIGEN 31/150 dx=-269px dy=+413px d=13.6m ex=-0.4203 ey=+0.8604 (tol +/-0.010) alt_err=-0.05m -> fwd=-1.05 right=-0.63 down=-0.02 m/s
2026-09-01 11:12:12,030 [WARNING] core.navigation.centering_controller: [CENTERING] MAVI_ALTIGEN 36/150 hedef kayboldu (feed canli, hedef bu karede yok)
QGC port check failed, reporting UNKNOWN: (pid=44547)
2026-09-01 11:12:12,584 [INFO] core.navigation.centering_controller: [CENTERING] MAVI_ALTIGEN 41/150 dx=-255px dy=+381px d=12.7m ex=-0.3984 ey=+0.7937 (tol +/-0.010) alt_err=-0.04m -> fwd=-1.19 right=-0.60 down=-0.02 m/s
2026-09-01 11:12:13,132 [INFO] core.detection.vision_runtime: [VISION] detect() calisiyor -- bu karede 2 tespit: ['MAVI_ALTIGEN', 'MAVI_DIKDORTGEN']
2026-09-01 11:12:13,133 [INFO] core.navigation.centering_controller: [CENTERING] MAVI_ALTIGEN 46/150 dx=-238px dy=+325px d=11.2m ex=-0.3719 ey=+0.6771 (tol +/-0.010) alt_err=-0.03m -> fwd=-1.02 right=-0.56 down=-0.01 m/s
2026-09-01 11:12:13,683 [INFO] core.navigation.centering_controller: [CENTERING] MAVI_ALTIGEN 51/150 dx=-220px dy=+290px d=10.1m ex=-0.3438 ey=+0.6042 (tol +/-0.010) alt_err=-0.02m -> fwd=-0.91 right=-0.52 down=-0.01 m/s
2026-09-01 11:12:14,230 [INFO] core.navigation.centering_controller: [CENTERING] MAVI_ALTIGEN 56/150 dx=-209px dy=+271px d=9.5m ex=-0.3266 ey=+0.5646 (tol +/-0.010) alt_err=-0.03m -> fwd=-0.85 right=-0.49 down=-0.01 m/s
QGC port check failed, reporting UNKNOWN: (pid=44547)
2026-09-01 11:12:14,692 [INFO] gz_system.main_gz: Dashboard paint loop: 0.0 FPS (main thread)
2026-09-01 11:12:14,782 [INFO] core.navigation.centering_controller: [CENTERING] MAVI_ALTIGEN 61/150 dx=-197px dy=+251px d=8.8m ex=-0.3078 ey=+0.5229 (tol +/-0.010) alt_err=-0.03m -> fwd=-0.78 right=-0.46 down=-0.01 m/s
2026-09-01 11:12:15,331 [INFO] core.navigation.centering_controller: [CENTERING] MAVI_ALTIGEN 66/150 dx=-185px dy=+232px d=8.2m ex=-0.2891 ey=+0.4833 (tol +/-0.010) alt_err=-0.02m -> fwd=-0.72 right=-0.43 down=-0.01 m/s
2026-09-01 11:12:15,883 [INFO] core.navigation.centering_controller: [CENTERING] MAVI_ALTIGEN 71/150 dx=-174px dy=+213px d=7.6m ex=-0.2719 ey=+0.4437 (tol +/-0.010) alt_err=-0.03m -> fwd=-0.67 right=-0.41 down=-0.01 m/s
2026-09-01 11:12:16,211 [INFO] core.detection.vision_runtime: [VISION] detect() calisiyor -- bu karede 2 tespit: ['MAVI_ALTIGEN', 'MAVI_DIKDORTGEN']
2026-09-01 11:12:16,433 [INFO] core.navigation.centering_controller: [CENTERING] MAVI_ALTIGEN 76/150 dx=-163px dy=+194px d=7.0m ex=-0.2547 ey=+0.4042 (tol +/-0.010) alt_err=-0.03m -> fwd=-0.61 right=-0.38 down=-0.01 m/s
QGC port check failed, reporting UNKNOWN: (pid=44547)
2026-09-01 11:12:16,982 [INFO] core.navigation.centering_controller: [CENTERING] MAVI_ALTIGEN 81/150 dx=-154px dy=+178px d=6.5m ex=-0.2406 ey=+0.3708 (tol +/-0.010) alt_err=-0.02m -> fwd=-0.56 right=-0.36 down=-0.01 m/s
2026-09-01 11:12:17,537 [INFO] core.navigation.centering_controller: [CENTERING] MAVI_ALTIGEN 86/150 dx=-145px dy=+165px d=6.1m ex=-0.2266 ey=+0.3438 (tol +/-0.010) alt_err=-0.01m -> fwd=-0.52 right=-0.34 down=-0.00 m/s
2026-09-01 11:12:18,083 [INFO] core.navigation.centering_controller: [CENTERING] MAVI_ALTIGEN 91/150 dx=-137px dy=+151px d=5.7m ex=-0.2141 ey=+0.3146 (tol +/-0.010) alt_err=-0.00m -> fwd=-0.47 right=-0.32 down=-0.00 m/s
QGC port check failed, reporting UNKNOWN: (pid=44547)
2026-09-01 11:12:18,631 [INFO] core.navigation.centering_controller: [CENTERING] MAVI_ALTIGEN 96/150 dx=-130px dy=+139px d=5.3m ex=-0.2031 ey=+0.2896 (tol +/-0.010) alt_err=-0.00m -> fwd=-0.43 right=-0.30 down=-0.00 m/s
2026-09-01 11:12:19,180 [INFO] core.navigation.centering_controller: [CENTERING] MAVI_ALTIGEN 101/150 dx=-124px dy=+129px d=5.0m ex=-0.1938 ey=+0.2687 (tol +/-0.010) alt_err=-0.00m -> fwd=-0.40 right=-0.29 down=-0.00 m/s
2026-09-01 11:12:19,288 [INFO] core.detection.vision_runtime: [VISION] detect() calisiyor -- bu karede 2 tespit: ['MAVI_ALTIGEN', 'MAVI_DIKDORTGEN']
2026-09-01 11:12:19,707 [INFO] gz_system.main_gz: Dashboard paint loop: 0.0 FPS (main thread)
2026-09-01 11:12:19,728 [INFO] core.navigation.centering_controller: [CENTERING] MAVI_ALTIGEN 106/150 dx=-118px dy=+120px d=4.7m ex=-0.1844 ey=+0.2500 (tol +/-0.010) alt_err=+0.01m -> fwd=-0.38 right=-0.28 down=+0.00 m/s
2026-09-01 11:12:20,278 [INFO] core.navigation.centering_controller: [CENTERING] MAVI_ALTIGEN 111/150 dx=-110px dy=+111px d=4.3m ex=-0.1719 ey=+0.2313 (tol +/-0.010) alt_err=+0.01m -> fwd=-0.35 right=-0.26 down=+0.01 m/s
QGC port check failed, reporting UNKNOWN: (pid=44547)
2026-09-01 11:12:20,829 [INFO] core.navigation.centering_controller: [CENTERING] MAVI_ALTIGEN 116/150 dx=-105px dy=+103px d=4.1m ex=-0.1641 ey=+0.2146 (tol +/-0.010) alt_err=+0.00m -> fwd=-0.32 right=-0.25 down=+0.00 m/s
2026-09-01 11:12:21,376 [INFO] core.navigation.centering_controller: [CENTERING] MAVI_ALTIGEN 121/150 dx=-101px dy=+97px d=3.9m ex=-0.1578 ey=+0.2021 (tol +/-0.010) alt_err=+0.01m -> fwd=-0.30 right=-0.24 down=+0.00 m/s
2026-09-01 11:12:21,926 [INFO] core.navigation.centering_controller: [CENTERING] MAVI_ALTIGEN 126/150 dx=-97px dy=+90px d=3.7m ex=-0.1516 ey=+0.1875 (tol +/-0.010) alt_err=+0.01m -> fwd=-0.28 right=-0.23 down=+0.01 m/s
2026-09-01 11:12:22,297 [INFO] core.detection.vision_runtime: [VISION] detect() calisiyor -- bu karede 2 tespit: ['MAVI_ALTIGEN', 'MAVI_DIKDORTGEN']
QGC port check failed, reporting UNKNOWN: (pid=44547)
2026-09-01 11:12:22,519 [INFO] core.navigation.centering_controller: [CENTERING] MAVI_ALTIGEN 131/150 dx=-93px dy=+83px d=3.5m ex=-0.1453 ey=+0.1729 (tol +/-0.010) alt_err=+0.01m -> fwd=-0.26 right=-0.22 down=+0.00 m/s
2026-09-01 11:12:23,078 [INFO] core.navigation.centering_controller: [CENTERING] MAVI_ALTIGEN 136/150 dx=-88px dy=+78px d=3.3m ex=-0.1375 ey=+0.1625 (tol +/-0.010) alt_err=-0.00m -> fwd=-0.24 right=-0.21 down=-0.00 m/s
2026-09-01 11:12:23,630 [INFO] core.navigation.centering_controller: [CENTERING] MAVI_ALTIGEN 141/150 dx=-83px dy=+73px d=3.1m ex=-0.1297 ey=+0.1521 (tol +/-0.010) alt_err=-0.01m -> fwd=-0.23 right=-0.19 down=-0.01 m/s
2026-09-01 11:12:24,191 [INFO] core.navigation.centering_controller: [CENTERING] MAVI_ALTIGEN 146/150 dx=-79px dy=+69px d=2.9m ex=-0.1234 ey=+0.1437 (tol +/-0.010) alt_err=-0.01m -> fwd=-0.22 right=-0.19 down=-0.01 m/s
QGC port check failed, reporting UNKNOWN: (pid=44547)
2026-09-01 11:12:24,744 [INFO] gz_system.main_gz: Dashboard paint loop: 0.0 FPS (main thread)
2026-09-01 11:12:24,746 [ERROR] core.navigation.centering_controller: Merkezleme zaman asimina ugradi! (150 deneme / 15.0s butcesi doldu)
2026-09-01 11:12:24,746 [WARNING] core.mission.gorev2_orchestrator: [RETRY_IN_PLACE] MAVI_ALTIGEN 1/3 merkezlenemedi -- 5s yerinde beklenip tekrar denenecek (hedef goruniyor, d=2.71m).
2026-09-01 11:12:25,300 [INFO] core.detection.vision_runtime: [VISION] detect() calisiyor -- bu karede 2 tespit: ['MAVI_ALTIGEN', 'MAVI_DIKDORTGEN']
QGC port check failed, reporting UNKNOWN: (pid=44547)
2026-09-01 11:12:28,331 [INFO] core.detection.vision_runtime: [VISION] detect() calisiyor -- bu karede 2 tespit: ['MAVI_ALTIGEN', 'MAVI_DIKDORTGEN']
QGC port check failed, reporting UNKNOWN: (pid=44547)
2026-09-01 11:12:29,764 [INFO] gz_system.main_gz: Dashboard paint loop: 0.0 FPS (main thread)
2026-09-01 11:12:29,802 [INFO] core.navigation.centering_controller: MAVI_ALTIGEN hedefine merkezleniyor (irtifa hedefi: 15.0m, irtifa bandi +/-0.30m)...
2026-09-01 11:12:29,803 [INFO] core.navigation.centering_controller: [CENTERING] MAVI_ALTIGEN 1/150 dx=-70px dy=+61px d=2.6m ex=-0.1094 ey=+0.1271 (tol +/-0.010) alt_err=-0.06m -> fwd=-0.15 right=-0.15 down=-0.03 m/s
2026-09-01 11:12:30,354 [INFO] core.navigation.centering_controller: [CENTERING] MAVI_ALTIGEN 6/150 dx=-86px dy=+76px d=3.2m ex=-0.1344 ey=+0.1583 (tol +/-0.010) alt_err=-0.05m -> fwd=-0.24 right=-0.20 down=-0.02 m/s
QGC port check failed, reporting UNKNOWN: (pid=44547)
2026-09-01 11:12:30,908 [INFO] core.navigation.centering_controller: [CENTERING] MAVI_ALTIGEN 11/150 dx=-74px dy=+64px d=2.7m ex=-0.1156 ey=+0.1333 (tol +/-0.010) alt_err=-0.04m -> fwd=-0.20 right=-0.17 down=-0.02 m/s
2026-09-01 11:12:31,346 [INFO] core.detection.vision_runtime: [VISION] detect() calisiyor -- bu karede 2 tespit: ['MAVI_ALTIGEN', 'MAVI_DIKDORTGEN']
2026-09-01 11:12:31,458 [INFO] core.navigation.centering_controller: [CENTERING] MAVI_ALTIGEN 16/150 dx=-67px dy=+54px d=2.4m ex=-0.1047 ey=+0.1125 (tol +/-0.010) alt_err=-0.03m -> fwd=-0.17 right=-0.16 down=-0.01 m/s
2026-09-01 11:12:32,007 [INFO] core.navigation.centering_controller: [CENTERING] MAVI_ALTIGEN 21/150 dx=-64px dy=+49px d=2.2m ex=-0.1000 ey=+0.1021 (tol +/-0.010) alt_err=-0.02m -> fwd=-0.15 right=-0.15 down=-0.01 m/s
QGC port check failed, reporting UNKNOWN: (pid=44547)
2026-09-01 11:12:32,557 [INFO] core.navigation.centering_controller: [CENTERING] MAVI_ALTIGEN 26/150 dx=-61px dy=+46px d=2.1m ex=-0.0953 ey=+0.0958 (tol +/-0.010) alt_err=-0.02m -> fwd=-0.15 right=-0.15 down=-0.01 m/s
2026-09-01 11:12:33,112 [INFO] core.navigation.centering_controller: [CENTERING] MAVI_ALTIGEN 31/150 dx=-59px dy=+44px d=2.0m ex=-0.0922 ey=+0.0917 (tol +/-0.010) alt_err=-0.02m -> fwd=-0.15 right=-0.15 down=-0.01 m/s
2026-09-01 11:12:33,660 [INFO] core.navigation.centering_controller: [CENTERING] MAVI_ALTIGEN 36/150 dx=-56px dy=+43px d=2.0m ex=-0.0875 ey=+0.0896 (tol +/-0.010) alt_err=-0.01m -> fwd=-0.15 right=-0.15 down=-0.01 m/s
2026-09-01 11:12:34,210 [INFO] core.navigation.centering_controller: [CENTERING] MAVI_ALTIGEN 41/150 dx=-54px dy=+40px d=1.9m ex=-0.0844 ey=+0.0833 (tol +/-0.010) alt_err=-0.03m -> fwd=-0.15 right=-0.15 down=-0.01 m/s
2026-09-01 11:12:34,430 [INFO] core.detection.vision_runtime: [VISION] detect() calisiyor -- bu karede 2 tespit: ['MAVI_ALTIGEN', 'MAVI_DIKDORTGEN']
QGC port check failed, reporting UNKNOWN: (pid=44547)
2026-09-01 11:12:34,761 [INFO] core.navigation.centering_controller: [CENTERING] MAVI_ALTIGEN 46/150 dx=-50px dy=+37px d=1.7m ex=-0.0781 ey=+0.0771 (tol +/-0.010) alt_err=-0.03m -> fwd=-0.15 right=-0.15 down=-0.01 m/s
2026-09-01 11:12:34,797 [INFO] gz_system.main_gz: Dashboard paint loop: 0.0 FPS (main thread)
2026-09-01 11:12:35,312 [INFO] core.navigation.centering_controller: [CENTERING] MAVI_ALTIGEN 51/150 dx=-46px dy=+34px d=1.6m ex=-0.0719 ey=+0.0708 (tol +/-0.010) alt_err=-0.02m -> fwd=-0.15 right=-0.15 down=-0.01 m/s
2026-09-01 11:12:35,862 [INFO] core.navigation.centering_controller: [CENTERING] MAVI_ALTIGEN 56/150 dx=-45px dy=+30px d=1.5m ex=-0.0703 ey=+0.0625 (tol +/-0.010) alt_err=-0.01m -> fwd=-0.15 right=-0.15 down=-0.01 m/s
2026-09-01 11:12:36,412 [INFO] core.navigation.centering_controller: [CENTERING] MAVI_ALTIGEN 61/150 dx=-41px dy=+26px d=1.3m ex=-0.0641 ey=+0.0542 (tol +/-0.010) alt_err=-0.01m -> fwd=-0.15 right=-0.15 down=-0.01 m/s
QGC port check failed, reporting UNKNOWN: (pid=44547)
2026-09-01 11:12:36,960 [INFO] core.navigation.centering_controller: [CENTERING] MAVI_ALTIGEN 66/150 dx=-37px dy=+23px d=1.2m ex=-0.0578 ey=+0.0479 (tol +/-0.010) alt_err=-0.01m -> fwd=-0.15 right=-0.15 down=-0.01 m/s
2026-09-01 11:12:37,506 [INFO] core.detection.vision_runtime: [VISION] detect() calisiyor -- bu karede 2 tespit: ['MAVI_ALTIGEN', 'MAVI_DIKDORTGEN']
2026-09-01 11:12:37,507 [INFO] core.navigation.centering_controller: [CENTERING] MAVI_ALTIGEN 71/150 dx=-33px dy=+20px d=1.1m ex=-0.0516 ey=+0.0417 (tol +/-0.010) alt_err=-0.02m -> fwd=-0.15 right=-0.15 down=-0.01 m/s
2026-09-01 11:12:38,065 [INFO] core.navigation.centering_controller: [CENTERING] MAVI_ALTIGEN 76/150 dx=-30px dy=+17px d=1.0m ex=-0.0469 ey=+0.0354 (tol +/-0.010) alt_err=-0.02m -> fwd=-0.15 right=-0.15 down=-0.01 m/s
QGC port check failed, reporting UNKNOWN: (pid=44547)
2026-09-01 11:12:38,615 [INFO] core.navigation.centering_controller: [CENTERING] MAVI_ALTIGEN 81/150 dx=-27px dy=+15px d=0.9m ex=-0.0422 ey=+0.0312 (tol +/-0.010) alt_err=-0.02m -> fwd=-0.15 right=-0.15 down=-0.01 m/s
2026-09-01 11:12:39,163 [INFO] core.navigation.centering_controller: [CENTERING] MAVI_ALTIGEN 86/150 dx=-24px dy=+11px d=0.7m ex=-0.0375 ey=+0.0229 (tol +/-0.010) alt_err=-0.02m -> fwd=-0.15 right=-0.15 down=-0.01 m/s
2026-09-01 11:12:39,722 [INFO] core.navigation.centering_controller: [CENTERING] MAVI_ALTIGEN 91/150 dx=-22px dy=+9px d=0.7m ex=-0.0344 ey=+0.0187 (tol +/-0.010) alt_err=-0.02m -> fwd=-0.15 right=-0.15 down=-0.01 m/s
2026-09-01 11:12:39,826 [INFO] gz_system.main_gz: Dashboard paint loop: 0.0 FPS (main thread)
2026-09-01 11:12:40,270 [INFO] core.navigation.centering_controller: [CENTERING] MAVI_ALTIGEN 96/150 dx=-18px dy=+7px d=0.5m ex=-0.0281 ey=+0.0146 (tol +/-0.010) alt_err=-0.02m -> fwd=-0.15 right=-0.15 down=-0.01 m/s
QGC port check failed, reporting UNKNOWN: (pid=44547)
2026-09-01 11:12:40,598 [INFO] core.detection.vision_runtime: [VISION] detect() calisiyor -- bu karede 2 tespit: ['MAVI_ALTIGEN', 'MAVI_DIKDORTGEN']
2026-09-01 11:12:40,818 [INFO] core.navigation.centering_controller: [CENTERING] MAVI_ALTIGEN 101/150 dx=-15px dy=+2px d=0.4m ex=-0.0234 ey=+0.0042 (tol +/-0.010) alt_err=-0.02m -> fwd=+0.00 right=-0.15 down=-0.01 m/s
2026-09-01 11:12:41,374 [INFO] core.navigation.centering_controller: [CENTERING] MAVI_ALTIGEN 106/150 dx=-11px dy=-18px d=0.6m ex=-0.0172 ey=-0.0375 (tol +/-0.010) alt_err=-0.02m -> fwd=+0.15 right=-0.15 down=-0.01 m/s
2026-09-01 11:12:41,928 [INFO] core.navigation.centering_controller: [CENTERING] MAVI_ALTIGEN 111/150 dx=-8px dy=-8px d=0.3m ex=-0.0125 ey=-0.0167 (tol +/-0.010) alt_err=-0.01m -> fwd=+0.15 right=-0.15 down=-0.01 m/s
2026-09-01 11:12:42,479 [INFO] core.navigation.centering_controller: [CENTERING] MAVI_ALTIGEN 116/150 dx=-6px dy=+6px d=0.2m ex=-0.0094 ey=+0.0125 (tol +/-0.010) alt_err=-0.00m -> fwd=-0.15 right=+0.00 down=-0.00 m/s
QGC port check failed, reporting UNKNOWN: (pid=44547)
2026-09-01 11:12:43,032 [INFO] core.navigation.centering_controller: [CENTERING] MAVI_ALTIGEN 121/150 dx=+8px dy=+21px d=0.6m ex=+0.0125 ey=+0.0437 (tol +/-0.010) alt_err=+0.00m -> fwd=-0.15 right=+0.15 down=+0.00 m/s
2026-09-01 11:12:43,577 [INFO] core.navigation.centering_controller: [CENTERING] MAVI_ALTIGEN 126/150 dx=+10px dy=+10px d=0.4m ex=+0.0156 ey=+0.0208 (tol +/-0.010) alt_err=+0.00m -> fwd=-0.15 right=+0.15 down=+0.00 m/s
2026-09-01 11:12:43,686 [INFO] core.detection.vision_runtime: [VISION] detect() calisiyor -- bu karede 1 tespit: ['MAVI_ALTIGEN']
2026-09-01 11:12:44,129 [INFO] core.navigation.centering_controller: [CENTERING] MAVI_ALTIGEN 131/150 dx=-14px dy=+4px d=0.4m ex=-0.0219 ey=+0.0083 (tol +/-0.010) alt_err=+0.00m -> fwd=+0.00 right=-0.15 down=+0.00 m/s
QGC port check failed, reporting UNKNOWN: (pid=44547)
2026-09-01 11:12:44,683 [INFO] core.navigation.centering_controller: [CENTERING] MAVI_ALTIGEN 136/150 dx=-19px dy=-16px d=0.7m ex=-0.0297 ey=-0.0333 (tol +/-0.010) alt_err=+0.01m -> fwd=+0.15 right=-0.15 down=+0.00 m/s
2026-09-01 11:12:44,834 [INFO] gz_system.main_gz: Dashboard paint loop: 0.0 FPS (main thread)
2026-09-01 11:12:45,236 [INFO] core.navigation.centering_controller: [CENTERING] MAVI_ALTIGEN 141/150 dx=-7px dy=-9px d=0.3m ex=-0.0109 ey=-0.0187 (tol +/-0.010) alt_err=+0.01m -> fwd=+0.15 right=-0.15 down=+0.00 m/s
2026-09-01 11:12:45,460 [INFO] core.navigation.centering_controller: Merkezleme tamamlandi. (attempt 143/150, dx=-4px dy=-4px ex=-0.0063 ey=-0.0083 alt_err=+0.01m)
QGC port check failed, reporting UNKNOWN: (pid=44547)
2026-09-01 11:12:46,775 [INFO] core.detection.vision_runtime: [VISION] detect() calisiyor -- bu karede 1 tespit: ['MAVI_ALTIGEN']
QGC port check failed, reporting UNKNOWN: (pid=44547)
2026-09-01 11:12:48,532 [INFO] core.mission.gorev2_orchestrator: [POST_LOCK_DRIFT] MAVI_ALTIGEN 3s: peak=22.0px final=11.2px (61.0cm / 30.97cm), 27 ornek, 1 kayip
2026-09-01 11:12:48,533 [INFO] core.navigation.centering_controller: 2.0 saniye hover yapiliyor (Konum dogrulama)...
2026-09-01 11:12:49,841 [INFO] gz_system.main_gz: Dashboard paint loop: 0.0 FPS (main thread)
2026-09-01 11:12:49,849 [INFO] core.detection.vision_runtime: [VISION] detect() calisiyor -- bu karede 2 tespit: ['MAVI_ALTIGEN', 'MAVI_DIKDORTGEN']
QGC port check failed, reporting UNKNOWN: (pid=44547)
2026-09-01 11:12:50,617 [INFO] core.position_log.position_store: Konum basariyla kaydedildi: MAVI_ALTIGEN (ikinci)
2026-09-01 11:12:50,617 [INFO] core.mission.gorev2_orchestrator: Mavi Altigen ortalandi -- KIRMIZI yuk hemen birakiliyor.
2026-09-01 11:12:50,617 [INFO] core.mission.gorev2_fsm: PAYLOAD MISSION 1 basliyor (Mavi Altigen / RED payload)
2026-09-01 11:12:50,617 [INFO] core.navigation.centering_controller: Kayitli GPS konumuna gidiliyor: lat=47.3986289, lon=8.5460544, alt=15.0m
2026-09-01 11:12:50,617 [INFO] core.mission.payload_release: Yük bırakma başlatılıyor: MAVI_ALTIGEN
2026-09-01 11:12:50,617 [INFO] core.navigation.centering_controller: MAVI_ALTIGEN hedefine merkezleniyor (irtifa hedefi: 10.0m, irtifa bandi +/-0.30m)...
2026-09-01 11:12:50,618 [INFO] core.navigation.centering_controller: [CENTERING] MAVI_ALTIGEN 1/200 dx=+1px dy=+3px d=0.1m ex=+0.0016 ey=+0.0063 (tol +/-0.010) alt_err=+4.99m -> fwd=+0.00 right=+0.00 down=+0.15 m/s
2026-09-01 11:12:51,159 [INFO] core.navigation.centering_controller: [CENTERING] MAVI_ALTIGEN 6/200 dx=+2px dy=+4px d=0.1m ex=+0.0031 ey=+0.0083 (tol +/-0.010) alt_err=+4.86m -> fwd=+0.00 right=+0.00 down=+0.90 m/s
2026-09-01 11:12:51,706 [INFO] core.navigation.centering_controller: [CENTERING] MAVI_ALTIGEN 11/200 dx=+1px dy=+16px d=0.4m ex=+0.0016 ey=+0.0333 (tol +/-0.010) alt_err=+4.38m -> fwd=-0.15 right=+0.00 down=+1.65 m/s
2026-09-01 11:12:52,274 [INFO] core.navigation.centering_controller: [CENTERING] MAVI_ALTIGEN 16/200 dx=+0px dy=+9px d=0.2m ex=+0.0000 ey=+0.0187 (tol +/-0.010) alt_err=+3.44m -> fwd=-0.15 right=+0.00 down=+1.72 m/s
QGC port check failed, reporting UNKNOWN: (pid=44547)
2026-09-01 11:12:52,816 [INFO] core.navigation.centering_controller: [CENTERING] MAVI_ALTIGEN 21/200 dx=-1px dy=+2px d=0.1m ex=-0.0016 ey=+0.0042 (tol +/-0.010) alt_err=+2.66m -> fwd=+0.00 right=+0.00 down=+1.33 m/s
2026-09-01 11:12:52,924 [INFO] core.detection.vision_runtime: [VISION] detect() calisiyor -- bu karede 1 tespit: ['MAVI_ALTIGEN']
2026-09-01 11:12:53,362 [INFO] core.navigation.centering_controller: [CENTERING] MAVI_ALTIGEN 26/200 dx=+0px dy=-17px d=0.4m ex=+0.0000 ey=-0.0354 (tol +/-0.010) alt_err=+1.87m -> fwd=+0.15 right=+0.00 down=+0.94 m/s
2026-09-01 11:12:53,908 [INFO] core.navigation.centering_controller: [CENTERING] MAVI_ALTIGEN 31/200 dx=+0px dy=-5px d=0.1m ex=+0.0000 ey=-0.0104 (tol +/-0.010) alt_err=+1.43m -> fwd=+0.15 right=+0.00 down=+0.72 m/s
2026-09-01 11:12:54,450 [INFO] core.navigation.centering_controller: [CENTERING] MAVI_ALTIGEN 36/200 dx=+1px dy=+12px d=0.2m ex=+0.0016 ey=+0.0250 (tol +/-0.010) alt_err=+1.10m -> fwd=-0.15 right=+0.00 down=+0.55 m/s
QGC port check failed, reporting UNKNOWN: (pid=44547)
2026-09-01 11:12:54,853 [INFO] gz_system.main_gz: Dashboard paint loop: 0.0 FPS (main thread)
2026-09-01 11:12:55,000 [INFO] core.navigation.centering_controller: [CENTERING] MAVI_ALTIGEN 41/200 dx=+0px dy=+18px d=0.4m ex=+0.0000 ey=+0.0375 (tol +/-0.010) alt_err=+0.79m -> fwd=-0.15 right=+0.00 down=+0.40 m/s
2026-09-01 11:12:55,551 [INFO] core.navigation.centering_controller: [CENTERING] MAVI_ALTIGEN 46/200 dx=+1px dy=+8px d=0.2m ex=+0.0016 ey=+0.0167 (tol +/-0.010) alt_err=+0.60m -> fwd=-0.15 right=+0.00 down=+0.30 m/s
2026-09-01 11:12:55,986 [INFO] core.detection.vision_runtime: [VISION] detect() calisiyor -- bu karede 1 tespit: ['MAVI_ALTIGEN']
2026-09-01 11:12:56,097 [INFO] core.navigation.centering_controller: [CENTERING] MAVI_ALTIGEN 51/200 dx=+2px dy=-5px d=0.1m ex=+0.0031 ey=-0.0104 (tol +/-0.010) alt_err=+0.44m -> fwd=+0.15 right=+0.00 down=+0.22 m/s
QGC port check failed, reporting UNKNOWN: (pid=44547)
2026-09-01 11:12:56,639 [INFO] core.navigation.centering_controller: [CENTERING] MAVI_ALTIGEN 56/200 dx=+1px dy=-22px d=0.4m ex=+0.0016 ey=-0.0458 (tol +/-0.010) alt_err=+0.34m -> fwd=+0.15 right=+0.00 down=+0.17 m/s
2026-09-01 11:12:57,185 [INFO] core.navigation.centering_controller: [CENTERING] MAVI_ALTIGEN 61/200 dx=+4px dy=-8px d=0.2m ex=+0.0063 ey=-0.0167 (tol +/-0.010) alt_err=+0.25m -> fwd=+0.15 right=+0.00 down=+0.13 m/s
2026-09-01 11:12:57,402 [INFO] core.navigation.centering_controller: Merkezleme tamamlandi. (attempt 63/200, dx=+5px dy=-4px ex=+0.0078 ey=-0.0083 alt_err=+0.23m)
2026-09-01 11:12:57,404 [INFO] core.navigation.centering_controller: MAVI_ALTIGEN hedefine merkezleniyor (irtifa hedefi: 5.0m, irtifa bandi +/-0.30m)...
2026-09-01 11:12:57,404 [INFO] core.navigation.centering_controller: [CENTERING] MAVI_ALTIGEN 1/200 dx=+5px dy=-4px d=0.1m ex=+0.0078 ey=-0.0083 (tol +/-0.010) alt_err=+5.23m -> fwd=+0.00 right=+0.00 down=+0.15 m/s
2026-09-01 11:12:57,948 [INFO] core.navigation.centering_controller: [CENTERING] MAVI_ALTIGEN 6/200 dx=+6px dy=+19px d=0.4m ex=+0.0094 ey=+0.0396 (tol +/-0.010) alt_err=+5.12m -> fwd=-0.15 right=+0.00 down=+0.90 m/s
2026-09-01 11:12:58,490 [INFO] core.navigation.centering_controller: [CENTERING] MAVI_ALTIGEN 11/200 dx=+5px dy=+16px d=0.3m ex=+0.0078 ey=+0.0333 (tol +/-0.010) alt_err=+4.53m -> fwd=-0.15 right=+0.00 down=+1.65 m/s
QGC port check failed, reporting UNKNOWN: (pid=44547)
2026-09-01 11:12:59,036 [INFO] core.detection.vision_runtime: [VISION] detect() calisiyor -- bu karede 1 tespit: ['MAVI_ALTIGEN']
2026-09-01 11:12:59,038 [INFO] core.navigation.centering_controller: [CENTERING] MAVI_ALTIGEN 16/200 dx=+4px dy=+6px d=0.1m ex=+0.0063 ey=+0.0125 (tol +/-0.010) alt_err=+3.75m -> fwd=-0.15 right=+0.00 down=+1.87 m/s
2026-09-01 11:12:59,581 [INFO] core.navigation.centering_controller: [CENTERING] MAVI_ALTIGEN 21/200 dx=+4px dy=-19px d=0.3m ex=+0.0063 ey=-0.0396 (tol +/-0.010) alt_err=+2.82m -> fwd=+0.15 right=+0.00 down=+1.41 m/s
2026-09-01 11:12:59,881 [INFO] gz_system.main_gz: Dashboard paint loop: 0.0 FPS (main thread)
2026-09-01 11:13:00,124 [INFO] core.navigation.centering_controller: [CENTERING] MAVI_ALTIGEN 26/200 dx=+4px dy=-16px d=0.2m ex=+0.0063 ey=-0.0333 (tol +/-0.010) alt_err=+2.14m -> fwd=+0.15 right=+0.00 down=+1.07 m/s
QGC port check failed, reporting UNKNOWN: (pid=44547)
2026-09-01 11:13:00,668 [INFO] core.navigation.centering_controller: [CENTERING] MAVI_ALTIGEN 31/200 dx=+4px dy=-4px d=0.1m ex=+0.0063 ey=-0.0083 (tol +/-0.010) alt_err=+1.52m -> fwd=+0.00 right=+0.00 down=+0.76 m/s
2026-09-01 11:13:01,210 [INFO] core.navigation.centering_controller: [CENTERING] MAVI_ALTIGEN 36/200 dx=+7px dy=+24px d=0.3m ex=+0.0109 ey=+0.0500 (tol +/-0.010) alt_err=+1.16m -> fwd=-0.15 right=+0.15 down=+0.58 m/s
2026-09-01 11:13:01,751 [INFO] core.navigation.centering_controller: [CENTERING] MAVI_ALTIGEN 41/200 dx=+17px dy=+15px d=0.2m ex=+0.0266 ey=+0.0312 (tol +/-0.010) alt_err=+0.89m -> fwd=-0.15 right=+0.15 down=+0.44 m/s
2026-09-01 11:13:02,074 [INFO] core.detection.vision_runtime: [VISION] detect() calisiyor -- bu karede 1 tespit: ['MAVI_ALTIGEN']
2026-09-01 11:13:02,292 [INFO] core.navigation.centering_controller: [CENTERING] MAVI_ALTIGEN 46/200 dx=+5px dy=+4px d=0.1m ex=+0.0078 ey=+0.0083 (tol +/-0.010) alt_err=+0.65m -> fwd=+0.00 right=+0.00 down=+0.32 m/s
QGC port check failed, reporting UNKNOWN: (pid=44547)
2026-09-01 11:13:02,833 [INFO] core.navigation.centering_controller: [CENTERING] MAVI_ALTIGEN 51/200 dx=-22px dy=-26px d=0.3m ex=-0.0344 ey=-0.0542 (tol +/-0.010) alt_err=+0.50m -> fwd=+0.15 right=-0.15 down=+0.25 m/s
2026-09-01 11:13:03,379 [INFO] core.navigation.centering_controller: [CENTERING] MAVI_ALTIGEN 56/200 dx=-7px dy=-15px d=0.2m ex=-0.0109 ey=-0.0312 (tol +/-0.010) alt_err=+0.36m -> fwd=+0.15 right=-0.15 down=+0.18 m/s
2026-09-01 11:13:03,923 [INFO] core.navigation.centering_controller: [CENTERING] MAVI_ALTIGEN 61/200 dx=+23px dy=+0px d=0.2m ex=+0.0359 ey=+0.0000 (tol +/-0.010) alt_err=+0.28m -> fwd=+0.00 right=+0.15 down=+0.14 m/s
2026-09-01 11:13:04,465 [INFO] core.navigation.centering_controller: [CENTERING] MAVI_ALTIGEN 66/200 dx=+17px dy=+28px d=0.3m ex=+0.0266 ey=+0.0583 (tol +/-0.010) alt_err=+0.21m -> fwd=-0.15 right=+0.15 down=+0.10 m/s
QGC port check failed, reporting UNKNOWN: (pid=44547)
2026-09-01 11:13:04,891 [INFO] gz_system.main_gz: Dashboard paint loop: 0.0 FPS (main thread)
2026-09-01 11:13:05,010 [INFO] core.navigation.centering_controller: [CENTERING] MAVI_ALTIGEN 71/200 dx=+3px dy=+10px d=0.1m ex=+0.0047 ey=+0.0208 (tol +/-0.010) alt_err=+0.16m -> fwd=-0.15 right=+0.00 down=+0.08 m/s
2026-09-01 11:13:05,117 [INFO] core.detection.vision_runtime: [VISION] detect() calisiyor -- bu karede 1 tespit: ['MAVI_ALTIGEN']
2026-09-01 11:13:05,560 [INFO] core.navigation.centering_controller: [CENTERING] MAVI_ALTIGEN 76/200 dx=-24px dy=-7px d=0.2m ex=-0.0375 ey=-0.0146 (tol +/-0.010) alt_err=+0.13m -> fwd=+0.15 right=-0.15 down=+0.07 m/s
2026-09-01 11:13:06,103 [INFO] core.navigation.centering_controller: [CENTERING] MAVI_ALTIGEN 81/200 dx=-10px dy=-26px d=0.3m ex=-0.0156 ey=-0.0542 (tol +/-0.010) alt_err=+0.10m -> fwd=+0.15 right=-0.15 down=+0.05 m/s
QGC port check failed, reporting UNKNOWN: (pid=44547)
2026-09-01 11:13:06,648 [INFO] core.navigation.centering_controller: [CENTERING] MAVI_ALTIGEN 86/200 dx=+15px dy=-8px d=0.2m ex=+0.0234 ey=-0.0167 (tol +/-0.010) alt_err=+0.07m -> fwd=+0.15 right=+0.15 down=+0.03 m/s
2026-09-01 11:13:07,191 [INFO] core.navigation.centering_controller: [CENTERING] MAVI_ALTIGEN 91/200 dx=+19px dy=+13px d=0.2m ex=+0.0297 ey=+0.0271 (tol +/-0.010) alt_err=+0.05m -> fwd=-0.15 right=+0.15 down=+0.02 m/s
2026-09-01 11:13:07,735 [INFO] core.navigation.centering_controller: [CENTERING] MAVI_ALTIGEN 96/200 dx=-1px dy=+19px d=0.2m ex=-0.0016 ey=+0.0396 (tol +/-0.010) alt_err=+0.04m -> fwd=-0.15 right=+0.00 down=+0.02 m/s
2026-09-01 11:13:08,169 [INFO] core.detection.vision_runtime: [VISION] detect() calisiyor -- bu karede 1 tespit: ['MAVI_ALTIGEN']
2026-09-01 11:13:08,279 [INFO] core.navigation.centering_controller: [CENTERING] MAVI_ALTIGEN 101/200 dx=-27px dy=+5px d=0.3m ex=-0.0422 ey=+0.0104 (tol +/-0.010) alt_err=+0.03m -> fwd=-0.15 right=-0.15 down=+0.02 m/s
QGC port check failed, reporting UNKNOWN: (pid=44547)
2026-09-01 11:13:08,820 [INFO] core.navigation.centering_controller: [CENTERING] MAVI_ALTIGEN 106/200 dx=-15px dy=-22px d=0.2m ex=-0.0234 ey=-0.0458 (tol +/-0.010) alt_err=+0.03m -> fwd=+0.15 right=-0.15 down=+0.01 m/s
2026-09-01 11:13:09,362 [INFO] core.navigation.centering_controller: [CENTERING] MAVI_ALTIGEN 111/200 dx=+0px dy=-21px d=0.2m ex=+0.0000 ey=-0.0437 (tol +/-0.010) alt_err=+0.01m -> fwd=+0.15 right=+0.00 down=+0.01 m/s
2026-09-01 11:13:09,904 [INFO] core.navigation.centering_controller: [CENTERING] MAVI_ALTIGEN 116/200 dx=+21px dy=-8px d=0.2m ex=+0.0328 ey=-0.0167 (tol +/-0.010) alt_err=+0.01m -> fwd=+0.15 right=+0.15 down=+0.00 m/s
2026-09-01 11:13:09,909 [INFO] gz_system.main_gz: Dashboard paint loop: 0.0 FPS (main thread)
2026-09-01 11:13:10,450 [INFO] core.navigation.centering_controller: [CENTERING] MAVI_ALTIGEN 121/200 dx=+5px dy=+12px d=0.1m ex=+0.0078 ey=+0.0250 (tol +/-0.010) alt_err=-0.00m -> fwd=-0.15 right=+0.00 down=-0.00 m/s
QGC port check failed, reporting UNKNOWN: (pid=44547)
2026-09-01 11:13:10,990 [INFO] core.navigation.centering_controller: [CENTERING] MAVI_ALTIGEN 126/200 dx=-29px dy=+22px d=0.3m ex=-0.0453 ey=+0.0458 (tol +/-0.010) alt_err=-0.00m -> fwd=-0.15 right=-0.15 down=-0.00 m/s
2026-09-01 11:13:11,205 [INFO] core.detection.vision_runtime: [VISION] detect() calisiyor -- bu karede 1 tespit: ['MAVI_ALTIGEN']
2026-09-01 11:13:11,530 [INFO] core.navigation.centering_controller: [CENTERING] MAVI_ALTIGEN 131/200 dx=-14px dy=+6px d=0.1m ex=-0.0219 ey=+0.0125 (tol +/-0.010) alt_err=+0.00m -> fwd=-0.15 right=-0.15 down=+0.00 m/s
2026-09-01 11:13:12,073 [INFO] core.navigation.centering_controller: [CENTERING] MAVI_ALTIGEN 136/200 dx=+4px dy=-23px d=0.2m ex=+0.0063 ey=-0.0479 (tol +/-0.010) alt_err=+0.01m -> fwd=+0.15 right=+0.00 down=+0.00 m/s
QGC port check failed, reporting UNKNOWN: (pid=44547)
2026-09-01 11:13:12,616 [INFO] core.navigation.centering_controller: [CENTERING] MAVI_ALTIGEN 141/200 dx=+23px dy=-18px d=0.3m ex=+0.0359 ey=-0.0375 (tol +/-0.010) alt_err=+0.01m -> fwd=+0.15 right=+0.15 down=+0.00 m/s
2026-09-01 11:13:13,157 [INFO] core.navigation.centering_controller: Merkezleme tamamlandi. (attempt 146/200, dx=+6px dy=-2px ex=+0.0094 ey=-0.0042 alt_err=+0.01m)
2026-09-01 11:13:13,158 [INFO] core.navigation.centering_controller: MAVI_ALTIGEN hedefine merkezleniyor (irtifa hedefi: 0.45m, irtifa bandi +/-0.05m)...
2026-09-01 11:13:13,159 [INFO] core.navigation.centering_controller: [CENTERING] MAVI_ALTIGEN 1/200 dx=+6px dy=-2px d=0.1m ex=+0.0094 ey=-0.0042 (tol +/-0.010) alt_err=+4.56m -> fwd=+0.00 right=+0.00 down=+0.15 m/s
2026-09-01 11:13:13,699 [INFO] core.navigation.centering_controller: [CENTERING] MAVI_ALTIGEN 6/200 dx=-27px dy=+28px d=0.4m ex=-0.0422 ey=+0.0583 (tol +/-0.010) alt_err=+4.43m -> fwd=-0.15 right=-0.15 down=+0.90 m/s
2026-09-01 11:13:14,240 [INFO] core.detection.vision_runtime: [VISION] detect() calisiyor -- bu karede 1 tespit: ['MAVI_ALTIGEN']
2026-09-01 11:13:14,242 [INFO] core.navigation.centering_controller: [CENTERING] MAVI_ALTIGEN 11/200 dx=-18px dy=+21px d=0.2m ex=-0.0281 ey=+0.0437 (tol +/-0.010) alt_err=+3.93m -> fwd=-0.15 right=-0.15 down=+1.65 m/s
QGC port check failed, reporting UNKNOWN: (pid=44547)
2026-09-01 11:13:14,785 [INFO] core.navigation.centering_controller: [CENTERING] MAVI_ALTIGEN 16/200 dx=-7px dy=+8px d=0.1m ex=-0.0109 ey=+0.0167 (tol +/-0.010) alt_err=+2.99m -> fwd=-0.15 right=-0.15 down=+1.50 m/s
2026-09-01 11:13:14,928 [INFO] gz_system.main_gz: Dashboard paint loop: 0.0 FPS (main thread)
2026-09-01 11:13:15,329 [INFO] core.navigation.centering_controller: [CENTERING] MAVI_ALTIGEN 21/200 dx=+24px dy=-17px d=0.1m ex=+0.0375 ey=-0.0354 (tol +/-0.010) alt_err=+2.26m -> fwd=+0.12 right=+0.15 down=+1.13 m/s
2026-09-01 11:13:15,873 [INFO] core.navigation.centering_controller: [CENTERING] MAVI_ALTIGEN 26/200 dx=+22px dy=-39px d=0.2m ex=+0.0344 ey=-0.0813 (tol +/-0.010) alt_err=+1.61m -> fwd=+0.12 right=+0.12 down=+0.80 m/s
2026-09-01 11:13:16,417 [INFO] core.navigation.centering_controller: [CENTERING] MAVI_ALTIGEN 31/200 dx=-7px dy=-16px d=0.1m ex=-0.0109 ey=-0.0344 (tol +/-0.010) alt_err=+1.23m -> fwd=+0.07 right=-0.10 down=+0.61 m/s
QGC port check failed, reporting UNKNOWN: (pid=44547)
2026-09-01 11:13:16,959 [INFO] core.navigation.centering_controller: [CENTERING] MAVI_ALTIGEN 36/200 dx=-22px dy=+0px d=0.1m ex=-0.0336 ey=+0.0000 (tol +/-0.010) alt_err=+0.93m -> fwd=+0.00 right=-0.08 down=+0.47 m/s
2026-09-01 11:13:17,283 [INFO] core.detection.vision_runtime: [VISION] detect() calisiyor -- bu karede 1 tespit: ['MAVI_ALTIGEN']
2026-09-01 11:13:17,501 [INFO] core.navigation.centering_controller: [CENTERING] MAVI_ALTIGEN 41/200 dx=+4px dy=+30px d=0.1m ex=+0.0055 ey=+0.0635 (tol +/-0.010) alt_err=+0.67m -> fwd=-0.10 right=+0.00 down=+0.34 m/s
2026-09-01 11:13:18,045 [INFO] core.navigation.centering_controller: [CENTERING] MAVI_ALTIGEN 46/200 dx=+46px dy=+30px d=0.1m ex=+0.0711 ey=+0.0625 (tol +/-0.010) alt_err=+0.51m -> fwd=-0.09 right=+0.11 down=+0.26 m/s
QGC port check failed, reporting UNKNOWN: (pid=44547)
2026-09-01 11:13:18,591 [INFO] core.navigation.centering_controller: [CENTERING] MAVI_ALTIGEN 51/200 dx=+34px dy=+0px d=0.1m ex=+0.0523 ey=+0.0000 (tol +/-0.010) alt_err=+0.38m -> fwd=+0.00 right=+0.08 down=+0.19 m/s
2026-09-01 11:13:19,134 [INFO] core.navigation.centering_controller: [CENTERING] MAVI_ALTIGEN 56/200 dx=-2px dy=+0px d=0.0m ex=-0.0039 ey=+0.0000 (tol +/-0.010) alt_err=+0.29m -> fwd=+0.00 right=+0.00 down=+0.15 m/s
2026-09-01 11:13:19,676 [INFO] core.navigation.centering_controller: [CENTERING] MAVI_ALTIGEN 61/200 dx=+0px dy=+0px d=0.0m ex=+0.0000 ey=+0.0000 (tol +/-0.010) alt_err=+0.22m -> fwd=+0.00 right=+0.00 down=+0.11 m/s
2026-09-01 11:13:19,964 [INFO] gz_system.main_gz: Dashboard paint loop: 0.0 FPS (main thread)
2026-09-01 11:13:20,217 [INFO] core.navigation.centering_controller: [CENTERING] MAVI_ALTIGEN 66/200 dx=+0px dy=+0px d=0.0m ex=+0.0000 ey=+0.0000 (tol +/-0.010) alt_err=+0.16m -> fwd=+0.00 right=+0.00 down=+0.08 m/s
2026-09-01 11:13:20,325 [INFO] core.detection.vision_runtime: [VISION] detect() calisiyor -- bu karede 1 tespit: ['MAVI_ALTIGEN']
2026-09-01 11:13:20,433 [WARNING] core.navigation.centering_controller: [LOW_ALT_OPEN_LOOP_DESCENT] MAVI_ALTIGEN: goruntu 0.61m'de kayboldu -- dondurulmus kestirime (47.3986281, 8.5460557, offset=0.0cm @ 0.60m) gore 0.45m'ye alcalmaya devam.
QGC port check failed, reporting UNKNOWN: (pid=44547)
2026-09-01 11:13:21,409 [INFO] core.navigation.centering_controller: [LOW_ALT_OPEN_LOOP_DESCENT] MAVI_ALTIGEN: 0.498m'ye ulasildi (hedef 0.45m).
2026-09-01 11:13:21,409 [INFO] core.navigation.centering_controller: [AIM_OFFSET_APPLIED] MAVI_ALTIGEN: montaj (ileri=0.00, sag=0.04) m, yon=1.4 deg -> tutma noktasi (47.3986281, 8.5460553) olarak otelendi (kuzey +0.00, dogu -0.03 m).
2026-09-01 11:13:21,841 [INFO] core.navigation.centering_controller: [MOUNT_TRANSLATE_DONE] MAVI_ALTIGEN: kalan 4.3 cm, sure 0.43 s (yakinsadi).
2026-09-01 11:13:21,841 [WARNING] core.navigation.centering_controller: [LOW_ALT_OPEN_LOOP_DESCENT] MAVI_ALTIGEN: goruntu 0.48m'de kayboldu -- dondurulmus kestirime (47.3986281, 8.5460553, offset=0.0cm @ 0.60m) gore 0.45m'ye alcalmaya devam.
2026-09-01 11:13:21,841 [INFO] core.navigation.centering_controller: [LOW_ALT_OPEN_LOOP_DESCENT] MAVI_ALTIGEN: 0.483m'ye ulasildi (hedef 0.45m).
2026-09-01 11:13:21,841 [INFO] core.navigation.centering_controller: 0.1m ileri hareket ediliyor (0.3 m/s, 0.3s)...
2026-09-01 11:13:22,272 [INFO] core.mission.payload_release: [RELEASE_OFFSET] MAVI_ALTIGEN: {'shape_type': 'MAVI_ALTIGEN', 'altitude_m': 0.501, 'target_visible': False, 'best_known_offset_cm': 2.77, 'best_known_offset_alt_m': 5.006}
2026-09-01 11:13:22,272 [WARNING] core.mission.payload_release: [RELEASE_ALTITUDE] MAVI_ALTIGEN: 0.501 m -- hedef 0.45 +/- 0.05 m BANDI DISINDA.
2026-09-01 11:13:22,272 [INFO] core.mission.payload_release: [MOUNT_VECTOR_MEASURED] MAVI_ALTIGEN: {'world_dx': 0.0354, 'world_dy': 0.0021, 'gazebo_yaw_deg': 91.87, 'body_forward_m': 0.0009, 'body_right_m': 0.0354} (uygulanan: (0.0, 0.035))
2026-09-01 11:13:22,272 [INFO] gz_system.gz_payload_actuator: Gazebo DetachableJoint tetikleniyor: /payload/detach/red
I0901 11:13:22.273140 13537914 fork_posix.cc:71] Other threads are currently calling into gRPC, skipping fork() handlers
I0901 11:13:22.330066 13537914 fork_posix.cc:71] Other threads are currently calling into gRPC, skipping fork() handlers
I0901 11:13:22.385517 13537914 fork_posix.cc:71] Other threads are currently calling into gRPC, skipping fork() handlers
I0901 11:13:22.430307 13537914 fork_posix.cc:71] Other threads are currently calling into gRPC, skipping fork() handlers
I0901 11:13:22.479712 13537914 fork_posix.cc:71] Other threads are currently calling into gRPC, skipping fork() handlers
QGC port check failed, reporting UNKNOWN: (pid=44547)
2026-09-01 11:13:23,359 [INFO] core.detection.vision_runtime: [VISION] detect() calisiyor -- bu karede 0 tespit: []
2026-09-01 11:13:23,401 [INFO] gz_system.gz_payload_actuator: Yuk ayrildi (red), gecikme 1.087 s.
2026-09-01 11:13:23,401 [INFO] core.mission.payload_release: [PAYLOAD_RELEASED] PAYLOAD 1 RELEASED @0.50m
QGC port check failed, reporting UNKNOWN: (pid=44547)
2026-09-01 11:13:24,988 [INFO] gz_system.main_gz: Dashboard paint loop: 0.0 FPS (main thread)
2026-09-01 11:13:25,402 [INFO] core.mission.payload_release: [PAYLOAD_FINAL_POSE] MAVI_ALTIGEN: x=-8.187 y=73.151 z=0.037 merkeze 5872.5 cm egim 0.1 deg (HEDEF DISINDA)
2026-09-01 11:13:25,402 [INFO] core.mission.payload_release: Doğrulama işareti aranıyor: KIRMIZI_DIKDORTGEN
2026-09-01 11:13:25,402 [INFO] core.mission.payload_release: Yük bırakma DOĞRULANDI: KIRMIZI_DIKDORTGEN tespit edildi.
2026-09-01 11:13:25,403 [INFO] core.navigation.centering_controller: 15.0m irtifasina tirmaniliyor (goruntuden bagimsiz)...
2026-09-01 11:13:26,432 [INFO] core.detection.vision_runtime: [VISION] detect() calisiyor -- bu karede 2 tespit: ['MAVI_ALTIGEN', 'KIRMIZI_DIKDORTGEN']
QGC port check failed, reporting UNKNOWN: (pid=44547)
QGC port check failed, reporting UNKNOWN: (pid=44547)
2026-09-01 11:13:29,470 [INFO] core.detection.vision_runtime: [VISION] detect() calisiyor -- bu karede 1 tespit: ['MAVI_ALTIGEN']
2026-09-01 11:13:29,992 [INFO] gz_system.main_gz: Dashboard paint loop: 0.0 FPS (main thread)
QGC port check failed, reporting UNKNOWN: (pid=44547)
2026-09-01 11:13:32,506 [INFO] core.detection.vision_runtime: [VISION] detect() calisiyor -- bu karede 1 tespit: ['MAVI_ALTIGEN']
QGC port check failed, reporting UNKNOWN: (pid=44547)
QGC port check failed, reporting UNKNOWN: (pid=44547)
2026-09-01 11:13:35,017 [INFO] gz_system.main_gz: Dashboard paint loop: 0.0 FPS (main thread)
2026-09-01 11:13:35,112 [INFO] core.mission.gorev2_orchestrator: SEARCH COMPLETE: MAVI_ALTIGEN ve KIRMIZI_UCGEN ikisi de kaydedildi. Mission kalici olarak sona erdi, Offboard tek yetkili.
2026-09-01 11:13:35,220 [INFO] core.mission.gorev2_orchestrator: Bir veya iki yuk hala birakilmamis -- toplu birakma calistiriliyor.
2026-09-01 11:13:35,220 [INFO] core.mission.gorev2_fsm: PAYLOAD MISSION 1 basliyor (Mavi Altigen / RED payload)
2026-09-01 11:13:35,220 [INFO] core.navigation.centering_controller: Kayitli GPS konumuna gidiliyor: lat=47.3986289, lon=8.5460544, alt=15.0m
2026-09-01 11:13:35,220 [INFO] core.mission.payload_release: Yük bırakma başlatılıyor: MAVI_ALTIGEN
2026-09-01 11:13:35,221 [INFO] core.navigation.centering_controller: MAVI_ALTIGEN hedefine merkezleniyor (irtifa hedefi: 10.0m, irtifa bandi +/-0.30m)...
2026-09-01 11:13:35,222 [INFO] core.navigation.centering_controller: [CENTERING] MAVI_ALTIGEN 1/200 dx=+1px dy=+5px d=0.1m ex=+0.0016 ey=+0.0104 (tol +/-0.010) alt_err=+4.72m -> fwd=-0.15 right=+0.00 down=+0.15 m/s
2026-09-01 11:13:35,545 [INFO] core.detection.vision_runtime: [VISION] detect() calisiyor -- bu karede 1 tespit: ['MAVI_ALTIGEN']
2026-09-01 11:13:35,765 [INFO] core.navigation.centering_controller: [CENTERING] MAVI_ALTIGEN 6/200 dx=+1px dy=+17px d=0.5m ex=+0.0016 ey=+0.0354 (tol +/-0.010) alt_err=+4.63m -> fwd=-0.15 right=+0.00 down=+0.90 m/s
2026-09-01 11:13:36,332 [INFO] core.navigation.centering_controller: [CENTERING] MAVI_ALTIGEN 11/200 dx=+0px dy=+8px d=0.2m ex=+0.0000 ey=+0.0167 (tol +/-0.010) alt_err=+4.03m -> fwd=-0.15 right=+0.00 down=+1.65 m/s
QGC port check failed, reporting UNKNOWN: (pid=44547)
2026-09-01 11:13:36,875 [INFO] core.navigation.centering_controller: [CENTERING] MAVI_ALTIGEN 16/200 dx=-1px dy=-4px d=0.1m ex=-0.0016 ey=-0.0083 (tol +/-0.010) alt_err=+3.23m -> fwd=+0.00 right=+0.00 down=+1.62 m/s
2026-09-01 11:13:37,419 [INFO] core.navigation.centering_controller: [CENTERING] MAVI_ALTIGEN 21/200 dx=-2px dy=-20px d=0.5m ex=-0.0031 ey=-0.0417 (tol +/-0.010) alt_err=+2.47m -> fwd=+0.15 right=+0.00 down=+1.24 m/s
2026-09-01 11:13:37,960 [INFO] core.navigation.centering_controller: [CENTERING] MAVI_ALTIGEN 26/200 dx=+0px dy=-8px d=0.2m ex=+0.0000 ey=-0.0167 (tol +/-0.010) alt_err=+1.75m -> fwd=+0.15 right=+0.00 down=+0.87 m/s
2026-09-01 11:13:38,505 [INFO] core.navigation.centering_controller: [CENTERING] MAVI_ALTIGEN 31/200 dx=+1px dy=+7px d=0.1m ex=+0.0016 ey=+0.0146 (tol +/-0.010) alt_err=+1.32m -> fwd=-0.15 right=+0.00 down=+0.66 m/s
QGC port check failed, reporting UNKNOWN: (pid=44547)
2026-09-01 11:13:38,611 [INFO] core.detection.vision_runtime: [VISION] detect() calisiyor -- bu karede 1 tespit: ['MAVI_ALTIGEN']
2026-09-01 11:13:39,048 [INFO] core.navigation.centering_controller: [CENTERING] MAVI_ALTIGEN 36/200 dx=+1px dy=+20px d=0.4m ex=+0.0016 ey=+0.0417 (tol +/-0.010) alt_err=+0.94m -> fwd=-0.15 right=+0.00 down=+0.47 m/s
2026-09-01 11:13:39,592 [INFO] core.navigation.centering_controller: [CENTERING] MAVI_ALTIGEN 41/200 dx=+1px dy=+9px d=0.2m ex=+0.0016 ey=+0.0187 (tol +/-0.010) alt_err=+0.72m -> fwd=-0.15 right=+0.00 down=+0.36 m/s
2026-09-01 11:13:40,025 [INFO] gz_system.main_gz: Dashboard paint loop: 0.0 FPS (main thread)
2026-09-01 11:13:40,134 [INFO] core.navigation.centering_controller: [CENTERING] MAVI_ALTIGEN 46/200 dx=+0px dy=-5px d=0.1m ex=+0.0000 ey=-0.0104 (tol +/-0.010) alt_err=+0.53m -> fwd=+0.15 right=+0.00 down=+0.26 m/s
QGC port check failed, reporting UNKNOWN: (pid=44547)
2026-09-01 11:13:40,677 [INFO] core.navigation.centering_controller: [CENTERING] MAVI_ALTIGEN 51/200 dx=+1px dy=-18px d=0.3m ex=+0.0016 ey=-0.0375 (tol +/-0.010) alt_err=+0.42m -> fwd=+0.15 right=+0.00 down=+0.21 m/s
2026-09-01 11:13:41,216 [INFO] core.navigation.centering_controller: [CENTERING] MAVI_ALTIGEN 56/200 dx=+1px dy=-4px d=0.1m ex=+0.0016 ey=-0.0083 (tol +/-0.010) alt_err=+0.33m -> fwd=+0.00 right=+0.00 down=+0.16 m/s
2026-09-01 11:13:41,323 [INFO] core.navigation.centering_controller: Merkezleme tamamlandi. (attempt 57/200, dx=+1px dy=-2px ex=+0.0016 ey=-0.0042 alt_err=+0.30m)
2026-09-01 11:13:41,324 [INFO] core.navigation.centering_controller: MAVI_ALTIGEN hedefine merkezleniyor (irtifa hedefi: 5.0m, irtifa bandi +/-0.30m)...
2026-09-01 11:13:41,325 [INFO] core.navigation.centering_controller: [CENTERING] MAVI_ALTIGEN 1/200 dx=+1px dy=-2px d=0.0m ex=+0.0016 ey=-0.0042 (tol +/-0.010) alt_err=+5.30m -> fwd=+0.00 right=+0.00 down=+0.15 m/s
2026-09-01 11:13:41,648 [INFO] core.detection.vision_runtime: [VISION] detect() calisiyor -- bu karede 1 tespit: ['MAVI_ALTIGEN']
2026-09-01 11:13:41,865 [INFO] core.navigation.centering_controller: [CENTERING] MAVI_ALTIGEN 6/200 dx=+4px dy=+25px d=0.5m ex=+0.0063 ey=+0.0521 (tol +/-0.010) alt_err=+5.15m -> fwd=-0.15 right=+0.00 down=+0.90 m/s
2026-09-01 11:13:42,409 [INFO] core.navigation.centering_controller: [CENTERING] MAVI_ALTIGEN 11/200 dx=+4px dy=+14px d=0.3m ex=+0.0063 ey=+0.0292 (tol +/-0.010) alt_err=+4.67m -> fwd=-0.15 right=+0.00 down=+1.65 m/s
QGC port check failed, reporting UNKNOWN: (pid=44547)
2026-09-01 11:13:42,950 [INFO] core.navigation.centering_controller: [CENTERING] MAVI_ALTIGEN 16/200 dx=+3px dy=+4px d=0.1m ex=+0.0047 ey=+0.0083 (tol +/-0.010) alt_err=+3.74m -> fwd=+0.00 right=+0.00 down=+1.87 m/s
2026-09-01 11:13:43,493 [INFO] core.navigation.centering_controller: [CENTERING] MAVI_ALTIGEN 21/200 dx=+5px dy=-21px d=0.3m ex=+0.0078 ey=-0.0437 (tol +/-0.010) alt_err=+2.97m -> fwd=+0.15 right=+0.00 down=+1.48 m/s
2026-09-01 11:13:44,039 [INFO] core.navigation.centering_controller: [CENTERING] MAVI_ALTIGEN 26/200 dx=+5px dy=-12px d=0.2m ex=+0.0078 ey=-0.0250 (tol +/-0.010) alt_err=+2.10m -> fwd=+0.15 right=+0.00 down=+1.05 m/s
2026-09-01 11:13:44,582 [INFO] core.navigation.centering_controller: [CENTERING] MAVI_ALTIGEN 31/200 dx=+8px dy=+1px d=0.1m ex=+0.0125 ey=+0.0021 (tol +/-0.010) alt_err=+1.60m -> fwd=+0.00 right=+0.15 down=+0.80 m/s
QGC port check failed, reporting UNKNOWN: (pid=44547)
2026-09-01 11:13:44,688 [INFO] core.detection.vision_runtime: [VISION] detect() calisiyor -- bu karede 1 tespit: ['MAVI_ALTIGEN']
2026-09-01 11:13:45,032 [INFO] gz_system.main_gz: Dashboard paint loop: 0.0 FPS (main thread)
2026-09-01 11:13:45,126 [INFO] core.navigation.centering_controller: [CENTERING] MAVI_ALTIGEN 36/200 dx=+17px dy=+26px d=0.4m ex=+0.0266 ey=+0.0542 (tol +/-0.010) alt_err=+1.15m -> fwd=-0.15 right=+0.15 down=+0.58 m/s
2026-09-01 11:13:45,674 [INFO] core.navigation.centering_controller: [CENTERING] MAVI_ALTIGEN 41/200 dx=+5px dy=+11px d=0.1m ex=+0.0078 ey=+0.0229 (tol +/-0.010) alt_err=+0.87m -> fwd=-0.15 right=+0.00 down=+0.44 m/s
2026-09-01 11:13:46,221 [INFO] core.navigation.centering_controller: [CENTERING] MAVI_ALTIGEN 46/200 dx=-19px dy=-5px d=0.2m ex=-0.0297 ey=-0.0104 (tol +/-0.010) alt_err=+0.67m -> fwd=+0.15 right=-0.15 down=+0.33 m/s
QGC port check failed, reporting UNKNOWN: (pid=44547)
2026-09-01 11:13:46,765 [INFO] core.navigation.centering_controller: [CENTERING] MAVI_ALTIGEN 51/200 dx=-12px dy=-23px d=0.3m ex=-0.0187 ey=-0.0479 (tol +/-0.010) alt_err=+0.48m -> fwd=+0.15 right=-0.15 down=+0.24 m/s
2026-09-01 11:13:47,306 [INFO] core.navigation.centering_controller: [CENTERING] MAVI_ALTIGEN 56/200 dx=+10px dy=-9px d=0.1m ex=+0.0156 ey=-0.0187 (tol +/-0.010) alt_err=+0.37m -> fwd=+0.15 right=+0.15 down=+0.19 m/s
2026-09-01 11:13:47,739 [INFO] core.detection.vision_runtime: [VISION] detect() calisiyor -- bu karede 1 tespit: ['MAVI_ALTIGEN']
2026-09-01 11:13:47,849 [INFO] core.navigation.centering_controller: [CENTERING] MAVI_ALTIGEN 61/200 dx=+22px dy=+9px d=0.2m ex=+0.0344 ey=+0.0187 (tol +/-0.010) alt_err=+0.28m -> fwd=-0.15 right=+0.15 down=+0.14 m/s
2026-09-01 11:13:48,394 [INFO] core.navigation.centering_controller: [CENTERING] MAVI_ALTIGEN 66/200 dx=+7px dy=+27px d=0.3m ex=+0.0109 ey=+0.0563 (tol +/-0.010) alt_err=+0.22m -> fwd=-0.15 right=+0.15 down=+0.11 m/s
QGC port check failed, reporting UNKNOWN: (pid=44547)
2026-09-01 11:13:48,934 [INFO] core.navigation.centering_controller: [CENTERING] MAVI_ALTIGEN 71/200 dx=-18px dy=+9px d=0.2m ex=-0.0281 ey=+0.0187 (tol +/-0.010) alt_err=+0.17m -> fwd=-0.15 right=-0.15 down=+0.09 m/s
2026-09-01 11:13:49,475 [INFO] core.navigation.centering_controller: [CENTERING] MAVI_ALTIGEN 76/200 dx=-14px dy=-1px d=0.1m ex=-0.0219 ey=-0.0021 (tol +/-0.010) alt_err=+0.14m -> fwd=+0.00 right=-0.15 down=+0.07 m/s
2026-09-01 11:13:50,017 [INFO] core.navigation.centering_controller: [CENTERING] MAVI_ALTIGEN 81/200 dx=+7px dy=-25px d=0.2m ex=+0.0109 ey=-0.0521 (tol +/-0.010) alt_err=+0.13m -> fwd=+0.15 right=+0.15 down=+0.06 m/s
2026-09-01 11:13:50,064 [INFO] gz_system.main_gz: Dashboard paint loop: 0.0 FPS (main thread)
2026-09-01 11:13:50,558 [INFO] core.navigation.centering_controller: [CENTERING] MAVI_ALTIGEN 86/200 dx=+24px dy=-7px d=0.2m ex=+0.0375 ey=-0.0146 (tol +/-0.010) alt_err=+0.09m -> fwd=+0.15 right=+0.15 down=+0.05 m/s
QGC port check failed, reporting UNKNOWN: (pid=44547)
2026-09-01 11:13:50,774 [INFO] core.detection.vision_runtime: [VISION] detect() calisiyor -- bu karede 1 tespit: ['MAVI_ALTIGEN']
2026-09-01 11:13:51,100 [INFO] core.navigation.centering_controller: [CENTERING] MAVI_ALTIGEN 91/200 dx=+8px dy=+14px d=0.2m ex=+0.0125 ey=+0.0292 (tol +/-0.010) alt_err=+0.07m -> fwd=-0.15 right=+0.15 down=+0.04 m/s
2026-09-01 11:13:51,647 [INFO] core.navigation.centering_controller: [CENTERING] MAVI_ALTIGEN 96/200 dx=-21px dy=+20px d=0.3m ex=-0.0328 ey=+0.0417 (tol +/-0.010) alt_err=+0.06m -> fwd=-0.15 right=-0.15 down=+0.03 m/s
2026-09-01 11:13:52,188 [INFO] core.navigation.centering_controller: [CENTERING] MAVI_ALTIGEN 101/200 dx=-18px dy=+6px d=0.2m ex=-0.0281 ey=+0.0125 (tol +/-0.010) alt_err=+0.05m -> fwd=-0.15 right=-0.15 down=+0.02 m/s
QGC port check failed, reporting UNKNOWN: (pid=44547)
2026-09-01 11:13:52,728 [INFO] core.navigation.centering_controller: [CENTERING] MAVI_ALTIGEN 106/200 dx=-2px dy=-25px d=0.2m ex=-0.0031 ey=-0.0521 (tol +/-0.010) alt_err=+0.03m -> fwd=+0.15 right=+0.00 down=+0.02 m/s
2026-09-01 11:13:53,274 [INFO] core.navigation.centering_controller: [CENTERING] MAVI_ALTIGEN 111/200 dx=+20px dy=-23px d=0.3m ex=+0.0312 ey=-0.0479 (tol +/-0.010) alt_err=+0.02m -> fwd=+0.15 right=+0.15 down=+0.01 m/s
2026-09-01 11:13:53,812 [INFO] core.detection.vision_runtime: [VISION] detect() calisiyor -- bu karede 1 tespit: ['MAVI_ALTIGEN']
2026-09-01 11:13:53,813 [INFO] core.navigation.centering_controller: [CENTERING] MAVI_ALTIGEN 116/200 dx=+11px dy=-6px d=0.1m ex=+0.0172 ey=-0.0125 (tol +/-0.010) alt_err=+0.00m -> fwd=+0.15 right=+0.15 down=+0.00 m/s
2026-09-01 11:13:53,920 [INFO] core.navigation.centering_controller: Merkezleme tamamlandi. (attempt 117/200, dx=+6px dy=-3px ex=+0.0094 ey=-0.0063 alt_err=-0.00m)
2026-09-01 11:13:53,921 [INFO] core.navigation.centering_controller: MAVI_ALTIGEN hedefine merkezleniyor (irtifa hedefi: 0.45m, irtifa bandi +/-0.05m)...
2026-09-01 11:13:53,921 [INFO] core.navigation.centering_controller: [CENTERING] MAVI_ALTIGEN 1/200 dx=+6px dy=-3px d=0.1m ex=+0.0094 ey=-0.0063 (tol +/-0.010) alt_err=+4.55m -> fwd=+0.00 right=+0.00 down=+0.15 m/s
2026-09-01 11:13:54,463 [INFO] core.navigation.centering_controller: [CENTERING] MAVI_ALTIGEN 6/200 dx=-22px dy=+27px d=0.3m ex=-0.0344 ey=+0.0563 (tol +/-0.010) alt_err=+4.42m -> fwd=-0.15 right=-0.15 down=+0.90 m/s
QGC port check failed, reporting UNKNOWN: (pid=44547)
2026-09-01 11:13:55,006 [INFO] core.navigation.centering_controller: [CENTERING] MAVI_ALTIGEN 11/200 dx=-20px dy=+18px d=0.2m ex=-0.0312 ey=+0.0375 (tol +/-0.010) alt_err=+3.94m -> fwd=-0.15 right=-0.15 down=+1.65 m/s
2026-09-01 11:13:55,089 [INFO] gz_system.main_gz: Dashboard paint loop: 0.0 FPS (main thread)
2026-09-01 11:13:55,546 [INFO] core.navigation.centering_controller: [CENTERING] MAVI_ALTIGEN 16/200 dx=-9px dy=+4px d=0.1m ex=-0.0141 ey=+0.0083 (tol +/-0.010) alt_err=+3.02m -> fwd=+0.00 right=-0.15 down=+1.51 m/s
2026-09-01 11:13:56,094 [INFO] core.navigation.centering_controller: [CENTERING] MAVI_ALTIGEN 21/200 dx=+17px dy=-31px d=0.2m ex=+0.0266 ey=-0.0646 (tol +/-0.010) alt_err=+2.28m -> fwd=+0.12 right=+0.15 down=+1.14 m/s
QGC port check failed, reporting UNKNOWN: (pid=44547)
2026-09-01 11:13:56,637 [INFO] core.navigation.centering_controller: [CENTERING] MAVI_ALTIGEN 26/200 dx=+29px dy=-19px d=0.1m ex=+0.0453 ey=-0.0396 (tol +/-0.010) alt_err=+1.62m -> fwd=+0.09 right=+0.12 down=+0.81 m/s
2026-09-01 11:13:56,856 [INFO] core.detection.vision_runtime: [VISION] detect() calisiyor -- bu karede 2 tespit: ['MAVI_ALTIGEN', 'KIRMIZI_DIKDORTGEN']
2026-09-01 11:13:57,191 [INFO] core.navigation.centering_controller: [CENTERING] MAVI_ALTIGEN 31/200 dx=+6px dy=+12px d=0.0m ex=+0.0086 ey=+0.0250 (tol +/-0.010) alt_err=+1.23m -> fwd=-0.07 right=+0.00 down=+0.62 m/s
2026-09-01 11:13:57,741 [INFO] core.navigation.centering_controller: [CENTERING] MAVI_ALTIGEN 36/200 dx=-34px dy=+32px d=0.1m ex=-0.0523 ey=+0.0677 (tol +/-0.010) alt_err=+0.88m -> fwd=-0.10 right=-0.08 down=+0.44 m/s
2026-09-01 11:13:58,290 [INFO] core.navigation.centering_controller: [CENTERING] MAVI_ALTIGEN 41/200 dx=-11px dy=+22px d=0.1m ex=-0.0172 ey=+0.0469 (tol +/-0.010) alt_err=+0.66m -> fwd=-0.07 right=-0.07 down=+0.33 m/s
QGC port check failed, reporting UNKNOWN: (pid=44547)
2026-09-01 11:13:58,841 [INFO] core.navigation.centering_controller: [CENTERING] MAVI_ALTIGEN 46/200 dx=+27px dy=+2px d=0.0m ex=+0.0422 ey=+0.0031 (tol +/-0.010) alt_err=+0.48m -> fwd=+0.00 right=+0.06 down=+0.24 m/s
2026-09-01 11:13:59,393 [INFO] core.navigation.centering_controller: [CENTERING] MAVI_ALTIGEN 51/200 dx=+42px dy=+0px d=0.1m ex=+0.0656 ey=+0.0000 (tol +/-0.010) alt_err=+0.37m -> fwd=+0.00 right=+0.10 down=+0.19 m/s
2026-09-01 11:13:59,943 [INFO] core.detection.vision_runtime: [VISION] detect() calisiyor -- bu karede 2 tespit: ['MAVI_ALTIGEN', 'KIRMIZI_DIKDORTGEN']
2026-09-01 11:13:59,945 [INFO] core.navigation.centering_controller: [CENTERING] MAVI_ALTIGEN 56/200 dx=+0px dy=+0px d=0.0m ex=+0.0000 ey=+0.0000 (tol +/-0.010) alt_err=+0.27m -> fwd=+0.00 right=+0.00 down=+0.14 m/s
2026-09-01 11:14:00,125 [INFO] gz_system.main_gz: Dashboard paint loop: 0.0 FPS (main thread)
2026-09-01 11:14:00,495 [INFO] core.navigation.centering_controller: [CENTERING] MAVI_ALTIGEN 61/200 dx=+0px dy=+0px d=0.0m ex=+0.0000 ey=+0.0000 (tol +/-0.010) alt_err=+0.22m -> fwd=+0.00 right=+0.00 down=+0.11 m/s
QGC port check failed, reporting UNKNOWN: (pid=44547)
2026-09-01 11:14:00,940 [WARNING] core.navigation.centering_controller: [LOW_ALT_OPEN_LOOP_DESCENT] MAVI_ALTIGEN: goruntu 0.64m'de kayboldu -- dondurulmus kestirime (47.3986281, 8.5460557, offset=0.0cm @ 0.64m) gore 0.45m'ye alcalmaya devam.
2026-09-01 11:14:02,151 [INFO] core.navigation.centering_controller: [LOW_ALT_OPEN_LOOP_DESCENT] MAVI_ALTIGEN: 0.500m'ye ulasildi (hedef 0.45m).
2026-09-01 11:14:02,151 [INFO] core.navigation.centering_controller: [AIM_OFFSET_APPLIED] MAVI_ALTIGEN: montaj (ileri=0.00, sag=0.04) m, yon=0.6 deg -> tutma noktasi (47.3986281, 8.5460552) olarak otelendi (kuzey +0.00, dogu -0.03 m).
QGC port check failed, reporting UNKNOWN: (pid=44547)
2026-09-01 11:14:02,807 [INFO] core.navigation.centering_controller: [MOUNT_TRANSLATE_DONE] MAVI_ALTIGEN: kalan 4.2 cm, sure 0.66 s (yakinsadi).
2026-09-01 11:14:02,807 [WARNING] core.navigation.centering_controller: [LOW_ALT_OPEN_LOOP_DESCENT] MAVI_ALTIGEN: goruntu 0.48m'de kayboldu -- dondurulmus kestirime (47.3986281, 8.5460552, offset=0.0cm @ 0.64m) gore 0.45m'ye alcalmaya devam.
2026-09-01 11:14:02,807 [INFO] core.navigation.centering_controller: [LOW_ALT_OPEN_LOOP_DESCENT] MAVI_ALTIGEN: 0.480m'ye ulasildi (hedef 0.45m).
2026-09-01 11:14:02,807 [INFO] core.navigation.centering_controller: 0.1m ileri hareket ediliyor (0.3 m/s, 0.3s)...
2026-09-01 11:14:03,026 [INFO] core.detection.vision_runtime: [VISION] detect() calisiyor -- bu karede 1 tespit: ['KIRMIZI_DIKDORTGEN']
2026-09-01 11:14:03,249 [INFO] core.mission.payload_release: [RELEASE_OFFSET] MAVI_ALTIGEN: {'shape_type': 'MAVI_ALTIGEN', 'altitude_m': 0.479, 'target_visible': False, 'best_known_offset_cm': 3.45, 'best_known_offset_alt_m': 4.996}
2026-09-01 11:14:03,249 [INFO] core.mission.payload_release: [MOUNT_VECTOR_MEASURED] MAVI_ALTIGEN: {'world_dx': 0.0532, 'world_dy': 0.0865, 'gazebo_yaw_deg': 92.17, 'body_forward_m': 0.0844, 'body_right_m': 0.0564} (uygulanan: (0.0, 0.035))
2026-09-01 11:14:03,249 [INFO] gz_system.gz_payload_actuator: Gazebo DetachableJoint tetikleniyor: /payload/detach/red
I0901 11:14:03.304786 13537914 fork_posix.cc:71] Other threads are currently calling into gRPC, skipping fork() handlers
I0901 11:14:03.358722 13537914 fork_posix.cc:71] Other threads are currently calling into gRPC, skipping fork() handlers
I0901 11:14:03.409863 13537914 fork_posix.cc:71] Other threads are currently calling into gRPC, skipping fork() handlers
I0901 11:14:03.468815 13537914 fork_posix.cc:71] Other threads are currently calling into gRPC, skipping fork() handlers
I0901 11:14:03.510043 13537914 fork_posix.cc:71] Other threads are currently calling into gRPC, skipping fork() handlers
2026-09-01 11:14:04,432 [INFO] gz_system.gz_payload_actuator: Yuk ayrildi (red), gecikme 0.000 s.
2026-09-01 11:14:04,432 [INFO] core.mission.payload_release: [PAYLOAD_RELEASED] PAYLOAD 2 RELEASED @0.48m
QGC port check failed, reporting UNKNOWN: (pid=44547)
2026-09-01 11:14:05,139 [INFO] gz_system.main_gz: Dashboard paint loop: 0.0 FPS (main thread)
2026-09-01 11:14:06,106 [INFO] core.detection.vision_runtime: [VISION] detect() calisiyor -- bu karede 1 tespit: ['KIRMIZI_DIKDORTGEN']
2026-09-01 11:14:06,436 [INFO] core.mission.payload_release: [PAYLOAD_FINAL_POSE] MAVI_ALTIGEN: x=-8.187 y=73.151 z=0.040 merkeze 5872.5 cm egim 0.1 deg (HEDEF DISINDA)
2026-09-01 11:14:06,436 [INFO] core.mission.payload_release: Doğrulama işareti aranıyor: KIRMIZI_DIKDORTGEN
2026-09-01 11:14:06,436 [INFO] core.mission.payload_release: Yük bırakma DOĞRULANDI: KIRMIZI_DIKDORTGEN tespit edildi.
2026-09-01 11:14:06,436 [INFO] core.navigation.centering_controller: 15.0m irtifasina tirmaniliyor (goruntuden bagimsiz)...
QGC port check failed, reporting UNKNOWN: (pid=44547)
QGC port check failed, reporting UNKNOWN: (pid=44547)
2026-09-01 11:14:09,167 [INFO] core.detection.vision_runtime: [VISION] detect() calisiyor -- bu karede 1 tespit: ['MAVI_ALTIGEN']
2026-09-01 11:14:10,173 [INFO] gz_system.main_gz: Dashboard paint loop: 0.0 FPS (main thread)
QGC port check failed, reporting UNKNOWN: (pid=44547)
2026-09-01 11:14:12,204 [INFO] core.detection.vision_runtime: [VISION] detect() calisiyor -- bu karede 1 tespit: ['MAVI_ALTIGEN']
QGC port check failed, reporting UNKNOWN: (pid=44547)
QGC port check failed, reporting UNKNOWN: (pid=44547)
2026-09-01 11:14:15,176 [INFO] gz_system.main_gz: Dashboard paint loop: 0.0 FPS (main thread)
2026-09-01 11:14:15,249 [INFO] core.detection.vision_runtime: [VISION] detect() calisiyor -- bu karede 1 tespit: ['MAVI_ALTIGEN']
2026-09-01 11:14:16,332 [INFO] core.mission.gorev2_fsm: PAYLOAD MISSION 2 basliyor (Kirmizi Ucgen / BLUE payload)
2026-09-01 11:14:16,332 [INFO] core.navigation.centering_controller: Kayitli GPS konumuna gidiliyor: lat=47.3983212, lon=8.5460511, alt=15.0m
QGC port check failed, reporting UNKNOWN: (pid=44547)
2026-09-01 11:14:18,306 [INFO] core.detection.vision_runtime: [VISION] detect() calisiyor -- bu karede 2 tespit: ['MAVI_ALTIGEN', 'MAVI_DIKDORTGEN']
QGC port check failed, reporting UNKNOWN: (pid=44547)
2026-09-01 11:14:20,194 [INFO] gz_system.main_gz: Dashboard paint loop: 0.0 FPS (main thread)
QGC port check failed, reporting UNKNOWN: (pid=44547)
2026-09-01 11:14:21,308 [INFO] core.detection.vision_runtime: [VISION] detect() calisiyor -- bu karede 1 tespit: ['KIRMIZI_UCGEN']
2026-09-01 11:14:21,530 [INFO] core.mission.payload_release: Yük bırakma başlatılıyor: KIRMIZI_UCGEN
2026-09-01 11:14:21,530 [INFO] core.navigation.centering_controller: KIRMIZI_UCGEN hedefine merkezleniyor (irtifa hedefi: 10.0m, irtifa bandi +/-0.30m)...
2026-09-01 11:14:21,531 [INFO] core.navigation.centering_controller: [CENTERING] KIRMIZI_UCGEN 1/200 dx=+28px dy=-152px d=4.3m ex=+0.0437 ey=-0.3167 (tol +/-0.010) alt_err=+5.01m -> fwd=+0.15 right=+0.15 down=+0.15 m/s
2026-09-01 11:14:22,086 [INFO] core.navigation.centering_controller: [CENTERING] KIRMIZI_UCGEN 6/200 dx=+19px dy=-53px d=1.6m ex=+0.0297 ey=-0.1104 (tol +/-0.010) alt_err=+4.90m -> fwd=+0.17 right=+0.15 down=+0.90 m/s
2026-09-01 11:14:22,641 [INFO] core.navigation.centering_controller: [CENTERING] KIRMIZI_UCGEN 11/200 dx=+16px dy=-32px d=0.9m ex=+0.0250 ey=-0.0667 (tol +/-0.010) alt_err=+4.29m -> fwd=+0.15 right=+0.15 down=+1.65 m/s
QGC port check failed, reporting UNKNOWN: (pid=44547)
2026-09-01 11:14:23,201 [INFO] core.navigation.centering_controller: [CENTERING] KIRMIZI_UCGEN 16/200 dx=+11px dy=-31px d=0.8m ex=+0.0172 ey=-0.0646 (tol +/-0.010) alt_err=+3.32m -> fwd=+0.15 right=+0.15 down=+1.67 m/s
2026-09-01 11:14:23,755 [INFO] core.navigation.centering_controller: [CENTERING] KIRMIZI_UCGEN 21/200 dx=+7px dy=-26px d=0.6m ex=+0.0109 ey=-0.0542 (tol +/-0.010) alt_err=+2.53m -> fwd=+0.15 right=+0.15 down=+1.27 m/s
2026-09-01 11:14:24,308 [INFO] core.navigation.centering_controller: [CENTERING] KIRMIZI_UCGEN 26/200 dx=-10px dy=-18px d=0.4m ex=-0.0156 ey=-0.0375 (tol +/-0.010) alt_err=+1.76m -> fwd=+0.15 right=-0.15 down=+0.88 m/s
2026-09-01 11:14:24,421 [INFO] core.detection.vision_runtime: [VISION] detect() calisiyor -- bu karede 2 tespit: ['KIRMIZI_UCGEN', 'KIRMIZI_DIKDORTGEN']
QGC port check failed, reporting UNKNOWN: (pid=44547)
2026-09-01 11:14:24,864 [INFO] core.navigation.centering_controller: [CENTERING] KIRMIZI_UCGEN 31/200 dx=-10px dy=-9px d=0.3m ex=-0.0156 ey=-0.0187 (tol +/-0.010) alt_err=+1.32m -> fwd=+0.15 right=-0.15 down=+0.66 m/s
2026-09-01 11:14:25,213 [INFO] gz_system.main_gz: Dashboard paint loop: 0.0 FPS (main thread)
2026-09-01 11:14:25,421 [INFO] core.navigation.centering_controller: [CENTERING] KIRMIZI_UCGEN 36/200 dx=+11px dy=+9px d=0.3m ex=+0.0172 ey=+0.0187 (tol +/-0.010) alt_err=+0.92m -> fwd=-0.15 right=+0.15 down=+0.46 m/s
2026-09-01 11:14:25,973 [INFO] core.navigation.centering_controller: [CENTERING] KIRMIZI_UCGEN 41/200 dx=+18px dy=+31px d=0.7m ex=+0.0281 ey=+0.0646 (tol +/-0.010) alt_err=+0.69m -> fwd=-0.15 right=+0.15 down=+0.35 m/s
2026-09-01 11:14:26,526 [INFO] core.navigation.centering_controller: [CENTERING] KIRMIZI_UCGEN 46/200 dx=+4px dy=+26px d=0.5m ex=+0.0063 ey=+0.0542 (tol +/-0.010) alt_err=+0.49m -> fwd=-0.15 right=+0.00 down=+0.25 m/s
QGC port check failed, reporting UNKNOWN: (pid=44547)
2026-09-01 11:14:27,083 [INFO] core.navigation.centering_controller: [CENTERING] KIRMIZI_UCGEN 51/200 dx=-19px dy=+28px d=0.7m ex=-0.0297 ey=+0.0583 (tol +/-0.010) alt_err=+0.37m -> fwd=-0.15 right=-0.15 down=+0.19 m/s
2026-09-01 11:14:27,525 [INFO] core.detection.vision_runtime: [VISION] detect() calisiyor -- bu karede 2 tespit: ['KIRMIZI_UCGEN', 'KIRMIZI_DIKDORTGEN']
2026-09-01 11:14:27,636 [INFO] core.navigation.centering_controller: [CENTERING] KIRMIZI_UCGEN 56/200 dx=-9px dy=+33px d=0.7m ex=-0.0141 ey=+0.0688 (tol +/-0.010) alt_err=+0.27m -> fwd=-0.15 right=-0.15 down=+0.14 m/s
2026-09-01 11:14:28,190 [INFO] core.navigation.centering_controller: [CENTERING] KIRMIZI_UCGEN 61/200 dx=+11px dy=+37px d=0.7m ex=+0.0172 ey=+0.0771 (tol +/-0.010) alt_err=+0.22m -> fwd=-0.15 right=+0.15 down=+0.11 m/s
QGC port check failed, reporting UNKNOWN: (pid=44547)
2026-09-01 11:14:28,743 [INFO] core.navigation.centering_controller: [CENTERING] KIRMIZI_UCGEN 66/200 dx=+13px dy=+40px d=0.8m ex=+0.0203 ey=+0.0833 (tol +/-0.010) alt_err=+0.17m -> fwd=-0.15 right=+0.15 down=+0.09 m/s
2026-09-01 11:14:29,297 [INFO] core.navigation.centering_controller: [CENTERING] KIRMIZI_UCGEN 71/200 dx=-6px dy=+43px d=0.8m ex=-0.0094 ey=+0.0896 (tol +/-0.010) alt_err=+0.12m -> fwd=-0.15 right=+0.00 down=+0.06 m/s
2026-09-01 11:14:29,855 [INFO] core.navigation.centering_controller: [CENTERING] KIRMIZI_UCGEN 76/200 dx=-23px dy=+43px d=0.9m ex=-0.0359 ey=+0.0896 (tol +/-0.010) alt_err=+0.08m -> fwd=-0.15 right=-0.15 down=+0.04 m/s
2026-09-01 11:14:30,217 [INFO] gz_system.main_gz: Dashboard paint loop: 0.0 FPS (main thread)
2026-09-01 11:14:30,412 [INFO] core.navigation.centering_controller: [CENTERING] KIRMIZI_UCGEN 81/200 dx=-10px dy=+43px d=0.8m ex=-0.0156 ey=+0.0896 (tol +/-0.010) alt_err=+0.06m -> fwd=-0.15 right=-0.15 down=+0.03 m/s
2026-09-01 11:14:30,634 [INFO] core.detection.vision_runtime: [VISION] detect() calisiyor -- bu karede 2 tespit: ['KIRMIZI_UCGEN', 'KIRMIZI_DIKDORTGEN']
QGC port check failed, reporting UNKNOWN: (pid=44547)
2026-09-01 11:14:30,968 [INFO] core.navigation.centering_controller: [CENTERING] KIRMIZI_UCGEN 86/200 dx=+8px dy=+43px d=0.8m ex=+0.0125 ey=+0.0896 (tol +/-0.010) alt_err=+0.05m -> fwd=-0.15 right=+0.15 down=+0.02 m/s
2026-09-01 11:14:31,524 [INFO] core.navigation.centering_controller: [CENTERING] KIRMIZI_UCGEN 91/200 dx=+17px dy=+43px d=0.9m ex=+0.0266 ey=+0.0896 (tol +/-0.010) alt_err=+0.04m -> fwd=-0.15 right=+0.15 down=+0.02 m/s
2026-09-01 11:14:32,077 [INFO] core.navigation.centering_controller: [CENTERING] KIRMIZI_UCGEN 96/200 dx=-6px dy=+42px d=0.8m ex=-0.0094 ey=+0.0875 (tol +/-0.010) alt_err=+0.02m -> fwd=-0.15 right=+0.00 down=+0.01 m/s
2026-09-01 11:14:32,632 [INFO] core.navigation.centering_controller: [CENTERING] KIRMIZI_UCGEN 101/200 dx=-22px dy=+41px d=0.9m ex=-0.0344 ey=+0.0854 (tol +/-0.010) alt_err=+0.01m -> fwd=-0.15 right=-0.15 down=+0.01 m/s
QGC port check failed, reporting UNKNOWN: (pid=44547)
2026-09-01 11:14:33,187 [INFO] core.navigation.centering_controller: [CENTERING] KIRMIZI_UCGEN 106/200 dx=-9px dy=+40px d=0.8m ex=-0.0141 ey=+0.0833 (tol +/-0.010) alt_err=+0.01m -> fwd=-0.15 right=-0.15 down=+0.00 m/s
2026-09-01 11:14:33,738 [INFO] core.detection.vision_runtime: [VISION] detect() calisiyor -- bu karede 2 tespit: ['KIRMIZI_UCGEN', 'KIRMIZI_DIKDORTGEN']
2026-09-01 11:14:33,739 [INFO] core.navigation.centering_controller: [CENTERING] KIRMIZI_UCGEN 111/200 dx=+11px dy=+37px d=0.7m ex=+0.0172 ey=+0.0771 (tol +/-0.010) alt_err=+0.00m -> fwd=-0.15 right=+0.15 down=+0.00 m/s
2026-09-01 11:14:34,294 [INFO] core.navigation.centering_controller: [CENTERING] KIRMIZI_UCGEN 116/200 dx=+14px dy=+35px d=0.7m ex=+0.0219 ey=+0.0729 (tol +/-0.010) alt_err=+0.01m -> fwd=-0.15 right=+0.15 down=+0.00 m/s
QGC port check failed, reporting UNKNOWN: (pid=44547)
2026-09-01 11:14:34,846 [INFO] core.navigation.centering_controller: [CENTERING] KIRMIZI_UCGEN 121/200 dx=-6px dy=+32px d=0.6m ex=-0.0094 ey=+0.0667 (tol +/-0.010) alt_err=+0.01m -> fwd=-0.15 right=+0.00 down=+0.01 m/s
2026-09-01 11:14:35,240 [INFO] gz_system.main_gz: Dashboard paint loop: 0.0 FPS (main thread)
2026-09-01 11:14:35,403 [INFO] core.navigation.centering_controller: [CENTERING] KIRMIZI_UCGEN 126/200 dx=-22px dy=+28px d=0.7m ex=-0.0344 ey=+0.0583 (tol +/-0.010) alt_err=+0.01m -> fwd=-0.15 right=-0.15 down=+0.01 m/s
2026-09-01 11:14:35,956 [INFO] core.navigation.centering_controller: [CENTERING] KIRMIZI_UCGEN 131/200 dx=-8px dy=+25px d=0.5m ex=-0.0125 ey=+0.0521 (tol +/-0.010) alt_err=+0.01m -> fwd=-0.15 right=-0.15 down=+0.00 m/s
2026-09-01 11:14:36,511 [INFO] core.navigation.centering_controller: [CENTERING] KIRMIZI_UCGEN 136/200 dx=+11px dy=+21px d=0.4m ex=+0.0172 ey=+0.0437 (tol +/-0.010) alt_err=+0.00m -> fwd=-0.15 right=+0.15 down=+0.00 m/s
QGC port check failed, reporting UNKNOWN: (pid=44547)
2026-09-01 11:14:36,852 [INFO] core.detection.vision_runtime: [VISION] detect() calisiyor -- bu karede 2 tespit: ['KIRMIZI_UCGEN', 'KIRMIZI_DIKDORTGEN']
2026-09-01 11:14:37,077 [INFO] core.navigation.centering_controller: [CENTERING] KIRMIZI_UCGEN 141/200 dx=+15px dy=+16px d=0.4m ex=+0.0234 ey=+0.0333 (tol +/-0.010) alt_err=+0.00m -> fwd=-0.15 right=+0.15 down=+0.00 m/s
2026-09-01 11:14:37,631 [INFO] core.navigation.centering_controller: [CENTERING] KIRMIZI_UCGEN 146/200 dx=-4px dy=+12px d=0.2m ex=-0.0063 ey=+0.0250 (tol +/-0.010) alt_err=-0.00m -> fwd=-0.15 right=+0.00 down=-0.00 m/s
2026-09-01 11:14:38,187 [INFO] core.navigation.centering_controller: [CENTERING] KIRMIZI_UCGEN 151/200 dx=-20px dy=+8px d=0.4m ex=-0.0312 ey=+0.0167 (tol +/-0.010) alt_err=-0.01m -> fwd=-0.15 right=-0.15 down=-0.01 m/s
QGC port check failed, reporting UNKNOWN: (pid=44547)
2026-09-01 11:14:38,740 [INFO] core.navigation.centering_controller: Merkezleme tamamlandi. (attempt 156/200, dx=-5px dy=+4px ex=-0.0078 ey=+0.0083 alt_err=-0.01m)
2026-09-01 11:14:38,741 [INFO] core.navigation.centering_controller: KIRMIZI_UCGEN hedefine merkezleniyor (irtifa hedefi: 5.0m, irtifa bandi +/-0.30m)...
2026-09-01 11:14:38,742 [INFO] core.navigation.centering_controller: [CENTERING] KIRMIZI_UCGEN 1/200 dx=-5px dy=+4px d=0.1m ex=-0.0078 ey=+0.0083 (tol +/-0.010) alt_err=+4.99m -> fwd=+0.00 right=+0.00 down=+0.15 m/s
2026-09-01 11:14:39,294 [INFO] core.navigation.centering_controller: [CENTERING] KIRMIZI_UCGEN 6/200 dx=+17px dy=-22px d=0.5m ex=+0.0266 ey=-0.0458 (tol +/-0.010) alt_err=+4.84m -> fwd=+0.15 right=+0.15 down=+0.90 m/s
2026-09-01 11:14:39,844 [INFO] core.navigation.centering_controller: [CENTERING] KIRMIZI_UCGEN 11/200 dx=+13px dy=-13px d=0.3m ex=+0.0203 ey=-0.0271 (tol +/-0.010) alt_err=+4.33m -> fwd=+0.15 right=+0.15 down=+1.65 m/s
2026-09-01 11:14:39,951 [INFO] core.detection.vision_runtime: [VISION] detect() calisiyor -- bu karede 1 tespit: ['KIRMIZI_UCGEN']
2026-09-01 11:14:40,246 [INFO] gz_system.main_gz: Dashboard paint loop: 0.0 FPS (main thread)
2026-09-01 11:14:40,394 [INFO] core.navigation.centering_controller: [CENTERING] KIRMIZI_UCGEN 16/200 dx=-5px dy=+0px d=0.1m ex=-0.0078 ey=+0.0000 (tol +/-0.010) alt_err=+3.54m -> fwd=+0.00 right=+0.00 down=+1.77 m/s
QGC port check failed, reporting UNKNOWN: (pid=44547)
2026-09-01 11:14:40,940 [INFO] core.navigation.centering_controller: [CENTERING] KIRMIZI_UCGEN 21/200 dx=-22px dy=+25px d=0.5m ex=-0.0344 ey=+0.0521 (tol +/-0.010) alt_err=+2.62m -> fwd=-0.15 right=-0.15 down=+1.31 m/s
2026-09-01 11:14:41,488 [INFO] core.navigation.centering_controller: [CENTERING] KIRMIZI_UCGEN 26/200 dx=-9px dy=+13px d=0.2m ex=-0.0141 ey=+0.0271 (tol +/-0.010) alt_err=+1.97m -> fwd=-0.15 right=-0.15 down=+0.99 m/s
2026-09-01 11:14:42,037 [INFO] core.navigation.centering_controller: [CENTERING] KIRMIZI_UCGEN 31/200 dx=+13px dy=+0px d=0.2m ex=+0.0203 ey=+0.0000 (tol +/-0.010) alt_err=+1.41m -> fwd=+0.00 right=+0.15 down=+0.71 m/s
2026-09-01 11:14:42,587 [INFO] core.navigation.centering_controller: [CENTERING] KIRMIZI_UCGEN 36/200 dx=+20px dy=-24px d=0.4m ex=+0.0312 ey=-0.0500 (tol +/-0.010) alt_err=+1.08m -> fwd=+0.15 right=+0.15 down=+0.54 m/s
QGC port check failed, reporting UNKNOWN: (pid=44547)
2026-09-01 11:14:43,025 [INFO] core.detection.vision_runtime: [VISION] detect() calisiyor -- bu karede 1 tespit: ['KIRMIZI_UCGEN']
2026-09-01 11:14:43,135 [INFO] core.navigation.centering_controller: [CENTERING] KIRMIZI_UCGEN 41/200 dx=+7px dy=-8px d=0.1m ex=+0.0109 ey=-0.0167 (tol +/-0.010) alt_err=+0.77m -> fwd=+0.15 right=+0.15 down=+0.38 m/s
2026-09-01 11:14:43,682 [INFO] core.navigation.centering_controller: [CENTERING] KIRMIZI_UCGEN 46/200 dx=-14px dy=+14px d=0.2m ex=-0.0219 ey=+0.0292 (tol +/-0.010) alt_err=+0.59m -> fwd=-0.15 right=-0.15 down=+0.29 m/s
2026-09-01 11:14:44,232 [INFO] core.navigation.centering_controller: [CENTERING] KIRMIZI_UCGEN 51/200 dx=-17px dy=+22px d=0.3m ex=-0.0266 ey=+0.0458 (tol +/-0.010) alt_err=+0.43m -> fwd=-0.15 right=-0.15 down=+0.22 m/s
QGC port check failed, reporting UNKNOWN: (pid=44547)
2026-09-01 11:14:44,781 [INFO] core.navigation.centering_controller: [CENTERING] KIRMIZI_UCGEN 56/200 dx=-2px dy=+8px d=0.1m ex=-0.0031 ey=+0.0167 (tol +/-0.010) alt_err=+0.34m -> fwd=-0.15 right=+0.00 down=+0.17 m/s
2026-09-01 11:14:45,267 [INFO] gz_system.main_gz: Dashboard paint loop: 0.0 FPS (main thread)
2026-09-01 11:14:45,329 [INFO] core.navigation.centering_controller: [CENTERING] KIRMIZI_UCGEN 61/200 dx=+25px dy=-12px d=0.3m ex=+0.0391 ey=-0.0250 (tol +/-0.010) alt_err=+0.26m -> fwd=+0.15 right=+0.15 down=+0.13 m/s
2026-09-01 11:14:45,875 [INFO] core.navigation.centering_controller: [CENTERING] KIRMIZI_UCGEN 66/200 dx=+9px dy=-19px d=0.2m ex=+0.0141 ey=-0.0396 (tol +/-0.010) alt_err=+0.22m -> fwd=+0.15 right=+0.15 down=+0.11 m/s
2026-09-01 11:14:46,095 [INFO] core.detection.vision_runtime: [VISION] detect() calisiyor -- bu karede 1 tespit: ['KIRMIZI_UCGEN']
2026-09-01 11:14:46,425 [INFO] core.navigation.centering_controller: [CENTERING] KIRMIZI_UCGEN 71/200 dx=-15px dy=-5px d=0.2m ex=-0.0234 ey=-0.0104 (tol +/-0.010) alt_err=+0.16m -> fwd=+0.15 right=-0.15 down=+0.08 m/s
QGC port check failed, reporting UNKNOWN: (pid=44547)
2026-09-01 11:14:46,971 [INFO] core.navigation.centering_controller: [CENTERING] KIRMIZI_UCGEN 76/200 dx=-19px dy=+22px d=0.3m ex=-0.0297 ey=+0.0458 (tol +/-0.010) alt_err=+0.12m -> fwd=-0.15 right=-0.15 down=+0.06 m/s
2026-09-01 11:14:47,519 [INFO] core.navigation.centering_controller: [CENTERING] KIRMIZI_UCGEN 81/200 dx=+5px dy=+18px d=0.2m ex=+0.0078 ey=+0.0375 (tol +/-0.010) alt_err=+0.08m -> fwd=-0.15 right=+0.00 down=+0.04 m/s
2026-09-01 11:14:48,067 [INFO] core.navigation.centering_controller: [CENTERING] KIRMIZI_UCGEN 86/200 dx=+25px dy=+4px d=0.2m ex=+0.0391 ey=+0.0083 (tol +/-0.010) alt_err=+0.07m -> fwd=+0.00 right=+0.15 down=+0.03 m/s
2026-09-01 11:14:48,618 [INFO] core.navigation.centering_controller: [CENTERING] KIRMIZI_UCGEN 91/200 dx=+7px dy=-25px d=0.2m ex=+0.0109 ey=-0.0521 (tol +/-0.010) alt_err=+0.04m -> fwd=+0.15 right=+0.15 down=+0.02 m/s
QGC port check failed, reporting UNKNOWN: (pid=44547)
2026-09-01 11:14:49,164 [INFO] core.detection.vision_runtime: [VISION] detect() calisiyor -- bu karede 1 tespit: ['KIRMIZI_UCGEN']
2026-09-01 11:14:49,165 [INFO] core.navigation.centering_controller: [CENTERING] KIRMIZI_UCGEN 96/200 dx=-23px dy=-12px d=0.2m ex=-0.0359 ey=-0.0250 (tol +/-0.010) alt_err=+0.03m -> fwd=+0.15 right=-0.15 down=+0.02 m/s
2026-09-01 11:14:49,714 [INFO] core.navigation.centering_controller: [CENTERING] KIRMIZI_UCGEN 101/200 dx=-15px dy=+6px d=0.2m ex=-0.0234 ey=+0.0125 (tol +/-0.010) alt_err=+0.03m -> fwd=-0.15 right=-0.15 down=+0.01 m/s
2026-09-01 11:14:50,261 [INFO] core.navigation.centering_controller: [CENTERING] KIRMIZI_UCGEN 106/200 dx=+7px dy=+25px d=0.2m ex=+0.0109 ey=+0.0521 (tol +/-0.010) alt_err=+0.02m -> fwd=-0.15 right=+0.15 down=+0.01 m/s
2026-09-01 11:14:50,295 [INFO] gz_system.main_gz: Dashboard paint loop: 0.0 FPS (main thread)
QGC port check failed, reporting UNKNOWN: (pid=44547)
2026-09-01 11:14:50,809 [INFO] core.navigation.centering_controller: [CENTERING] KIRMIZI_UCGEN 111/200 dx=+24px dy=+9px d=0.2m ex=+0.0375 ey=+0.0187 (tol +/-0.010) alt_err=+0.00m -> fwd=-0.15 right=+0.15 down=+0.00 m/s
2026-09-01 11:14:51,357 [INFO] core.navigation.centering_controller: [CENTERING] KIRMIZI_UCGEN 116/200 dx=+7px dy=-8px d=0.1m ex=+0.0109 ey=-0.0167 (tol +/-0.010) alt_err=-0.00m -> fwd=+0.15 right=+0.15 down=-0.00 m/s
2026-09-01 11:14:51,904 [INFO] core.navigation.centering_controller: [CENTERING] KIRMIZI_UCGEN 121/200 dx=-13px dy=-27px d=0.3m ex=-0.0203 ey=-0.0563 (tol +/-0.010) alt_err=-0.00m -> fwd=+0.15 right=-0.15 down=-0.00 m/s
2026-09-01 11:14:52,231 [INFO] core.detection.vision_runtime: [VISION] detect() calisiyor -- bu karede 1 tespit: ['KIRMIZI_UCGEN']
2026-09-01 11:14:52,452 [INFO] core.navigation.centering_controller: [CENTERING] KIRMIZI_UCGEN 126/200 dx=-14px dy=-11px d=0.2m ex=-0.0219 ey=-0.0229 (tol +/-0.010) alt_err=-0.01m -> fwd=+0.15 right=-0.15 down=-0.00 m/s
QGC port check failed, reporting UNKNOWN: (pid=44547)
2026-09-01 11:14:52,780 [INFO] core.navigation.centering_controller: Merkezleme tamamlandi. (attempt 129/200, dx=-5px dy=-3px ex=-0.0078 ey=-0.0063 alt_err=-0.01m)
2026-09-01 11:14:52,781 [INFO] core.navigation.centering_controller: KIRMIZI_UCGEN hedefine merkezleniyor (irtifa hedefi: 0.45m, irtifa bandi +/-0.05m)...
2026-09-01 11:14:52,782 [INFO] core.navigation.centering_controller: [CENTERING] KIRMIZI_UCGEN 1/200 dx=-5px dy=-3px d=0.1m ex=-0.0078 ey=-0.0063 (tol +/-0.010) alt_err=+4.54m -> fwd=+0.00 right=+0.00 down=+0.15 m/s
2026-09-01 11:14:53,327 [INFO] core.navigation.centering_controller: [CENTERING] KIRMIZI_UCGEN 6/200 dx=+29px dy=+26px d=0.4m ex=+0.0453 ey=+0.0542 (tol +/-0.010) alt_err=+4.42m -> fwd=-0.15 right=+0.15 down=+0.90 m/s
2026-09-01 11:14:53,875 [INFO] core.navigation.centering_controller: [CENTERING] KIRMIZI_UCGEN 11/200 dx=+21px dy=+20px d=0.2m ex=+0.0328 ey=+0.0417 (tol +/-0.010) alt_err=+3.92m -> fwd=-0.15 right=+0.15 down=+1.65 m/s
2026-09-01 11:14:54,422 [INFO] core.navigation.centering_controller: [CENTERING] KIRMIZI_UCGEN 16/200 dx=+6px dy=+8px d=0.1m ex=+0.0094 ey=+0.0167 (tol +/-0.010) alt_err=+2.99m -> fwd=-0.15 right=+0.00 down=+1.50 m/s
QGC port check failed, reporting UNKNOWN: (pid=44547)
2026-09-01 11:14:54,974 [INFO] core.navigation.centering_controller: [CENTERING] KIRMIZI_UCGEN 21/200 dx=-27px dy=-17px d=0.2m ex=-0.0422 ey=-0.0354 (tol +/-0.010) alt_err=+2.25m -> fwd=+0.12 right=-0.15 down=+1.12 m/s
2026-09-01 11:14:55,297 [INFO] gz_system.main_gz: Dashboard paint loop: 0.0 FPS (main thread)
2026-09-01 11:14:55,300 [INFO] core.detection.vision_runtime: [VISION] detect() calisiyor -- bu karede 1 tespit: ['KIRMIZI_UCGEN']
2026-09-01 11:14:55,520 [INFO] core.navigation.centering_controller: [CENTERING] KIRMIZI_UCGEN 26/200 dx=-12px dy=-24px d=0.1m ex=-0.0187 ey=-0.0500 (tol +/-0.010) alt_err=+1.59m -> fwd=+0.09 right=-0.12 down=+0.80 m/s
2026-09-01 11:14:56,067 [INFO] core.navigation.centering_controller: [CENTERING] KIRMIZI_UCGEN 31/200 dx=+26px dy=+52px d=0.2m ex=+0.0414 ey=+0.1083 (tol +/-0.010) alt_err=+1.21m -> fwd=-0.16 right=+0.10 down=+0.61 m/s
2026-09-01 11:14:56,617 [INFO] core.navigation.centering_controller: [CENTERING] KIRMIZI_UCGEN 36/200 dx=+28px dy=+57px d=0.2m ex=+0.0430 ey=+0.1187 (tol +/-0.010) alt_err=+0.87m -> fwd=-0.18 right=+0.08 down=+0.43 m/s
QGC port check failed, reporting UNKNOWN: (pid=44547)
2026-09-01 11:14:57,169 [INFO] core.navigation.centering_controller: [CENTERING] KIRMIZI_UCGEN 41/200 dx=+8px dy=+16px d=0.0m ex=+0.0133 ey=+0.0323 (tol +/-0.010) alt_err=+0.66m -> fwd=-0.05 right=+0.07 down=+0.33 m/s
2026-09-01 11:14:57,717 [INFO] core.navigation.centering_controller: [CENTERING] KIRMIZI_UCGEN 46/200 dx=-18px dy=-34px d=0.1m ex=-0.0273 ey=-0.0719 (tol +/-0.010) alt_err=+0.48m -> fwd=+0.11 right=-0.05 down=+0.24 m/s
2026-09-01 11:14:58,266 [INFO] core.navigation.centering_controller: [CENTERING] KIRMIZI_UCGEN 51/200 dx=-26px dy=-50px d=0.1m ex=-0.0414 ey=-0.1042 (tol +/-0.010) alt_err=+0.37m -> fwd=+0.16 right=-0.06 down=+0.19 m/s
2026-09-01 11:14:58,375 [INFO] core.detection.vision_runtime: [VISION] detect() calisiyor -- bu karede 1 tespit: ['KIRMIZI_UCGEN']
QGC port check failed, reporting UNKNOWN: (pid=44547)
2026-09-01 11:14:58,816 [INFO] core.navigation.centering_controller: [CENTERING] KIRMIZI_UCGEN 56/200 dx=-10px dy=-10px d=0.0m ex=-0.0148 ey=-0.0208 (tol +/-0.010) alt_err=+0.29m -> fwd=+0.03 right=-0.04 down=+0.15 m/s
2026-09-01 11:14:59,365 [INFO] core.navigation.centering_controller: [CENTERING] KIRMIZI_UCGEN 61/200 dx=+11px dy=+35px d=0.0m ex=+0.0172 ey=+0.0729 (tol +/-0.010) alt_err=+0.23m -> fwd=-0.11 right=+0.04 down=+0.12 m/s
2026-09-01 11:14:59,913 [INFO] core.navigation.centering_controller: [CENTERING] KIRMIZI_UCGEN 66/200 dx=+11px dy=+29px d=0.0m ex=+0.0172 ey=+0.0604 (tol +/-0.010) alt_err=+0.16m -> fwd=-0.09 right=+0.04 down=+0.08 m/s
2026-09-01 11:15:00,330 [INFO] gz_system.main_gz: Dashboard paint loop: 0.0 FPS (main thread)
2026-09-01 11:15:00,461 [INFO] core.navigation.centering_controller: [CENTERING] KIRMIZI_UCGEN 71/200 dx=-10px dy=-30px d=0.0m ex=-0.0164 ey=-0.0615 (tol +/-0.010) alt_err=+0.12m -> fwd=+0.09 right=-0.03 down=+0.06 m/s
QGC port check failed, reporting UNKNOWN: (pid=46310)
2026-09-01 11:15:01,015 [INFO] core.navigation.centering_controller: [CENTERING] KIRMIZI_UCGEN 76/200 dx=-18px dy=-58px d=0.1m ex=-0.0273 ey=-0.1198 (tol +/-0.010) alt_err=+0.09m -> fwd=+0.18 right=-0.04 down=+0.05 m/s
2026-09-01 11:15:01,451 [INFO] core.detection.vision_runtime: [VISION] detect() calisiyor -- bu karede 1 tespit: ['KIRMIZI_UCGEN']
2026-09-01 11:15:01,562 [INFO] core.navigation.centering_controller: [CENTERING] KIRMIZI_UCGEN 81/200 dx=+8px dy=+11px d=0.0m ex=+0.0133 ey=+0.0229 (tol +/-0.010) alt_err=+0.08m -> fwd=-0.03 right=+0.03 down=+0.04 m/s
2026-09-01 11:15:02,111 [INFO] core.navigation.centering_controller: [CENTERING] KIRMIZI_UCGEN 86/200 dx=+38px dy=+79px d=0.1m ex=+0.0586 ey=+0.1646 (tol +/-0.010) alt_err=+0.07m -> fwd=-0.25 right=+0.09 down=+0.04 m/s
2026-09-01 11:15:02,663 [INFO] core.navigation.centering_controller: [CENTERING] KIRMIZI_UCGEN 91/200 dx=+32px dy=+27px d=0.0m ex=+0.0492 ey=+0.0563 (tol +/-0.010) alt_err=+0.06m -> fwd=-0.08 right=+0.07 down=+0.03 m/s
QGC port check failed, reporting UNKNOWN: (pid=46310)
2026-09-01 11:15:03,209 [INFO] core.navigation.centering_controller: [CENTERING] KIRMIZI_UCGEN 96/200 dx=-19px dy=-82px d=0.1m ex=-0.0297 ey=-0.1698 (tol +/-0.010) alt_err=+0.05m -> fwd=+0.25 right=-0.04 down=+0.02 m/s
2026-09-01 11:15:03,757 [INFO] core.navigation.centering_controller: [CENTERING] KIRMIZI_UCGEN 101/200 dx=-43px dy=-68px d=0.1m ex=-0.0672 ey=-0.1427 (tol +/-0.010) alt_err=+0.04m -> fwd=+0.21 right=-0.10 down=+0.02 m/s
2026-09-01 11:15:04,308 [INFO] core.navigation.centering_controller: [CENTERING] KIRMIZI_UCGEN 106/200 dx=-7px dy=+34px d=0.0m ex=-0.0109 ey=+0.0719 (tol +/-0.010) alt_err=+0.03m -> fwd=-0.11 right=-0.03 down=+0.02 m/s
2026-09-01 11:15:04,526 [INFO] core.detection.vision_runtime: [VISION] detect() calisiyor -- bu karede 1 tespit: ['KIRMIZI_UCGEN']
QGC port check failed, reporting UNKNOWN: (pid=46310)
2026-09-01 11:15:04,854 [INFO] core.navigation.centering_controller: [CENTERING] KIRMIZI_UCGEN 111/200 dx=+38px dy=+66px d=0.1m ex=+0.0586 ey=+0.1365 (tol +/-0.010) alt_err=+0.03m -> fwd=-0.20 right=+0.09 down=+0.02 m/s
2026-09-01 11:15:05,354 [INFO] gz_system.main_gz: Dashboard paint loop: 0.0 FPS (main thread)
2026-09-01 11:15:05,405 [INFO] core.navigation.centering_controller: [CENTERING] KIRMIZI_UCGEN 116/200 dx=+10px dy=+8px d=0.0m ex=+0.0156 ey=+0.0167 (tol +/-0.010) alt_err=+0.02m -> fwd=-0.03 right=+0.03 down=+0.01 m/s
2026-09-01 11:15:05,515 [INFO] core.navigation.centering_controller: Merkezleme tamamlandi. (attempt 117/200, dx=-6px dy=+0px ex=-0.0086 ey=+0.0000 alt_err=+0.02m)
2026-09-01 11:15:05,517 [INFO] core.navigation.centering_controller: [AIM_OFFSET_APPLIED] KIRMIZI_UCGEN: montaj (ileri=0.00, sag=-0.04) m, yon=0.8 deg -> tutma noktasi (47.3983210, 8.5460509) olarak otelendi (kuzey -0.00, dogu +0.03 m).
QGC port check failed, reporting UNKNOWN: (pid=46310)
2026-09-01 11:15:07,171 [INFO] core.navigation.centering_controller: [MOUNT_TRANSLATE_DONE] KIRMIZI_UCGEN: kalan 3.0 cm, sure 1.65 s (yakinsadi).
2026-09-01 11:15:07,171 [WARNING] core.navigation.centering_controller: [LOW_ALT_OPEN_LOOP_DESCENT] KIRMIZI_UCGEN: goruntu 0.46m'de kayboldu -- dondurulmus kestirime (47.3983210, 8.5460509, offset=0.5cm @ 0.47m) gore 0.45m'ye alcalmaya devam.
2026-09-01 11:15:07,171 [INFO] core.navigation.centering_controller: [LOW_ALT_OPEN_LOOP_DESCENT] KIRMIZI_UCGEN: 0.456m'ye ulasildi (hedef 0.45m).
2026-09-01 11:15:07,171 [INFO] core.navigation.centering_controller: 0.1m ileri hareket ediliyor (0.3 m/s, 0.3s)...
2026-09-01 11:15:07,608 [INFO] core.detection.vision_runtime: [VISION] detect() calisiyor -- bu karede 1 tespit: ['KIRMIZI_UCGEN']
2026-09-01 11:15:07,609 [INFO] core.mission.payload_release: [RELEASE_OFFSET] KIRMIZI_UCGEN: {'shape_type': 'KIRMIZI_UCGEN', 'altitude_m': 0.453, 'target_visible': True, 'best_known_offset_cm': 10.48, 'best_known_offset_alt_m': 0.456, 'dx_cm': 7.61, 'dy_cm': -7.55, 'offset_cm': 10.72}
2026-09-01 11:15:07,609 [INFO] core.mission.payload_release: [MOUNT_VECTOR_MEASURED] KIRMIZI_UCGEN: {'world_dx': -0.0344, 'world_dy': 0.0012, 'gazebo_yaw_deg': 89.35, 'body_forward_m': 0.0008, 'body_right_m': -0.0344} (uygulanan: (0.0, -0.035))
2026-09-01 11:15:07,609 [INFO] gz_system.gz_payload_actuator: Gazebo DetachableJoint tetikleniyor: /payload/detach/blue
I0901 11:15:07.609608 13537914 fork_posix.cc:71] Other threads are currently calling into gRPC, skipping fork() handlers
I0901 11:15:07.663065 13537914 fork_posix.cc:71] Other threads are currently calling into gRPC, skipping fork() handlers
I0901 11:15:07.719341 13537914 fork_posix.cc:71] Other threads are currently calling into gRPC, skipping fork() handlers
I0901 11:15:07.764053 13537914 fork_posix.cc:71] Other threads are currently calling into gRPC, skipping fork() handlers
I0901 11:15:07.813377 13537914 fork_posix.cc:71] Other threads are currently calling into gRPC, skipping fork() handlers
QGC port check failed, reporting UNKNOWN: (pid=46310)
2026-09-01 11:15:08,731 [INFO] gz_system.gz_payload_actuator: Yuk ayrildi (blue), gecikme 1.095 s.
2026-09-01 11:15:08,731 [INFO] core.mission.payload_release: [PAYLOAD_RELEASED] PAYLOAD 3 RELEASED @0.45m
2026-09-01 11:15:10,363 [INFO] gz_system.main_gz: Dashboard paint loop: 0.0 FPS (main thread)
2026-09-01 11:15:10,684 [INFO] core.detection.vision_runtime: [VISION] detect() calisiyor -- bu karede 2 tespit: ['KIRMIZI_UCGEN', 'MAVI_DIKDORTGEN']
QGC port check failed, reporting UNKNOWN: (pid=46310)
2026-09-01 11:15:10,732 [INFO] core.mission.payload_release: [PAYLOAD_FINAL_POSE] KIRMIZI_UCGEN: x=-8.598 y=39.080 z=0.039 merkeze 864.7 cm egim 0.2 deg (HEDEF DISINDA)
2026-09-01 11:15:10,733 [INFO] core.mission.payload_release: Doğrulama işareti aranıyor: MAVI_DIKDORTGEN
2026-09-01 11:15:10,733 [INFO] core.mission.payload_release: Yük bırakma DOĞRULANDI: MAVI_DIKDORTGEN tespit edildi.
2026-09-01 11:15:10,733 [INFO] core.navigation.centering_controller: 1.5m irtifasina tirmaniliyor (goruntuden bagimsiz)...
QGC port check failed, reporting UNKNOWN: (pid=46310)
2026-09-01 11:15:13,017 [INFO] core.mission.gorev2_orchestrator: Gorev 2 tamamlandi (Payload Mission 1 + 2 basariyla calisti).
2026-09-01 11:15:13,017 [INFO] core.mission.master_fsm: Görev 2 akışı bitti, doğrudan Görev 3'e geçiliyor...
2026-09-01 11:15:13,017 [INFO] core.mission.gorev3_pickup: Görev 3 Faz 1 (Alma) Başlatıldı.
2026-09-01 11:15:13,017 [INFO] core.mission.gorev3_pickup: Mavi Altıgen konumuna 1.5m irtifada gidiliyor: 47.3986289, 8.5460544
2026-09-01 11:15:13,017 [INFO] core.navigation.centering_controller: Kayitli GPS konumuna gidiliyor: lat=47.3986289, lon=8.5460544, alt=1.5m
2026-09-01 11:15:13,709 [INFO] core.detection.vision_runtime: [VISION] detect() calisiyor -- bu karede 0 tespit: []
QGC port check failed, reporting UNKNOWN: (pid=46310)
2026-09-01 11:15:15,378 [INFO] gz_system.main_gz: Dashboard paint loop: 0.0 FPS (main thread)
QGC port check failed, reporting UNKNOWN: (pid=46310)
2026-09-01 11:15:16,743 [INFO] core.detection.vision_runtime: [VISION] detect() calisiyor -- bu karede 0 tespit: []
2026-09-01 11:15:18,271 [INFO] core.mission.gorev3_pickup: Kırmızı Dikdörtgenin uzun kenarına dik hizalanılıyor: 1.0 -> -2.3 derece
QGC port check failed, reporting UNKNOWN: (pid=46310)
2026-09-01 11:15:19,809 [INFO] core.detection.vision_runtime: [VISION] detect() calisiyor -- bu karede 2 tespit: ['MAVI_ALTIGEN', 'KIRMIZI_DIKDORTGEN']
2026-09-01 11:15:20,358 [INFO] core.mission.gorev3_pickup: 1.2m irtifada (gorus dostu) hedefe ortalanıyor...
2026-09-01 11:15:20,358 [INFO] core.navigation.centering_controller: KIRMIZI_DIKDORTGEN hedefine merkezleniyor (irtifa hedefi: 1.2m, irtifa bandi +/-0.30m)...
2026-09-01 11:15:20,358 [WARNING] core.navigation.centering_controller: [CENTERING] KIRMIZI_DIKDORTGEN 1/200 hedef kayboldu (feed canli, hedef bu karede yok)
2026-09-01 11:15:20,412 [INFO] gz_system.main_gz: Dashboard paint loop: 0.0 FPS (main thread)
QGC port check failed, reporting UNKNOWN: (pid=46310)
2026-09-01 11:15:20,906 [WARNING] core.navigation.centering_controller: [CENTERING] KIRMIZI_DIKDORTGEN 6/200 hedef kayboldu (feed canli, hedef bu karede yok)
2026-09-01 11:15:21,457 [INFO] core.navigation.centering_controller: [CENTERING] KIRMIZI_DIKDORTGEN 11/200 dx=+0px dy=+156px d=0.4m ex=+0.0000 ey=+0.3250 (tol +/-0.010) alt_err=+0.26m -> fwd=-0.30 right=+0.00 down=+0.13 m/s
2026-09-01 11:15:22,006 [INFO] core.navigation.centering_controller: [CENTERING] KIRMIZI_DIKDORTGEN 16/200 dx=+13px dy=+101px d=0.3m ex=+0.0203 ey=+0.2104 (tol +/-0.010) alt_err=+0.19m -> fwd=-0.32 right=+0.08 down=+0.09 m/s
2026-09-01 11:15:22,554 [INFO] core.navigation.centering_controller: [CENTERING] KIRMIZI_DIKDORTGEN 21/200 dx=+12px dy=-66px d=0.2m ex=+0.0187 ey=-0.1375 (tol +/-0.010) alt_err=+0.13m -> fwd=+0.21 right=+0.08 down=+0.06 m/s
QGC port check failed, reporting UNKNOWN: (pid=46310)
2026-09-01 11:15:22,882 [INFO] core.detection.vision_runtime: [VISION] detect() calisiyor -- bu karede 2 tespit: ['MAVI_ALTIGEN', 'KIRMIZI_DIKDORTGEN']
2026-09-01 11:15:23,101 [INFO] core.navigation.centering_controller: [CENTERING] KIRMIZI_DIKDORTGEN 26/200 dx=-5px dy=-193px d=0.5m ex=-0.0078 ey=-0.4021 (tol +/-0.010) alt_err=+0.09m -> fwd=+0.60 right=+0.00 down=+0.04 m/s
2026-09-01 11:15:23,650 [INFO] core.navigation.centering_controller: [CENTERING] KIRMIZI_DIKDORTGEN 31/200 dx=-18px dy=-184px d=0.4m ex=-0.0281 ey=-0.3833 (tol +/-0.010) alt_err=+0.07m -> fwd=+0.58 right=-0.08 down=+0.03 m/s
2026-09-01 11:15:24,196 [INFO] core.navigation.centering_controller: [CENTERING] KIRMIZI_DIKDORTGEN 36/200 dx=+1px dy=-94px d=0.2m ex=+0.0016 ey=-0.1958 (tol +/-0.010) alt_err=+0.05m -> fwd=+0.29 right=+0.00 down=+0.02 m/s
QGC port check failed, reporting UNKNOWN: (pid=46310)
2026-09-01 11:15:24,748 [INFO] core.navigation.centering_controller: [CENTERING] KIRMIZI_DIKDORTGEN 41/200 dx=+26px dy=-38px d=0.1m ex=+0.0406 ey=-0.0792 (tol +/-0.010) alt_err=+0.04m -> fwd=+0.12 right=+0.07 down=+0.02 m/s
2026-09-01 11:15:25,300 [INFO] core.navigation.centering_controller: [CENTERING] KIRMIZI_DIKDORTGEN 46/200 dx=+16px dy=-44px d=0.1m ex=+0.0250 ey=-0.0917 (tol +/-0.010) alt_err=+0.03m -> fwd=+0.14 right=+0.07 down=+0.02 m/s
2026-09-01 11:15:25,435 [INFO] gz_system.main_gz: Dashboard paint loop: 0.0 FPS (main thread)
2026-09-01 11:15:25,851 [INFO] core.navigation.centering_controller: [CENTERING] KIRMIZI_DIKDORTGEN 51/200 dx=-6px dy=-77px d=0.2m ex=-0.0094 ey=-0.1604 (tol +/-0.010) alt_err=+0.03m -> fwd=+0.24 right=+0.00 down=+0.01 m/s
2026-09-01 11:15:25,960 [INFO] core.detection.vision_runtime: [VISION] detect() calisiyor -- bu karede 2 tespit: ['MAVI_ALTIGEN', 'KIRMIZI_DIKDORTGEN']
2026-09-01 11:15:26,403 [INFO] core.navigation.centering_controller: [CENTERING] KIRMIZI_DIKDORTGEN 56/200 dx=-22px dy=-87px d=0.2m ex=-0.0344 ey=-0.1812 (tol +/-0.010) alt_err=+0.02m -> fwd=+0.27 right=-0.07 down=+0.01 m/s
QGC port check failed, reporting UNKNOWN: (pid=46310)
2026-09-01 11:15:26,953 [INFO] core.navigation.centering_controller: [CENTERING] KIRMIZI_DIKDORTGEN 61/200 dx=-7px dy=-66px d=0.1m ex=-0.0109 ey=-0.1375 (tol +/-0.010) alt_err=+0.01m -> fwd=+0.21 right=-0.07 down=+0.01 m/s
2026-09-01 11:15:27,505 [INFO] core.navigation.centering_controller: [CENTERING] KIRMIZI_DIKDORTGEN 66/200 dx=+20px dy=-36px d=0.1m ex=+0.0312 ey=-0.0750 (tol +/-0.010) alt_err=+0.02m -> fwd=+0.11 right=+0.07 down=+0.01 m/s
2026-09-01 11:15:28,055 [INFO] core.navigation.centering_controller: [CENTERING] KIRMIZI_DIKDORTGEN 71/200 dx=+22px dy=-18px d=0.1m ex=+0.0344 ey=-0.0375 (tol +/-0.010) alt_err=+0.02m -> fwd=+0.06 right=+0.07 down=+0.01 m/s
2026-09-01 11:15:28,607 [INFO] core.navigation.centering_controller: [CENTERING] KIRMIZI_DIKDORTGEN 76/200 dx=+8px dy=-17px d=0.0m ex=+0.0125 ey=-0.0354 (tol +/-0.010) alt_err=+0.01m -> fwd=+0.05 right=+0.07 down=+0.00 m/s
QGC port check failed, reporting UNKNOWN: (pid=46310)
2026-09-01 11:15:29,047 [INFO] core.detection.vision_runtime: [VISION] detect() calisiyor -- bu karede 2 tespit: ['MAVI_ALTIGEN', 'KIRMIZI_DIKDORTGEN']
2026-09-01 11:15:29,159 [INFO] core.navigation.centering_controller: [CENTERING] KIRMIZI_DIKDORTGEN 81/200 dx=-8px dy=-20px d=0.0m ex=-0.0125 ey=-0.0417 (tol +/-0.010) alt_err=+0.00m -> fwd=+0.06 right=-0.07 down=+0.00 m/s
2026-09-01 11:15:29,711 [INFO] core.navigation.centering_controller: [CENTERING] KIRMIZI_DIKDORTGEN 86/200 dx=-8px dy=-19px d=0.0m ex=-0.0125 ey=-0.0396 (tol +/-0.010) alt_err=-0.00m -> fwd=+0.06 right=-0.07 down=-0.00 m/s
2026-09-01 11:15:30,261 [INFO] core.navigation.centering_controller: [CENTERING] KIRMIZI_DIKDORTGEN 91/200 dx=+19px dy=-17px d=0.1m ex=+0.0297 ey=-0.0354 (tol +/-0.010) alt_err=+0.00m -> fwd=+0.05 right=+0.07 down=+0.00 m/s
2026-09-01 11:15:30,441 [INFO] gz_system.main_gz: Dashboard paint loop: 0.0 FPS (main thread)
QGC port check failed, reporting UNKNOWN: (pid=46310)
2026-09-01 11:15:30,813 [INFO] core.navigation.centering_controller: [CENTERING] KIRMIZI_DIKDORTGEN 96/200 dx=+20px dy=-15px d=0.1m ex=+0.0312 ey=-0.0312 (tol +/-0.010) alt_err=+0.02m -> fwd=+0.05 right=+0.07 down=+0.01 m/s
2026-09-01 11:15:31,364 [INFO] core.navigation.centering_controller: [CENTERING] KIRMIZI_DIKDORTGEN 101/200 dx=+3px dy=-15px d=0.0m ex=+0.0047 ey=-0.0312 (tol +/-0.010) alt_err=+0.01m -> fwd=+0.05 right=+0.00 down=+0.01 m/s
2026-09-01 11:15:31,916 [INFO] core.navigation.centering_controller: [CENTERING] KIRMIZI_DIKDORTGEN 106/200 dx=-18px dy=-15px d=0.1m ex=-0.0281 ey=-0.0312 (tol +/-0.010) alt_err=+0.01m -> fwd=+0.05 right=-0.07 down=+0.00 m/s
2026-09-01 11:15:32,135 [INFO] core.detection.vision_runtime: [VISION] detect() calisiyor -- bu karede 2 tespit: ['MAVI_ALTIGEN', 'KIRMIZI_DIKDORTGEN']
2026-09-01 11:15:32,466 [INFO] core.navigation.centering_controller: [CENTERING] KIRMIZI_DIKDORTGEN 111/200 dx=-7px dy=-13px d=0.0m ex=-0.0109 ey=-0.0271 (tol +/-0.010) alt_err=+0.00m -> fwd=+0.05 right=-0.07 down=+0.00 m/s
QGC port check failed, reporting UNKNOWN: (pid=46310)
2026-09-01 11:15:33,016 [INFO] core.navigation.centering_controller: [CENTERING] KIRMIZI_DIKDORTGEN 116/200 dx=+23px dy=-7px d=0.1m ex=+0.0359 ey=-0.0146 (tol +/-0.010) alt_err=+0.01m -> fwd=+0.05 right=+0.07 down=+0.01 m/s
2026-09-01 11:15:33,568 [INFO] core.navigation.centering_controller: [CENTERING] KIRMIZI_DIKDORTGEN 121/200 dx=+26px dy=+1px d=0.1m ex=+0.0406 ey=+0.0021 (tol +/-0.010) alt_err=+0.01m -> fwd=+0.00 right=+0.07 down=+0.01 m/s
2026-09-01 11:15:34,115 [INFO] core.navigation.centering_controller: [CENTERING] KIRMIZI_DIKDORTGEN 126/200 dx=+12px dy=+9px d=0.0m ex=+0.0187 ey=+0.0187 (tol +/-0.010) alt_err=+0.00m -> fwd=-0.05 right=+0.07 down=+0.00 m/s
2026-09-01 11:15:34,442 [INFO] core.navigation.centering_controller: Merkezleme tamamlandi. (attempt 129/200, dx=+2px dy=+3px ex=+0.0031 ey=+0.0063 alt_err=-0.00m)
2026-09-01 11:15:34,663 [INFO] core.mission.gorev3_pickup: Kanca hedefin uzerine getiriliyor (govde +0.175m ileri)...
QGC port check failed, reporting UNKNOWN: (pid=46310)
2026-09-01 11:15:35,213 [INFO] core.detection.vision_runtime: [VISION] detect() calisiyor -- bu karede 2 tespit: ['MAVI_ALTIGEN', 'KIRMIZI_DIKDORTGEN']
2026-09-01 11:15:35,460 [INFO] gz_system.main_gz: Dashboard paint loop: 0.0 FPS (main thread)
QGC port check failed, reporting UNKNOWN: (pid=46310)
2026-09-01 11:15:38,305 [INFO] core.detection.vision_runtime: [VISION] detect() calisiyor -- bu karede 2 tespit: ['MAVI_ALTIGEN', 'KIRMIZI_DIKDORTGEN']
2026-09-01 11:15:38,744 [INFO] core.mission.gorev3_pickup: 0.9m hizalama irtifasina dikey iniliyor...
QGC port check failed, reporting UNKNOWN: (pid=46310)
2026-09-01 11:15:40,492 [INFO] gz_system.main_gz: Dashboard paint loop: 0.0 FPS (main thread)
QGC port check failed, reporting UNKNOWN: (pid=46310)
2026-09-01 11:15:41,383 [INFO] core.detection.vision_runtime: [VISION] detect() calisiyor -- bu karede 2 tespit: ['MAVI_ALTIGEN', 'KIRMIZI_DIKDORTGEN']
QGC port check failed, reporting UNKNOWN: (pid=46310)
2026-09-01 11:15:43,799 [INFO] core.mission.gorev3_pickup: [HIZA_KALIBRASYON] goruntu=3.6 cm  gercek=3.6 cm  irtifa=0.94 m
2026-09-01 11:15:43,799 [INFO] core.mission.gorev3_pickup: [GORUNTU] kanca yukun ortasinda: sapma 3.6 cm (tol 5 cm).
2026-09-01 11:15:44,461 [INFO] core.detection.vision_runtime: [VISION] detect() calisiyor -- bu karede 2 tespit: ['MAVI_ALTIGEN', 'KIRMIZI_DIKDORTGEN']
QGC port check failed, reporting UNKNOWN: (pid=46310)
2026-09-01 11:15:45,506 [INFO] gz_system.main_gz: Dashboard paint loop: 0.0 FPS (main thread)
2026-09-01 11:15:45,894 [INFO] core.mission.visual_alignment: [GORSEL_HIZA_TANI] it=1 alt_m=0.945 focal_px=539.94 depth_img_m=0.9584 depth_tel_m=0.925 depth_used_m=0.9584 depth_src=image u=647.0 v=581.0 radius_px=13.1 long_px=81.0 conf=0.997 method=payload-topface-deshadow yaw_deg=-2.34 body_fwd_m=-0.0943 body_right_m=0.0124 hook_off_n=-0.0899 hook_off_e=0.0042 err_raw_m=0.0127 truth_lateral_m=0.0098
2026-09-01 11:15:46,023 [INFO] core.mission.visual_alignment: [GORSEL_HIZA_TANI] it=2 alt_m=0.943 focal_px=539.94 depth_img_m=0.9584 depth_tel_m=0.923 depth_used_m=0.9584 depth_src=image u=644.0 v=581.0 radius_px=13.1 long_px=81.0 conf=0.997 method=payload-topface-deshadow yaw_deg=-2.34 body_fwd_m=-0.0943 body_right_m=0.0071 hook_off_n=-0.0901 hook_off_e=0.0041 err_raw_m=0.0078 truth_lateral_m=0.0062
2026-09-01 11:15:46,150 [INFO] core.mission.visual_alignment: [GORSEL_HIZA_TANI] it=3 alt_m=0.942 focal_px=539.94 depth_img_m=0.9584 depth_tel_m=0.922 depth_used_m=0.9584 depth_src=image u=640.5 v=581.0 radius_px=13.1 long_px=81.0 conf=0.999 method=payload-topface-deshadow yaw_deg=-2.35 body_fwd_m=-0.0943 body_right_m=0.0009 hook_off_n=-0.0901 hook_off_e=0.0041 err_raw_m=0.0041 truth_lateral_m=0.004
2026-09-01 11:15:46,276 [INFO] core.mission.visual_alignment: [GORSEL_HIZA_TANI] it=4 alt_m=0.94 focal_px=539.94 depth_img_m=0.9584 depth_tel_m=0.92 depth_used_m=0.9584 depth_src=image u=637.5 v=581.0 radius_px=13.1 long_px=81.0 conf=0.999 method=payload-topface-deshadow yaw_deg=-2.35 body_fwd_m=-0.0943 body_right_m=-0.0044 hook_off_n=-0.0901 hook_off_e=0.0042 err_raw_m=0.0064 truth_lateral_m=0.006
2026-09-01 11:15:46,403 [INFO] core.mission.visual_alignment: [GORSEL_HIZA_TANI] it=5 alt_m=0.938 focal_px=539.94 depth_img_m=0.9466 depth_tel_m=0.918 depth_used_m=0.9466 depth_src=image u=635.5 v=580.5 radius_px=13.26 long_px=82.0 conf=1.0 method=payload-topface-deshadow yaw_deg=-2.35 body_fwd_m=-0.0912 body_right_m=-0.0079 hook_off_n=-0.09 hook_off_e=0.0043 err_raw_m=0.0086 truth_lateral_m=0.009
QGC port check failed, reporting UNKNOWN: (pid=46310)
2026-09-01 11:15:47,546 [INFO] core.detection.vision_runtime: [VISION] detect() calisiyor -- bu karede 2 tespit: ['MAVI_ALTIGEN', 'KIRMIZI_DIKDORTGEN']
2026-09-01 11:15:47,662 [INFO] core.mission.visual_alignment: [GORSEL_HIZA_TANI] it=6 alt_m=0.933 focal_px=539.94 depth_img_m=0.9705 depth_tel_m=0.913 depth_used_m=0.9705 depth_src=image u=627.5 v=559.5 radius_px=12.93 long_px=80.0 conf=0.997 method=payload-topface-deshadow yaw_deg=-2.35 body_fwd_m=-0.0579 body_right_m=-0.0225 hook_off_n=-0.09 hook_off_e=0.0042 err_raw_m=0.0395 truth_lateral_m=0.0441
2026-09-01 11:15:47,662 [INFO] core.mission.visual_alignment: [GORSEL_HIZA] yakinsadi: 24.4 mm, 6 iterasyon, 6 tespit, 0.004 m hareket
2026-09-01 11:15:47,662 [INFO] core.mission.gorev3_pickup: [GORSEL_HIZA] converged: son hata=24.4 mm, 6 iterasyon, 6 tespit, 0.004 m hareket
2026-09-01 11:15:47,662 [INFO] core.mission.gorev3_pickup: [GORSEL_HIZA] yuva GORUNTUDEN olculdu: NED=(98.214, -8.177)
2026-09-01 11:15:47,662 [INFO] core.mission.gorev3_pickup: Vinc salinacak (hedef irtifa 0.30 m icin) -- ARAC HALA 0.93 m'de, kanca serbest asili kalacak.
2026-09-01 11:15:47,662 [INFO] gz_system.gz_payload_actuator: [HOOK] vinc salimi: 0.330 m  (irtifa=0.300 m, guverte=0.070, zincir ofseti=0.060, pay=0.040)
2026-09-01 11:15:47,662 [INFO] gz_system.gz_payload_actuator: [HOOK] vinc -> 0.33 m
I0901 11:15:47.811306 13537914 fork_posix.cc:71] Other threads are currently calling into gRPC, skipping fork() handlers
QGC port check failed, reporting UNKNOWN: (pid=46310)
2026-09-01 11:15:50,538 [INFO] gz_system.main_gz: Dashboard paint loop: 0.0 FPS (main thread)
2026-09-01 11:15:50,575 [INFO] core.detection.vision_runtime: [VISION] detect() calisiyor -- bu karede 1 tespit: ['KIRMIZI_DIKDORTGEN']
QGC port check failed, reporting UNKNOWN: (pid=46310)
2026-09-01 11:15:52,736 [INFO] core.mission.gorev3_pickup: [SON_DUZELTME] 1/6 yanal 31.1 mm -> (kuzey +0.015, dogu -0.002)  | kanca_ofset=(-0.0907, +0.0032) arac_ned=(98.2741, -8.1762) kanca_mutlak=(98.1834, -8.1730)
QGC port check failed, reporting UNKNOWN: (pid=46310)
2026-09-01 11:15:53,650 [INFO] core.detection.vision_runtime: [VISION] detect() calisiyor -- bu karede 1 tespit: ['KIRMIZI_DIKDORTGEN']
QGC port check failed, reporting UNKNOWN: (pid=46310)
2026-09-01 11:15:55,547 [INFO] core.mission.gorev3_pickup: [SON_DUZELTME] 2/6 yanal 27.2 mm -> (kuzey +0.013, dogu +0.004)  | kanca_ofset=(-0.0905, +0.0041) arac_ned=(98.2789, -8.1898) kanca_mutlak=(98.1885, -8.1857)
2026-09-01 11:15:55,567 [INFO] gz_system.main_gz: Dashboard paint loop: 0.0 FPS (main thread)
2026-09-01 11:15:56,720 [INFO] core.detection.vision_runtime: [VISION] detect() calisiyor -- bu karede 1 tespit: ['KIRMIZI_DIKDORTGEN']
QGC port check failed, reporting UNKNOWN: (pid=46310)
2026-09-01 11:15:58,149 [INFO] core.mission.gorev3_pickup: [SON_DUZELTME] 3/6 yanal 25.1 mm -> (kuzey +0.013, dogu +0.001)  | kanca_ofset=(-0.0903, +0.0045) arac_ned=(98.2795, -8.1830) kanca_mutlak=(98.1892, -8.1785)
QGC port check failed, reporting UNKNOWN: (pid=46310)
2026-09-01 11:15:59,786 [INFO] core.detection.vision_runtime: [VISION] detect() calisiyor -- bu karede 1 tespit: ['KIRMIZI_DIKDORTGEN']
2026-09-01 11:16:00,570 [INFO] gz_system.main_gz: Dashboard paint loop: 0.0 FPS (main thread)
2026-09-01 11:16:00,661 [INFO] core.mission.gorev3_pickup: [SON_DUZELTME] 4/6 yanal 31.5 mm -> (kuzey +0.003, dogu +0.015)  | kanca_ofset=(-0.0900, +0.0034) arac_ned=(98.2983, -8.2114) kanca_mutlak=(98.2084, -8.2080)
QGC port check failed, reporting UNKNOWN: (pid=46310)
QGC port check failed, reporting UNKNOWN: (pid=46310)
2026-09-01 11:16:02,851 [INFO] core.detection.vision_runtime: [VISION] detect() calisiyor -- bu karede 1 tespit: ['KIRMIZI_DIKDORTGEN']
2026-09-01 11:16:03,179 [INFO] core.mission.gorev3_pickup: [SON_DUZELTME] 5/6 yanal 11.3 mm -> (kuzey +0.000, dogu +0.006)  | kanca_ofset=(-0.0909, +0.0047) arac_ned=(98.3048, -8.1931) kanca_mutlak=(98.2139, -8.1884)
QGC port check failed, reporting UNKNOWN: (pid=46310)
2026-09-01 11:16:05,602 [INFO] gz_system.main_gz: Dashboard paint loop: 0.0 FPS (main thread)
2026-09-01 11:16:05,696 [INFO] core.mission.gorev3_pickup: [SON_DUZELTME] 6/6 yanal 19.5 mm -> (kuzey -0.010, dogu +0.001)  | kanca_ofset=(-0.0896, +0.0048) arac_ned=(98.3232, -8.1840) kanca_mutlak=(98.2336, -8.1793)
2026-09-01 11:16:05,915 [INFO] core.detection.vision_runtime: [VISION] detect() calisiyor -- bu karede 1 tespit: ['KIRMIZI_DIKDORTGEN']
QGC port check failed, reporting UNKNOWN: (pid=46310)
2026-09-01 11:16:08,225 [WARNING] core.mission.gorev3_pickup: [SON_DUZELTME] butce doldu; son yanal 19.5 mm
2026-09-01 11:16:08,225 [INFO] core.mission.gorev3_pickup: [KANCA_DENGE] INIS ONCESI irtifa=0.933 m kanca_ofset=(-0.0895, +0.0016)
2026-09-01 11:16:08,225 [INFO] core.mission.gorev3_pickup: Hizalandi -- 0.30 m alma irtifasina SAF DIKEY iniliyor (yanal hareket yok).
2026-09-01 11:16:08,226 [INFO] core.mission.gorev3_pickup: [KANCA_IZ] t=0.00 alt=0.933 off_n=-0.0895 off_e=+0.0016 nose_z=+0.6647
2026-09-01 11:16:08,336 [INFO] core.mission.gorev3_pickup: [KANCA_IZ] t=0.11 alt=0.933 off_n=-0.0898 off_e=+0.0016 nose_z=+0.6607
2026-09-01 11:16:08,445 [INFO] core.mission.gorev3_pickup: [KANCA_IZ] t=0.22 alt=0.915 off_n=-0.0902 off_e=+0.0016 nose_z=+0.6255
2026-09-01 11:16:08,556 [INFO] core.mission.gorev3_pickup: [KANCA_IZ] t=0.33 alt=0.874 off_n=-0.0903 off_e=+0.0018 nose_z=+0.5682
2026-09-01 11:16:08,665 [INFO] core.mission.gorev3_pickup: [KANCA_IZ] t=0.44 alt=0.816 off_n=-0.0902 off_e=+0.0023 nose_z=+0.5184
2026-09-01 11:16:08,774 [INFO] core.mission.gorev3_pickup: [KANCA_IZ] t=0.55 alt=0.760 off_n=-0.0899 off_e=+0.0033 nose_z=+0.4590
QGC port check failed, reporting UNKNOWN: (pid=46310)
2026-09-01 11:16:08,882 [INFO] core.mission.gorev3_pickup: [KANCA_IZ] t=0.66 alt=0.657 off_n=-0.0897 off_e=+0.0039 nose_z=+0.4146
2026-09-01 11:16:08,992 [INFO] core.detection.vision_runtime: [VISION] detect() calisiyor -- bu karede 1 tespit: ['KIRMIZI_DIKDORTGEN']
2026-09-01 11:16:08,992 [INFO] core.mission.gorev3_pickup: [KANCA_IZ] t=0.77 alt=0.613 off_n=-0.0896 off_e=+0.0043 nose_z=+0.3683
2026-09-01 11:16:09,102 [INFO] core.mission.gorev3_pickup: [KANCA_IZ] t=0.88 alt=0.578 off_n=-0.0897 off_e=+0.0041 nose_z=+0.3354
2026-09-01 11:16:09,210 [INFO] core.mission.gorev3_pickup: [KANCA_IZ] t=0.98 alt=0.547 off_n=-0.0900 off_e=+0.0035 nose_z=+0.3029
2026-09-01 11:16:09,321 [INFO] core.mission.gorev3_pickup: [KANCA_IZ] t=1.10 alt=0.523 off_n=-0.0904 off_e=+0.0030 nose_z=+0.2790
2026-09-01 11:16:09,430 [INFO] core.mission.gorev3_pickup: [KANCA_IZ] t=1.20 alt=0.501 off_n=-0.0908 off_e=+0.0029 nose_z=+0.2545
2026-09-01 11:16:09,542 [INFO] core.mission.gorev3_pickup: [KANCA_IZ] t=1.32 alt=0.484 off_n=-0.0908 off_e=+0.0032 nose_z=+0.2369
2026-09-01 11:16:09,653 [INFO] core.mission.gorev3_pickup: [KANCA_IZ] t=1.43 alt=0.468 off_n=-0.0906 off_e=+0.0038 nose_z=+0.2197
2026-09-01 11:16:09,762 [INFO] core.mission.gorev3_pickup: [KANCA_IZ] t=1.54 alt=0.454 off_n=-0.0902 off_e=+0.0045 nose_z=+0.2043
2026-09-01 11:16:09,871 [INFO] core.mission.gorev3_pickup: [KANCA_IZ] t=1.64 alt=0.442 off_n=-0.0900 off_e=+0.0050 nose_z=+0.1926
2026-09-01 11:16:09,981 [INFO] core.mission.gorev3_pickup: [KANCA_IZ] t=1.75 alt=0.433 off_n=-0.0900 off_e=+0.0052 nose_z=+0.1802
2026-09-01 11:16:10,091 [INFO] core.mission.gorev3_pickup: [KANCA_IZ] t=1.86 alt=0.416 off_n=-0.0902 off_e=+0.0052 nose_z=+0.1710
2026-09-01 11:16:10,200 [INFO] core.mission.gorev3_pickup: [KANCA_IZ] t=1.97 alt=0.409 off_n=-0.0905 off_e=+0.0050 nose_z=+0.1614
2026-09-01 11:16:10,311 [INFO] core.mission.gorev3_pickup: [KANCA_IZ] t=2.08 alt=0.402 off_n=-0.0907 off_e=+0.0048 nose_z=+0.1540
2026-09-01 11:16:10,420 [INFO] core.mission.gorev3_pickup: [KANCA_IZ] t=2.19 alt=0.396 off_n=-0.0907 off_e=+0.0047 nose_z=+0.1461
2026-09-01 11:16:10,529 [INFO] core.mission.gorev3_pickup: [KANCA_IZ] t=2.30 alt=0.392 off_n=-0.0906 off_e=+0.0048 nose_z=+0.1402
2026-09-01 11:16:10,607 [INFO] gz_system.main_gz: Dashboard paint loop: 0.0 FPS (main thread)
2026-09-01 11:16:10,637 [INFO] core.mission.gorev3_pickup: [KANCA_IZ] t=2.41 alt=0.388 off_n=-0.0904 off_e=+0.0051 nose_z=+0.1338
2026-09-01 11:16:10,746 [INFO] core.mission.gorev3_pickup: [KANCA_IZ] t=2.52 alt=0.385 off_n=-0.0904 off_e=+0.0053 nose_z=+0.1289
QGC port check failed, reporting UNKNOWN: (pid=46310)
2026-09-01 11:16:10,853 [INFO] core.mission.gorev3_pickup: [KANCA_IZ] t=2.63 alt=0.382 off_n=-0.0904 off_e=+0.0053 nose_z=+0.1233
2026-09-01 11:16:10,961 [INFO] core.mission.gorev3_pickup: [KANCA_IZ] t=2.73 alt=0.380 off_n=-0.0903 off_e=+0.0051 nose_z=+0.1189
2026-09-01 11:16:11,069 [INFO] core.mission.gorev3_pickup: [KANCA_IZ] t=2.84 alt=0.378 off_n=-0.0903 off_e=+0.0048 nose_z=+0.1147
2026-09-01 11:16:11,177 [INFO] core.mission.gorev3_pickup: [KANCA_IZ] t=2.95 alt=0.376 off_n=-0.0904 off_e=+0.0044 nose_z=+0.1100
2026-09-01 11:16:11,285 [INFO] core.mission.gorev3_pickup: [KANCA_IZ] t=3.06 alt=0.374 off_n=-0.0904 off_e=+0.0041 nose_z=+0.1061
2026-09-01 11:16:11,393 [INFO] core.mission.gorev3_pickup: [KANCA_IZ] t=3.17 alt=0.374 off_n=-0.0903 off_e=+0.0042 nose_z=+0.1014
2026-09-01 11:16:11,503 [INFO] core.mission.gorev3_pickup: [KANCA_IZ] t=3.28 alt=0.373 off_n=-0.0901 off_e=+0.0044 nose_z=+0.0975
2026-09-01 11:16:11,611 [INFO] core.mission.gorev3_pickup: [KANCA_IZ] t=3.39 alt=0.371 off_n=-0.0897 off_e=+0.0049 nose_z=+0.0927
2026-09-01 11:16:11,721 [INFO] core.mission.gorev3_pickup: [KANCA_IZ] t=3.49 alt=0.368 off_n=-0.0892 off_e=+0.0050 nose_z=+0.0888
2026-09-01 11:16:11,831 [INFO] core.mission.gorev3_pickup: [KANCA_IZ] t=3.61 alt=0.364 off_n=-0.0886 off_e=+0.0048 nose_z=+0.0843
2026-09-01 11:16:11,939 [INFO] core.mission.gorev3_pickup: [KANCA_IZ] t=3.71 alt=0.360 off_n=-0.0883 off_e=+0.0044 nose_z=+0.0803
2026-09-01 11:16:12,048 [INFO] core.detection.vision_runtime: [VISION] detect() calisiyor -- bu karede 0 tespit: []
2026-09-01 11:16:12,048 [INFO] core.mission.gorev3_pickup: [KANCA_IZ] t=3.82 alt=0.356 off_n=-0.0882 off_e=+0.0041 nose_z=+0.0774
2026-09-01 11:16:12,155 [INFO] core.mission.gorev3_pickup: [KANCA_IZ] t=3.93 alt=0.353 off_n=-0.0885 off_e=+0.0049 nose_z=+0.0753
2026-09-01 11:16:12,265 [INFO] core.mission.gorev3_pickup: [KANCA_IZ] t=4.04 alt=0.350 off_n=-0.0884 off_e=+0.0072 nose_z=+0.0752
2026-09-01 11:16:12,373 [INFO] core.mission.gorev3_pickup: [KANCA_IZ] t=4.15 alt=0.349 off_n=-0.0888 off_e=+0.0102 nose_z=+0.0752
2026-09-01 11:16:12,481 [INFO] core.mission.gorev3_pickup: [KANCA_IZ] t=4.25 alt=0.347 off_n=-0.0894 off_e=+0.0129 nose_z=+0.0752
2026-09-01 11:16:12,589 [INFO] core.mission.gorev3_pickup: [KANCA_IZ] t=4.36 alt=0.344 off_n=-0.0901 off_e=+0.0159 nose_z=+0.0752
2026-09-01 11:16:12,698 [INFO] core.mission.gorev3_pickup: [KANCA_IZ] t=4.47 alt=0.343 off_n=-0.0904 off_e=+0.0185 nose_z=+0.0753
2026-09-01 11:16:12,805 [INFO] core.mission.gorev3_pickup: [KANCA_IZ] t=4.58 alt=0.342 off_n=-0.0904 off_e=+0.0212 nose_z=+0.0753
QGC port check failed, reporting UNKNOWN: (pid=46310)
2026-09-01 11:16:12,914 [INFO] core.mission.gorev3_pickup: [KANCA_IZ] t=4.69 alt=0.342 off_n=-0.0901 off_e=+0.0231 nose_z=+0.0753
2026-09-01 11:16:13,022 [INFO] core.mission.gorev3_pickup: [KANCA_IZ] t=4.80 alt=0.341 off_n=-0.0891 off_e=+0.0253 nose_z=+0.0752
2026-09-01 11:16:13,129 [INFO] core.mission.gorev3_pickup: [KANCA_IZ] t=4.90 alt=0.340 off_n=-0.0878 off_e=+0.0267 nose_z=+0.0752
2026-09-01 11:16:13,237 [INFO] core.mission.gorev3_pickup: [KANCA_IZ] t=5.01 alt=0.341 off_n=-0.0857 off_e=+0.0279 nose_z=+0.0753
2026-09-01 11:16:13,346 [INFO] core.mission.gorev3_pickup: [KANCA_IZ] t=5.12 alt=0.341 off_n=-0.0836 off_e=+0.0285 nose_z=+0.0753
2026-09-01 11:16:13,454 [INFO] core.mission.gorev3_pickup: [KANCA_IZ] t=5.23 alt=0.341 off_n=-0.0807 off_e=+0.0286 nose_z=+0.0753
2026-09-01 11:16:13,561 [INFO] core.mission.gorev3_pickup: [KANCA_IZ] t=5.33 alt=0.341 off_n=-0.0778 off_e=+0.0283 nose_z=+0.0753
2026-09-01 11:16:13,669 [INFO] core.mission.gorev3_pickup: [KANCA_IZ] t=5.44 alt=0.341 off_n=-0.0751 off_e=+0.0276 nose_z=+0.0754
2026-09-01 11:16:13,779 [INFO] core.mission.gorev3_pickup: [KANCA_IZ] t=5.55 alt=0.340 off_n=-0.0725 off_e=+0.0268 nose_z=+0.0754
2026-09-01 11:16:13,888 [INFO] core.mission.gorev3_pickup: [KANCA_IZ] t=5.66 alt=0.339 off_n=-0.0696 off_e=+0.0255 nose_z=+0.0755
2026-09-01 11:16:13,997 [INFO] core.mission.gorev3_pickup: [KANCA_IZ] t=5.77 alt=0.340 off_n=-0.0673 off_e=+0.0244 nose_z=+0.0756
2026-09-01 11:16:14,106 [INFO] core.mission.gorev3_pickup: [KANCA_IZ] t=5.88 alt=0.340 off_n=-0.0648 off_e=+0.0231 nose_z=+0.0757
2026-09-01 11:16:14,215 [INFO] core.mission.gorev3_pickup: [KANCA_IZ] t=5.99 alt=0.340 off_n=-0.0628 off_e=+0.0219 nose_z=+0.0758
2026-09-01 11:16:14,324 [INFO] core.mission.gorev3_pickup: [KANCA_IZ] t=6.10 alt=0.339 off_n=-0.0605 off_e=+0.0205 nose_z=+0.0759
2026-09-01 11:16:14,324 [INFO] core.mission.gorev3_pickup: Yük alma mekanizması aktifleşiyor...
2026-09-01 11:16:14,324 [INFO] core.mission.gorev3_pickup: [KANCA_DENGE] INIS SONRASI irtifa=0.339 m kanca_ofset=(-0.0605, +0.0205)  ->  DEGISIM=(+29.0, +18.8) mm  |34.6 mm|
2026-09-01 11:16:14,324 [INFO] gz_system.gz_payload_actuator: [HOOK] alma denemesi 1/3
2026-09-01 11:16:14,324 [INFO] gz_system.gz_payload_actuator: [HOOK] vinc salimi: 0.369 m  (irtifa=0.339 m, guverte=0.070, zincir ofseti=0.060, pay=0.040)
2026-09-01 11:16:14,324 [INFO] gz_system.gz_payload_actuator: [HOOK] vinc -> 0.37 m
I0901 11:16:14.324773 13537914 fork_posix.cc:71] Other threads are currently calling into gRPC, skipping fork() handlers
2026-09-01 11:16:14,433 [INFO] core.mission.gorev3_pickup: [KANCA_IZ] t=6.21 alt=0.339 off_n=-0.0587 off_e=+0.0193 nose_z=+0.0760
2026-09-01 11:16:14,543 [INFO] core.mission.gorev3_pickup: [KANCA_IZ] t=6.32 alt=0.339 off_n=-0.0562 off_e=+0.0176 nose_z=+0.0762
2026-09-01 11:16:14,652 [INFO] core.mission.gorev3_pickup: [KANCA_IZ] t=6.43 alt=0.339 off_n=-0.0543 off_e=+0.0165 nose_z=+0.0763
2026-09-01 11:16:14,762 [INFO] core.mission.gorev3_pickup: [KANCA_IZ] t=6.54 alt=0.339 off_n=-0.0523 off_e=+0.0156 nose_z=+0.0766
QGC port check failed, reporting UNKNOWN: (pid=46310)
2026-09-01 11:16:14,870 [INFO] core.mission.gorev3_pickup: [KANCA_IZ] t=6.64 alt=0.338 off_n=-0.0509 off_e=+0.0152 nose_z=+0.0767
2026-09-01 11:16:14,979 [INFO] core.mission.gorev3_pickup: [KANCA_IZ] t=6.75 alt=0.338 off_n=-0.0494 off_e=+0.0152 nose_z=+0.0769
2026-09-01 11:16:15,087 [INFO] core.detection.vision_runtime: [VISION] detect() calisiyor -- bu karede 1 tespit: ['KIRMIZI_DIKDORTGEN']
2026-09-01 11:16:15,087 [INFO] core.mission.gorev3_pickup: [KANCA_IZ] t=6.86 alt=0.339 off_n=-0.0484 off_e=+0.0156 nose_z=+0.0771
2026-09-01 11:16:15,197 [INFO] core.mission.gorev3_pickup: [KANCA_IZ] t=6.97 alt=0.340 off_n=-0.0473 off_e=+0.0163 nose_z=+0.0773
2026-09-01 11:16:15,279 [INFO] gz_system.gz_payload_actuator: [HOOK] APPROACHING  lat=  72.9mm ins=   -1.3mm tilt= 17.3deg v=  infm/s age=0.01s  [lateral(72.9mm>10.2mm), tilt(17.3deg>15.0deg), rel_speed(inf>0.05m/s)]
2026-09-01 11:16:15,306 [INFO] core.mission.gorev3_pickup: [KANCA_IZ] t=7.08 alt=0.341 off_n=-0.0462 off_e=+0.0167 nose_z=+0.0771
2026-09-01 11:16:15,415 [INFO] core.mission.gorev3_pickup: [KANCA_IZ] t=7.19 alt=0.342 off_n=-0.0545 off_e=-0.0120 nose_z=+0.0546
2026-09-01 11:16:15,525 [INFO] core.mission.gorev3_pickup: [KANCA_IZ] t=7.30 alt=0.343 off_n=-0.0817 off_e=-0.0247 nose_z=+0.0493
2026-09-01 11:16:15,618 [INFO] gz_system.main_gz: Dashboard paint loop: 0.0 FPS (main thread)
2026-09-01 11:16:15,635 [INFO] core.mission.gorev3_pickup: [KANCA_IZ] t=7.41 alt=0.342 off_n=-0.1114 off_e=-0.0183 nose_z=+0.0479
2026-09-01 11:16:15,744 [INFO] core.mission.gorev3_pickup: [KANCA_IZ] t=7.52 alt=0.342 off_n=-0.1229 off_e=-0.0027 nose_z=+0.0469
2026-09-01 11:16:15,852 [INFO] core.mission.gorev3_pickup: [KANCA_IZ] t=7.63 alt=0.341 off_n=-0.1166 off_e=+0.0148 nose_z=+0.0444
2026-09-01 11:16:15,960 [INFO] core.mission.gorev3_pickup: [KANCA_IZ] t=7.73 alt=0.340 off_n=-0.1079 off_e=+0.0128 nose_z=+0.0420
2026-09-01 11:16:16,068 [INFO] core.mission.gorev3_pickup: [KANCA_IZ] t=7.84 alt=0.338 off_n=-0.0896 off_e=+0.0064 nose_z=+0.0396
2026-09-01 11:16:16,177 [INFO] core.mission.gorev3_pickup: [KANCA_IZ] t=7.95 alt=0.336 off_n=-0.0768 off_e=+0.0009 nose_z=+0.0388
2026-09-01 11:16:16,286 [INFO] core.mission.gorev3_pickup: [KANCA_IZ] t=8.06 alt=0.334 off_n=-0.0719 off_e=-0.0026 nose_z=+0.0381
2026-09-01 11:16:16,286 [INFO] gz_system.gz_payload_actuator: [HOOK] APPROACHING  lat=  65.8mm ins=  +37.9mm tilt=  5.2deg v=0.045m/s age=0.01s  [lateral(65.8mm>10.2mm), too_deep(+37.9mm>+19.9mm)]
2026-09-01 11:16:16,394 [INFO] core.mission.gorev3_pickup: [KANCA_IZ] t=8.17 alt=0.335 off_n=-0.0767 off_e=-0.0025 nose_z=+0.0371
2026-09-01 11:16:16,502 [INFO] core.mission.gorev3_pickup: [KANCA_IZ] t=8.28 alt=0.335 off_n=-0.0884 off_e=+0.0006 nose_z=+0.0359
2026-09-01 11:16:16,610 [INFO] core.mission.gorev3_pickup: [KANCA_IZ] t=8.38 alt=0.336 off_n=-0.0981 off_e=+0.0041 nose_z=+0.0354
2026-09-01 11:16:16,719 [INFO] core.mission.gorev3_pickup: [KANCA_IZ] t=8.49 alt=0.337 off_n=-0.1029 off_e=+0.0068 nose_z=+0.0348
2026-09-01 11:16:16,827 [INFO] core.mission.gorev3_pickup: [KANCA_IZ] t=8.60 alt=0.337 off_n=-0.1005 off_e=+0.0073 nose_z=+0.0338
QGC port check failed, reporting UNKNOWN: (pid=46310)
2026-09-01 11:16:16,936 [INFO] core.mission.gorev3_pickup: [KANCA_IZ] t=8.71 alt=0.338 off_n=-0.0935 off_e=+0.0048 nose_z=+0.0324
2026-09-01 11:16:17,047 [INFO] core.mission.gorev3_pickup: [KANCA_IZ] t=8.82 alt=0.337 off_n=-0.0871 off_e=+0.0025 nose_z=+0.0312
2026-09-01 11:16:17,155 [INFO] core.mission.gorev3_pickup: [KANCA_IZ] t=8.93 alt=0.336 off_n=-0.0840 off_e=-0.0002 nose_z=+0.0300
2026-09-01 11:16:17,265 [INFO] core.mission.gorev3_pickup: [KANCA_IZ] t=9.04 alt=0.334 off_n=-0.0845 off_e=-0.0022 nose_z=+0.0292
2026-09-01 11:16:17,316 [INFO] gz_system.gz_payload_actuator: [HOOK] APPROACHING  lat=  47.4mm ins=  +47.3mm tilt=  2.5deg v=0.008m/s age=0.01s  [lateral(47.4mm>10.2mm), too_deep(+47.3mm>+19.9mm)]
2026-09-01 11:16:17,374 [INFO] core.mission.gorev3_pickup: [KANCA_IZ] t=9.15 alt=0.332 off_n=-0.0848 off_e=-0.0043 nose_z=+0.0284
2026-09-01 11:16:17,482 [INFO] core.mission.gorev3_pickup: [KANCA_IZ] t=9.26 alt=0.328 off_n=-0.0848 off_e=-0.0058 nose_z=+0.0281
2026-09-01 11:16:17,590 [INFO] core.mission.gorev3_pickup: [KANCA_IZ] t=9.36 alt=0.326 off_n=-0.0845 off_e=-0.0069 nose_z=+0.0281
2026-09-01 11:16:17,699 [INFO] core.mission.gorev3_pickup: [KANCA_IZ] t=9.47 alt=0.325 off_n=-0.0841 off_e=-0.0076 nose_z=+0.0283
2026-09-01 11:16:17,807 [INFO] core.mission.gorev3_pickup: [KANCA_IZ] t=9.58 alt=0.323 off_n=-0.0835 off_e=-0.0077 nose_z=+0.0289
2026-09-01 11:16:17,916 [INFO] core.mission.gorev3_pickup: [KANCA_IZ] t=9.69 alt=0.321 off_n=-0.0830 off_e=-0.0074 nose_z=+0.0296
2026-09-01 11:16:18,025 [INFO] core.mission.gorev3_pickup: [KANCA_IZ] t=9.80 alt=0.320 off_n=-0.0823 off_e=-0.0067 nose_z=+0.0309
2026-09-01 11:16:18,133 [INFO] core.detection.vision_runtime: [VISION] detect() calisiyor -- bu karede 1 tespit: ['KIRMIZI_DIKDORTGEN']
2026-09-01 11:16:18,133 [INFO] core.mission.gorev3_pickup: [KANCA_IZ] t=9.91 alt=0.320 off_n=-0.0817 off_e=-0.0060 nose_z=+0.0322
2026-09-01 11:16:18,242 [INFO] core.mission.gorev3_pickup: [KANCA_IZ] t=10.02 alt=0.320 off_n=-0.0814 off_e=-0.0051 nose_z=+0.0339
2026-09-01 11:16:18,350 [INFO] core.mission.gorev3_pickup: [KANCA_IZ] t=10.12 alt=0.321 off_n=-0.0819 off_e=-0.0043 nose_z=+0.0354
2026-09-01 11:16:18,350 [INFO] gz_system.gz_payload_actuator: [HOOK] APPROACHING  lat=  47.0mm ins=  +40.3mm tilt=  3.4deg v=0.018m/s age=0.02s  [lateral(47.0mm>10.2mm), too_deep(+40.3mm>+19.9mm)]
2026-09-01 11:16:18,458 [INFO] core.mission.gorev3_pickup: [KANCA_IZ] t=10.23 alt=0.322 off_n=-0.0833 off_e=-0.0033 nose_z=+0.0369
2026-09-01 11:16:18,566 [INFO] core.mission.gorev3_pickup: [KANCA_IZ] t=10.34 alt=0.323 off_n=-0.0851 off_e=-0.0023 nose_z=+0.0385
2026-09-01 11:16:18,674 [INFO] core.mission.gorev3_pickup: [KANCA_IZ] t=10.45 alt=0.324 off_n=-0.0863 off_e=-0.0016 nose_z=+0.0398
2026-09-01 11:16:18,782 [INFO] core.mission.gorev3_pickup: [KANCA_IZ] t=10.56 alt=0.326 off_n=-0.0871 off_e=-0.0011 nose_z=+0.0412
QGC port check failed, reporting UNKNOWN: (pid=46310)
2026-09-01 11:16:18,890 [INFO] core.mission.gorev3_pickup: [KANCA_IZ] t=10.66 alt=0.329 off_n=-0.0870 off_e=-0.0008 nose_z=+0.0423
2026-09-01 11:16:18,998 [INFO] core.mission.gorev3_pickup: [KANCA_IZ] t=10.77 alt=0.331 off_n=-0.0867 off_e=-0.0008 nose_z=+0.0434
2026-09-01 11:16:19,108 [INFO] core.mission.gorev3_pickup: [KANCA_IZ] t=10.88 alt=0.333 off_n=-0.0865 off_e=-0.0010 nose_z=+0.0441
2026-09-01 11:16:19,217 [INFO] core.mission.gorev3_pickup: [KANCA_IZ] t=10.99 alt=0.334 off_n=-0.0864 off_e=-0.0016 nose_z=+0.0445
2026-09-01 11:16:19,328 [INFO] core.mission.gorev3_pickup: [KANCA_IZ] t=11.10 alt=0.335 off_n=-0.0866 off_e=-0.0023 nose_z=+0.0446
2026-09-01 11:16:19,378 [INFO] gz_system.gz_payload_actuator: [HOOK] APPROACHING  lat=  43.2mm ins=  +31.3mm tilt=  2.1deg v=0.002m/s age=0.02s  [lateral(43.2mm>10.2mm), too_deep(+31.3mm>+19.9mm)]
2026-09-01 11:16:19,436 [INFO] core.mission.gorev3_pickup: [KANCA_IZ] t=11.21 alt=0.336 off_n=-0.0870 off_e=-0.0033 nose_z=+0.0447
2026-09-01 11:16:19,546 [INFO] core.mission.gorev3_pickup: [KANCA_IZ] t=11.32 alt=0.337 off_n=-0.0876 off_e=-0.0044 nose_z=+0.0445
2026-09-01 11:16:19,654 [INFO] core.mission.gorev3_pickup: [KANCA_IZ] t=11.43 alt=0.338 off_n=-0.0884 off_e=-0.0057 nose_z=+0.0442
2026-09-01 11:16:19,762 [INFO] core.mission.gorev3_pickup: [KANCA_IZ] t=11.54 alt=0.340 off_n=-0.0892 off_e=-0.0068 nose_z=+0.0438
2026-09-01 11:16:19,870 [INFO] core.mission.gorev3_pickup: [KANCA_IZ] t=11.64 alt=0.341 off_n=-0.0903 off_e=-0.0078 nose_z=+0.0429
2026-09-01 11:16:19,979 [INFO] core.mission.gorev3_pickup: [KANCA_IZ] t=11.75 alt=0.342 off_n=-0.0912 off_e=-0.0084 nose_z=+0.0420
2026-09-01 11:16:20,087 [INFO] core.mission.gorev3_pickup: [KANCA_IZ] t=11.86 alt=0.341 off_n=-0.0925 off_e=-0.0086 nose_z=+0.0408
2026-09-01 11:16:20,196 [INFO] core.mission.gorev3_pickup: [KANCA_IZ] t=11.97 alt=0.340 off_n=-0.0938 off_e=-0.0083 nose_z=+0.0397
2026-09-01 11:16:20,306 [INFO] core.mission.gorev3_pickup: [KANCA_IZ] t=12.08 alt=0.338 off_n=-0.0953 off_e=-0.0077 nose_z=+0.0387
2026-09-01 11:16:20,414 [INFO] core.mission.gorev3_pickup: [KANCA_IZ] t=12.19 alt=0.337 off_n=-0.0974 off_e=-0.0064 nose_z=+0.0376
2026-09-01 11:16:20,414 [INFO] gz_system.gz_payload_actuator: [HOOK] APPROACHING  lat=  43.1mm ins=  +38.4mm tilt=  3.4deg v=0.011m/s age=0.02s  [lateral(43.1mm>10.2mm), too_deep(+38.4mm>+19.9mm)]
2026-09-01 11:16:20,522 [INFO] core.mission.gorev3_pickup: [KANCA_IZ] t=12.30 alt=0.336 off_n=-0.0994 off_e=-0.0048 nose_z=+0.0368
2026-09-01 11:16:20,618 [INFO] gz_system.main_gz: Dashboard paint loop: 0.0 FPS (main thread)
2026-09-01 11:16:20,631 [INFO] core.mission.gorev3_pickup: [KANCA_IZ] t=12.40 alt=0.335 off_n=-0.1003 off_e=-0.0028 nose_z=+0.0362
2026-09-01 11:16:20,740 [INFO] core.mission.gorev3_pickup: [KANCA_IZ] t=12.51 alt=0.333 off_n=-0.0986 off_e=+0.0000 nose_z=+0.0357
2026-09-01 11:16:20,849 [INFO] core.mission.gorev3_pickup: [KANCA_IZ] t=12.62 alt=0.331 off_n=-0.0949 off_e=+0.0026 nose_z=+0.0355
QGC port check failed, reporting UNKNOWN: (pid=46310)
2026-09-01 11:16:20,956 [INFO] core.mission.gorev3_pickup: [KANCA_IZ] t=12.73 alt=0.330 off_n=-0.0889 off_e=+0.0059 nose_z=+0.0357
2026-09-01 11:16:21,065 [INFO] core.mission.gorev3_pickup: [KANCA_IZ] t=12.84 alt=0.329 off_n=-0.0851 off_e=+0.0079 nose_z=+0.0361
2026-09-01 11:16:21,174 [INFO] core.detection.vision_runtime: [VISION] detect() calisiyor -- bu karede 0 tespit: []
2026-09-01 11:16:21,174 [INFO] core.mission.gorev3_pickup: [KANCA_IZ] t=12.95 alt=0.328 off_n=-0.0838 off_e=+0.0085 nose_z=+0.0368
2026-09-01 11:16:21,282 [INFO] core.mission.gorev3_pickup: [KANCA_IZ] t=13.06 alt=0.328 off_n=-0.0857 off_e=+0.0072 nose_z=+0.0376
2026-09-01 11:16:21,390 [INFO] core.mission.gorev3_pickup: [KANCA_IZ] t=13.16 alt=0.329 off_n=-0.0896 off_e=+0.0046 nose_z=+0.0385
2026-09-01 11:16:21,440 [INFO] gz_system.gz_payload_actuator: [HOOK] APPROACHING  lat=  69.5mm ins=  +37.2mm tilt=  0.4deg v=0.058m/s age=0.02s  [lateral(69.5mm>10.2mm), too_deep(+37.2mm>+19.9mm), rel_speed(0.058>0.05m/s)]
2026-09-01 11:16:21,497 [INFO] core.mission.gorev3_pickup: [KANCA_IZ] t=13.27 alt=0.329 off_n=-0.0926 off_e=+0.0025 nose_z=+0.0393
2026-09-01 11:16:21,605 [INFO] core.mission.gorev3_pickup: [KANCA_IZ] t=13.38 alt=0.331 off_n=-0.0938 off_e=+0.0013 nose_z=+0.0402
2026-09-01 11:16:21,712 [INFO] core.mission.gorev3_pickup: [KANCA_IZ] t=13.49 alt=0.332 off_n=-0.0928 off_e=+0.0011 nose_z=+0.0411
2026-09-01 11:16:21,821 [INFO] core.mission.gorev3_pickup: [KANCA_IZ] t=13.59 alt=0.334 off_n=-0.0907 off_e=+0.0017 nose_z=+0.0416
2026-09-01 11:16:21,930 [INFO] core.mission.gorev3_pickup: [KANCA_IZ] t=13.70 alt=0.335 off_n=-0.0886 off_e=+0.0025 nose_z=+0.0420
2026-09-01 11:16:22,037 [INFO] core.mission.gorev3_pickup: [KANCA_IZ] t=13.81 alt=0.337 off_n=-0.0872 off_e=+0.0033 nose_z=+0.0422
2026-09-01 11:16:22,145 [INFO] core.mission.gorev3_pickup: [KANCA_IZ] t=13.92 alt=0.338 off_n=-0.0876 off_e=+0.0034 nose_z=+0.0421
2026-09-01 11:16:22,254 [INFO] core.mission.gorev3_pickup: [KANCA_IZ] t=14.03 alt=0.339 off_n=-0.0893 off_e=+0.0030 nose_z=+0.0418
2026-09-01 11:16:22,362 [INFO] core.mission.gorev3_pickup: [KANCA_IZ] t=14.14 alt=0.339 off_n=-0.0908 off_e=+0.0026 nose_z=+0.0414
2026-09-01 11:16:22,469 [INFO] core.mission.gorev3_pickup: [KANCA_IZ] t=14.24 alt=0.339 off_n=-0.0920 off_e=+0.0025 nose_z=+0.0408
2026-09-01 11:16:22,470 [INFO] gz_system.gz_payload_actuator: [HOOK] APPROACHING  lat=  87.0mm ins=  +35.4mm tilt=  0.6deg v=0.014m/s age=0.01s  [lateral(87.0mm>10.2mm), too_deep(+35.4mm>+19.9mm)]
2026-09-01 11:16:22,577 [INFO] core.mission.gorev3_pickup: [KANCA_IZ] t=14.35 alt=0.338 off_n=-0.0921 off_e=+0.0027 nose_z=+0.0403
2026-09-01 11:16:22,686 [INFO] core.mission.gorev3_pickup: [KANCA_IZ] t=14.46 alt=0.334 off_n=-0.0913 off_e=+0.0032 nose_z=+0.0399
2026-09-01 11:16:22,794 [INFO] core.mission.gorev3_pickup: [KANCA_IZ] t=14.57 alt=0.332 off_n=-0.0900 off_e=+0.0040 nose_z=+0.0396
QGC port check failed, reporting UNKNOWN: (pid=46310)
2026-09-01 11:16:22,901 [INFO] core.mission.gorev3_pickup: [KANCA_IZ] t=14.67 alt=0.329 off_n=-0.0892 off_e=+0.0046 nose_z=+0.0396
2026-09-01 11:16:23,009 [INFO] core.mission.gorev3_pickup: [KANCA_IZ] t=14.78 alt=0.327 off_n=-0.0890 off_e=+0.0051 nose_z=+0.0401
2026-09-01 11:16:23,118 [INFO] core.mission.gorev3_pickup: [KANCA_IZ] t=14.89 alt=0.325 off_n=-0.0895 off_e=+0.0052 nose_z=+0.0408
2026-09-01 11:16:23,226 [INFO] core.mission.gorev3_pickup: [KANCA_IZ] t=15.00 alt=0.323 off_n=-0.0905 off_e=+0.0052 nose_z=+0.0421
2026-09-01 11:16:23,334 [INFO] core.mission.gorev3_pickup: [KANCA_IZ] t=15.11 alt=0.324 off_n=-0.0912 off_e=+0.0053 nose_z=+0.0434
2026-09-01 11:16:23,442 [INFO] core.mission.gorev3_pickup: [KANCA_IZ] t=15.22 alt=0.324 off_n=-0.0915 off_e=+0.0055 nose_z=+0.0453
2026-09-01 11:16:23,494 [INFO] gz_system.gz_payload_actuator: [HOOK] APPROACHING  lat=  75.7mm ins=  +30.0mm tilt=  0.4deg v=0.017m/s age=0.01s  [lateral(75.7mm>10.2mm), too_deep(+30.0mm>+19.9mm)]
2026-09-01 11:16:23,552 [INFO] core.mission.gorev3_pickup: [KANCA_IZ] t=15.33 alt=0.325 off_n=-0.0911 off_e=+0.0055 nose_z=+0.0468
2026-09-01 11:16:23,660 [INFO] core.mission.gorev3_pickup: [KANCA_IZ] t=15.43 alt=0.325 off_n=-0.0903 off_e=+0.0053 nose_z=+0.0486
2026-09-01 11:16:23,769 [INFO] core.mission.gorev3_pickup: [KANCA_IZ] t=15.54 alt=0.325 off_n=-0.0897 off_e=+0.0050 nose_z=+0.0502
2026-09-01 11:16:23,879 [INFO] core.mission.gorev3_pickup: [KANCA_IZ] t=15.65 alt=0.325 off_n=-0.0895 off_e=+0.0045 nose_z=+0.0522
2026-09-01 11:16:23,989 [INFO] core.mission.gorev3_pickup: [KANCA_IZ] t=15.76 alt=0.325 off_n=-0.0896 off_e=+0.0041 nose_z=+0.0538
2026-09-01 11:16:24,097 [INFO] core.mission.gorev3_pickup: [KANCA_IZ] t=15.87 alt=0.326 off_n=-0.0901 off_e=+0.0037 nose_z=+0.0558
2026-09-01 11:16:24,208 [INFO] core.detection.vision_runtime: [VISION] detect() calisiyor -- bu karede 1 tespit: ['KIRMIZI_DIKDORTGEN']
2026-09-01 11:16:24,208 [INFO] core.mission.gorev3_pickup: [KANCA_IZ] t=15.98 alt=0.327 off_n=-0.0903 off_e=+0.0036 nose_z=+0.0574
2026-09-01 11:16:24,316 [INFO] core.mission.gorev3_pickup: [KANCA_IZ] t=16.09 alt=0.328 off_n=-0.0905 off_e=+0.0036 nose_z=+0.0593
2026-09-01 11:16:24,426 [INFO] core.mission.gorev3_pickup: [KANCA_IZ] t=16.20 alt=0.329 off_n=-0.0905 off_e=+0.0037 nose_z=+0.0608
2026-09-01 11:16:24,535 [INFO] core.mission.gorev3_pickup: [KANCA_IZ] t=16.31 alt=0.330 off_n=-0.0904 off_e=+0.0039 nose_z=+0.0625
2026-09-01 11:16:24,535 [INFO] gz_system.gz_payload_actuator: [HOOK] APPROACHING  lat=  87.4mm ins=  +13.5mm tilt=  0.1deg v=0.018m/s age=0.02s  [lateral(87.4mm>10.2mm)]
2026-09-01 11:16:24,644 [INFO] core.mission.gorev3_pickup: [KANCA_IZ] t=16.42 alt=0.331 off_n=-0.0904 off_e=+0.0039 nose_z=+0.0638
2026-09-01 11:16:24,752 [INFO] core.mission.gorev3_pickup: [KANCA_IZ] t=16.53 alt=0.332 off_n=-0.0905 off_e=+0.0039 nose_z=+0.0651
2026-09-01 11:16:24,861 [INFO] core.mission.gorev3_pickup: [KANCA_IZ] t=16.63 alt=0.333 off_n=-0.0907 off_e=+0.0038 nose_z=+0.0661
QGC port check failed, reporting UNKNOWN: (pid=46310)
2026-09-01 11:16:24,970 [INFO] core.mission.gorev3_pickup: [KANCA_IZ] t=16.74 alt=0.333 off_n=-0.0912 off_e=+0.0038 nose_z=+0.0672
2026-09-01 11:16:25,078 [INFO] core.mission.gorev3_pickup: [KANCA_IZ] t=16.85 alt=0.334 off_n=-0.0915 off_e=+0.0039 nose_z=+0.0679
2026-09-01 11:16:25,187 [INFO] core.mission.gorev3_pickup: [KANCA_IZ] t=16.96 alt=0.335 off_n=-0.0916 off_e=+0.0039 nose_z=+0.0687
2026-09-01 11:16:25,296 [INFO] core.mission.gorev3_pickup: [KANCA_IZ] t=17.07 alt=0.334 off_n=-0.0913 off_e=+0.0039 nose_z=+0.0693
2026-09-01 11:16:25,404 [INFO] core.mission.gorev3_pickup: [KANCA_IZ] t=17.18 alt=0.334 off_n=-0.0907 off_e=+0.0038 nose_z=+0.0700
2026-09-01 11:16:25,514 [INFO] core.mission.gorev3_pickup: [KANCA_IZ] t=17.29 alt=0.333 off_n=-0.0901 off_e=+0.0037 nose_z=+0.0707
2026-09-01 11:16:25,564 [INFO] gz_system.gz_payload_actuator: [HOOK] APPROACHING  lat=  97.4mm ins=   +4.8mm tilt=  0.2deg v=0.029m/s age=0.01s  [lateral(97.4mm>10.2mm)]
2026-09-01 11:16:25,620 [INFO] gz_system.main_gz: Dashboard paint loop: 0.0 FPS (main thread)
2026-09-01 11:16:25,621 [INFO] core.mission.gorev3_pickup: [KANCA_IZ] t=17.39 alt=0.332 off_n=-0.0896 off_e=+0.0038 nose_z=+0.0717
2026-09-01 11:16:25,730 [INFO] core.mission.gorev3_pickup: [KANCA_IZ] t=17.50 alt=0.332 off_n=-0.0895 off_e=+0.0039 nose_z=+0.0728
2026-09-01 11:16:25,837 [INFO] core.mission.gorev3_pickup: [KANCA_IZ] t=17.61 alt=0.332 off_n=-0.0897 off_e=+0.0041 nose_z=+0.0738
2026-09-01 11:16:25,944 [INFO] core.mission.gorev3_pickup: [KANCA_IZ] t=17.72 alt=0.334 off_n=-0.0900 off_e=+0.0044 nose_z=+0.0751
2026-09-01 11:16:26,054 [INFO] core.mission.gorev3_pickup: [KANCA_IZ] t=17.83 alt=0.336 off_n=-0.0901 off_e=+0.0047 nose_z=+0.0760
2026-09-01 11:16:26,161 [INFO] core.mission.gorev3_pickup: [KANCA_IZ] t=17.93 alt=0.338 off_n=-0.0899 off_e=+0.0050 nose_z=+0.0768
2026-09-01 11:16:26,269 [INFO] core.mission.gorev3_pickup: [KANCA_IZ] t=18.04 alt=0.341 off_n=-0.0896 off_e=+0.0053 nose_z=+0.0771
2026-09-01 11:16:26,378 [INFO] core.mission.gorev3_pickup: [KANCA_IZ] t=18.15 alt=0.343 off_n=-0.0892 off_e=+0.0055 nose_z=+0.0772
2026-09-01 11:16:26,486 [INFO] core.mission.gorev3_pickup: [KANCA_IZ] t=18.26 alt=0.344 off_n=-0.0888 off_e=+0.0056 nose_z=+0.0770
2026-09-01 11:16:26,593 [INFO] core.mission.gorev3_pickup: [KANCA_IZ] t=18.37 alt=0.344 off_n=-0.0884 off_e=+0.0053 nose_z=+0.0767
2026-09-01 11:16:26,593 [INFO] gz_system.gz_payload_actuator: [HOOK] APPROACHING  lat= 111.5mm ins=   -0.7mm tilt=  0.4deg v=0.019m/s age=0.02s  [lateral(111.5mm>10.2mm)]
2026-09-01 11:16:26,700 [INFO] core.mission.gorev3_pickup: [KANCA_IZ] t=18.47 alt=0.345 off_n=-0.0882 off_e=+0.0048 nose_z=+0.0763
2026-09-01 11:16:26,808 [INFO] core.mission.gorev3_pickup: [KANCA_IZ] t=18.58 alt=0.346 off_n=-0.0882 off_e=+0.0043 nose_z=+0.0757
QGC port check failed, reporting UNKNOWN: (pid=46310)
2026-09-01 11:16:26,916 [INFO] core.mission.gorev3_pickup: [KANCA_IZ] t=18.69 alt=0.348 off_n=-0.0885 off_e=+0.0038 nose_z=+0.0750
2026-09-01 11:16:27,024 [INFO] core.mission.gorev3_pickup: [KANCA_IZ] t=18.80 alt=0.350 off_n=-0.0887 off_e=+0.0034 nose_z=+0.0739
2026-09-01 11:16:27,132 [INFO] core.mission.gorev3_pickup: [KANCA_IZ] t=18.91 alt=0.351 off_n=-0.0888 off_e=+0.0031 nose_z=+0.0727
2026-09-01 11:16:27,240 [INFO] core.detection.vision_runtime: [VISION] detect() calisiyor -- bu karede 0 tespit: []
2026-09-01 11:16:27,240 [INFO] core.mission.gorev3_pickup: [KANCA_IZ] t=19.01 alt=0.352 off_n=-0.0889 off_e=+0.0030 nose_z=+0.0709
2026-09-01 11:16:27,291 [INFO] gz_system.gz_payload_actuator: [KANCA_DENGE] oturma penceresi ortalama kanca_ofset=(-0.0892, +0.0009)  (222 ornek)
2026-09-01 11:16:27,291 [WARNING] gz_system.gz_payload_actuator: [HOOK] OTURMADI (12.0 s). En iyi ESZAMANLI ornek: lat=  84.4mm ins=  +19.2mm tilt=  0.1deg v=0.023m/s age=0.01s (1 kapi ihlali). CAPTURE_CANDIDATE ornegi: 0/222. Kapi retleri: lateral=222, too_deep=161, rel_speed=32, tilt=2. Sinirlar: yanal<=10.2 mm, dwell 0.30 s.
2026-09-01 11:16:27,291 [WARNING] gz_system.gz_payload_actuator: [HOOK] oturma dogrulanmadi (12.0s) -- /hook/attach YAYINLANMADI, vinc cekiliyor, tekrar denenecek
2026-09-01 11:16:27,291 [INFO] gz_system.gz_payload_actuator: [HOOK] vinc -> 0.00 m
I0901 11:16:27.291886 13537914 fork_posix.cc:71] Other threads are currently calling into gRPC, skipping fork() handlers
2026-09-01 11:16:27,350 [INFO] core.mission.gorev3_pickup: [KANCA_IZ] t=19.12 alt=0.354 off_n=-0.0889 off_e=+0.0030 nose_z=+0.0691
2026-09-01 11:16:27,457 [INFO] core.mission.gorev3_pickup: [KANCA_IZ] t=19.23 alt=0.355 off_n=-0.0890 off_e=+0.0032 nose_z=+0.0672
2026-09-01 11:16:27,565 [INFO] core.mission.gorev3_pickup: [KANCA_IZ] t=19.34 alt=0.356 off_n=-0.0891 off_e=+0.0034 nose_z=+0.0646
2026-09-01 11:16:27,674 [INFO] core.mission.gorev3_pickup: [KANCA_IZ] t=19.45 alt=0.357 off_n=-0.0892 off_e=+0.0036 nose_z=+0.0623
2026-09-01 11:16:27,782 [INFO] core.mission.gorev3_pickup: [KANCA_IZ] t=19.56 alt=0.358 off_n=-0.0896 off_e=+0.0037 nose_z=+0.0593
2026-09-01 11:16:27,889 [INFO] core.mission.gorev3_pickup: [KANCA_IZ] t=19.66 alt=0.359 off_n=-0.0900 off_e=+0.0037 nose_z=+0.0566
2026-09-01 11:16:27,998 [INFO] core.mission.gorev3_pickup: [KANCA_IZ] t=19.77 alt=0.359 off_n=-0.0908 off_e=+0.0036 nose_z=+0.0534
2026-09-01 11:16:28,105 [INFO] core.mission.gorev3_pickup: [KANCA_IZ] t=19.88 alt=0.359 off_n=-0.0916 off_e=+0.0036 nose_z=+0.0504
2026-09-01 11:16:28,213 [INFO] core.mission.gorev3_pickup: [KANCA_IZ] t=19.99 alt=0.359 off_n=-0.0924 off_e=+0.0035 nose_z=+0.0468
2026-09-01 11:16:28,321 [INFO] core.mission.gorev3_pickup: [KANCA_IZ] t=20.09 alt=0.358 off_n=-0.0930 off_e=+0.0036 nose_z=+0.0506
2026-09-01 11:16:28,430 [INFO] core.mission.gorev3_pickup: [KANCA_IZ] t=20.20 alt=0.356 off_n=-0.0914 off_e=+0.0040 nose_z=+0.1015
2026-09-01 11:16:28,538 [INFO] core.mission.gorev3_pickup: [KANCA_IZ] t=20.31 alt=0.354 off_n=-0.0615 off_e=+0.0057 nose_z=+0.2036
2026-09-01 11:16:28,647 [INFO] core.mission.gorev3_pickup: [KANCA_IZ] t=20.42 alt=0.353 off_n=+0.0189 off_e=-0.0015 nose_z=+0.3101
2026-09-01 11:16:28,756 [INFO] core.mission.gorev3_pickup: [KANCA_IZ] t=20.53 alt=0.353 off_n=+0.0658 off_e=+0.0376 nose_z=+0.4244
2026-09-01 11:16:28,865 [INFO] core.mission.gorev3_pickup: [KANCA_IZ] t=20.64 alt=0.352 off_n=+0.0477 off_e=+0.0455 nose_z=+0.4434
QGC port check failed, reporting UNKNOWN: (pid=46310)
2026-09-01 11:16:28,972 [INFO] core.mission.gorev3_pickup: [KANCA_IZ] t=20.75 alt=0.353 off_n=-0.0042 off_e=+0.0307 nose_z=+0.4122
2026-09-01 11:16:29,081 [INFO] core.mission.gorev3_pickup: [KANCA_IZ] t=20.85 alt=0.353 off_n=-0.0742 off_e=+0.0106 nose_z=+0.3915
2026-09-01 11:16:29,189 [INFO] core.mission.gorev3_pickup: [KANCA_IZ] t=20.96 alt=0.350 off_n=-0.1343 off_e=-0.0031 nose_z=+0.3891
2026-09-01 11:16:29,297 [INFO] core.mission.gorev3_pickup: [KANCA_IZ] t=21.07 alt=0.349 off_n=-0.1456 off_e=-0.0021 nose_z=+0.3849
2026-09-01 11:16:29,298 [INFO] core.mission.gorev3_pickup: [YENIDEN_HIZA] deneme 2 oncesi, kanca havada -- duzeltme yeniden kosuluyor
2026-09-01 11:16:29,298 [INFO] core.mission.gorev3_pickup: [SON_DUZELTME] 1/6 yanal 56.3 mm -> (kuzey +0.012, dogu +0.025)  | kanca_ofset=(-0.1437, -0.0008) arac_ned=(98.3336, -8.2270) kanca_mutlak=(98.1899, -8.2278)
2026-09-01 11:16:29,405 [INFO] core.mission.gorev3_pickup: [KANCA_IZ] t=21.18 alt=0.346 off_n=-0.1203 off_e=+0.0091 nose_z=+0.3725
2026-09-01 11:16:29,513 [INFO] core.mission.gorev3_pickup: [KANCA_IZ] t=21.29 alt=0.344 off_n=-0.0834 off_e=+0.0205 nose_z=+0.3657
2026-09-01 11:16:29,621 [INFO] core.mission.gorev3_pickup: [KANCA_IZ] t=21.39 alt=0.342 off_n=-0.0505 off_e=+0.0269 nose_z=+0.3645
2026-09-01 11:16:29,729 [INFO] core.mission.gorev3_pickup: [KANCA_IZ] t=21.50 alt=0.341 off_n=-0.0441 off_e=+0.0242 nose_z=+0.3623
2026-09-01 11:16:29,836 [INFO] core.mission.gorev3_pickup: [KANCA_IZ] t=21.61 alt=0.338 off_n=-0.0624 off_e=+0.0138 nose_z=+0.3559
2026-09-01 11:16:29,946 [INFO] core.mission.gorev3_pickup: [KANCA_IZ] t=21.72 alt=0.337 off_n=-0.0888 off_e=+0.0041 nose_z=+0.3526
2026-09-01 11:16:30,053 [INFO] core.mission.gorev3_pickup: [KANCA_IZ] t=21.83 alt=0.335 off_n=-0.1135 off_e=-0.0024 nose_z=+0.3524
2026-09-01 11:16:30,161 [INFO] core.mission.gorev3_pickup: [KANCA_IZ] t=21.93 alt=0.334 off_n=-0.1195 off_e=-0.0021 nose_z=+0.3519
2026-09-01 11:16:30,269 [INFO] core.detection.vision_runtime: [VISION] detect() calisiyor -- bu karede 0 tespit: []
2026-09-01 11:16:30,269 [INFO] core.mission.gorev3_pickup: [KANCA_IZ] t=22.04 alt=0.333 off_n=-0.1074 off_e=+0.0038 nose_z=+0.3491
2026-09-01 11:16:30,378 [INFO] core.mission.gorev3_pickup: [KANCA_IZ] t=22.15 alt=0.332 off_n=-0.0898 off_e=+0.0095 nose_z=+0.3476
2026-09-01 11:16:30,485 [INFO] core.mission.gorev3_pickup: [KANCA_IZ] t=22.26 alt=0.332 off_n=-0.0714 off_e=+0.0134 nose_z=+0.3476
2026-09-01 11:16:30,593 [INFO] core.mission.gorev3_pickup: [KANCA_IZ] t=22.37 alt=0.333 off_n=-0.0669 off_e=+0.0126 nose_z=+0.3473
2026-09-01 11:16:30,627 [INFO] gz_system.main_gz: Dashboard paint loop: 0.0 FPS (main thread)
2026-09-01 11:16:30,702 [INFO] core.mission.gorev3_pickup: [KANCA_IZ] t=22.48 alt=0.333 off_n=-0.0733 off_e=+0.0087 nose_z=+0.3461
2026-09-01 11:16:30,810 [INFO] core.mission.gorev3_pickup: [KANCA_IZ] t=22.58 alt=0.333 off_n=-0.0884 off_e=+0.0032 nose_z=+0.3447
QGC port check failed, reporting UNKNOWN: (pid=46310)
2026-09-01 11:16:30,918 [INFO] core.mission.gorev3_pickup: [KANCA_IZ] t=22.69 alt=0.333 off_n=-0.1003 off_e=+0.0001 nose_z=+0.3443
2026-09-01 11:16:31,026 [INFO] core.mission.gorev3_pickup: [KANCA_IZ] t=22.80 alt=0.332 off_n=-0.1057 off_e=-0.0001 nose_z=+0.3437
2026-09-01 11:16:31,139 [INFO] core.mission.gorev3_pickup: [KANCA_IZ] t=22.91 alt=0.331 off_n=-0.1015 off_e=+0.0023 nose_z=+0.3429
2026-09-01 11:16:31,248 [INFO] core.mission.gorev3_pickup: [KANCA_IZ] t=23.02 alt=0.329 off_n=-0.0908 off_e=+0.0058 nose_z=+0.3422
2026-09-01 11:16:31,357 [INFO] core.mission.gorev3_pickup: [KANCA_IZ] t=23.13 alt=0.328 off_n=-0.0813 off_e=+0.0080 nose_z=+0.3422
2026-09-01 11:16:31,465 [INFO] core.mission.gorev3_pickup: [KANCA_IZ] t=23.24 alt=0.327 off_n=-0.0783 off_e=+0.0078 nose_z=+0.3423
2026-09-01 11:16:31,577 [INFO] core.mission.gorev3_pickup: [KANCA_IZ] t=23.35 alt=0.327 off_n=-0.0820 off_e=+0.0056 nose_z=+0.3423
2026-09-01 11:16:31,684 [INFO] core.mission.gorev3_pickup: [KANCA_IZ] t=23.46 alt=0.327 off_n=-0.0888 off_e=+0.0033 nose_z=+0.3424
2026-09-01 11:16:31,793 [INFO] core.mission.gorev3_pickup: [KANCA_IZ] t=23.57 alt=0.327 off_n=-0.0960 off_e=+0.0016 nose_z=+0.3428
2026-09-01 11:16:31,900 [INFO] core.mission.gorev3_pickup: [KANCA_IZ] t=23.67 alt=0.327 off_n=-0.0983 off_e=+0.0016 nose_z=+0.3432
2026-09-01 11:16:32,009 [INFO] core.mission.gorev3_pickup: [KANCA_IZ] t=23.78 alt=0.326 off_n=-0.0964 off_e=+0.0028 nose_z=+0.3435
2026-09-01 11:16:32,117 [INFO] core.mission.gorev3_pickup: [KANCA_IZ] t=23.89 alt=0.327 off_n=-0.0908 off_e=+0.0048 nose_z=+0.3440
2026-09-01 11:16:32,226 [INFO] core.mission.gorev3_pickup: [KANCA_IZ] t=24.00 alt=0.326 off_n=-0.0862 off_e=+0.0059 nose_z=+0.3445
2026-09-01 11:16:32,333 [INFO] core.mission.gorev3_pickup: [KANCA_IZ] t=24.11 alt=0.326 off_n=-0.0840 off_e=+0.0059 nose_z=+0.3452
2026-09-01 11:16:32,401 [INFO] core.mission.gorev3_pickup: [SON_DUZELTME] 2/6 yanal 66.3 mm -> (kuzey -0.033, dogu -0.003)  | kanca_ofset=(-0.0848, +0.0052) arac_ned=(98.3652, -8.1762) kanca_mutlak=(98.2803, -8.1710)
2026-09-01 11:16:32,441 [INFO] core.mission.gorev3_pickup: [KANCA_IZ] t=24.21 alt=0.326 off_n=-0.0853 off_e=+0.0050 nose_z=+0.3457
2026-09-01 11:16:32,549 [INFO] core.mission.gorev3_pickup: [KANCA_IZ] t=24.32 alt=0.326 off_n=-0.0893 off_e=+0.0039 nose_z=+0.3463
2026-09-01 11:16:32,658 [INFO] core.mission.gorev3_pickup: [KANCA_IZ] t=24.43 alt=0.326 off_n=-0.0926 off_e=+0.0032 nose_z=+0.3468
2026-09-01 11:16:32,766 [INFO] core.mission.gorev3_pickup: [KANCA_IZ] t=24.54 alt=0.327 off_n=-0.0944 off_e=+0.0029 nose_z=+0.3474
2026-09-01 11:16:32,873 [INFO] core.mission.gorev3_pickup: [KANCA_IZ] t=24.65 alt=0.328 off_n=-0.0931 off_e=+0.0034 nose_z=+0.3479
QGC port check failed, reporting UNKNOWN: (pid=46310)
2026-09-01 11:16:32,981 [INFO] core.mission.gorev3_pickup: [KANCA_IZ] t=24.75 alt=0.330 off_n=-0.0907 off_e=+0.0040 nose_z=+0.3482
2026-09-01 11:16:33,089 [INFO] core.mission.gorev3_pickup: [KANCA_IZ] t=24.86 alt=0.332 off_n=-0.0884 off_e=+0.0046 nose_z=+0.3483
2026-09-01 11:16:33,197 [INFO] core.mission.gorev3_pickup: [KANCA_IZ] t=24.97 alt=0.334 off_n=-0.0870 off_e=+0.0050 nose_z=+0.3482
2026-09-01 11:16:33,305 [INFO] core.detection.vision_runtime: [VISION] detect() calisiyor -- bu karede 0 tespit: []
2026-09-01 11:16:33,305 [INFO] core.mission.gorev3_pickup: [KANCA_IZ] t=25.08 alt=0.335 off_n=-0.0876 off_e=+0.0048 nose_z=+0.3479
2026-09-01 11:16:33,413 [INFO] core.mission.gorev3_pickup: [KANCA_IZ] t=25.19 alt=0.336 off_n=-0.0892 off_e=+0.0044 nose_z=+0.3474
2026-09-01 11:16:33,522 [INFO] core.mission.gorev3_pickup: [KANCA_IZ] t=25.29 alt=0.337 off_n=-0.0912 off_e=+0.0039 nose_z=+0.3466
2026-09-01 11:16:33,630 [INFO] core.mission.gorev3_pickup: [KANCA_IZ] t=25.40 alt=0.338 off_n=-0.0921 off_e=+0.0037 nose_z=+0.3457
2026-09-01 11:16:33,739 [INFO] core.mission.gorev3_pickup: [KANCA_IZ] t=25.51 alt=0.339 off_n=-0.0919 off_e=+0.0037 nose_z=+0.3444
2026-09-01 11:16:33,849 [INFO] core.mission.gorev3_pickup: [KANCA_IZ] t=25.62 alt=0.339 off_n=-0.0907 off_e=+0.0040 nose_z=+0.3432
2026-09-01 11:16:33,957 [INFO] core.mission.gorev3_pickup: [KANCA_IZ] t=25.73 alt=0.339 off_n=-0.0893 off_e=+0.0043 nose_z=+0.3418
2026-09-01 11:16:34,066 [INFO] core.mission.gorev3_pickup: [KANCA_IZ] t=25.84 alt=0.339 off_n=-0.0885 off_e=+0.0045 nose_z=+0.3405
2026-09-01 11:16:34,174 [INFO] core.mission.gorev3_pickup: [KANCA_IZ] t=25.95 alt=0.339 off_n=-0.0886 off_e=+0.0045 nose_z=+0.3388
2026-09-01 11:16:34,281 [INFO] core.mission.gorev3_pickup: [KANCA_IZ] t=26.05 alt=0.338 off_n=-0.0894 off_e=+0.0043 nose_z=+0.3374
2026-09-01 11:16:34,389 [INFO] core.mission.gorev3_pickup: [KANCA_IZ] t=26.16 alt=0.337 off_n=-0.0905 off_e=+0.0041 nose_z=+0.3358
2026-09-01 11:16:34,497 [INFO] core.mission.gorev3_pickup: [KANCA_IZ] t=26.27 alt=0.335 off_n=-0.0910 off_e=+0.0040 nose_z=+0.3345
2026-09-01 11:16:34,606 [INFO] core.mission.gorev3_pickup: [KANCA_IZ] t=26.38 alt=0.333 off_n=-0.0909 off_e=+0.0040 nose_z=+0.3335
2026-09-01 11:16:34,714 [INFO] core.mission.gorev3_pickup: [KANCA_IZ] t=26.49 alt=0.331 off_n=-0.0903 off_e=+0.0041 nose_z=+0.3326
2026-09-01 11:16:34,822 [INFO] core.mission.gorev3_pickup: [KANCA_IZ] t=26.59 alt=0.329 off_n=-0.0897 off_e=+0.0041 nose_z=+0.3321
QGC port check failed, reporting UNKNOWN: (pid=46310)
2026-09-01 11:16:34,929 [INFO] core.mission.gorev3_pickup: [KANCA_IZ] t=26.70 alt=0.327 off_n=-0.0891 off_e=+0.0041 nose_z=+0.3319
2026-09-01 11:16:34,930 [INFO] core.mission.gorev3_pickup: [SON_DUZELTME] 3/6 yanal 30.7 mm -> (kuzey -0.015, dogu -0.000)  | kanca_ofset=(-0.0891, +0.0041) arac_ned=(98.3341, -8.1804) kanca_mutlak=(98.2450, -8.1763)
2026-09-01 11:16:35,037 [INFO] core.mission.gorev3_pickup: [KANCA_IZ] t=26.81 alt=0.325 off_n=-0.0892 off_e=+0.0042 nose_z=+0.3321
2026-09-01 11:16:35,145 [INFO] core.mission.gorev3_pickup: [KANCA_IZ] t=26.92 alt=0.325 off_n=-0.0898 off_e=+0.0041 nose_z=+0.3326
2026-09-01 11:16:35,253 [INFO] core.mission.gorev3_pickup: [KANCA_IZ] t=27.03 alt=0.326 off_n=-0.0903 off_e=+0.0041 nose_z=+0.3330
2026-09-01 11:16:35,361 [INFO] core.mission.gorev3_pickup: [KANCA_IZ] t=27.13 alt=0.327 off_n=-0.0906 off_e=+0.0042 nose_z=+0.3336
2026-09-01 11:16:35,469 [INFO] core.mission.gorev3_pickup: [KANCA_IZ] t=27.24 alt=0.328 off_n=-0.0904 off_e=+0.0042 nose_z=+0.3341
2026-09-01 11:16:35,577 [INFO] core.mission.gorev3_pickup: [KANCA_IZ] t=27.35 alt=0.329 off_n=-0.0901 off_e=+0.0042 nose_z=+0.3345
2026-09-01 11:16:35,646 [INFO] gz_system.main_gz: Dashboard paint loop: 0.0 FPS (main thread)
2026-09-01 11:16:35,685 [INFO] core.mission.gorev3_pickup: [KANCA_IZ] t=27.46 alt=0.330 off_n=-0.0896 off_e=+0.0042 nose_z=+0.3349
2026-09-01 11:16:35,792 [INFO] core.mission.gorev3_pickup: [KANCA_IZ] t=27.57 alt=0.331 off_n=-0.0895 off_e=+0.0042 nose_z=+0.3350
2026-09-01 11:16:35,900 [INFO] core.mission.gorev3_pickup: [KANCA_IZ] t=27.67 alt=0.331 off_n=-0.0896 off_e=+0.0041 nose_z=+0.3351
2026-09-01 11:16:36,008 [INFO] core.mission.gorev3_pickup: [KANCA_IZ] t=27.78 alt=0.330 off_n=-0.0898 off_e=+0.0040 nose_z=+0.3352
2026-09-01 11:16:36,116 [INFO] core.mission.gorev3_pickup: [KANCA_IZ] t=27.89 alt=0.330 off_n=-0.0901 off_e=+0.0040 nose_z=+0.3354
2026-09-01 11:16:36,224 [INFO] core.mission.gorev3_pickup: [KANCA_IZ] t=28.00 alt=0.329 off_n=-0.0902 off_e=+0.0041 nose_z=+0.3357
2026-09-01 11:16:36,332 [INFO] core.detection.vision_runtime: [VISION] detect() calisiyor -- bu karede 0 tespit: []
2026-09-01 11:16:36,332 [INFO] core.mission.gorev3_pickup: [KANCA_IZ] t=28.11 alt=0.329 off_n=-0.0901 off_e=+0.0040 nose_z=+0.3361
2026-09-01 11:16:36,441 [INFO] core.mission.gorev3_pickup: [KANCA_IZ] t=28.21 alt=0.328 off_n=-0.0899 off_e=+0.0040 nose_z=+0.3366
2026-09-01 11:16:36,550 [INFO] core.mission.gorev3_pickup: [KANCA_IZ] t=28.32 alt=0.327 off_n=-0.0898 off_e=+0.0040 nose_z=+0.3375
2026-09-01 11:16:36,658 [INFO] core.mission.gorev3_pickup: [KANCA_IZ] t=28.43 alt=0.326 off_n=-0.0898 off_e=+0.0041 nose_z=+0.3383
2026-09-01 11:16:36,766 [INFO] core.mission.gorev3_pickup: [KANCA_IZ] t=28.54 alt=0.327 off_n=-0.0899 off_e=+0.0041 nose_z=+0.3392
2026-09-01 11:16:36,874 [INFO] core.mission.gorev3_pickup: [KANCA_IZ] t=28.65 alt=0.327 off_n=-0.0900 off_e=+0.0041 nose_z=+0.3402
QGC port check failed, reporting UNKNOWN: (pid=46310)
2026-09-01 11:16:36,985 [INFO] core.mission.gorev3_pickup: [KANCA_IZ] t=28.76 alt=0.330 off_n=-0.0900 off_e=+0.0041 nose_z=+0.3411
2026-09-01 11:16:37,092 [INFO] core.mission.gorev3_pickup: [KANCA_IZ] t=28.87 alt=0.330 off_n=-0.0899 off_e=+0.0040 nose_z=+0.3420
2026-09-01 11:16:37,203 [INFO] core.mission.gorev3_pickup: [KANCA_IZ] t=28.98 alt=0.331 off_n=-0.0898 off_e=+0.0040 nose_z=+0.3427
2026-09-01 11:16:37,311 [INFO] core.mission.gorev3_pickup: [KANCA_IZ] t=29.08 alt=0.333 off_n=-0.0897 off_e=+0.0040 nose_z=+0.3433
2026-09-01 11:16:37,419 [INFO] core.mission.gorev3_pickup: [KANCA_IZ] t=29.19 alt=0.335 off_n=-0.0897 off_e=+0.0040 nose_z=+0.3437
2026-09-01 11:16:37,526 [INFO] core.mission.gorev3_pickup: [KANCA_IZ] t=29.30 alt=0.337 off_n=-0.0897 off_e=+0.0040 nose_z=+0.3439
2026-09-01 11:16:37,527 [INFO] core.mission.gorev3_pickup: [SON_DUZELTME] 4/6 yanal 23.1 mm -> (kuzey +0.002, dogu -0.011)  | kanca_ofset=(-0.0897, +0.0040) arac_ned=(98.3004, -8.1583) kanca_mutlak=(98.2106, -8.1543)
2026-09-01 11:16:37,635 [INFO] core.mission.gorev3_pickup: [KANCA_IZ] t=29.41 alt=0.339 off_n=-0.0899 off_e=+0.0040 nose_z=+0.3436
2026-09-01 11:16:37,742 [INFO] core.mission.gorev3_pickup: [KANCA_IZ] t=29.52 alt=0.340 off_n=-0.0902 off_e=+0.0041 nose_z=+0.3430
2026-09-01 11:16:37,850 [INFO] core.mission.gorev3_pickup: [KANCA_IZ] t=29.62 alt=0.341 off_n=-0.0903 off_e=+0.0041 nose_z=+0.3421
2026-09-01 11:16:37,958 [INFO] core.mission.gorev3_pickup: [KANCA_IZ] t=29.73 alt=0.340 off_n=-0.0900 off_e=+0.0041 nose_z=+0.3411
2026-09-01 11:16:38,065 [INFO] core.mission.gorev3_pickup: [KANCA_IZ] t=29.84 alt=0.339 off_n=-0.0897 off_e=+0.0040 nose_z=+0.3402
2026-09-01 11:16:38,175 [INFO] core.mission.gorev3_pickup: [KANCA_IZ] t=29.95 alt=0.338 off_n=-0.0895 off_e=+0.0040 nose_z=+0.3394
2026-09-01 11:16:38,281 [INFO] core.mission.gorev3_pickup: [KANCA_IZ] t=30.05 alt=0.334 off_n=-0.0895 off_e=+0.0041 nose_z=+0.3387
2026-09-01 11:16:38,390 [INFO] core.mission.gorev3_pickup: [KANCA_IZ] t=30.16 alt=0.332 off_n=-0.0896 off_e=+0.0041 nose_z=+0.3383
2026-09-01 11:16:38,497 [INFO] core.mission.gorev3_pickup: [KANCA_IZ] t=30.27 alt=0.331 off_n=-0.0899 off_e=+0.0041 nose_z=+0.3380
2026-09-01 11:16:38,605 [INFO] core.mission.gorev3_pickup: [KANCA_IZ] t=30.38 alt=0.329 off_n=-0.0901 off_e=+0.0041 nose_z=+0.3381
2026-09-01 11:16:38,713 [INFO] core.mission.gorev3_pickup: [KANCA_IZ] t=30.49 alt=0.328 off_n=-0.0901 off_e=+0.0042 nose_z=+0.3383
2026-09-01 11:16:38,822 [INFO] core.mission.gorev3_pickup: [KANCA_IZ] t=30.59 alt=0.327 off_n=-0.0900 off_e=+0.0042 nose_z=+0.3388
QGC port check failed, reporting UNKNOWN: (pid=46310)
2026-09-01 11:16:38,929 [INFO] core.mission.gorev3_pickup: [KANCA_IZ] t=30.70 alt=0.326 off_n=-0.0898 off_e=+0.0042 nose_z=+0.3394
2026-09-01 11:16:39,036 [INFO] core.mission.gorev3_pickup: [KANCA_IZ] t=30.81 alt=0.325 off_n=-0.0896 off_e=+0.0042 nose_z=+0.3402
2026-09-01 11:16:39,145 [INFO] core.mission.gorev3_pickup: [KANCA_IZ] t=30.92 alt=0.325 off_n=-0.0896 off_e=+0.0042 nose_z=+0.3411
2026-09-01 11:16:39,255 [INFO] core.mission.gorev3_pickup: [KANCA_IZ] t=31.03 alt=0.324 off_n=-0.0897 off_e=+0.0042 nose_z=+0.3420
2026-09-01 11:16:39,362 [INFO] core.detection.vision_runtime: [VISION] detect() calisiyor -- bu karede 0 tespit: []
2026-09-01 11:16:39,362 [INFO] core.mission.gorev3_pickup: [KANCA_IZ] t=31.14 alt=0.323 off_n=-0.0898 off_e=+0.0041 nose_z=+0.3434
2026-09-01 11:16:39,469 [INFO] core.mission.gorev3_pickup: [KANCA_IZ] t=31.24 alt=0.322 off_n=-0.0900 off_e=+0.0041 nose_z=+0.3446
2026-09-01 11:16:39,579 [INFO] core.mission.gorev3_pickup: [KANCA_IZ] t=31.35 alt=0.320 off_n=-0.0900 off_e=+0.0041 nose_z=+0.3464
2026-09-01 11:16:39,688 [INFO] core.mission.gorev3_pickup: [KANCA_IZ] t=31.46 alt=0.320 off_n=-0.0900 off_e=+0.0042 nose_z=+0.3483
2026-09-01 11:16:39,795 [INFO] core.mission.gorev3_pickup: [KANCA_IZ] t=31.57 alt=0.319 off_n=-0.0899 off_e=+0.0042 nose_z=+0.3500
2026-09-01 11:16:39,905 [INFO] core.mission.gorev3_pickup: [KANCA_IZ] t=31.68 alt=0.320 off_n=-0.0898 off_e=+0.0043 nose_z=+0.3518
2026-09-01 11:16:40,014 [INFO] core.mission.gorev3_pickup: [KANCA_IZ] t=31.79 alt=0.321 off_n=-0.0898 off_e=+0.0042 nose_z=+0.3539
2026-09-01 11:16:40,123 [INFO] core.mission.gorev3_pickup: [KANCA_IZ] t=31.90 alt=0.323 off_n=-0.0898 off_e=+0.0042 nose_z=+0.3556
2026-09-01 11:16:40,123 [INFO] core.mission.gorev3_pickup: [SON_DUZELTME] 5/6 yanal 6.8 mm -- hedefin icinde.
2026-09-01 11:16:40,123 [INFO] core.mission.gorev3_pickup: [YENIDEN_HIZA] deneme 2 icin yeni yanal: 6.8 mm
2026-09-01 11:16:40,123 [INFO] gz_system.gz_payload_actuator: [HOOK] alma denemesi 2/3
2026-09-01 11:16:40,123 [INFO] gz_system.gz_payload_actuator: [HOOK] vinc salimi: 0.369 m  (irtifa=0.339 m, guverte=0.070, zincir ofseti=0.060, pay=0.040)
2026-09-01 11:16:40,124 [INFO] gz_system.gz_payload_actuator: [HOOK] vinc -> 0.37 m
I0901 11:16:40.124379 13537914 fork_posix.cc:71] Other threads are currently calling into gRPC, skipping fork() handlers
2026-09-01 11:16:40,231 [INFO] core.mission.gorev3_pickup: [KANCA_IZ] t=32.00 alt=0.325 off_n=-0.0899 off_e=+0.0041 nose_z=+0.3576
2026-09-01 11:16:40,342 [INFO] core.mission.gorev3_pickup: [KANCA_IZ] t=32.11 alt=0.327 off_n=-0.0898 off_e=+0.0040 nose_z=+0.3590
2026-09-01 11:16:40,449 [INFO] core.mission.gorev3_pickup: [KANCA_IZ] t=32.22 alt=0.330 off_n=-0.0899 off_e=+0.0040 nose_z=+0.3603
2026-09-01 11:16:40,558 [INFO] core.mission.gorev3_pickup: [KANCA_IZ] t=32.33 alt=0.332 off_n=-0.0899 off_e=+0.0041 nose_z=+0.3612
2026-09-01 11:16:40,656 [INFO] gz_system.main_gz: Dashboard paint loop: 0.0 FPS (main thread)
2026-09-01 11:16:40,665 [INFO] core.mission.gorev3_pickup: [KANCA_IZ] t=32.44 alt=0.333 off_n=-0.0900 off_e=+0.0043 nose_z=+0.3618
2026-09-01 11:16:40,777 [INFO] core.mission.gorev3_pickup: [KANCA_IZ] t=32.55 alt=0.334 off_n=-0.0901 off_e=+0.0043 nose_z=+0.3622
QGC port check failed, reporting UNKNOWN: (pid=46310)
2026-09-01 11:16:40,885 [INFO] core.mission.gorev3_pickup: [KANCA_IZ] t=32.66 alt=0.336 off_n=-0.0900 off_e=+0.0043 nose_z=+0.3625
2026-09-01 11:16:40,995 [INFO] core.mission.gorev3_pickup: [KANCA_IZ] t=32.77 alt=0.337 off_n=-0.0900 off_e=+0.0041 nose_z=+0.3626
2026-09-01 11:16:41,043 [INFO] gz_system.gz_payload_actuator: [HOOK] APPROACHING  lat=  54.8mm ins= -286.6mm tilt=  0.1deg v=  infm/s age=0.01s  [lateral(54.8mm>10.2mm), too_high(-286.6mm<-4.0mm), rel_speed(inf>0.05m/s)]
2026-09-01 11:16:41,102 [INFO] core.mission.gorev3_pickup: [KANCA_IZ] t=32.88 alt=0.338 off_n=-0.0896 off_e=+0.0039 nose_z=+0.3469
2026-09-01 11:16:41,210 [INFO] core.mission.gorev3_pickup: [KANCA_IZ] t=32.98 alt=0.340 off_n=-0.0901 off_e=+0.0039 nose_z=+0.2873
2026-09-01 11:16:41,317 [INFO] core.mission.gorev3_pickup: [KANCA_IZ] t=33.09 alt=0.341 off_n=-0.0906 off_e=+0.0041 nose_z=+0.2390
2026-09-01 11:16:41,424 [INFO] core.mission.gorev3_pickup: [KANCA_IZ] t=33.20 alt=0.340 off_n=-0.0910 off_e=+0.0044 nose_z=+0.1784
2026-09-01 11:16:41,533 [INFO] core.mission.gorev3_pickup: [KANCA_IZ] t=33.31 alt=0.339 off_n=-0.0909 off_e=+0.0046 nose_z=+0.1278
2026-09-01 11:16:41,640 [INFO] core.mission.gorev3_pickup: [KANCA_IZ] t=33.41 alt=0.338 off_n=-0.0898 off_e=+0.0047 nose_z=+0.0750
2026-09-01 11:16:41,747 [INFO] core.mission.gorev3_pickup: [KANCA_IZ] t=33.52 alt=0.338 off_n=-0.0834 off_e=+0.0056 nose_z=+0.0742
2026-09-01 11:16:41,858 [INFO] core.mission.gorev3_pickup: [KANCA_IZ] t=33.63 alt=0.348 off_n=-0.0828 off_e=+0.0070 nose_z=+0.0739
2026-09-01 11:16:41,965 [INFO] core.mission.gorev3_pickup: [KANCA_IZ] t=33.74 alt=0.359 off_n=-0.0899 off_e=+0.0091 nose_z=+0.0737
2026-09-01 11:16:42,074 [INFO] core.mission.gorev3_pickup: [KANCA_IZ] t=33.85 alt=0.368 off_n=-0.0990 off_e=+0.0109 nose_z=+0.0737
2026-09-01 11:16:42,074 [INFO] gz_system.gz_payload_actuator: [HOOK] APPROACHING  lat=  54.3mm ins=   +2.3mm tilt=  0.1deg v=0.002m/s age=0.02s  [lateral(54.3mm>10.2mm)]
2026-09-01 11:16:42,182 [INFO] core.mission.gorev3_pickup: [KANCA_IZ] t=33.95 alt=0.371 off_n=-0.1101 off_e=+0.0131 nose_z=+0.0736
2026-09-01 11:16:42,293 [INFO] core.mission.gorev3_pickup: [KANCA_IZ] t=34.07 alt=0.367 off_n=-0.1177 off_e=+0.0148 nose_z=+0.0736
2026-09-01 11:16:42,400 [INFO] core.detection.vision_runtime: [VISION] detect() calisiyor -- bu karede 0 tespit: []
2026-09-01 11:16:42,400 [INFO] core.mission.gorev3_pickup: [KANCA_IZ] t=34.17 alt=0.362 off_n=-0.1241 off_e=+0.0168 nose_z=+0.0736
2026-09-01 11:16:42,509 [INFO] core.mission.gorev3_pickup: [KANCA_IZ] t=34.28 alt=0.358 off_n=-0.1270 off_e=+0.0182 nose_z=+0.0737
2026-09-01 11:16:42,618 [INFO] core.mission.gorev3_pickup: [KANCA_IZ] t=34.39 alt=0.354 off_n=-0.1282 off_e=+0.0199 nose_z=+0.0740
2026-09-01 11:16:42,726 [INFO] core.mission.gorev3_pickup: [KANCA_IZ] t=34.50 alt=0.351 off_n=-0.1272 off_e=+0.0211 nose_z=+0.0745
2026-09-01 11:16:42,833 [INFO] core.mission.gorev3_pickup: [KANCA_IZ] t=34.61 alt=0.348 off_n=-0.1239 off_e=+0.0224 nose_z=+0.0754
QGC port check failed, reporting UNKNOWN: (pid=46310)
2026-09-01 11:16:42,942 [INFO] core.mission.gorev3_pickup: [KANCA_IZ] t=34.71 alt=0.346 off_n=-0.1196 off_e=+0.0234 nose_z=+0.0764
2026-09-01 11:16:43,051 [INFO] core.mission.gorev3_pickup: [KANCA_IZ] t=34.82 alt=0.345 off_n=-0.1137 off_e=+0.0245 nose_z=+0.0776
2026-09-01 11:16:43,102 [INFO] gz_system.gz_payload_actuator: [HOOK] APPROACHING  lat=  54.3mm ins=   -2.3mm tilt= 19.7deg v=0.059m/s age=0.01s  [lateral(54.3mm>10.2mm), tilt(19.7deg>15.0deg), rel_speed(0.059>0.05m/s)]
2026-09-01 11:16:43,158 [INFO] core.mission.gorev3_pickup: [KANCA_IZ] t=34.93 alt=0.344 off_n=-0.1065 off_e=+0.0260 nose_z=+0.0789
2026-09-01 11:16:43,266 [INFO] core.mission.gorev3_pickup: [KANCA_IZ] t=35.04 alt=0.343 off_n=-0.1001 off_e=+0.0271 nose_z=+0.0798
2026-09-01 11:16:43,375 [INFO] core.mission.gorev3_pickup: [KANCA_IZ] t=35.15 alt=0.343 off_n=-0.0937 off_e=+0.0281 nose_z=+0.0805
2026-09-01 11:16:43,482 [INFO] core.mission.gorev3_pickup: [KANCA_IZ] t=35.26 alt=0.343 off_n=-0.0859 off_e=+0.0289 nose_z=+0.0813
2026-09-01 11:16:43,590 [INFO] core.mission.gorev3_pickup: [KANCA_IZ] t=35.36 alt=0.344 off_n=-0.0796 off_e=+0.0294 nose_z=+0.0819
2026-09-01 11:16:43,698 [INFO] core.mission.gorev3_pickup: [KANCA_IZ] t=35.47 alt=0.342 off_n=-0.0737 off_e=+0.0297 nose_z=+0.0824
2026-09-01 11:16:43,806 [INFO] core.mission.gorev3_pickup: [KANCA_IZ] t=35.58 alt=0.340 off_n=-0.0670 off_e=+0.0299 nose_z=+0.0830
2026-09-01 11:16:43,914 [INFO] core.mission.gorev3_pickup: [KANCA_IZ] t=35.69 alt=0.338 off_n=-0.0623 off_e=+0.0299 nose_z=+0.0834
2026-09-01 11:16:44,023 [INFO] core.mission.gorev3_pickup: [KANCA_IZ] t=35.80 alt=0.336 off_n=-0.0569 off_e=+0.0299 nose_z=+0.0838
2026-09-01 11:16:44,133 [INFO] core.mission.gorev3_pickup: [KANCA_IZ] t=35.91 alt=0.335 off_n=-0.0531 off_e=+0.0299 nose_z=+0.0841
2026-09-01 11:16:44,133 [INFO] gz_system.gz_payload_actuator: [HOOK] APPROACHING  lat=  52.4mm ins=   -8.1mm tilt= 45.9deg v=0.014m/s age=0.03s  [lateral(52.4mm>10.2mm), too_high(-8.1mm<-4.0mm), tilt(45.9deg>15.0deg)]
2026-09-01 11:16:44,241 [INFO] core.mission.gorev3_pickup: [KANCA_IZ] t=36.01 alt=0.335 off_n=-0.0490 off_e=+0.0297 nose_z=+0.0843
2026-09-01 11:16:44,351 [INFO] core.mission.gorev3_pickup: [KANCA_IZ] t=36.12 alt=0.335 off_n=-0.0461 off_e=+0.0293 nose_z=+0.0846
2026-09-01 11:16:44,459 [INFO] core.mission.gorev3_pickup: [KANCA_IZ] t=36.23 alt=0.335 off_n=-0.0430 off_e=+0.0285 nose_z=+0.0848
2026-09-01 11:16:44,570 [INFO] core.mission.gorev3_pickup: [KANCA_IZ] t=36.34 alt=0.335 off_n=-0.0407 off_e=+0.0276 nose_z=+0.0850
2026-09-01 11:16:44,678 [INFO] core.mission.gorev3_pickup: [KANCA_IZ] t=36.45 alt=0.335 off_n=-0.0383 off_e=+0.0261 nose_z=+0.0852
2026-09-01 11:16:44,787 [INFO] core.mission.gorev3_pickup: [KANCA_IZ] t=36.56 alt=0.336 off_n=-0.0365 off_e=+0.0247 nose_z=+0.0853
QGC port check failed, reporting UNKNOWN: (pid=46310)
2026-09-01 11:16:44,895 [INFO] core.mission.gorev3_pickup: [KANCA_IZ] t=36.67 alt=0.336 off_n=-0.0344 off_e=+0.0229 nose_z=+0.0855
2026-09-01 11:16:45,005 [INFO] core.mission.gorev3_pickup: [KANCA_IZ] t=36.78 alt=0.337 off_n=-0.0329 off_e=+0.0212 nose_z=+0.0856
2026-09-01 11:16:45,114 [INFO] core.mission.gorev3_pickup: [KANCA_IZ] t=36.89 alt=0.337 off_n=-0.0312 off_e=+0.0193 nose_z=+0.0858
2026-09-01 11:16:45,165 [INFO] gz_system.gz_payload_actuator: [HOOK] APPROACHING  lat=  51.6mm ins=   -9.9mm tilt= 51.3deg v=0.008m/s age=0.01s  [lateral(51.6mm>10.2mm), too_high(-9.9mm<-4.0mm), tilt(51.3deg>15.0deg)]
2026-09-01 11:16:45,225 [INFO] core.mission.gorev3_pickup: [KANCA_IZ] t=37.00 alt=0.337 off_n=-0.0299 off_e=+0.0177 nose_z=+0.0859
2026-09-01 11:16:45,334 [INFO] core.mission.gorev3_pickup: [KANCA_IZ] t=37.11 alt=0.337 off_n=-0.0283 off_e=+0.0157 nose_z=+0.0861
2026-09-01 11:16:45,442 [INFO] core.detection.vision_runtime: [VISION] detect() calisiyor -- bu karede 1 tespit: ['KIRMIZI_DIKDORTGEN']
2026-09-01 11:16:45,442 [INFO] core.mission.gorev3_pickup: [KANCA_IZ] t=37.21 alt=0.337 off_n=-0.0270 off_e=+0.0140 nose_z=+0.0862
2026-09-01 11:16:45,550 [INFO] core.mission.gorev3_pickup: [KANCA_IZ] t=37.32 alt=0.337 off_n=-0.0257 off_e=+0.0121 nose_z=+0.0863
2026-09-01 11:16:45,659 [INFO] core.mission.gorev3_pickup: [KANCA_IZ] t=37.43 alt=0.337 off_n=-0.0246 off_e=+0.0105 nose_z=+0.0863
2026-09-01 11:16:45,667 [INFO] gz_system.main_gz: Dashboard paint loop: 0.0 FPS (main thread)
2026-09-01 11:16:45,768 [INFO] core.mission.gorev3_pickup: [KANCA_IZ] t=37.54 alt=0.336 off_n=-0.0233 off_e=+0.0086 nose_z=+0.0864
2026-09-01 11:16:45,876 [INFO] core.mission.gorev3_pickup: [KANCA_IZ] t=37.65 alt=0.335 off_n=-0.0223 off_e=+0.0072 nose_z=+0.0865
2026-09-01 11:16:45,985 [INFO] core.mission.gorev3_pickup: [KANCA_IZ] t=37.76 alt=0.333 off_n=-0.0213 off_e=+0.0058 nose_z=+0.0865
2026-09-01 11:16:46,093 [INFO] core.mission.gorev3_pickup: [KANCA_IZ] t=37.87 alt=0.333 off_n=-0.0207 off_e=+0.0050 nose_z=+0.0865
2026-09-01 11:16:46,201 [INFO] core.mission.gorev3_pickup: [KANCA_IZ] t=37.97 alt=0.333 off_n=-0.0202 off_e=+0.0044 nose_z=+0.0865
2026-09-01 11:16:46,201 [INFO] gz_system.gz_payload_actuator: [HOOK] APPROACHING  lat=  50.6mm ins=  -10.5mm tilt= 53.9deg v=0.005m/s age=0.01s  [lateral(50.6mm>10.2mm), too_high(-10.5mm<-4.0mm), tilt(53.9deg>15.0deg)]
2026-09-01 11:16:46,312 [INFO] core.mission.gorev3_pickup: [KANCA_IZ] t=38.08 alt=0.333 off_n=-0.0202 off_e=+0.0042 nose_z=+0.0865
2026-09-01 11:16:46,420 [INFO] core.mission.gorev3_pickup: [KANCA_IZ] t=38.19 alt=0.333 off_n=-0.0207 off_e=+0.0042 nose_z=+0.0865
2026-09-01 11:16:46,527 [INFO] core.mission.gorev3_pickup: [KANCA_IZ] t=38.30 alt=0.334 off_n=-0.0215 off_e=+0.0044 nose_z=+0.0865
2026-09-01 11:16:46,634 [INFO] core.mission.gorev3_pickup: [KANCA_IZ] t=38.41 alt=0.335 off_n=-0.0231 off_e=+0.0047 nose_z=+0.0865
2026-09-01 11:16:46,743 [INFO] core.mission.gorev3_pickup: [KANCA_IZ] t=38.52 alt=0.335 off_n=-0.0249 off_e=+0.0050 nose_z=+0.0864
2026-09-01 11:16:46,852 [INFO] core.mission.gorev3_pickup: [KANCA_IZ] t=38.62 alt=0.336 off_n=-0.0273 off_e=+0.0053 nose_z=+0.0864
QGC port check failed, reporting UNKNOWN: (pid=46310)
2026-09-01 11:16:46,960 [INFO] core.mission.gorev3_pickup: [KANCA_IZ] t=38.73 alt=0.337 off_n=-0.0295 off_e=+0.0055 nose_z=+0.0864
2026-09-01 11:16:47,069 [INFO] core.mission.gorev3_pickup: [KANCA_IZ] t=38.84 alt=0.338 off_n=-0.0323 off_e=+0.0056 nose_z=+0.0864
2026-09-01 11:16:47,178 [INFO] core.mission.gorev3_pickup: [KANCA_IZ] t=38.95 alt=0.339 off_n=-0.0345 off_e=+0.0056 nose_z=+0.0857
2026-09-01 11:16:47,228 [INFO] gz_system.gz_payload_actuator: [HOOK] APPROACHING  lat=  50.7mm ins=  -10.0mm tilt= 52.7deg v=0.003m/s age=0.00s  [lateral(50.7mm>10.2mm), too_high(-10.0mm<-4.0mm), tilt(52.7deg>15.0deg)]
2026-09-01 11:16:47,288 [INFO] core.mission.gorev3_pickup: [KANCA_IZ] t=39.06 alt=0.339 off_n=-0.0371 off_e=+0.0053 nose_z=+0.0859
2026-09-01 11:16:47,396 [INFO] core.mission.gorev3_pickup: [KANCA_IZ] t=39.17 alt=0.339 off_n=-0.0397 off_e=+0.0047 nose_z=+0.0860
2026-09-01 11:16:47,507 [INFO] core.mission.gorev3_pickup: [KANCA_IZ] t=39.28 alt=0.339 off_n=-0.0418 off_e=+0.0040 nose_z=+0.0861
2026-09-01 11:16:47,615 [INFO] core.mission.gorev3_pickup: [KANCA_IZ] t=39.39 alt=0.338 off_n=-0.0441 off_e=+0.0029 nose_z=+0.0862
2026-09-01 11:16:47,724 [INFO] core.mission.gorev3_pickup: [KANCA_IZ] t=39.50 alt=0.337 off_n=-0.0456 off_e=+0.0018 nose_z=+0.0862
2026-09-01 11:16:47,832 [INFO] core.mission.gorev3_pickup: [KANCA_IZ] t=39.60 alt=0.337 off_n=-0.0472 off_e=+0.0002 nose_z=+0.0862
2026-09-01 11:16:47,942 [INFO] core.mission.gorev3_pickup: [KANCA_IZ] t=39.71 alt=0.337 off_n=-0.0482 off_e=-0.0016 nose_z=+0.0863
2026-09-01 11:16:48,049 [INFO] core.mission.gorev3_pickup: [KANCA_IZ] t=39.82 alt=0.337 off_n=-0.0493 off_e=-0.0042 nose_z=+0.0863
2026-09-01 11:16:48,158 [INFO] core.mission.gorev3_pickup: [KANCA_IZ] t=39.93 alt=0.337 off_n=-0.0500 off_e=-0.0067 nose_z=+0.0863
2026-09-01 11:16:48,268 [INFO] core.mission.gorev3_pickup: [KANCA_IZ] t=40.04 alt=0.338 off_n=-0.0507 off_e=-0.0095 nose_z=+0.0863
2026-09-01 11:16:48,268 [INFO] gz_system.gz_payload_actuator: [HOOK] APPROACHING  lat=  50.3mm ins=  -10.3mm tilt= 52.6deg v=0.011m/s age=0.03s  [lateral(50.3mm>10.2mm), too_high(-10.3mm<-4.0mm), tilt(52.6deg>15.0deg)]
2026-09-01 11:16:48,377 [INFO] core.mission.gorev3_pickup: [KANCA_IZ] t=40.15 alt=0.338 off_n=-0.0517 off_e=-0.0128 nose_z=+0.0863
2026-09-01 11:16:48,485 [INFO] core.detection.vision_runtime: [VISION] detect() calisiyor -- bu karede 1 tespit: ['KIRMIZI_UCGEN']
2026-09-01 11:16:48,485 [INFO] core.mission.gorev3_pickup: [KANCA_IZ] t=40.26 alt=0.340 off_n=-0.0526 off_e=-0.0154 nose_z=+0.0863
2026-09-01 11:16:48,595 [INFO] core.mission.gorev3_pickup: [KANCA_IZ] t=40.37 alt=0.341 off_n=-0.0540 off_e=-0.0183 nose_z=+0.0864
2026-09-01 11:16:48,704 [INFO] core.mission.gorev3_pickup: [KANCA_IZ] t=40.48 alt=0.342 off_n=-0.0556 off_e=-0.0208 nose_z=+0.0864
2026-09-01 11:16:48,812 [INFO] core.mission.gorev3_pickup: [KANCA_IZ] t=40.58 alt=0.343 off_n=-0.0571 off_e=-0.0225 nose_z=+0.0864
QGC port check failed, reporting UNKNOWN: (pid=46310)
2026-09-01 11:16:48,921 [INFO] core.mission.gorev3_pickup: [KANCA_IZ] t=40.69 alt=0.343 off_n=-0.0590 off_e=-0.0240 nose_z=+0.0864
2026-09-01 11:16:49,029 [INFO] core.mission.gorev3_pickup: [KANCA_IZ] t=40.80 alt=0.343 off_n=-0.0605 off_e=-0.0246 nose_z=+0.0864
2026-09-01 11:16:49,137 [INFO] core.mission.gorev3_pickup: [KANCA_IZ] t=40.91 alt=0.343 off_n=-0.0621 off_e=-0.0248 nose_z=+0.0865
2026-09-01 11:16:49,246 [INFO] core.mission.gorev3_pickup: [KANCA_IZ] t=41.02 alt=0.343 off_n=-0.0631 off_e=-0.0244 nose_z=+0.0865
2026-09-01 11:16:49,297 [INFO] gz_system.gz_payload_actuator: [HOOK] APPROACHING  lat=  49.8mm ins=  -10.5mm tilt= 53.9deg v=0.003m/s age=0.01s  [lateral(49.8mm>10.2mm), too_high(-10.5mm<-4.0mm), tilt(53.9deg>15.0deg)]
2026-09-01 11:16:49,354 [INFO] core.mission.gorev3_pickup: [KANCA_IZ] t=41.13 alt=0.343 off_n=-0.0639 off_e=-0.0237 nose_z=+0.0866
2026-09-01 11:16:49,462 [INFO] core.mission.gorev3_pickup: [KANCA_IZ] t=41.23 alt=0.341 off_n=-0.0644 off_e=-0.0225 nose_z=+0.0858
2026-09-01 11:16:49,571 [INFO] core.mission.gorev3_pickup: [KANCA_IZ] t=41.34 alt=0.340 off_n=-0.0644 off_e=-0.0210 nose_z=+0.0860
2026-09-01 11:16:49,680 [INFO] core.mission.gorev3_pickup: [KANCA_IZ] t=41.45 alt=0.338 off_n=-0.0641 off_e=-0.0192 nose_z=+0.0863
2026-09-01 11:16:49,790 [INFO] core.mission.gorev3_pickup: [KANCA_IZ] t=41.56 alt=0.334 off_n=-0.0636 off_e=-0.0175 nose_z=+0.0864
2026-09-01 11:16:49,899 [INFO] core.mission.gorev3_pickup: [KANCA_IZ] t=41.67 alt=0.332 off_n=-0.0629 off_e=-0.0153 nose_z=+0.0865
2026-09-01 11:16:50,008 [INFO] core.mission.gorev3_pickup: [KANCA_IZ] t=41.78 alt=0.331 off_n=-0.0622 off_e=-0.0134 nose_z=+0.0866
2026-09-01 11:16:50,116 [INFO] core.mission.gorev3_pickup: [KANCA_IZ] t=41.89 alt=0.329 off_n=-0.0614 off_e=-0.0108 nose_z=+0.0867
2026-09-01 11:16:50,224 [INFO] core.mission.gorev3_pickup: [KANCA_IZ] t=42.00 alt=0.328 off_n=-0.0608 off_e=-0.0087 nose_z=+0.0867
2026-09-01 11:16:50,332 [INFO] core.mission.gorev3_pickup: [KANCA_IZ] t=42.11 alt=0.328 off_n=-0.0601 off_e=-0.0061 nose_z=+0.0867
2026-09-01 11:16:50,333 [INFO] gz_system.gz_payload_actuator: [HOOK] APPROACHING  lat=  49.6mm ins=  -10.7mm tilt= 55.7deg v=0.011m/s age=0.01s  [lateral(49.6mm>10.2mm), too_high(-10.7mm<-4.0mm), tilt(55.7deg>15.0deg)]
2026-09-01 11:16:50,441 [INFO] core.mission.gorev3_pickup: [KANCA_IZ] t=42.21 alt=0.328 off_n=-0.0597 off_e=-0.0040 nose_z=+0.0867
2026-09-01 11:16:50,550 [INFO] core.mission.gorev3_pickup: [KANCA_IZ] t=42.32 alt=0.328 off_n=-0.0593 off_e=-0.0015 nose_z=+0.0867
2026-09-01 11:16:50,659 [INFO] core.mission.gorev3_pickup: [KANCA_IZ] t=42.43 alt=0.328 off_n=-0.0591 off_e=+0.0006 nose_z=+0.0866
2026-09-01 11:16:50,689 [INFO] gz_system.main_gz: Dashboard paint loop: 0.0 FPS (main thread)
2026-09-01 11:16:50,768 [INFO] core.mission.gorev3_pickup: [KANCA_IZ] t=42.54 alt=0.328 off_n=-0.0590 off_e=+0.0033 nose_z=+0.0866
2026-09-01 11:16:50,877 [INFO] core.mission.gorev3_pickup: [KANCA_IZ] t=42.65 alt=0.329 off_n=-0.0591 off_e=+0.0056 nose_z=+0.0866
QGC port check failed, reporting UNKNOWN: (pid=46310)
2026-09-01 11:16:50,985 [INFO] core.mission.gorev3_pickup: [KANCA_IZ] t=42.76 alt=0.331 off_n=-0.0595 off_e=+0.0085 nose_z=+0.0865
2026-09-01 11:16:51,093 [INFO] core.mission.gorev3_pickup: [KANCA_IZ] t=42.87 alt=0.332 off_n=-0.0601 off_e=+0.0109 nose_z=+0.0864
2026-09-01 11:16:51,202 [INFO] core.mission.gorev3_pickup: [KANCA_IZ] t=42.97 alt=0.333 off_n=-0.0613 off_e=+0.0139 nose_z=+0.0857
2026-09-01 11:16:51,310 [INFO] core.mission.gorev3_pickup: [KANCA_IZ] t=43.08 alt=0.333 off_n=-0.0627 off_e=+0.0164 nose_z=+0.0858
2026-09-01 11:16:51,361 [INFO] gz_system.gz_payload_actuator: [HOOK] APPROACHING  lat=  51.5mm ins=   -9.9mm tilt= 51.3deg v=0.013m/s age=0.01s  [lateral(51.5mm>10.2mm), too_high(-9.9mm<-4.0mm), tilt(51.3deg>15.0deg)]
2026-09-01 11:16:51,419 [INFO] core.mission.gorev3_pickup: [KANCA_IZ] t=43.19 alt=0.332 off_n=-0.0648 off_e=+0.0192 nose_z=+0.0858
2026-09-01 11:16:51,527 [INFO] core.detection.vision_runtime: [VISION] detect() calisiyor -- bu karede 1 tespit: ['KIRMIZI_UCGEN']
2026-09-01 11:16:51,527 [INFO] core.mission.gorev3_pickup: [KANCA_IZ] t=43.30 alt=0.331 off_n=-0.0667 off_e=+0.0214 nose_z=+0.0858
2026-09-01 11:16:51,635 [INFO] core.mission.gorev3_pickup: [KANCA_IZ] t=43.41 alt=0.331 off_n=-0.0691 off_e=+0.0239 nose_z=+0.0857
2026-09-01 11:16:51,745 [INFO] core.mission.gorev3_pickup: [KANCA_IZ] t=43.52 alt=0.330 off_n=-0.0712 off_e=+0.0258 nose_z=+0.0856
2026-09-01 11:16:51,854 [INFO] core.mission.gorev3_pickup: [KANCA_IZ] t=43.63 alt=0.330 off_n=-0.0732 off_e=+0.0276 nose_z=+0.0855
2026-09-01 11:16:51,963 [INFO] core.mission.gorev3_pickup: [KANCA_IZ] t=43.74 alt=0.331 off_n=-0.0756 off_e=+0.0295 nose_z=+0.0853
2026-09-01 11:16:52,071 [INFO] core.mission.gorev3_pickup: [KANCA_IZ] t=43.84 alt=0.332 off_n=-0.0775 off_e=+0.0307 nose_z=+0.0852
2026-09-01 11:16:52,180 [INFO] core.mission.gorev3_pickup: [KANCA_IZ] t=43.95 alt=0.336 off_n=-0.0796 off_e=+0.0317 nose_z=+0.0850
2026-09-01 11:16:52,289 [INFO] core.mission.gorev3_pickup: [KANCA_IZ] t=44.06 alt=0.337 off_n=-0.0812 off_e=+0.0321 nose_z=+0.0849
2026-09-01 11:16:52,399 [INFO] core.mission.gorev3_pickup: [KANCA_IZ] t=44.17 alt=0.338 off_n=-0.0828 off_e=+0.0322 nose_z=+0.0848
2026-09-01 11:16:52,399 [INFO] gz_system.gz_payload_actuator: [HOOK] APPROACHING  lat=  53.9mm ins=   -8.8mm tilt= 42.6deg v=0.008m/s age=0.02s  [lateral(53.9mm>10.2mm), too_high(-8.8mm<-4.0mm), tilt(42.6deg>15.0deg)]
2026-09-01 11:16:52,507 [INFO] core.mission.gorev3_pickup: [KANCA_IZ] t=44.28 alt=0.339 off_n=-0.0842 off_e=+0.0319 nose_z=+0.0847
2026-09-01 11:16:52,616 [INFO] core.mission.gorev3_pickup: [KANCA_IZ] t=44.39 alt=0.339 off_n=-0.0852 off_e=+0.0314 nose_z=+0.0846
2026-09-01 11:16:52,724 [INFO] core.mission.gorev3_pickup: [KANCA_IZ] t=44.50 alt=0.340 off_n=-0.0863 off_e=+0.0306 nose_z=+0.0846
2026-09-01 11:16:52,833 [INFO] core.mission.gorev3_pickup: [KANCA_IZ] t=44.61 alt=0.340 off_n=-0.0869 off_e=+0.0296 nose_z=+0.0846
QGC port check failed, reporting UNKNOWN: (pid=46310)
2026-09-01 11:16:52,940 [INFO] core.mission.gorev3_pickup: [KANCA_IZ] t=44.71 alt=0.340 off_n=-0.0874 off_e=+0.0282 nose_z=+0.0845
2026-09-01 11:16:53,051 [INFO] core.mission.gorev3_pickup: [KANCA_IZ] t=44.82 alt=0.340 off_n=-0.0876 off_e=+0.0268 nose_z=+0.0845
2026-09-01 11:16:53,052 [INFO] gz_system.gz_payload_actuator: [KANCA_DENGE] oturma penceresi ortalama kanca_ofset=(-0.0630, +0.0093)  (222 ornek)
2026-09-01 11:16:53,052 [WARNING] gz_system.gz_payload_actuator: [HOOK] OTURMADI (12.0 s). En iyi ESZAMANLI ornek: lat=  54.1mm ins=   +1.9mm tilt=  0.1deg v=0.008m/s age=0.00s (1 kapi ihlali). CAPTURE_CANDIDATE ornegi: 0/222. Kapi retleri: lateral=222, too_high=191, tilt=184, rel_speed=17. Sinirlar: yanal<=10.2 mm, dwell 0.30 s.
2026-09-01 11:16:53,052 [WARNING] gz_system.gz_payload_actuator: [HOOK] oturma dogrulanmadi (12.0s) -- /hook/attach YAYINLANMADI, vinc cekiliyor, tekrar denenecek
2026-09-01 11:16:53,052 [INFO] gz_system.gz_payload_actuator: [HOOK] vinc -> 0.00 m
I0901 11:16:53.052531 13537914 fork_posix.cc:71] Other threads are currently calling into gRPC, skipping fork() handlers
2026-09-01 11:16:53,160 [INFO] core.mission.gorev3_pickup: [KANCA_IZ] t=44.93 alt=0.340 off_n=-0.0875 off_e=+0.0247 nose_z=+0.0845
2026-09-01 11:16:54,572 [INFO] core.detection.vision_runtime: [VISION] detect() calisiyor -- bu karede 1 tespit: ['KIRMIZI_DIKDORTGEN']
QGC port check failed, reporting UNKNOWN: (pid=46310)
2026-09-01 11:16:54,972 [INFO] core.mission.gorev3_pickup: [YENIDEN_HIZA] deneme 3 oncesi, kanca havada -- duzeltme yeniden kosuluyor
2026-09-01 11:16:54,972 [INFO] core.mission.gorev3_pickup: [SON_DUZELTME] 1/6 yanal 118.2 mm -> (kuzey -0.030, dogu +0.051)  | kanca_ofset=(-0.0025, -0.0897) arac_ned=(98.2775, -8.1888) kanca_mutlak=(98.2750, -8.2785)
2026-09-01 11:16:55,707 [INFO] gz_system.main_gz: Dashboard paint loop: 0.0 FPS (main thread)
QGC port check failed, reporting UNKNOWN: (pid=46310)
2026-09-01 11:16:57,635 [INFO] core.detection.vision_runtime: [VISION] detect() calisiyor -- bu karede 1 tespit: ['KIRMIZI_DIKDORTGEN']
2026-09-01 11:16:57,776 [INFO] core.mission.gorev3_pickup: [SON_DUZELTME] 2/6 yanal 49.6 mm -> (kuzey +0.011, dogu -0.022)  | kanca_ofset=(-0.0833, -0.0043) arac_ned=(98.2758, -8.1283) kanca_mutlak=(98.1925, -8.1326)
QGC port check failed, reporting UNKNOWN: (pid=46310)
2026-09-01 11:17:00,372 [INFO] core.mission.gorev3_pickup: [SON_DUZELTME] 3/6 yanal 19.5 mm -> (kuzey +0.003, dogu -0.009)  | kanca_ofset=(-0.0885, +0.0023) arac_ned=(98.2961, -8.1611) kanca_mutlak=(98.2075, -8.1588)
2026-09-01 11:17:00,701 [INFO] core.detection.vision_runtime: [VISION] detect() calisiyor -- bu karede 1 tespit: ['KIRMIZI_DIKDORTGEN']
2026-09-01 11:17:00,737 [INFO] gz_system.main_gz: Dashboard paint loop: 0.0 FPS (main thread)
QGC port check failed, reporting UNKNOWN: (pid=46310)
QGC port check failed, reporting UNKNOWN: (pid=46310)
2026-09-01 11:17:02,975 [INFO] core.mission.gorev3_pickup: [SON_DUZELTME] 4/6 yanal 26.8 mm -> (kuzey -0.012, dogu -0.005)  | kanca_ofset=(-0.0897, +0.0036) arac_ned=(98.3285, -8.1697) kanca_mutlak=(98.2388, -8.1661)
2026-09-01 11:17:03,739 [INFO] core.detection.vision_runtime: [VISION] detect() calisiyor -- bu karede 1 tespit: ['KIRMIZI_DIKDORTGEN']
QGC port check failed, reporting UNKNOWN: (pid=46310)
2026-09-01 11:17:05,493 [INFO] core.mission.gorev3_pickup: [SON_DUZELTME] 5/6 yanal 10.4 mm -> (kuzey -0.000, dogu -0.005)  | kanca_ofset=(-0.0897, +0.0040) arac_ned=(98.3047, -8.1708) kanca_mutlak=(98.2150, -8.1667)
2026-09-01 11:17:05,761 [INFO] gz_system.main_gz: Dashboard paint loop: 0.0 FPS (main thread)
2026-09-01 11:17:06,807 [INFO] core.detection.vision_runtime: [VISION] detect() calisiyor -- bu karede 1 tespit: ['KIRMIZI_DIKDORTGEN']
QGC port check failed, reporting UNKNOWN: (pid=46310)
2026-09-01 11:17:08,008 [INFO] core.mission.gorev3_pickup: [SON_DUZELTME] 6/6 yanal 4.5 mm -- hedefin icinde.
2026-09-01 11:17:08,008 [INFO] core.mission.gorev3_pickup: [YENIDEN_HIZA] deneme 3 icin yeni yanal: 4.5 mm
2026-09-01 11:17:08,008 [INFO] gz_system.gz_payload_actuator: [HOOK] alma denemesi 3/3
2026-09-01 11:17:08,008 [INFO] gz_system.gz_payload_actuator: [HOOK] vinc salimi: 0.369 m  (irtifa=0.339 m, guverte=0.070, zincir ofseti=0.060, pay=0.040)
2026-09-01 11:17:08,008 [INFO] gz_system.gz_payload_actuator: [HOOK] vinc -> 0.37 m
I0901 11:17:08.008681 13537914 fork_posix.cc:71] Other threads are currently calling into gRPC, skipping fork() handlers
QGC port check failed, reporting UNKNOWN: (pid=46310)
2026-09-01 11:17:08,932 [INFO] gz_system.gz_payload_actuator: [HOOK] APPROACHING  lat=   2.4mm ins= -310.7mm tilt=  0.1deg v=  infm/s age=0.00s  [too_high(-310.7mm<-4.0mm), rel_speed(inf>0.05m/s)]
2026-09-01 11:17:09,867 [INFO] core.detection.vision_runtime: [VISION] detect() calisiyor -- bu karede 1 tespit: ['KIRMIZI_UCGEN']
2026-09-01 11:17:09,976 [INFO] gz_system.gz_payload_actuator: [HOOK] CAPTURE_CANDIDATE  lat=   6.1mm ins=  +14.2mm tilt= 10.9deg v=0.042m/s age=0.02s  [ok]
2026-09-01 11:17:10,192 [INFO] gz_system.gz_payload_actuator: [HOOK] OTURDU (SEATED): lat=   6.0mm ins=  +13.6mm tilt=  6.1deg v=0.022m/s age=0.01s -- dwell 0.32 s
2026-09-01 11:17:10,192 [INFO] gz_system.gz_payload_actuator: [HOOK] SEATED -> LOCKING: servo kilitleniyor
I0901 11:17:10.192795 13537914 fork_posix.cc:71] Other threads are currently calling into gRPC, skipping fork() handlers
2026-09-01 11:17:10,767 [INFO] gz_system.main_gz: Dashboard paint loop: 0.0 FPS (main thread)
QGC port check failed, reporting UNKNOWN: (pid=46310)
I0901 11:17:10.997546 13537914 fork_posix.cc:71] Other threads are currently calling into gRPC, skipping fork() handlers
2026-09-01 11:17:11,918 [INFO] gz_system.gz_payload_actuator: [HOOK] LOCKED (payload_red) -- vinc acik, yuk ipte; oturma: lat=   5.9mm ins=  +14.3mm tilt= 15.0deg v=0.006m/s age=0.01s
2026-09-01 11:17:12,909 [INFO] core.detection.vision_runtime: [VISION] detect() calisiyor -- bu karede 1 tespit: ['KIRMIZI_UCGEN']
QGC port check failed, reporting UNKNOWN: (pid=46310)
QGC port check failed, reporting UNKNOWN: (pid=46310)
2026-09-01 11:17:14,919 [INFO] core.mission.gorev3_pickup: Yükseliniyor: 1.0m
2026-09-01 11:17:15,775 [INFO] gz_system.main_gz: Dashboard paint loop: 0.0 FPS (main thread)
2026-09-01 11:17:15,942 [INFO] core.detection.vision_runtime: [VISION] detect() calisiyor -- bu karede 0 tespit: []
QGC port check failed, reporting UNKNOWN: (pid=46310)
2026-09-01 11:17:16,921 [INFO] core.mission.gorev3_pickup: Yükseliniyor: 2.0m
QGC port check failed, reporting UNKNOWN: (pid=46310)
2026-09-01 11:17:18,981 [INFO] core.detection.vision_runtime: [VISION] detect() calisiyor -- bu karede 0 tespit: []
2026-09-01 11:17:18,981 [INFO] core.mission.gorev3_pickup: Yükseliniyor: 3.0m
2026-09-01 11:17:20,796 [INFO] gz_system.main_gz: Dashboard paint loop: 0.0 FPS (main thread)
QGC port check failed, reporting UNKNOWN: (pid=46310)
2026-09-01 11:17:21,045 [INFO] core.mission.gorev3_pickup: Doğrulama kontrolü yapılıyor (son irtifa)...
2026-09-01 11:17:21,045 [INFO] core.mission.gorev3_pickup: [ALMA_DOGRULAMA] kanca_kilitli=True  yuk_yukseldi=+2.41 m  dikdortgen_goruntude=False (bu sonuncusu artik yalnizca gozlem)
2026-09-01 11:17:21,045 [INFO] core.mission.gorev3_pickup: Yük Alma Başarılı (kanca kilitli, yuk +2.41 m yukseldi).
2026-09-01 11:17:21,045 [INFO] core.mission.gorev3_transport: Görev 3 Faz 2 (Düşük Hızlı Taşıma) Başlatıldı.
2026-09-01 11:17:21,045 [INFO] core.mission.gorev3_transport: Kırmızı Üçgen konumuna 2.0 m/s hızla gidiliyor: 47.3983212, 8.5460511
2026-09-01 11:17:21,045 [INFO] core.navigation.centering_controller: Kayitli GPS konumuna gidiliyor: lat=47.3983212, lon=8.5460511, alt=1.5m
2026-09-01 11:17:22,023 [INFO] core.detection.vision_runtime: [VISION] detect() calisiyor -- bu karede 0 tespit: []
QGC port check failed, reporting UNKNOWN: (pid=46310)
QGC port check failed, reporting UNKNOWN: (pid=46310)
2026-09-01 11:17:25,058 [INFO] core.detection.vision_runtime: [VISION] detect() calisiyor -- bu karede 0 tespit: []
2026-09-01 11:17:25,820 [INFO] gz_system.main_gz: Dashboard paint loop: 0.0 FPS (main thread)
2026-09-01 11:17:26,166 [INFO] core.mission.gorev3_transport: Hedefe ulaşıldı.
2026-09-01 11:17:26,166 [INFO] core.mission.gorev3_redrop: Görev 3 Faz 3 (Yeniden Bırakma) Başlatıldı.
2026-09-01 11:17:26,166 [INFO] core.navigation.centering_controller: KIRMIZI_UCGEN hedefine merkezleniyor (irtifa hedefi: 1.5m, irtifa bandi +/-0.30m)...
2026-09-01 11:17:26,167 [INFO] core.navigation.centering_controller: [CENTERING] KIRMIZI_UCGEN 1/150 dx=+60px dy=-314px d=0.9m ex=+0.0945 ey=-0.6542 (tol +/-0.010) alt_err=+0.06m -> fwd=+0.15 right=+0.14 down=+0.03 m/s
2026-09-01 11:17:26,727 [INFO] core.navigation.centering_controller: [CENTERING] KIRMIZI_UCGEN 6/150 dx=+40px dy=-228px d=0.7m ex=+0.0625 ey=-0.4740 (tol +/-0.010) alt_err=+0.03m -> fwd=+0.71 right=+0.09 down=+0.02 m/s
QGC port check failed, reporting UNKNOWN: (pid=46310)
2026-09-01 11:17:27,280 [INFO] core.navigation.centering_controller: [CENTERING] KIRMIZI_UCGEN 11/150 dx=+26px dy=-166px d=0.5m ex=+0.0406 ey=-0.3448 (tol +/-0.010) alt_err=+0.05m -> fwd=+0.52 right=+0.09 down=+0.02 m/s
2026-09-01 11:17:27,726 [WARNING] core.navigation.centering_controller: [LOW_ALT_OPEN_LOOP_DESCENT] KIRMIZI_UCGEN: goruntu 1.55m'de kayboldu -- dondurulmus kestirime (47.3983235, 8.5460512, offset=19.9cm @ 1.55m) gore 1.50m'ye alcalmaya devam.
2026-09-01 11:17:27,727 [INFO] core.navigation.centering_controller: [LOW_ALT_OPEN_LOOP_DESCENT] KIRMIZI_UCGEN: 1.549m'ye ulasildi (hedef 1.50m).
2026-09-01 11:17:28,168 [INFO] core.detection.vision_runtime: [VISION] detect() calisiyor -- bu karede 2 tespit: ['KIRMIZI_UCGEN', 'MAVI_DIKDORTGEN']
2026-09-01 11:17:28,431 [INFO] core.mission.visual_placement: [GORSEL_YERLESTIRME] 1/6 yuk-hedef 122.3 mm -> (kuzey -0.073, dogu +0.011)
QGC port check failed, reporting UNKNOWN: (pid=46310)
2026-09-01 11:17:29,947 [INFO] core.mission.visual_placement: [GORSEL_YERLESTIRME] 2/6 yuk-hedef 305.6 mm -> (kuzey -0.100, dogu +0.002)
2026-09-01 11:17:30,849 [INFO] gz_system.main_gz: Dashboard paint loop: 0.0 FPS (main thread)
QGC port check failed, reporting UNKNOWN: (pid=46310)
2026-09-01 11:17:31,170 [INFO] core.detection.vision_runtime: [VISION] detect() calisiyor -- bu karede 2 tespit: ['KIRMIZI_UCGEN', 'MAVI_DIKDORTGEN']
2026-09-01 11:17:31,502 [INFO] core.mission.visual_placement: [GORSEL_YERLESTIRME] 3/6 yuk-hedef 507.2 mm -> (kuzey -0.099, dogu -0.017)
QGC port check failed, reporting UNKNOWN: (pid=46310)
2026-09-01 11:17:34,178 [INFO] core.detection.vision_runtime: [VISION] detect() calisiyor -- bu karede 1 tespit: ['KIRMIZI_UCGEN']
2026-09-01 11:17:34,776 [INFO] core.mission.visual_placement: [GORSEL_YERLESTIRME] 4/6 yuk-hedef 613.3 mm -> (kuzey -0.100, dogu -0.006)
QGC port check failed, reporting UNKNOWN: (pid=46310)
2026-09-01 11:17:35,861 [INFO] gz_system.main_gz: Dashboard paint loop: 0.0 FPS (main thread)
2026-09-01 11:17:36,376 [INFO] core.mission.visual_placement: [GORSEL_YERLESTIRME] 5/6 yuk-hedef 621.0 mm -> (kuzey -0.100, dogu -0.004)
QGC port check failed, reporting UNKNOWN: (pid=46310)
2026-09-01 11:17:37,251 [INFO] core.detection.vision_runtime: [VISION] detect() calisiyor -- bu karede 1 tespit: ['KIRMIZI_UCGEN']
2026-09-01 11:17:37,913 [INFO] core.mission.visual_placement: [GORSEL_YERLESTIRME] 6/6 yuk-hedef 601.7 mm -> (kuzey -0.100, dogu -0.001)
QGC port check failed, reporting UNKNOWN: (pid=46310)
2026-09-01 11:17:39,445 [WARNING] core.mission.visual_placement: [GORSEL_YERLESTIRME] hizalanamadi (correction_budget); son hata 601.7 mm
2026-09-01 11:17:39,445 [WARNING] core.mission.gorev3_redrop: [GORSEL_YERLESTIRME] hizalanamadi (correction_budget) -- birakma yine de yapilacak, sonuc olculup raporlanacak.
2026-09-01 11:17:39,445 [INFO] core.mission.gorev3_redrop: [GORSEL_YERLESTIRME] hedef GORUNTUDEN olculdu: NED=(64.055, -8.484)
2026-09-01 11:17:39,445 [INFO] core.mission.gorev3_redrop: 0.30 m birakma irtifasina iniliyor.
2026-09-01 11:17:40,329 [INFO] core.detection.vision_runtime: [VISION] detect() calisiyor -- bu karede 2 tespit: ['KIRMIZI_UCGEN', 'MAVI_DIKDORTGEN']
2026-09-01 11:17:40,887 [INFO] gz_system.main_gz: Dashboard paint loop: 0.0 FPS (main thread)
QGC port check failed, reporting UNKNOWN: (pid=46310)
QGC port check failed, reporting UNKNOWN: (pid=46310)
2026-09-01 11:17:43,398 [INFO] core.detection.vision_runtime: [VISION] detect() calisiyor -- bu karede 0 tespit: []
QGC port check failed, reporting UNKNOWN: (pid=46310)
2026-09-01 11:17:45,474 [INFO] core.mission.visual_placement: [YERLESTIRME_DUZELTME] 1/6 yuk-hedef 581.3 mm -> (kuzey -0.291, dogu +0.005)
2026-09-01 11:17:45,914 [INFO] gz_system.main_gz: Dashboard paint loop: 0.0 FPS (main thread)
2026-09-01 11:17:46,459 [INFO] core.detection.vision_runtime: [VISION] detect() calisiyor -- bu karede 0 tespit: []
QGC port check failed, reporting UNKNOWN: (pid=46310)
2026-09-01 11:17:47,559 [INFO] core.mission.visual_placement: [YERLESTIRME_DUZELTME] 2/6 yuk-hedef 400.9 mm -> (kuzey -0.200, dogu +0.001)
QGC port check failed, reporting UNKNOWN: (pid=46310)
2026-09-01 11:17:49,547 [INFO] core.detection.vision_runtime: [VISION] detect() calisiyor -- bu karede 1 tespit: ['KIRMIZI_DIKDORTGEN']
2026-09-01 11:17:49,656 [INFO] core.mission.visual_placement: [YERLESTIRME_DUZELTME] 3/6 yuk-hedef 343.7 mm -> (kuzey -0.172, dogu +0.004)
2026-09-01 11:17:50,932 [INFO] gz_system.main_gz: Dashboard paint loop: 0.0 FPS (main thread)
QGC port check failed, reporting UNKNOWN: (pid=46310)
2026-09-01 11:17:51,733 [INFO] core.mission.visual_placement: [YERLESTIRME_DUZELTME] 4/6 yuk-hedef 299.9 mm -> (kuzey -0.150, dogu +0.000)
2026-09-01 11:17:52,612 [INFO] core.detection.vision_runtime: [VISION] detect() calisiyor -- bu karede 1 tespit: ['KIRMIZI_UCGEN']
QGC port check failed, reporting UNKNOWN: (pid=46310)
2026-09-01 11:17:53,828 [INFO] core.mission.visual_placement: [YERLESTIRME_DUZELTME] 5/6 yuk-hedef 215.8 mm -> (kuzey -0.108, dogu -0.005)
QGC port check failed, reporting UNKNOWN: (pid=46310)
2026-09-01 11:17:55,719 [INFO] core.detection.vision_runtime: [VISION] detect() calisiyor -- bu karede 2 tespit: ['KIRMIZI_UCGEN', 'MAVI_DIKDORTGEN']
2026-09-01 11:17:55,832 [INFO] core.mission.visual_placement: [YERLESTIRME_DUZELTME] 6/6 yuk-hedef 160.3 mm -> (kuzey -0.080, dogu +0.003)
2026-09-01 11:17:55,942 [INFO] gz_system.main_gz: Dashboard paint loop: 0.0 FPS (main thread)
QGC port check failed, reporting UNKNOWN: (pid=46310)
2026-09-01 11:17:57,928 [WARNING] core.mission.visual_placement: [YERLESTIRME_DUZELTME] butce doldu; son 160.3 mm
2026-09-01 11:17:57,928 [INFO] core.mission.gorev3_redrop: [GORSEL_YERLESTIRME] birakma oncesi son yuk-hedef hatasi: 160.3 mm
2026-09-01 11:17:57,928 [INFO] core.mission.gorev3_redrop: Taşınan yük bırakma mekanizması aktifleşiyor...
2026-09-01 11:17:57,928 [INFO] gz_system.gz_payload_actuator: [HOOK] servo aciliyor -- yuk birakiliyor
I0901 11:17:57.929029 13537914 fork_posix.cc:71] Other threads are currently calling into gRPC, skipping fork() handlers
2026-09-01 11:17:58,821 [INFO] core.detection.vision_runtime: [VISION] detect() calisiyor -- bu karede 2 tespit: ['KIRMIZI_UCGEN', 'MAVI_DIKDORTGEN']
QGC port check failed, reporting UNKNOWN: (pid=46310)
2026-09-01 11:17:58,999 [INFO] gz_system.gz_payload_actuator: [HOOK] ayrilma dogrulandi (0.10 s, deneme 1).
2026-09-01 11:17:59,500 [INFO] gz_system.gz_payload_actuator: [HOOK] vinc -> 0.00 m
I0901 11:17:59.500856 13537914 fork_posix.cc:71] Other threads are currently calling into gRPC, skipping fork() handlers
2026-09-01 11:18:00,473 [INFO] gz_system.gz_payload_actuator: [HOOK] yuk birakildi, vinc toplandi.
QGC port check failed, reporting UNKNOWN: (pid=46310)
2026-09-01 11:18:00,959 [INFO] gz_system.main_gz: Dashboard paint loop: 0.0 FPS (main thread)
2026-09-01 11:18:01,835 [INFO] core.detection.vision_runtime: [VISION] detect() calisiyor -- bu karede 2 tespit: ['KIRMIZI_UCGEN', 'MAVI_DIKDORTGEN']
2026-09-01 11:18:02,473 [INFO] core.mission.gorev3_redrop: [GOREV3_FINAL_POSE] x=-8.516 y=39.097 z=0.041 -- Kirmizi Ucgen merkezine 856.4 cm, YERDE
2026-09-01 11:18:02,473 [INFO] core.mission.gorev3_redrop: Görev 3 Faz 3 Başarılı.
2026-09-01 11:18:02,473 [INFO] core.mission.gorev3_finish: Görev 3 Faz 4 (Sonlandırma) Başlatıldı.
2026-09-01 11:18:02,473 [INFO] core.mission.gorev3_finish: Yükseliniyor: 1.0m
QGC port check failed, reporting UNKNOWN: (pid=46310)
2026-09-01 11:18:04,509 [INFO] core.mission.gorev3_finish: Yükseliniyor: 2.0m
2026-09-01 11:18:04,841 [INFO] core.detection.vision_runtime: [VISION] detect() calisiyor -- bu karede 2 tespit: ['KIRMIZI_UCGEN', 'MAVI_DIKDORTGEN']
QGC port check failed, reporting UNKNOWN: (pid=46310)
2026-09-01 11:18:05,979 [INFO] gz_system.main_gz: Dashboard paint loop: 0.0 FPS (main thread)
2026-09-01 11:18:06,512 [INFO] core.mission.gorev3_finish: Finish Line (Checkpoint) konumuna gidiliyor: 47.3977459, 8.5461637
2026-09-01 11:18:06,512 [INFO] core.navigation.centering_controller: Kayitli GPS konumuna gidiliyor: lat=47.3977459, lon=8.5461637, alt=14.187000274658203m
QGC port check failed, reporting UNKNOWN: (pid=46310)
2026-09-01 11:18:07,848 [INFO] core.detection.vision_runtime: [VISION] detect() calisiyor -- bu karede 2 tespit: ['KIRMIZI_UCGEN', 'KIRMIZI_DIKDORTGEN']
QGC port check failed, reporting UNKNOWN: (pid=46310)
2026-09-01 11:18:10,917 [INFO] core.detection.vision_runtime: [VISION] detect() calisiyor -- bu karede 0 tespit: []
QGC port check failed, reporting UNKNOWN: (pid=46310)
2026-09-01 11:18:10,983 [INFO] gz_system.main_gz: Dashboard paint loop: 0.0 FPS (main thread)
QGC port check failed, reporting UNKNOWN: (pid=46310)
2026-09-01 11:18:13,945 [INFO] core.detection.vision_runtime: [VISION] detect() calisiyor -- bu karede 0 tespit: []
2026-09-01 11:18:14,380 [INFO] core.mission.gorev3_finish: GOREV 3 TAMAMLANDI - TUM GOREVLER BASARIYLA BITTI
2026-09-01 11:18:14,380 [INFO] core.mission.master_fsm: TUM GOREVLER (2 + 3) BASARIYLA TAMAMLANDI
2026-09-01 11:18:14,380 [INFO] core.mission.master_fsm: RETURNING_TO_START_FINISH (dist=0.8 m) -- hedef (47.3977459, 8.5461637) @ 15.0m, sebep: gorev3_complete
2026-09-01 11:18:14,380 [INFO] core.navigation.centering_controller: Kayitli GPS konumuna gidiliyor: lat=47.3977459, lon=8.5461637, alt=15.0m
QGC port check failed, reporting UNKNOWN: (pid=46310)
2026-09-01 11:18:15,991 [INFO] gz_system.main_gz: Dashboard paint loop: 0.0 FPS (main thread)
2026-09-01 11:18:16,968 [INFO] core.detection.vision_runtime: [VISION] detect() calisiyor -- bu karede 0 tespit: []
QGC port check failed, reporting UNKNOWN: (pid=46310)
QGC port check failed, reporting UNKNOWN: (pid=46310)
2026-09-01 11:18:19,775 [INFO] core.mission.master_fsm: Baslangic/bitis noktasina ulasildi -- checkpoint'e uzaklik 0.8 m. Inis baslatiliyor.
2026-09-01 11:18:19,775 [INFO] core.mission.master_fsm: Son iniş gerçekleştiriliyor...
2026-09-01 11:18:19,775 [INFO] mavsdk_common.mavsdk_backend_base: İniş yapılıyor...
2026-09-01 11:18:19,792 [INFO] core.detection.detection_publisher: [DETECTION_PUB] yayin kapatiliyor (gonderilen=4220, atlanan=0).
2026-09-01 11:18:19,792 [INFO] core.detection.vision_runtime: [VISION] pipeline durduruldu.
[CAMERA_CLIENT] Stopping client...
[CAMERA_CLIENT] Shutdown complete.
I0901 11:18:19.798780 13537916 fork_posix.cc:71] Other threads are currently calling into gRPC, skipping fork() handlers
[CAMERA_SERVICE_MANAGER] Stopping (PID: 45656)...
I0901 11:18:19.803329 13537916 fork_posix.cc:71] Other threads are currently calling into gRPC, skipping fork() handlers
I0901 11:18:19.829652 13537916 fork_posix.cc:71] Other threads are currently calling into gRPC, skipping fork() handlers
[CAMERA_SERVICE_MANAGER] Stopped.
