2026-09-01 09:17:34,103 [INFO] gz_system.main_gz: gz-transport env: GZ_PARTITION=kursad40 GZ_IP=127.0.0.1
2026-09-01 09:17:34,105 [INFO] gz_system.gz_camera_source: Gazebo kamera servisi kontrol ediliyor (topic=/world/default/model/x500_mono_cam_down_0/link/camera_link/sensor/camera/image)...
[CAMERA_SERVICE_MANAGER] Starting camera_service.py (topic=/world/default/model/x500_mono_cam_down_0/link/camera_link/sensor/camera/image, zmq=tcp://127.0.0.1:5555)...
[CAMERA_SERVICE_MANAGER] gz-transport env for child: GZ_PARTITION=kursad40 GZ_IP=127.0.0.1QGC port check failed, reporting UNKNOWN: (pid=27647)

[CAMERA_SERVICE_MANAGER] Started (PID: 29879).
[CAMERA_CLIENT] Connecting to ZMQ publisher at tcp://127.0.0.1:5555...
[CAMERA_CLIENT] Connected. Waiting for frames...2026-09-01 09:17:35,118 [INFO] gz_system.gz_camera_source: Gazebo kamera istemcisi baslatildi.

2026-09-01 09:17:35,121 [INFO] gz_system.gz_pose_monitor: Gazebo poz izleyicisi basladi: /world/default/dynamic_pose/info
2026-09-01 09:17:35,121 [INFO] core.detection.detection_publisher: [DETECTION_PUB] tespit yayini acik: tcp://127.0.0.1:5556
2026-09-01 09:17:35,121 [INFO] core.detection.vision_runtime: [VISION] pipeline basladi (mission omru boyunca calisir).
2026-09-01 09:17:35,121 [INFO] core.mission.master_fsm: MASTER MISSION CONTROLLER BASLATILDI
2026-09-01 09:17:35,122 [WARNING] core.detection.vision_runtime: Frame grab loop hatasi (art arda 1. hata, mission etkilenmez): Gazebo kameradan kare okunamadi. Henuz kare alinmadi veya baglanti koptu.
2026-09-01 09:17:35,122 [WARNING] core.detection.vision_runtime: [VISION] detect() basarisiz (art arda 1. hata, mission etkilenmez): Gazebo kameradan kare okunamadi. Henuz kare alinmadi veya baglanti koptu.
2026-09-01 09:17:35,122 [INFO] core.mission.gorev2_orchestrator: GOREV 2 BASLIYOR
2026-09-01 09:17:35,122 [INFO] mavsdk_common.mavsdk_backend_base: Drone'a bağlanılıyor: udp://:14540
Connection using udp:// is deprecated, please use udpin:// or udpout:// (cli_arg.cpp:28)
2026-09-01 09:17:36,004 [INFO] mavsdk_common.mavsdk_backend_base: Drone bağlantısı bekleniyor...
2026-09-01 09:17:36,005 [INFO] mavsdk_common.mavsdk_backend_base: Drone bağlandı!
2026-09-01 09:17:36,027 [INFO] mavsdk_common.mavsdk_backend_base: [TELEMETRY] position rate 10.0 Hz istendi.
2026-09-01 09:17:36,047 [INFO] mavsdk_common.mavsdk_backend_base: [TELEMETRY] position_velocity_ned rate 10.0 Hz istendi.
2026-09-01 09:17:36,067 [INFO] mavsdk_common.mavsdk_backend_base: [TELEMETRY] attitude_euler rate 10.0 Hz istendi.
QGC port check failed, reporting UNKNOWN: (pid=27647)
2026-09-01 09:17:36,775 [INFO] mavsdk_common.mavsdk_backend_base: Drone arm ediliyor...
2026-09-01 09:17:36,812 [INFO] mavsdk_common.mavsdk_backend_base: Kalkış yapılıyor (Hedef: 15.0m)...
QGC port check failed, reporting UNKNOWN: (pid=27647)
2026-09-01 09:17:38,164 [INFO] core.detection.vision_runtime: [VISION] detect() calisiyor -- bu karede 0 tespit: []
2026-09-01 09:17:39,118 [INFO] gz_system.main_gz: Dashboard paint loop: 0.0 FPS (main thread)
QGC port check failed, reporting UNKNOWN: (pid=27647)
2026-09-01 09:17:41,188 [INFO] core.detection.vision_runtime: [VISION] detect() calisiyor -- bu karede 0 tespit: []
QGC port check failed, reporting UNKNOWN: (pid=27647)
QGC port check failed, reporting UNKNOWN: (pid=27647)
2026-09-01 09:17:44,151 [INFO] gz_system.main_gz: Dashboard paint loop: 0.0 FPS (main thread)
2026-09-01 09:17:44,218 [INFO] core.detection.vision_runtime: [VISION] detect() calisiyor -- bu karede 0 tespit: []
QGC port check failed, reporting UNKNOWN: (pid=27647)
2026-09-01 09:17:47,237 [INFO] core.detection.vision_runtime: [VISION] detect() calisiyor -- bu karede 0 tespit: []
QGC port check failed, reporting UNKNOWN: (pid=27647)
2026-09-01 09:17:49,179 [INFO] gz_system.main_gz: Dashboard paint loop: 0.0 FPS (main thread)
QGC port check failed, reporting UNKNOWN: (pid=27647)
2026-09-01 09:17:50,266 [INFO] core.detection.vision_runtime: [VISION] detect() calisiyor -- bu karede 0 tespit: []
QGC port check failed, reporting UNKNOWN: (pid=27647)
2026-09-01 09:17:53,297 [INFO] core.detection.vision_runtime: [VISION] detect() calisiyor -- bu karede 0 tespit: []
2026-09-01 09:17:53,378 [INFO] core.mission.gorev2_orchestrator: Start Checkpoint kaydedildi: (47.3977459, 8.5461637, 14.194000244140625)
2026-09-01 09:17:53,420 [INFO] core.mission.gorev2_orchestrator: [ROUTE_REJOIN] rota ekseni tespit edildi: sabit=lon (lat_span=0.001258, lon_span=0.000000).
2026-09-01 09:17:53,440 [INFO] core.mission.gorev2_orchestrator: [MISSION_START] Rota dogrulandi (3 item): 0:NAV_TAKEOFF, 1:NAV_WAYPOINT, 2:NAV_WAYPOINT
2026-09-01 09:17:53,440 [INFO] core.mission.gorev2_orchestrator: [MISSION_START] Baslangic indeksi: 1
2026-09-01 09:17:53,440 [INFO] core.mission.gorev2_orchestrator: [MISSION_START] 3.0s stabilizasyon bekleniyor...
QGC port check failed, reporting UNKNOWN: (pid=27647)
2026-09-01 09:17:54,213 [INFO] gz_system.main_gz: Dashboard paint loop: 0.0 FPS (main thread)
QGC port check failed, reporting UNKNOWN: (pid=27647)
2026-09-01 09:17:56,320 [INFO] core.detection.vision_runtime: [VISION] detect() calisiyor -- bu karede 0 tespit: []
2026-09-01 09:17:56,834 [INFO] core.mission.gorev2_orchestrator: [MISSION_START] PX4 mevcut gorev ogesi 1 olarak ayarlandi (seq0 NAV_TAKEOFF atlandi -- kalkis zaten yapildi).
2026-09-01 09:17:56,834 [INFO] core.mission.gorev2_orchestrator: [MISSION_START] Yuklu gorev baslatiliyor...
Received ack for not-existing command: 176! Ignoring... (mavlink_command_sender.cpp:304)
2026-09-01 09:17:57,850 [INFO] core.mission.gorev2_orchestrator: [MISSION_START] PX4 MISSION moduna gecti -- arama fazi basliyor.
QGC port check failed, reporting UNKNOWN: (pid=27647)
2026-09-01 09:17:59,219 [INFO] gz_system.main_gz: Dashboard paint loop: 0.0 FPS (main thread)
2026-09-01 09:17:59,352 [INFO] core.detection.vision_runtime: [VISION] detect() calisiyor -- bu karede 0 tespit: []
QGC port check failed, reporting UNKNOWN: (pid=27647)
QGC port check failed, reporting UNKNOWN: (pid=27647)
2026-09-01 09:18:02,393 [INFO] core.detection.vision_runtime: [VISION] detect() calisiyor -- bu karede 1 tespit: ['KIRMIZI_UCGEN']
2026-09-01 09:18:02,506 [INFO] core.navigation.centering_controller: Mission modu durduruluyor, Offboard'a geciliyor...
2026-09-01 09:18:02,507 [INFO] mavsdk_common.mavsdk_backend_base: Mission'dan Offboard'a geçiş yapılıyor...
2026-09-01 09:18:02,522 [INFO] mavsdk_common.mavsdk_backend_base: Offboard başlatılıyor...
QGC port check failed, reporting UNKNOWN: (pid=27647)
2026-09-01 09:18:04,246 [INFO] gz_system.main_gz: Dashboard paint loop: 0.0 FPS (main thread)
2026-09-01 09:18:05,489 [INFO] core.detection.vision_runtime: [VISION] detect() calisiyor -- bu karede 1 tespit: ['KIRMIZI_UCGEN']
2026-09-01 09:18:05,545 [ERROR] core.navigation.centering_controller: PX4 OFFBOARD modunu onaylamadi (timeout).
2026-09-01 09:18:05,545 [INFO] core.mission.gorev2_orchestrator: [ROUTE_REJOIN] rota hattina donuluyor (sabit eksen=lon): hedef lat=47.3979981 lon=8.5461636 (mevcut lat=47.3979981 lon=8.5461638).
2026-09-01 09:18:05,546 [INFO] core.navigation.centering_controller: Kayitli GPS konumuna gidiliyor: lat=47.397998099999995, lon=8.5461636, alt=15.0m
2026-09-01 09:18:05,546 [INFO] mavsdk_common.mavsdk_backend_base: Offboard durduruluyor...
Received ack for not-existing command: 176! Ignoring... (mavlink_command_sender.cpp:304)
2026-09-01 09:18:05,906 [INFO] core.mission.gorev2_orchestrator: [MISSION_RESUME] rota 2. ogeden devam ettiriliyor.
Received ack for not-existing command: 176! Ignoring... (mavlink_command_sender.cpp:304)
QGC port check failed, reporting UNKNOWN: (pid=27647)
2026-09-01 09:18:07,029 [INFO] core.mission.gorev2_orchestrator: [OFFBOARD] resume sonrasi 1.9s oturma payi bekleniyor.
QGC port check failed, reporting UNKNOWN: (pid=27647)
2026-09-01 09:18:08,558 [INFO] core.detection.vision_runtime: [VISION] detect() calisiyor -- bu karede 2 tespit: ['KIRMIZI_UCGEN', 'MAVI_DIKDORTGEN']
2026-09-01 09:18:08,929 [INFO] core.navigation.centering_controller: Mission modu durduruluyor, Offboard'a geciliyor...
2026-09-01 09:18:08,929 [INFO] mavsdk_common.mavsdk_backend_base: Mission'dan Offboard'a geçiş yapılıyor...
2026-09-01 09:18:08,940 [INFO] mavsdk_common.mavsdk_backend_base: Offboard başlatılıyor...
Received ack for not-existing command: 176! Ignoring... (mavlink_command_sender.cpp:304)
Received ack for not-existing command: 176! Ignoring... (mavlink_command_sender.cpp:304)
2026-09-01 09:18:09,251 [INFO] gz_system.main_gz: Dashboard paint loop: 0.0 FPS (main thread)
2026-09-01 09:18:09,955 [INFO] core.mission.gorev2_orchestrator: KIRMIZI_UCGEN kucuk bir hedef -- merkezleme icin 8.0 m'ye alcaliniyor.
2026-09-01 09:18:09,955 [INFO] core.navigation.centering_controller: KIRMIZI_UCGEN hedefine merkezleniyor (irtifa hedefi: 8.0m, irtifa bandi +/-0.30m)...
2026-09-01 09:18:09,955 [WARNING] core.navigation.centering_controller: [CENTERING] KIRMIZI_UCGEN 1/200 hedef kayboldu (feed canli, hedef bu karede yok)
QGC port check failed, reporting UNKNOWN: (pid=27647)
2026-09-01 09:18:10,460 [WARNING] core.navigation.centering_controller: [CENTERING] KIRMIZI_UCGEN 6/200 hedef kayboldu (feed canli, hedef bu karede yok)
2026-09-01 09:18:10,772 [INFO] core.detection.camera_intrinsics: [CAMERA] intrinsics: hfov=1.7400 rad (99.7 deg) 1280x960 -> f=539.9 px (kaynak: ../../../Tools/simulation/gz/models/mono_cam/model.sdf)
2026-09-01 09:18:10,995 [INFO] core.navigation.centering_controller: [CENTERING] KIRMIZI_UCGEN 11/200 dx=-414px dy=+448px d=17.0m ex=-0.6469 ey=+0.9333 (tol +/-0.010) alt_err=+7.02m -> fwd=-0.45 right=-0.45 down=+0.45 m/s
2026-09-01 09:18:11,550 [INFO] core.navigation.centering_controller: [CENTERING] KIRMIZI_UCGEN 16/200 dx=-400px dy=+430px d=16.2m ex=-0.6250 ey=+0.8958 (tol +/-0.010) alt_err=+6.86m -> fwd=-0.15 right=-0.15 down=+0.15 m/s
2026-09-01 09:18:11,661 [INFO] core.detection.vision_runtime: [VISION] detect() calisiyor -- bu karede 3 tespit: ['KIRMIZI_UCGEN', 'KIRMIZI_DIKDORTGEN', 'MAVI_DIKDORTGEN']
2026-09-01 09:18:12,106 [WARNING] core.navigation.centering_controller: [CENTERING] KIRMIZI_UCGEN 21/200 hedef kayboldu (feed canli, hedef bu karede yok)
QGC port check failed, reporting UNKNOWN: (pid=27647)
2026-09-01 09:18:12,665 [INFO] core.navigation.centering_controller: [CENTERING] KIRMIZI_UCGEN 26/200 dx=-380px dy=+407px d=14.9m ex=-0.5938 ey=+0.8479 (tol +/-0.010) alt_err=+6.42m -> fwd=-0.45 right=-0.45 down=+0.45 m/s
2026-09-01 09:18:13,221 [WARNING] core.navigation.centering_controller: [CENTERING] KIRMIZI_UCGEN 31/200 hedef kayboldu (feed canli, hedef bu karede yok)
2026-09-01 09:18:13,779 [INFO] core.navigation.centering_controller: [CENTERING] KIRMIZI_UCGEN 36/200 dx=-389px dy=+413px d=14.3m ex=-0.6078 ey=+0.8604 (tol +/-0.010) alt_err=+5.64m -> fwd=-0.75 right=-0.74 down=+0.75 m/s
QGC port check failed, reporting UNKNOWN: (pid=27647)
2026-09-01 09:18:14,251 [INFO] gz_system.main_gz: Dashboard paint loop: 0.0 FPS (main thread)
2026-09-01 09:18:14,332 [WARNING] core.navigation.centering_controller: [CENTERING] KIRMIZI_UCGEN 41/200 hedef kayboldu (feed canli, hedef bu karede yok)
2026-09-01 09:18:14,770 [INFO] core.detection.vision_runtime: [VISION] detect() calisiyor -- bu karede 1 tespit: ['MAVI_DIKDORTGEN']
2026-09-01 09:18:14,881 [WARNING] core.navigation.centering_controller: [CENTERING] KIRMIZI_UCGEN 46/200 hedef kayboldu (feed canli, hedef bu karede yok)
2026-09-01 09:18:15,435 [INFO] core.navigation.centering_controller: [CENTERING] KIRMIZI_UCGEN 51/200 dx=-413px dy=+421px d=13.1m ex=-0.6453 ey=+0.8771 (tol +/-0.010) alt_err=+3.97m -> fwd=-1.32 right=-0.97 down=+1.50 m/s
2026-09-01 09:18:15,986 [INFO] core.navigation.centering_controller: [CENTERING] KIRMIZI_UCGEN 56/200 dx=-473px dy=+468px d=13.8m ex=-0.7391 ey=+0.9750 (tol +/-0.010) alt_err=+3.23m -> fwd=-1.46 right=-1.11 down=+1.61 m/s
QGC port check failed, reporting UNKNOWN: (pid=27647)
2026-09-01 09:18:16,540 [INFO] core.navigation.centering_controller: [CENTERING] KIRMIZI_UCGEN 61/200 dx=-437px dy=+412px d=11.5m ex=-0.6828 ey=+0.8583 (tol +/-0.010) alt_err=+2.31m -> fwd=-1.29 right=-1.02 down=+1.16 m/s
2026-09-01 09:18:17,095 [INFO] core.navigation.centering_controller: [CENTERING] KIRMIZI_UCGEN 66/200 dx=-397px dy=+351px d=9.5m ex=-0.6203 ey=+0.7312 (tol +/-0.010) alt_err=+1.73m -> fwd=-1.10 right=-0.93 down=+0.87 m/s
2026-09-01 09:18:17,647 [INFO] core.navigation.centering_controller: [CENTERING] KIRMIZI_UCGEN 71/200 dx=-383px dy=+328px d=8.6m ex=-0.5984 ey=+0.6833 (tol +/-0.010) alt_err=+1.23m -> fwd=-1.02 right=-0.90 down=+0.61 m/s
2026-09-01 09:18:17,867 [INFO] core.detection.vision_runtime: [VISION] detect() calisiyor -- bu karede 1 tespit: ['KIRMIZI_UCGEN']
QGC port check failed, reporting UNKNOWN: (pid=27647)
2026-09-01 09:18:18,198 [INFO] core.navigation.centering_controller: [CENTERING] KIRMIZI_UCGEN 76/200 dx=-371px dy=+310px d=8.0m ex=-0.5797 ey=+0.6458 (tol +/-0.010) alt_err=+0.93m -> fwd=-0.97 right=-0.87 down=+0.47 m/s
2026-09-01 09:18:18,750 [INFO] core.navigation.centering_controller: [CENTERING] KIRMIZI_UCGEN 81/200 dx=-346px dy=+277px d=7.1m ex=-0.5406 ey=+0.5771 (tol +/-0.010) alt_err=+0.67m -> fwd=-0.87 right=-0.81 down=+0.34 m/s
2026-09-01 09:18:19,258 [INFO] gz_system.main_gz: Dashboard paint loop: 0.0 FPS (main thread)
2026-09-01 09:18:19,301 [INFO] core.navigation.centering_controller: [CENTERING] KIRMIZI_UCGEN 86/200 dx=-318px dy=+242px d=6.3m ex=-0.4969 ey=+0.5042 (tol +/-0.010) alt_err=+0.52m -> fwd=-0.76 right=-0.75 down=+0.26 m/s
2026-09-01 09:18:19,850 [INFO] core.navigation.centering_controller: [CENTERING] KIRMIZI_UCGEN 91/200 dx=-294px dy=+213px d=5.6m ex=-0.4594 ey=+0.4437 (tol +/-0.010) alt_err=+0.38m -> fwd=-0.67 right=-0.69 down=+0.19 m/s
QGC port check failed, reporting UNKNOWN: (pid=27647)
2026-09-01 09:18:20,402 [INFO] core.navigation.centering_controller: [CENTERING] KIRMIZI_UCGEN 96/200 dx=-273px dy=+186px d=5.1m ex=-0.4266 ey=+0.3875 (tol +/-0.010) alt_err=+0.30m -> fwd=-0.58 right=-0.64 down=+0.15 m/s
2026-09-01 09:18:20,950 [INFO] core.detection.vision_runtime: [VISION] detect() calisiyor -- bu karede 1 tespit: ['KIRMIZI_UCGEN']
2026-09-01 09:18:20,951 [INFO] core.navigation.centering_controller: [CENTERING] KIRMIZI_UCGEN 101/200 dx=-249px dy=+163px d=4.5m ex=-0.3891 ey=+0.3396 (tol +/-0.010) alt_err=+0.22m -> fwd=-0.51 right=-0.58 down=+0.11 m/s
2026-09-01 09:18:21,506 [INFO] core.navigation.centering_controller: [CENTERING] KIRMIZI_UCGEN 106/200 dx=-224px dy=+141px d=4.0m ex=-0.3500 ey=+0.2938 (tol +/-0.010) alt_err=+0.17m -> fwd=-0.44 right=-0.52 down=+0.08 m/s
2026-09-01 09:18:22,057 [INFO] core.navigation.centering_controller: [CENTERING] KIRMIZI_UCGEN 111/200 dx=-203px dy=+123px d=3.6m ex=-0.3172 ey=+0.2562 (tol +/-0.010) alt_err=+0.12m -> fwd=-0.38 right=-0.48 down=+0.06 m/s
QGC port check failed, reporting UNKNOWN: (pid=27647)
2026-09-01 09:18:22,605 [INFO] core.navigation.centering_controller: [CENTERING] KIRMIZI_UCGEN 116/200 dx=-187px dy=+107px d=3.2m ex=-0.2922 ey=+0.2229 (tol +/-0.010) alt_err=+0.09m -> fwd=-0.33 right=-0.44 down=+0.04 m/s
2026-09-01 09:18:23,156 [INFO] core.navigation.centering_controller: [CENTERING] KIRMIZI_UCGEN 121/200 dx=-167px dy=+93px d=2.9m ex=-0.2609 ey=+0.1938 (tol +/-0.010) alt_err=+0.06m -> fwd=-0.29 right=-0.39 down=+0.03 m/s
2026-09-01 09:18:23,705 [INFO] core.navigation.centering_controller: [CENTERING] KIRMIZI_UCGEN 126/200 dx=-154px dy=+81px d=2.6m ex=-0.2406 ey=+0.1688 (tol +/-0.010) alt_err=+0.05m -> fwd=-0.25 right=-0.36 down=+0.02 m/s
2026-09-01 09:18:24,032 [INFO] core.detection.vision_runtime: [VISION] detect() calisiyor -- bu karede 1 tespit: ['KIRMIZI_UCGEN']
QGC port check failed, reporting UNKNOWN: (pid=27647)
2026-09-01 09:18:24,252 [INFO] core.navigation.centering_controller: [CENTERING] KIRMIZI_UCGEN 131/200 dx=-137px dy=+70px d=2.3m ex=-0.2141 ey=+0.1458 (tol +/-0.010) alt_err=+0.03m -> fwd=-0.22 right=-0.32 down=+0.02 m/s
2026-09-01 09:18:24,285 [INFO] gz_system.main_gz: Dashboard paint loop: 0.0 FPS (main thread)
2026-09-01 09:18:24,802 [INFO] core.navigation.centering_controller: [CENTERING] KIRMIZI_UCGEN 136/200 dx=-128px dy=+62px d=2.1m ex=-0.2000 ey=+0.1292 (tol +/-0.010) alt_err=+0.01m -> fwd=-0.19 right=-0.30 down=+0.01 m/s
2026-09-01 09:18:25,351 [INFO] core.navigation.centering_controller: [CENTERING] KIRMIZI_UCGEN 141/200 dx=-114px dy=+54px d=1.9m ex=-0.1781 ey=+0.1125 (tol +/-0.010) alt_err=+0.00m -> fwd=-0.17 right=-0.27 down=+0.00 m/s
2026-09-01 09:18:25,898 [INFO] core.navigation.centering_controller: [CENTERING] KIRMIZI_UCGEN 146/200 dx=-103px dy=+48px d=1.7m ex=-0.1609 ey=+0.1000 (tol +/-0.010) alt_err=+0.00m -> fwd=-0.15 right=-0.24 down=+0.00 m/s
QGC port check failed, reporting UNKNOWN: (pid=27647)
2026-09-01 09:18:26,447 [INFO] core.navigation.centering_controller: [CENTERING] KIRMIZI_UCGEN 151/200 dx=-94px dy=+43px d=1.5m ex=-0.1469 ey=+0.0896 (tol +/-0.010) alt_err=+0.00m -> fwd=-0.15 right=-0.22 down=+0.00 m/s
2026-09-01 09:18:26,996 [INFO] core.navigation.centering_controller: [CENTERING] KIRMIZI_UCGEN 156/200 dx=-84px dy=+38px d=1.4m ex=-0.1313 ey=+0.0792 (tol +/-0.010) alt_err=+0.01m -> fwd=-0.15 right=-0.20 down=+0.00 m/s
2026-09-01 09:18:27,104 [INFO] core.detection.vision_runtime: [VISION] detect() calisiyor -- bu karede 1 tespit: ['KIRMIZI_UCGEN']
2026-09-01 09:18:27,543 [INFO] core.navigation.centering_controller: [CENTERING] KIRMIZI_UCGEN 161/200 dx=-78px dy=+33px d=1.3m ex=-0.1219 ey=+0.0688 (tol +/-0.010) alt_err=+0.01m -> fwd=-0.15 right=-0.18 down=+0.00 m/s
2026-09-01 09:18:28,096 [INFO] core.navigation.centering_controller: [CENTERING] KIRMIZI_UCGEN 166/200 dx=-71px dy=+29px d=1.1m ex=-0.1109 ey=+0.0604 (tol +/-0.010) alt_err=-0.00m -> fwd=-0.15 right=-0.17 down=-0.00 m/s
QGC port check failed, reporting UNKNOWN: (pid=27647)
2026-09-01 09:18:28,645 [INFO] core.navigation.centering_controller: [CENTERING] KIRMIZI_UCGEN 171/200 dx=-67px dy=+25px d=1.1m ex=-0.1047 ey=+0.0521 (tol +/-0.010) alt_err=-0.02m -> fwd=-0.15 right=-0.16 down=-0.01 m/s
2026-09-01 09:18:29,195 [INFO] core.navigation.centering_controller: [CENTERING] KIRMIZI_UCGEN 176/200 dx=-62px dy=+20px d=1.0m ex=-0.0969 ey=+0.0417 (tol +/-0.010) alt_err=-0.03m -> fwd=-0.15 right=-0.15 down=-0.01 m/s
2026-09-01 09:18:29,319 [INFO] gz_system.main_gz: Dashboard paint loop: 0.0 FPS (main thread)
2026-09-01 09:18:29,745 [INFO] core.navigation.centering_controller: [CENTERING] KIRMIZI_UCGEN 181/200 dx=-58px dy=+15px d=0.9m ex=-0.0906 ey=+0.0312 (tol +/-0.010) alt_err=-0.04m -> fwd=-0.15 right=-0.15 down=-0.02 m/s
2026-09-01 09:18:30,182 [INFO] core.detection.vision_runtime: [VISION] detect() calisiyor -- bu karede 1 tespit: ['KIRMIZI_UCGEN']
QGC port check failed, reporting UNKNOWN: (pid=27647)
2026-09-01 09:18:30,293 [INFO] core.navigation.centering_controller: [CENTERING] KIRMIZI_UCGEN 186/200 dx=-52px dy=+9px d=0.8m ex=-0.0813 ey=+0.0187 (tol +/-0.010) alt_err=-0.04m -> fwd=-0.15 right=-0.15 down=-0.02 m/s
2026-09-01 09:18:30,842 [INFO] core.navigation.centering_controller: [CENTERING] KIRMIZI_UCGEN 191/200 dx=-46px dy=+3px d=0.7m ex=-0.0719 ey=+0.0063 (tol +/-0.010) alt_err=-0.03m -> fwd=+0.00 right=-0.15 down=-0.02 m/s
2026-09-01 09:18:31,390 [INFO] core.navigation.centering_controller: [CENTERING] KIRMIZI_UCGEN 196/200 dx=-42px dy=-19px d=0.7m ex=-0.0656 ey=-0.0396 (tol +/-0.010) alt_err=-0.02m -> fwd=+0.15 right=-0.15 down=-0.01 m/s
2026-09-01 09:18:31,940 [ERROR] core.navigation.centering_controller: Merkezleme zaman asimina ugradi! (200 deneme / 20.0s butcesi doldu)
2026-09-01 09:18:31,940 [WARNING] core.mission.gorev2_orchestrator: [RETRY_IN_PLACE] KIRMIZI_UCGEN 1/3 merkezlenemedi -- 5s yerinde beklenip tekrar denenecek (hedef goruniyor, d=1.05m).
QGC port check failed, reporting UNKNOWN: (pid=27647)
2026-09-01 09:18:33,256 [INFO] core.detection.vision_runtime: [VISION] detect() calisiyor -- bu karede 1 tespit: ['KIRMIZI_UCGEN']
QGC port check failed, reporting UNKNOWN: (pid=27647)
2026-09-01 09:18:34,323 [INFO] gz_system.main_gz: Dashboard paint loop: 0.0 FPS (main thread)
QGC port check failed, reporting UNKNOWN: (pid=27647)
2026-09-01 09:18:36,331 [INFO] core.detection.vision_runtime: [VISION] detect() calisiyor -- bu karede 1 tespit: ['KIRMIZI_UCGEN']
2026-09-01 09:18:36,988 [INFO] core.navigation.centering_controller: KIRMIZI_UCGEN hedefine merkezleniyor (irtifa hedefi: 8.0m, irtifa bandi +/-0.30m)...
2026-09-01 09:18:36,989 [INFO] core.navigation.centering_controller: [CENTERING] KIRMIZI_UCGEN 1/150 dx=-31px dy=+13px d=0.5m ex=-0.0484 ey=+0.0271 (tol +/-0.010) alt_err=-0.05m -> fwd=-0.15 right=-0.15 down=-0.02 m/s
2026-09-01 09:18:37,540 [INFO] core.navigation.centering_controller: [CENTERING] KIRMIZI_UCGEN 6/150 dx=-45px dy=+23px d=0.7m ex=-0.0703 ey=+0.0479 (tol +/-0.010) alt_err=-0.04m -> fwd=-0.15 right=-0.15 down=-0.02 m/s
2026-09-01 09:18:38,090 [INFO] core.navigation.centering_controller: [CENTERING] KIRMIZI_UCGEN 11/150 dx=-35px dy=+12px d=0.5m ex=-0.0547 ey=+0.0250 (tol +/-0.010) alt_err=-0.04m -> fwd=-0.15 right=-0.15 down=-0.02 m/s
QGC port check failed, reporting UNKNOWN: (pid=27647)
2026-09-01 09:18:38,638 [INFO] core.navigation.centering_controller: [CENTERING] KIRMIZI_UCGEN 16/150 dx=-28px dy=+4px d=0.4m ex=-0.0437 ey=+0.0083 (tol +/-0.010) alt_err=-0.04m -> fwd=+0.00 right=-0.15 down=-0.02 m/s
2026-09-01 09:18:39,186 [INFO] core.navigation.centering_controller: [CENTERING] KIRMIZI_UCGEN 21/150 dx=-22px dy=-17px d=0.4m ex=-0.0344 ey=-0.0354 (tol +/-0.010) alt_err=-0.03m -> fwd=+0.15 right=-0.15 down=-0.01 m/s
2026-09-01 09:18:39,356 [INFO] gz_system.main_gz: Dashboard paint loop: 0.0 FPS (main thread)
2026-09-01 09:18:39,405 [INFO] core.detection.vision_runtime: [VISION] detect() calisiyor -- bu karede 1 tespit: ['KIRMIZI_UCGEN']
2026-09-01 09:18:39,735 [INFO] core.navigation.centering_controller: [CENTERING] KIRMIZI_UCGEN 26/150 dx=-16px dy=-12px d=0.3m ex=-0.0250 ey=-0.0250 (tol +/-0.010) alt_err=-0.02m -> fwd=+0.15 right=-0.15 down=-0.01 m/s
QGC port check failed, reporting UNKNOWN: (pid=27647)
2026-09-01 09:18:40,285 [INFO] core.navigation.centering_controller: [CENTERING] KIRMIZI_UCGEN 31/150 dx=-10px dy=+5px d=0.2m ex=-0.0156 ey=+0.0104 (tol +/-0.010) alt_err=-0.02m -> fwd=-0.15 right=-0.15 down=-0.01 m/s
2026-09-01 09:18:40,834 [INFO] core.navigation.centering_controller: [CENTERING] KIRMIZI_UCGEN 36/150 dx=+6px dy=+22px d=0.3m ex=+0.0094 ey=+0.0458 (tol +/-0.010) alt_err=-0.02m -> fwd=-0.15 right=+0.00 down=-0.01 m/s
2026-09-01 09:18:41,382 [INFO] core.navigation.centering_controller: [CENTERING] KIRMIZI_UCGEN 41/150 dx=+16px dy=+7px d=0.3m ex=+0.0250 ey=+0.0146 (tol +/-0.010) alt_err=-0.02m -> fwd=-0.15 right=+0.15 down=-0.01 m/s
2026-09-01 09:18:41,931 [INFO] core.navigation.centering_controller: [CENTERING] KIRMIZI_UCGEN 46/150 dx=+0px dy=-13px d=0.2m ex=+0.0000 ey=-0.0271 (tol +/-0.010) alt_err=-0.02m -> fwd=+0.15 right=+0.00 down=-0.01 m/s
QGC port check failed, reporting UNKNOWN: (pid=27647)
2026-09-01 09:18:42,479 [INFO] core.detection.vision_runtime: [VISION] detect() calisiyor -- bu karede 1 tespit: ['KIRMIZI_UCGEN']
2026-09-01 09:18:42,480 [INFO] core.navigation.centering_controller: [CENTERING] KIRMIZI_UCGEN 51/150 dx=-29px dy=-19px d=0.5m ex=-0.0453 ey=-0.0396 (tol +/-0.010) alt_err=-0.02m -> fwd=+0.15 right=-0.15 down=-0.01 m/s
2026-09-01 09:18:43,028 [INFO] core.navigation.centering_controller: [CENTERING] KIRMIZI_UCGEN 56/150 dx=-10px dy=-6px d=0.2m ex=-0.0156 ey=-0.0125 (tol +/-0.010) alt_err=-0.02m -> fwd=+0.15 right=-0.15 down=-0.01 m/s
2026-09-01 09:18:43,247 [INFO] core.navigation.centering_controller: Merkezleme tamamlandi. (attempt 58/150, dx=-6px dy=-3px ex=-0.0094 ey=-0.0063 alt_err=-0.01m)
QGC port check failed, reporting UNKNOWN: (pid=27647)
2026-09-01 09:18:44,358 [INFO] gz_system.main_gz: Dashboard paint loop: 0.0 FPS (main thread)
2026-09-01 09:18:45,550 [INFO] core.detection.vision_runtime: [VISION] detect() calisiyor -- bu karede 1 tespit: ['KIRMIZI_UCGEN']
QGC port check failed, reporting UNKNOWN: (pid=27647)
2026-09-01 09:18:46,319 [INFO] core.mission.gorev2_orchestrator: [POST_LOCK_DRIFT] KIRMIZI_UCGEN 3s: peak=23.3px final=10.6px (64.91cm / 29.56cm), 28 ornek, 0 kayip
2026-09-01 09:18:46,319 [INFO] core.navigation.centering_controller: 2.0 saniye hover yapiliyor (Konum dogrulama)...
QGC port check failed, reporting UNKNOWN: (pid=27647)
2026-09-01 09:18:48,421 [INFO] core.position_log.position_store: Konum basariyla kaydedildi: KIRMIZI_UCGEN (ilk)
2026-09-01 09:18:48,421 [INFO] core.mission.gorev2_orchestrator: Kirmizi Ucgen ortalandi ama payload 1 henuz birakilmadi -- interlock geregi yerinde birakma atlaniyor; toplu birakmada dogru sirada yapilacak.
2026-09-01 09:18:48,421 [INFO] core.mission.gorev2_orchestrator: [ROUTE_REJOIN] rota hattina donuluyor (sabit eksen=lon): hedef lat=47.3980010 lon=8.5461634 (mevcut lat=47.3980010 lon=8.5460145).
2026-09-01 09:18:48,421 [INFO] core.navigation.centering_controller: Kayitli GPS konumuna gidiliyor: lat=47.398001, lon=8.5461634, alt=15.0m
2026-09-01 09:18:48,637 [INFO] core.detection.vision_runtime: [VISION] detect() calisiyor -- bu karede 1 tespit: ['KIRMIZI_UCGEN']
2026-09-01 09:18:49,382 [INFO] gz_system.main_gz: Dashboard paint loop: 0.0 FPS (main thread)
QGC port check failed, reporting UNKNOWN: (pid=27647)
2026-09-01 09:18:51,711 [INFO] core.detection.vision_runtime: [VISION] detect() calisiyor -- bu karede 0 tespit: []
QGC port check failed, reporting UNKNOWN: (pid=27647)
2026-09-01 09:18:52,589 [INFO] mavsdk_common.mavsdk_backend_base: Offboard durduruluyor...
Received ack for not-existing command: 176! Ignoring... (mavlink_command_sender.cpp:304)
2026-09-01 09:18:53,218 [INFO] core.mission.gorev2_orchestrator: [MISSION_RESUME] rota 2. ogeden devam ettiriliyor.
Received ack for not-existing command: 176! Ignoring... (mavlink_command_sender.cpp:304)
QGC port check failed, reporting UNKNOWN: (pid=27647)
2026-09-01 09:18:54,387 [INFO] gz_system.main_gz: Dashboard paint loop: 0.0 FPS (main thread)
2026-09-01 09:18:54,782 [INFO] core.detection.vision_runtime: [VISION] detect() calisiyor -- bu karede 1 tespit: ['KIRMIZI_UCGEN']
QGC port check failed, reporting UNKNOWN: (pid=27647)
2026-09-01 09:18:57,886 [INFO] core.detection.vision_runtime: [VISION] detect() calisiyor -- bu karede 2 tespit: ['KIRMIZI_DIKDORTGEN', 'MAVI_DIKDORTGEN']
QGC port check failed, reporting UNKNOWN: (pid=27647)
2026-09-01 09:18:59,406 [INFO] gz_system.main_gz: Dashboard paint loop: 0.0 FPS (main thread)
QGC port check failed, reporting UNKNOWN: (pid=27647)
2026-09-01 09:19:00,986 [INFO] core.detection.vision_runtime: [VISION] detect() calisiyor -- bu karede 1 tespit: ['KIRMIZI_DIKDORTGEN']
QGC port check failed, reporting UNKNOWN: (pid=27647)
2026-09-01 09:19:03,272 [INFO] core.navigation.centering_controller: Mission modu durduruluyor, Offboard'a geciliyor...
2026-09-01 09:19:03,272 [INFO] mavsdk_common.mavsdk_backend_base: Mission'dan Offboard'a geçiş yapılıyor...
Received ack for not-existing command: 176! Ignoring... (mavlink_command_sender.cpp:304)
2026-09-01 09:19:03,280 [INFO] mavsdk_common.mavsdk_backend_base: Offboard başlatılıyor...
Received ack for not-existing command: 176! Ignoring... (mavlink_command_sender.cpp:304)
2026-09-01 09:19:03,897 [INFO] core.navigation.centering_controller: MAVI_ALTIGEN hedefine merkezleniyor (irtifa hedefi: 15.0m, irtifa bandi +/-0.30m)...
2026-09-01 09:19:03,897 [WARNING] core.navigation.centering_controller: [CENTERING] MAVI_ALTIGEN 1/150 hedef kayboldu (feed canli, hedef bu karede yok)
2026-09-01 09:19:04,034 [INFO] core.detection.vision_runtime: [VISION] detect() calisiyor -- bu karede 1 tespit: ['MAVI_ALTIGEN']
QGC port check failed, reporting UNKNOWN: (pid=27647)
2026-09-01 09:19:04,401 [INFO] core.navigation.centering_controller: [CENTERING] MAVI_ALTIGEN 6/150 dx=+142px dy=-1px d=3.9m ex=+0.2219 ey=-0.0021 (tol +/-0.010) alt_err=-0.03m -> fwd=+0.00 right=+0.33 down=-0.02 m/s
2026-09-01 09:19:04,436 [INFO] gz_system.main_gz: Dashboard paint loop: 0.0 FPS (main thread)
2026-09-01 09:19:04,905 [INFO] core.navigation.centering_controller: [CENTERING] MAVI_ALTIGEN 11/150 dx=+145px dy=-146px d=5.7m ex=+0.2266 ey=-0.3042 (tol +/-0.010) alt_err=-0.05m -> fwd=+0.46 right=+0.34 down=-0.02 m/s
2026-09-01 09:19:05,447 [INFO] core.navigation.centering_controller: [CENTERING] MAVI_ALTIGEN 16/150 dx=+126px dy=-171px d=5.9m ex=+0.1969 ey=-0.3563 (tol +/-0.010) alt_err=-0.03m -> fwd=+0.53 right=+0.30 down=-0.01 m/s
2026-09-01 09:19:05,989 [INFO] core.navigation.centering_controller: [CENTERING] MAVI_ALTIGEN 21/150 dx=+117px dy=-138px d=5.0m ex=+0.1828 ey=-0.2875 (tol +/-0.010) alt_err=-0.02m -> fwd=+0.43 right=+0.27 down=-0.01 m/s
QGC port check failed, reporting UNKNOWN: (pid=27647)
2026-09-01 09:19:06,534 [INFO] core.navigation.centering_controller: [CENTERING] MAVI_ALTIGEN 26/150 dx=+112px dy=-120px d=4.6m ex=+0.1750 ey=-0.2500 (tol +/-0.010) alt_err=-0.02m -> fwd=+0.38 right=+0.26 down=-0.01 m/s
2026-09-01 09:19:07,077 [INFO] core.detection.vision_runtime: [VISION] detect() calisiyor -- bu karede 1 tespit: ['MAVI_ALTIGEN']
2026-09-01 09:19:07,078 [INFO] core.navigation.centering_controller: [CENTERING] MAVI_ALTIGEN 31/150 dx=+109px dy=-118px d=4.5m ex=+0.1703 ey=-0.2458 (tol +/-0.010) alt_err=-0.01m -> fwd=+0.37 right=+0.26 down=-0.01 m/s
2026-09-01 09:19:07,621 [INFO] core.navigation.centering_controller: [CENTERING] MAVI_ALTIGEN 36/150 dx=+105px dy=-117px d=4.4m ex=+0.1641 ey=-0.2437 (tol +/-0.010) alt_err=-0.01m -> fwd=+0.37 right=+0.25 down=-0.01 m/s
2026-09-01 09:19:08,161 [INFO] core.navigation.centering_controller: [CENTERING] MAVI_ALTIGEN 41/150 dx=+100px dy=-114px d=4.2m ex=+0.1562 ey=-0.2375 (tol +/-0.010) alt_err=-0.01m -> fwd=+0.36 right=+0.23 down=-0.01 m/s
QGC port check failed, reporting UNKNOWN: (pid=27647)
2026-09-01 09:19:08,704 [INFO] core.navigation.centering_controller: [CENTERING] MAVI_ALTIGEN 46/150 dx=+96px dy=-110px d=4.1m ex=+0.1500 ey=-0.2292 (tol +/-0.010) alt_err=-0.02m -> fwd=+0.34 right=+0.22 down=-0.01 m/s
2026-09-01 09:19:09,246 [INFO] core.navigation.centering_controller: [CENTERING] MAVI_ALTIGEN 51/150 dx=+92px dy=-107px d=3.9m ex=+0.1437 ey=-0.2229 (tol +/-0.010) alt_err=-0.02m -> fwd=+0.33 right=+0.22 down=-0.01 m/s
2026-09-01 09:19:09,468 [INFO] gz_system.main_gz: Dashboard paint loop: 0.0 FPS (main thread)
2026-09-01 09:19:09,786 [INFO] core.navigation.centering_controller: [CENTERING] MAVI_ALTIGEN 56/150 dx=+88px dy=-106px d=3.8m ex=+0.1375 ey=-0.2208 (tol +/-0.010) alt_err=-0.03m -> fwd=+0.33 right=+0.21 down=-0.01 m/s
2026-09-01 09:19:10,110 [INFO] core.detection.vision_runtime: [VISION] detect() calisiyor -- bu karede 1 tespit: ['MAVI_ALTIGEN']
QGC port check failed, reporting UNKNOWN: (pid=27647)
2026-09-01 09:19:10,329 [INFO] core.navigation.centering_controller: [CENTERING] MAVI_ALTIGEN 61/150 dx=+84px dy=-103px d=3.7m ex=+0.1313 ey=-0.2146 (tol +/-0.010) alt_err=-0.03m -> fwd=+0.32 right=+0.20 down=-0.01 m/s
2026-09-01 09:19:10,871 [INFO] core.navigation.centering_controller: [CENTERING] MAVI_ALTIGEN 66/150 dx=+80px dy=-98px d=3.5m ex=+0.1250 ey=-0.2042 (tol +/-0.010) alt_err=-0.03m -> fwd=+0.31 right=+0.19 down=-0.01 m/s
2026-09-01 09:19:11,414 [INFO] core.navigation.centering_controller: [CENTERING] MAVI_ALTIGEN 71/150 dx=+76px dy=-95px d=3.4m ex=+0.1187 ey=-0.1979 (tol +/-0.010) alt_err=-0.02m -> fwd=+0.30 right=+0.18 down=-0.01 m/s
2026-09-01 09:19:11,955 [INFO] core.navigation.centering_controller: [CENTERING] MAVI_ALTIGEN 76/150 dx=+73px dy=-92px d=3.3m ex=+0.1141 ey=-0.1917 (tol +/-0.010) alt_err=-0.02m -> fwd=+0.29 right=+0.17 down=-0.01 m/s
QGC port check failed, reporting UNKNOWN: (pid=27647)
2026-09-01 09:19:12,499 [INFO] core.navigation.centering_controller: [CENTERING] MAVI_ALTIGEN 81/150 dx=+69px dy=-89px d=3.1m ex=+0.1078 ey=-0.1854 (tol +/-0.010) alt_err=-0.02m -> fwd=+0.28 right=+0.16 down=-0.01 m/s
2026-09-01 09:19:13,041 [INFO] core.navigation.centering_controller: [CENTERING] MAVI_ALTIGEN 86/150 dx=+65px dy=-84px d=2.9m ex=+0.1016 ey=-0.1750 (tol +/-0.010) alt_err=-0.01m -> fwd=+0.26 right=+0.15 down=-0.00 m/s
2026-09-01 09:19:13,148 [INFO] core.detection.vision_runtime: [VISION] detect() calisiyor -- bu karede 1 tespit: ['MAVI_ALTIGEN']
2026-09-01 09:19:13,581 [INFO] core.navigation.centering_controller: [CENTERING] MAVI_ALTIGEN 91/150 dx=+62px dy=-80px d=2.8m ex=+0.0969 ey=-0.1667 (tol +/-0.010) alt_err=-0.01m -> fwd=+0.25 right=+0.15 down=-0.00 m/s
2026-09-01 09:19:14,124 [INFO] core.navigation.centering_controller: [CENTERING] MAVI_ALTIGEN 96/150 dx=+60px dy=-77px d=2.7m ex=+0.0938 ey=-0.1604 (tol +/-0.010) alt_err=-0.02m -> fwd=+0.24 right=+0.15 down=-0.01 m/s
QGC port check failed, reporting UNKNOWN: (pid=27647)
2026-09-01 09:19:14,492 [INFO] gz_system.main_gz: Dashboard paint loop: 0.0 FPS (main thread)
2026-09-01 09:19:14,668 [INFO] core.navigation.centering_controller: [CENTERING] MAVI_ALTIGEN 101/150 dx=+58px dy=-72px d=2.6m ex=+0.0906 ey=-0.1500 (tol +/-0.010) alt_err=-0.02m -> fwd=+0.22 right=+0.15 down=-0.01 m/s
2026-09-01 09:19:15,211 [INFO] core.navigation.centering_controller: [CENTERING] MAVI_ALTIGEN 106/150 dx=+55px dy=-69px d=2.4m ex=+0.0859 ey=-0.1437 (tol +/-0.010) alt_err=-0.02m -> fwd=+0.22 right=+0.15 down=-0.01 m/s
2026-09-01 09:19:15,755 [INFO] core.navigation.centering_controller: [CENTERING] MAVI_ALTIGEN 111/150 dx=+53px dy=-65px d=2.3m ex=+0.0828 ey=-0.1354 (tol +/-0.010) alt_err=-0.02m -> fwd=+0.20 right=+0.15 down=-0.01 m/s
2026-09-01 09:19:16,188 [INFO] core.detection.vision_runtime: [VISION] detect() calisiyor -- bu karede 1 tespit: ['MAVI_ALTIGEN']
QGC port check failed, reporting UNKNOWN: (pid=27647)
2026-09-01 09:19:16,299 [INFO] core.navigation.centering_controller: [CENTERING] MAVI_ALTIGEN 116/150 dx=+50px dy=-63px d=2.2m ex=+0.0781 ey=-0.1313 (tol +/-0.010) alt_err=-0.01m -> fwd=+0.20 right=+0.15 down=-0.01 m/s
2026-09-01 09:19:16,841 [INFO] core.navigation.centering_controller: [CENTERING] MAVI_ALTIGEN 121/150 dx=+47px dy=-58px d=2.1m ex=+0.0734 ey=-0.1208 (tol +/-0.010) alt_err=-0.00m -> fwd=+0.18 right=+0.15 down=-0.00 m/s
2026-09-01 09:19:17,385 [INFO] core.navigation.centering_controller: [CENTERING] MAVI_ALTIGEN 126/150 dx=+45px dy=-55px d=2.0m ex=+0.0703 ey=-0.1146 (tol +/-0.010) alt_err=+0.01m -> fwd=+0.17 right=+0.15 down=+0.00 m/s
2026-09-01 09:19:17,927 [INFO] core.navigation.centering_controller: [CENTERING] MAVI_ALTIGEN 131/150 dx=+42px dy=-53px d=1.9m ex=+0.0656 ey=-0.1104 (tol +/-0.010) alt_err=+0.01m -> fwd=+0.17 right=+0.15 down=+0.00 m/s
QGC port check failed, reporting UNKNOWN: (pid=27647)
2026-09-01 09:19:18,468 [INFO] core.navigation.centering_controller: [CENTERING] MAVI_ALTIGEN 136/150 dx=+38px dy=-50px d=1.7m ex=+0.0594 ey=-0.1042 (tol +/-0.010) alt_err=+0.00m -> fwd=+0.16 right=+0.15 down=+0.00 m/s
2026-09-01 09:19:19,010 [INFO] core.navigation.centering_controller: [CENTERING] MAVI_ALTIGEN 141/150 dx=+35px dy=-47px d=1.6m ex=+0.0547 ey=-0.0979 (tol +/-0.010) alt_err=+0.01m -> fwd=+0.15 right=+0.15 down=+0.00 m/s
2026-09-01 09:19:19,224 [INFO] core.detection.vision_runtime: [VISION] detect() calisiyor -- bu karede 1 tespit: ['MAVI_ALTIGEN']
2026-09-01 09:19:19,525 [INFO] gz_system.main_gz: Dashboard paint loop: 0.0 FPS (main thread)
2026-09-01 09:19:19,549 [INFO] core.navigation.centering_controller: [CENTERING] MAVI_ALTIGEN 146/150 dx=+33px dy=-44px d=1.5m ex=+0.0516 ey=-0.0917 (tol +/-0.010) alt_err=+0.01m -> fwd=+0.15 right=+0.15 down=+0.01 m/s
2026-09-01 09:19:20,092 [ERROR] core.navigation.centering_controller: Merkezleme zaman asimina ugradi! (150 deneme / 15.0s butcesi doldu)
2026-09-01 09:19:20,092 [WARNING] core.mission.gorev2_orchestrator: [RETRY_IN_PLACE] MAVI_ALTIGEN 1/3 merkezlenemedi -- 5s yerinde beklenip tekrar denenecek (hedef goruniyor, d=1.44m).
QGC port check failed, reporting UNKNOWN: (pid=27647)
QGC port check failed, reporting UNKNOWN: (pid=27647)
2026-09-01 09:19:22,256 [INFO] core.detection.vision_runtime: [VISION] detect() calisiyor -- bu karede 1 tespit: ['MAVI_ALTIGEN']
QGC port check failed, reporting UNKNOWN: (pid=27647)
2026-09-01 09:19:24,554 [INFO] gz_system.main_gz: Dashboard paint loop: 0.0 FPS (main thread)
2026-09-01 09:19:25,184 [INFO] core.navigation.centering_controller: MAVI_ALTIGEN hedefine merkezleniyor (irtifa hedefi: 15.0m, irtifa bandi +/-0.30m)...
2026-09-01 09:19:25,185 [INFO] core.navigation.centering_controller: [CENTERING] MAVI_ALTIGEN 1/150 dx=+24px dy=-40px d=1.3m ex=+0.0375 ey=-0.0833 (tol +/-0.010) alt_err=-0.00m -> fwd=+0.15 right=+0.15 down=-0.00 m/s
2026-09-01 09:19:25,291 [INFO] core.detection.vision_runtime: [VISION] detect() calisiyor -- bu karede 1 tespit: ['MAVI_ALTIGEN']
2026-09-01 09:19:25,725 [INFO] core.navigation.centering_controller: [CENTERING] MAVI_ALTIGEN 6/150 dx=+36px dy=-52px d=1.8m ex=+0.0563 ey=-0.1083 (tol +/-0.010) alt_err=-0.01m -> fwd=+0.16 right=+0.15 down=-0.01 m/s
QGC port check failed, reporting UNKNOWN: (pid=27647)
2026-09-01 09:19:26,269 [INFO] core.navigation.centering_controller: [CENTERING] MAVI_ALTIGEN 11/150 dx=+27px dy=-43px d=1.4m ex=+0.0422 ey=-0.0896 (tol +/-0.010) alt_err=-0.01m -> fwd=+0.15 right=+0.15 down=-0.00 m/s
2026-09-01 09:19:26,810 [INFO] core.navigation.centering_controller: [CENTERING] MAVI_ALTIGEN 16/150 dx=+23px dy=-36px d=1.2m ex=+0.0359 ey=-0.0750 (tol +/-0.010) alt_err=-0.01m -> fwd=+0.15 right=+0.15 down=-0.00 m/s
2026-09-01 09:19:27,353 [INFO] core.navigation.centering_controller: [CENTERING] MAVI_ALTIGEN 21/150 dx=+19px dy=-34px d=1.1m ex=+0.0297 ey=-0.0708 (tol +/-0.010) alt_err=-0.01m -> fwd=+0.15 right=+0.15 down=-0.00 m/s
2026-09-01 09:19:27,898 [INFO] core.navigation.centering_controller: [CENTERING] MAVI_ALTIGEN 26/150 dx=+15px dy=-32px d=1.0m ex=+0.0234 ey=-0.0667 (tol +/-0.010) alt_err=-0.01m -> fwd=+0.15 right=+0.15 down=-0.01 m/s
QGC port check failed, reporting UNKNOWN: (pid=27647)
2026-09-01 09:19:28,331 [INFO] core.detection.vision_runtime: [VISION] detect() calisiyor -- bu karede 1 tespit: ['MAVI_ALTIGEN']
2026-09-01 09:19:28,440 [INFO] core.navigation.centering_controller: [CENTERING] MAVI_ALTIGEN 31/150 dx=+12px dy=-29px d=0.9m ex=+0.0187 ey=-0.0604 (tol +/-0.010) alt_err=-0.02m -> fwd=+0.15 right=+0.15 down=-0.01 m/s
2026-09-01 09:19:28,986 [INFO] core.navigation.centering_controller: [CENTERING] MAVI_ALTIGEN 36/150 dx=+9px dy=-25px d=0.7m ex=+0.0141 ey=-0.0521 (tol +/-0.010) alt_err=-0.02m -> fwd=+0.15 right=+0.15 down=-0.01 m/s
2026-09-01 09:19:29,525 [INFO] core.navigation.centering_controller: [CENTERING] MAVI_ALTIGEN 41/150 dx=+8px dy=-22px d=0.6m ex=+0.0125 ey=-0.0458 (tol +/-0.010) alt_err=-0.01m -> fwd=+0.15 right=+0.15 down=-0.01 m/s
2026-09-01 09:19:29,584 [INFO] gz_system.main_gz: Dashboard paint loop: 0.0 FPS (main thread)
2026-09-01 09:19:30,066 [INFO] core.navigation.centering_controller: [CENTERING] MAVI_ALTIGEN 46/150 dx=-5px dy=-20px d=0.6m ex=-0.0078 ey=-0.0417 (tol +/-0.010) alt_err=-0.01m -> fwd=+0.15 right=+0.00 down=-0.01 m/s
QGC port check failed, reporting UNKNOWN: (pid=27647)
2026-09-01 09:19:30,608 [INFO] core.navigation.centering_controller: [CENTERING] MAVI_ALTIGEN 51/150 dx=-16px dy=-16px d=0.6m ex=-0.0250 ey=-0.0333 (tol +/-0.010) alt_err=-0.01m -> fwd=+0.15 right=-0.15 down=-0.01 m/s
2026-09-01 09:19:31,150 [INFO] core.navigation.centering_controller: [CENTERING] MAVI_ALTIGEN 56/150 dx=-4px dy=-13px d=0.4m ex=-0.0063 ey=-0.0271 (tol +/-0.010) alt_err=-0.01m -> fwd=+0.15 right=+0.00 down=-0.00 m/s
2026-09-01 09:19:31,366 [INFO] core.detection.vision_runtime: [VISION] detect() calisiyor -- bu karede 1 tespit: ['MAVI_ALTIGEN']
2026-09-01 09:19:31,693 [INFO] core.navigation.centering_controller: [CENTERING] MAVI_ALTIGEN 61/150 dx=+22px dy=-10px d=0.7m ex=+0.0344 ey=-0.0208 (tol +/-0.010) alt_err=-0.00m -> fwd=+0.15 right=+0.15 down=-0.00 m/s
2026-09-01 09:19:32,234 [INFO] core.navigation.centering_controller: [CENTERING] MAVI_ALTIGEN 66/150 dx=+11px dy=-8px d=0.4m ex=+0.0172 ey=-0.0167 (tol +/-0.010) alt_err=-0.01m -> fwd=+0.15 right=+0.15 down=-0.00 m/s
QGC port check failed, reporting UNKNOWN: (pid=27647)
2026-09-01 09:19:32,776 [INFO] core.navigation.centering_controller: [CENTERING] MAVI_ALTIGEN 71/150 dx=-4px dy=-5px d=0.2m ex=-0.0063 ey=-0.0104 (tol +/-0.010) alt_err=-0.01m -> fwd=+0.15 right=+0.00 down=-0.00 m/s
2026-09-01 09:19:33,318 [INFO] core.navigation.centering_controller: [CENTERING] MAVI_ALTIGEN 76/150 dx=-20px dy=+12px d=0.6m ex=-0.0312 ey=+0.0250 (tol +/-0.010) alt_err=-0.01m -> fwd=-0.15 right=-0.15 down=-0.00 m/s
2026-09-01 09:19:33,862 [INFO] core.navigation.centering_controller: [CENTERING] MAVI_ALTIGEN 81/150 dx=-7px dy=+15px d=0.5m ex=-0.0109 ey=+0.0312 (tol +/-0.010) alt_err=-0.02m -> fwd=-0.15 right=-0.15 down=-0.01 m/s
QGC port check failed, reporting UNKNOWN: (pid=27647)
2026-09-01 09:19:34,400 [INFO] core.detection.vision_runtime: [VISION] detect() calisiyor -- bu karede 1 tespit: ['MAVI_ALTIGEN']
2026-09-01 09:19:34,401 [INFO] core.navigation.centering_controller: [CENTERING] MAVI_ALTIGEN 86/150 dx=+11px dy=+3px d=0.3m ex=+0.0172 ey=+0.0063 (tol +/-0.010) alt_err=-0.02m -> fwd=+0.00 right=+0.15 down=-0.01 m/s
2026-09-01 09:19:34,619 [INFO] gz_system.main_gz: Dashboard paint loop: 0.0 FPS (main thread)
2026-09-01 09:19:34,944 [INFO] core.navigation.centering_controller: [CENTERING] MAVI_ALTIGEN 91/150 dx=+15px dy=-23px d=0.8m ex=+0.0234 ey=-0.0479 (tol +/-0.010) alt_err=-0.02m -> fwd=+0.15 right=+0.15 down=-0.01 m/s
2026-09-01 09:19:35,484 [INFO] core.navigation.centering_controller: [CENTERING] MAVI_ALTIGEN 96/150 dx=-3px dy=-14px d=0.4m ex=-0.0047 ey=-0.0292 (tol +/-0.010) alt_err=-0.01m -> fwd=+0.15 right=+0.00 down=-0.00 m/s
2026-09-01 09:19:36,025 [INFO] core.navigation.centering_controller: [CENTERING] MAVI_ALTIGEN 101/150 dx=-20px dy=-6px d=0.6m ex=-0.0312 ey=-0.0125 (tol +/-0.010) alt_err=-0.01m -> fwd=+0.15 right=-0.15 down=-0.00 m/s
QGC port check failed, reporting UNKNOWN: (pid=27647)
2026-09-01 09:19:36,568 [INFO] core.navigation.centering_controller: [CENTERING] MAVI_ALTIGEN 106/150 dx=-5px dy=+8px d=0.3m ex=-0.0078 ey=+0.0167 (tol +/-0.010) alt_err=-0.01m -> fwd=-0.15 right=+0.00 down=-0.01 m/s
2026-09-01 09:19:37,111 [INFO] core.navigation.centering_controller: [CENTERING] MAVI_ALTIGEN 111/150 dx=+18px dy=+16px d=0.7m ex=+0.0281 ey=+0.0333 (tol +/-0.010) alt_err=-0.02m -> fwd=-0.15 right=+0.15 down=-0.01 m/s
2026-09-01 09:19:37,435 [INFO] core.detection.vision_runtime: [VISION] detect() calisiyor -- bu karede 1 tespit: ['MAVI_ALTIGEN']
2026-09-01 09:19:37,654 [INFO] core.navigation.centering_controller: [CENTERING] MAVI_ALTIGEN 116/150 dx=+13px dy=+4px d=0.4m ex=+0.0203 ey=+0.0083 (tol +/-0.010) alt_err=-0.02m -> fwd=+0.00 right=+0.15 down=-0.01 m/s
2026-09-01 09:19:38,195 [INFO] core.navigation.centering_controller: [CENTERING] MAVI_ALTIGEN 121/150 dx=-3px dy=-21px d=0.6m ex=-0.0047 ey=-0.0437 (tol +/-0.010) alt_err=-0.02m -> fwd=+0.15 right=+0.00 down=-0.01 m/s
QGC port check failed, reporting UNKNOWN: (pid=27647)
2026-09-01 09:19:38,738 [INFO] core.navigation.centering_controller: [CENTERING] MAVI_ALTIGEN 126/150 dx=-20px dy=-11px d=0.6m ex=-0.0312 ey=-0.0229 (tol +/-0.010) alt_err=-0.02m -> fwd=+0.15 right=-0.15 down=-0.01 m/s
2026-09-01 09:19:39,278 [INFO] core.navigation.centering_controller: Merkezleme tamamlandi. (attempt 131/150, dx=-6px dy=-1px ex=-0.0094 ey=-0.0021 alt_err=-0.02m)
2026-09-01 09:19:39,635 [INFO] gz_system.main_gz: Dashboard paint loop: 0.0 FPS (main thread)
QGC port check failed, reporting UNKNOWN: (pid=27647)
2026-09-01 09:19:40,468 [INFO] core.detection.vision_runtime: [VISION] detect() calisiyor -- bu karede 1 tespit: ['MAVI_ALTIGEN']
QGC port check failed, reporting UNKNOWN: (pid=27647)
2026-09-01 09:19:42,313 [INFO] core.mission.gorev2_orchestrator: [POST_LOCK_DRIFT] MAVI_ALTIGEN 3s: peak=20.8px final=8.2px (57.19cm / 22.66cm), 28 ornek, 0 kayip
2026-09-01 09:19:42,313 [INFO] core.navigation.centering_controller: 2.0 saniye hover yapiliyor (Konum dogrulama)...
2026-09-01 09:19:43,502 [INFO] core.detection.vision_runtime: [VISION] detect() calisiyor -- bu karede 1 tespit: ['MAVI_ALTIGEN']
QGC port check failed, reporting UNKNOWN: (pid=27647)
2026-09-01 09:19:44,371 [INFO] core.position_log.position_store: Konum basariyla kaydedildi: MAVI_ALTIGEN (ikinci)
2026-09-01 09:19:44,371 [INFO] core.mission.gorev2_orchestrator: Mavi Altigen ortalandi -- KIRMIZI yuk hemen birakiliyor.
2026-09-01 09:19:44,371 [INFO] core.mission.gorev2_fsm: PAYLOAD MISSION 1 basliyor (Mavi Altigen / RED payload)
2026-09-01 09:19:44,371 [INFO] core.navigation.centering_controller: Kayitli GPS konumuna gidiliyor: lat=47.398452899999995, lon=8.5462061, alt=15.0m
2026-09-01 09:19:44,371 [INFO] core.mission.payload_release: Yük bırakma başlatılıyor: MAVI_ALTIGEN
2026-09-01 09:19:44,371 [INFO] core.navigation.centering_controller: MAVI_ALTIGEN hedefine merkezleniyor (irtifa hedefi: 10.0m, irtifa bandi +/-0.30m)...
2026-09-01 09:19:44,372 [INFO] core.navigation.centering_controller: [CENTERING] MAVI_ALTIGEN 1/200 dx=+0px dy=+3px d=0.1m ex=+0.0000 ey=+0.0063 (tol +/-0.010) alt_err=+4.99m -> fwd=+0.00 right=+0.00 down=+0.15 m/s
2026-09-01 09:19:44,653 [INFO] gz_system.main_gz: Dashboard paint loop: 0.0 FPS (main thread)
2026-09-01 09:19:44,913 [INFO] core.navigation.centering_controller: [CENTERING] MAVI_ALTIGEN 6/200 dx=+2px dy=+9px d=0.3m ex=+0.0031 ey=+0.0187 (tol +/-0.010) alt_err=+4.85m -> fwd=-0.15 right=+0.00 down=+0.90 m/s
2026-09-01 09:19:45,478 [INFO] core.navigation.centering_controller: [CENTERING] MAVI_ALTIGEN 11/200 dx=+3px dy=+14px d=0.4m ex=+0.0047 ey=+0.0292 (tol +/-0.010) alt_err=+4.34m -> fwd=-0.15 right=+0.00 down=+1.65 m/s
2026-09-01 09:19:46,023 [INFO] core.navigation.centering_controller: [CENTERING] MAVI_ALTIGEN 16/200 dx=+3px dy=+6px d=0.2m ex=+0.0047 ey=+0.0125 (tol +/-0.010) alt_err=+3.55m -> fwd=-0.15 right=+0.00 down=+1.78 m/s
QGC port check failed, reporting UNKNOWN: (pid=27647)
2026-09-01 09:19:46,564 [INFO] core.detection.vision_runtime: [VISION] detect() calisiyor -- bu karede 1 tespit: ['MAVI_ALTIGEN']
2026-09-01 09:19:46,565 [INFO] core.navigation.centering_controller: [CENTERING] MAVI_ALTIGEN 21/200 dx=+3px dy=-11px d=0.3m ex=+0.0047 ey=-0.0229 (tol +/-0.010) alt_err=+2.63m -> fwd=+0.15 right=+0.00 down=+1.32 m/s
2026-09-01 09:19:47,104 [INFO] core.navigation.centering_controller: [CENTERING] MAVI_ALTIGEN 26/200 dx=+3px dy=-15px d=0.3m ex=+0.0047 ey=-0.0312 (tol +/-0.010) alt_err=+1.98m -> fwd=+0.15 right=+0.00 down=+0.99 m/s
2026-09-01 09:19:47,645 [INFO] core.navigation.centering_controller: [CENTERING] MAVI_ALTIGEN 31/200 dx=+2px dy=-4px d=0.1m ex=+0.0031 ey=-0.0083 (tol +/-0.010) alt_err=+1.49m -> fwd=+0.00 right=+0.00 down=+0.75 m/s
2026-09-01 09:19:48,185 [INFO] core.navigation.centering_controller: [CENTERING] MAVI_ALTIGEN 36/200 dx=+3px dy=+19px d=0.4m ex=+0.0047 ey=+0.0396 (tol +/-0.010) alt_err=+1.07m -> fwd=-0.15 right=+0.00 down=+0.53 m/s
QGC port check failed, reporting UNKNOWN: (pid=27647)
2026-09-01 09:19:48,727 [INFO] core.navigation.centering_controller: [CENTERING] MAVI_ALTIGEN 41/200 dx=+4px dy=+12px d=0.3m ex=+0.0063 ey=+0.0250 (tol +/-0.010) alt_err=+0.83m -> fwd=-0.15 right=+0.00 down=+0.41 m/s
2026-09-01 09:19:49,280 [INFO] core.navigation.centering_controller: [CENTERING] MAVI_ALTIGEN 46/200 dx=+4px dy=+1px d=0.1m ex=+0.0063 ey=+0.0021 (tol +/-0.010) alt_err=+0.59m -> fwd=+0.00 right=+0.00 down=+0.30 m/s
2026-09-01 09:19:49,609 [INFO] core.detection.vision_runtime: [VISION] detect() calisiyor -- bu karede 1 tespit: ['MAVI_ALTIGEN']
2026-09-01 09:19:49,659 [INFO] gz_system.main_gz: Dashboard paint loop: 0.0 FPS (main thread)
2026-09-01 09:19:49,829 [INFO] core.navigation.centering_controller: [CENTERING] MAVI_ALTIGEN 51/200 dx=+5px dy=-23px d=0.5m ex=+0.0078 ey=-0.0479 (tol +/-0.010) alt_err=+0.45m -> fwd=+0.15 right=+0.00 down=+0.23 m/s
QGC port check failed, reporting UNKNOWN: (pid=27647)
2026-09-01 09:19:50,373 [INFO] core.navigation.centering_controller: [CENTERING] MAVI_ALTIGEN 56/200 dx=+6px dy=-10px d=0.2m ex=+0.0094 ey=-0.0208 (tol +/-0.010) alt_err=+0.33m -> fwd=+0.15 right=+0.00 down=+0.17 m/s
2026-09-01 09:19:50,916 [INFO] core.navigation.centering_controller: [CENTERING] MAVI_ALTIGEN 61/200 dx=+19px dy=+0px d=0.4m ex=+0.0297 ey=+0.0000 (tol +/-0.010) alt_err=+0.26m -> fwd=+0.00 right=+0.15 down=+0.13 m/s
2026-09-01 09:19:51,460 [INFO] core.navigation.centering_controller: [CENTERING] MAVI_ALTIGEN 66/200 dx=+8px dy=+24px d=0.5m ex=+0.0125 ey=+0.0500 (tol +/-0.010) alt_err=+0.20m -> fwd=-0.15 right=+0.15 down=+0.10 m/s
2026-09-01 09:19:52,001 [INFO] core.navigation.centering_controller: [CENTERING] MAVI_ALTIGEN 71/200 dx=-11px dy=+10px d=0.3m ex=-0.0172 ey=+0.0208 (tol +/-0.010) alt_err=+0.16m -> fwd=-0.15 right=-0.15 down=+0.08 m/s
QGC port check failed, reporting UNKNOWN: (pid=27647)
2026-09-01 09:19:52,542 [INFO] core.navigation.centering_controller: [CENTERING] MAVI_ALTIGEN 76/200 dx=-15px dy=+5px d=0.3m ex=-0.0234 ey=+0.0104 (tol +/-0.010) alt_err=+0.12m -> fwd=-0.15 right=-0.15 down=+0.06 m/s
2026-09-01 09:19:52,649 [INFO] core.detection.vision_runtime: [VISION] detect() calisiyor -- bu karede 1 tespit: ['MAVI_ALTIGEN']
2026-09-01 09:19:52,867 [INFO] core.navigation.centering_controller: Merkezleme tamamlandi. (attempt 79/200, dx=-5px dy=-4px ex=-0.0078 ey=-0.0083 alt_err=+0.09m)
2026-09-01 09:19:52,868 [INFO] core.navigation.centering_controller: MAVI_ALTIGEN hedefine merkezleniyor (irtifa hedefi: 5.0m, irtifa bandi +/-0.30m)...
2026-09-01 09:19:52,868 [INFO] core.navigation.centering_controller: [CENTERING] MAVI_ALTIGEN 1/200 dx=-5px dy=-4px d=0.1m ex=-0.0078 ey=-0.0083 (tol +/-0.010) alt_err=+5.09m -> fwd=+0.00 right=+0.00 down=+0.15 m/s
2026-09-01 09:19:53,415 [INFO] core.navigation.centering_controller: [CENTERING] MAVI_ALTIGEN 6/200 dx=+20px dy=-19px d=0.5m ex=+0.0312 ey=-0.0396 (tol +/-0.010) alt_err=+4.97m -> fwd=+0.15 right=+0.15 down=+0.90 m/s
2026-09-01 09:19:53,956 [INFO] core.navigation.centering_controller: [CENTERING] MAVI_ALTIGEN 11/200 dx=+17px dy=-9px d=0.3m ex=+0.0266 ey=-0.0187 (tol +/-0.010) alt_err=+4.50m -> fwd=+0.15 right=+0.15 down=+1.65 m/s
QGC port check failed, reporting UNKNOWN: (pid=27647)
2026-09-01 09:19:54,495 [INFO] core.navigation.centering_controller: [CENTERING] MAVI_ALTIGEN 16/200 dx=+3px dy=+7px d=0.1m ex=+0.0047 ey=+0.0146 (tol +/-0.010) alt_err=+3.59m -> fwd=-0.15 right=+0.00 down=+1.79 m/s
2026-09-01 09:19:54,662 [INFO] gz_system.main_gz: Dashboard paint loop: 0.0 FPS (main thread)
2026-09-01 09:19:55,039 [INFO] core.navigation.centering_controller: [CENTERING] MAVI_ALTIGEN 21/200 dx=-23px dy=+22px d=0.5m ex=-0.0359 ey=+0.0458 (tol +/-0.010) alt_err=+2.81m -> fwd=-0.15 right=-0.15 down=+1.40 m/s
2026-09-01 09:19:55,580 [INFO] core.navigation.centering_controller: [CENTERING] MAVI_ALTIGEN 26/200 dx=-11px dy=+7px d=0.2m ex=-0.0172 ey=+0.0146 (tol +/-0.010) alt_err=+1.97m -> fwd=-0.15 right=-0.15 down=+0.99 m/s
2026-09-01 09:19:55,687 [INFO] core.detection.vision_runtime: [VISION] detect() calisiyor -- bu karede 1 tespit: ['MAVI_ALTIGEN']
2026-09-01 09:19:56,121 [INFO] core.navigation.centering_controller: [CENTERING] MAVI_ALTIGEN 31/200 dx=+10px dy=-15px d=0.2m ex=+0.0156 ey=-0.0312 (tol +/-0.010) alt_err=+1.50m -> fwd=+0.15 right=+0.15 down=+0.75 m/s
QGC port check failed, reporting UNKNOWN: (pid=27647)
2026-09-01 09:19:56,664 [INFO] core.navigation.centering_controller: [CENTERING] MAVI_ALTIGEN 36/200 dx=+21px dy=-21px d=0.3m ex=+0.0328 ey=-0.0437 (tol +/-0.010) alt_err=+1.08m -> fwd=+0.15 right=+0.15 down=+0.54 m/s
2026-09-01 09:19:57,206 [INFO] core.navigation.centering_controller: [CENTERING] MAVI_ALTIGEN 41/200 dx=+7px dy=-6px d=0.1m ex=+0.0109 ey=-0.0125 (tol +/-0.010) alt_err=+0.83m -> fwd=+0.15 right=+0.15 down=+0.41 m/s
2026-09-01 09:19:57,745 [INFO] core.navigation.centering_controller: [CENTERING] MAVI_ALTIGEN 46/200 dx=-12px dy=+13px d=0.2m ex=-0.0187 ey=+0.0271 (tol +/-0.010) alt_err=+0.63m -> fwd=-0.15 right=-0.15 down=+0.32 m/s
2026-09-01 09:19:58,286 [INFO] core.navigation.centering_controller: [CENTERING] MAVI_ALTIGEN 51/200 dx=-17px dy=+20px d=0.3m ex=-0.0266 ey=+0.0417 (tol +/-0.010) alt_err=+0.46m -> fwd=-0.15 right=-0.15 down=+0.23 m/s
QGC port check failed, reporting UNKNOWN: (pid=27647)
2026-09-01 09:19:58,718 [INFO] core.detection.vision_runtime: [VISION] detect() calisiyor -- bu karede 1 tespit: ['MAVI_ALTIGEN']
2026-09-01 09:19:58,828 [INFO] core.navigation.centering_controller: [CENTERING] MAVI_ALTIGEN 56/200 dx=+6px dy=+4px d=0.1m ex=+0.0094 ey=+0.0083 (tol +/-0.010) alt_err=+0.36m -> fwd=+0.00 right=+0.00 down=+0.18 m/s
2026-09-01 09:19:59,374 [INFO] core.navigation.centering_controller: [CENTERING] MAVI_ALTIGEN 61/200 dx=+27px dy=-26px d=0.4m ex=+0.0422 ey=-0.0542 (tol +/-0.010) alt_err=+0.27m -> fwd=+0.15 right=+0.15 down=+0.13 m/s
2026-09-01 09:19:59,693 [INFO] gz_system.main_gz: Dashboard paint loop: 0.0 FPS (main thread)
2026-09-01 09:19:59,915 [INFO] core.navigation.centering_controller: [CENTERING] MAVI_ALTIGEN 66/200 dx=+10px dy=-10px d=0.1m ex=+0.0156 ey=-0.0208 (tol +/-0.010) alt_err=+0.21m -> fwd=+0.15 right=+0.15 down=+0.10 m/s
2026-09-01 09:20:00,132 [INFO] core.navigation.centering_controller: Merkezleme tamamlandi. (attempt 68/200, dx=+5px dy=-3px ex=+0.0078 ey=-0.0063 alt_err=+0.19m)
2026-09-01 09:20:00,133 [INFO] core.navigation.centering_controller: MAVI_ALTIGEN hedefine merkezleniyor (irtifa hedefi: 0.45m, irtifa bandi +/-0.05m)...
2026-09-01 09:20:00,133 [INFO] core.navigation.centering_controller: [CENTERING] MAVI_ALTIGEN 1/200 dx=+5px dy=-3px d=0.1m ex=+0.0078 ey=-0.0063 (tol +/-0.010) alt_err=+4.74m -> fwd=+0.00 right=+0.00 down=+0.15 m/s
QGC port check failed, reporting UNKNOWN: (pid=27647)
2026-09-01 09:20:00,672 [INFO] core.navigation.centering_controller: [CENTERING] MAVI_ALTIGEN 6/200 dx=-18px dy=+20px d=0.3m ex=-0.0281 ey=+0.0417 (tol +/-0.010) alt_err=+4.58m -> fwd=-0.15 right=-0.15 down=+0.90 m/s
2026-09-01 09:20:01,213 [INFO] core.navigation.centering_controller: [CENTERING] MAVI_ALTIGEN 11/200 dx=-14px dy=+21px d=0.2m ex=-0.0219 ey=+0.0437 (tol +/-0.010) alt_err=+4.07m -> fwd=-0.15 right=-0.15 down=+1.65 m/s
2026-09-01 09:20:01,753 [INFO] core.detection.vision_runtime: [VISION] detect() calisiyor -- bu karede 1 tespit: ['MAVI_ALTIGEN']
2026-09-01 09:20:01,754 [INFO] core.navigation.centering_controller: [CENTERING] MAVI_ALTIGEN 16/200 dx=+6px dy=+8px d=0.1m ex=+0.0094 ey=+0.0167 (tol +/-0.010) alt_err=+3.31m -> fwd=-0.15 right=+0.00 down=+1.66 m/s
2026-09-01 09:20:02,297 [INFO] core.navigation.centering_controller: [CENTERING] MAVI_ALTIGEN 21/200 dx=+32px dy=-20px d=0.2m ex=+0.0500 ey=-0.0417 (tol +/-0.010) alt_err=+2.41m -> fwd=+0.13 right=+0.15 down=+1.20 m/s
QGC port check failed, reporting UNKNOWN: (pid=27647)
2026-09-01 09:20:02,837 [INFO] core.navigation.centering_controller: [CENTERING] MAVI_ALTIGEN 26/200 dx=+15px dy=-24px d=0.1m ex=+0.0234 ey=-0.0500 (tol +/-0.010) alt_err=+1.81m -> fwd=+0.10 right=+0.13 down=+0.90 m/s
2026-09-01 09:20:03,379 [INFO] core.navigation.centering_controller: [CENTERING] MAVI_ALTIGEN 31/200 dx=-2px dy=-10px d=0.0m ex=-0.0031 ey=-0.0208 (tol +/-0.010) alt_err=+1.28m -> fwd=+0.08 right=+0.00 down=+0.64 m/s
2026-09-01 09:20:03,922 [INFO] core.navigation.centering_controller: [CENTERING] MAVI_ALTIGEN 36/200 dx=-25px dy=+12px d=0.1m ex=-0.0391 ey=+0.0240 (tol +/-0.010) alt_err=+0.99m -> fwd=-0.06 right=-0.09 down=+0.49 m/s
QGC port check failed, reporting UNKNOWN: (pid=27647)
2026-09-01 09:20:04,464 [INFO] core.navigation.centering_controller: [CENTERING] MAVI_ALTIGEN 41/200 dx=-24px dy=+22px d=0.1m ex=-0.0375 ey=+0.0458 (tol +/-0.010) alt_err=+0.71m -> fwd=-0.07 right=-0.07 down=+0.36 m/s
2026-09-01 09:20:04,724 [INFO] gz_system.main_gz: Dashboard paint loop: 0.0 FPS (main thread)
2026-09-01 09:20:04,789 [INFO] core.detection.vision_runtime: [VISION] detect() calisiyor -- bu karede 1 tespit: ['MAVI_ALTIGEN']
2026-09-01 09:20:05,008 [INFO] core.navigation.centering_controller: [CENTERING] MAVI_ALTIGEN 46/200 dx=+13px dy=+4px d=0.0m ex=+0.0203 ey=+0.0094 (tol +/-0.010) alt_err=+0.55m -> fwd=+0.00 right=+0.06 down=+0.27 m/s
2026-09-01 09:20:05,551 [INFO] core.navigation.centering_controller: [CENTERING] MAVI_ALTIGEN 51/200 dx=+46px dy=+0px d=0.1m ex=+0.0711 ey=+0.0000 (tol +/-0.010) alt_err=+0.43m -> fwd=+0.00 right=+0.11 down=+0.21 m/s
2026-09-01 09:20:06,092 [INFO] core.navigation.centering_controller: [CENTERING] MAVI_ALTIGEN 56/200 dx=+18px dy=+0px d=0.0m ex=+0.0273 ey=+0.0000 (tol +/-0.010) alt_err=+0.31m -> fwd=+0.00 right=+0.04 down=+0.15 m/s
QGC port check failed, reporting UNKNOWN: (pid=27647)
2026-09-01 09:20:06,634 [INFO] core.navigation.centering_controller: [CENTERING] MAVI_ALTIGEN 61/200 dx=+0px dy=+0px d=0.0m ex=+0.0000 ey=+0.0000 (tol +/-0.010) alt_err=+0.24m -> fwd=+0.00 right=+0.00 down=+0.12 m/s
2026-09-01 09:20:07,177 [INFO] core.navigation.centering_controller: [CENTERING] MAVI_ALTIGEN 66/200 dx=+0px dy=+0px d=0.0m ex=+0.0000 ey=+0.0000 (tol +/-0.010) alt_err=+0.17m -> fwd=+0.00 right=+0.00 down=+0.09 m/s
2026-09-01 09:20:07,393 [WARNING] core.navigation.centering_controller: [LOW_ALT_OPEN_LOOP_DESCENT] MAVI_ALTIGEN: goruntu 0.62m'de kayboldu -- dondurulmus kestirime (47.3984528, 8.5462072, offset=0.0cm @ 0.62m) gore 0.45m'ye alcalmaya devam.
2026-09-01 09:20:07,827 [INFO] core.detection.vision_runtime: [VISION] detect() calisiyor -- bu karede 0 tespit: []
QGC port check failed, reporting UNKNOWN: (pid=27647)
2026-09-01 09:20:08,587 [INFO] core.navigation.centering_controller: [LOW_ALT_OPEN_LOOP_DESCENT] MAVI_ALTIGEN: 0.487m'ye ulasildi (hedef 0.45m).
2026-09-01 09:20:08,587 [INFO] core.navigation.centering_controller: [AIM_OFFSET_APPLIED] MAVI_ALTIGEN: montaj (ileri=0.00, sag=0.04) m, yon=1.6 deg -> tutma noktasi (47.3984528, 8.5462068) olarak otelendi (kuzey +0.00, dogu -0.03 m).
2026-09-01 09:20:09,237 [INFO] core.navigation.centering_controller: [MOUNT_TRANSLATE_DONE] MAVI_ALTIGEN: kalan 4.8 cm, sure 0.65 s (yakinsadi).
2026-09-01 09:20:09,237 [WARNING] core.navigation.centering_controller: [LOW_ALT_OPEN_LOOP_DESCENT] MAVI_ALTIGEN: goruntu 0.47m'de kayboldu -- dondurulmus kestirime (47.3984528, 8.5462068, offset=0.0cm @ 0.62m) gore 0.45m'ye alcalmaya devam.
2026-09-01 09:20:09,237 [INFO] core.navigation.centering_controller: [LOW_ALT_OPEN_LOOP_DESCENT] MAVI_ALTIGEN: 0.467m'ye ulasildi (hedef 0.45m).
2026-09-01 09:20:09,237 [INFO] core.navigation.centering_controller: 0.1m ileri hareket ediliyor (0.3 m/s, 0.3s)...
2026-09-01 09:20:09,670 [INFO] core.mission.payload_release: [RELEASE_OFFSET] MAVI_ALTIGEN: {'shape_type': 'MAVI_ALTIGEN', 'altitude_m': 0.471, 'target_visible': False, 'best_known_offset_cm': 3.16, 'best_known_offset_alt_m': 5.189}
2026-09-01 09:20:09,670 [INFO] core.mission.payload_release: [MOUNT_VECTOR_MEASURED] MAVI_ALTIGEN: {'world_dx': 0.0355, 'world_dy': 0.0013, 'gazebo_yaw_deg': 90.73, 'body_forward_m': 0.0009, 'body_right_m': 0.0356} (uygulanan: (0.0, 0.035))
2026-09-01 09:20:09,670 [INFO] gz_system.gz_payload_actuator: Gazebo DetachableJoint tetikleniyor: /payload/detach/red
I0901 09:20:09.693797 13346222 fork_posix.cc:71] Other threads are currently calling into gRPC, skipping fork() handlers
2026-09-01 09:20:09,730 [INFO] gz_system.main_gz: Dashboard paint loop: 0.0 FPS (main thread)
I0901 09:20:09.748654 13346222 fork_posix.cc:71] Other threads are currently calling into gRPC, skipping fork() handlers
I0901 09:20:09.799140 13346222 fork_posix.cc:71] Other threads are currently calling into gRPC, skipping fork() handlers
I0901 09:20:09.848367 13346222 fork_posix.cc:71] Other threads are currently calling into gRPC, skipping fork() handlers
I0901 09:20:09.898863 13346222 fork_posix.cc:71] Other threads are currently calling into gRPC, skipping fork() handlers
QGC port check failed, reporting UNKNOWN: (pid=27647)
2026-09-01 09:20:10,817 [INFO] gz_system.gz_payload_actuator: Yuk ayrildi (red), gecikme 1.137 s.
2026-09-01 09:20:10,817 [INFO] core.mission.payload_release: [PAYLOAD_RELEASED] PAYLOAD 1 RELEASED @0.47m
2026-09-01 09:20:10,864 [INFO] core.detection.vision_runtime: [VISION] detect() calisiyor -- bu karede 0 tespit: []
QGC port check failed, reporting UNKNOWN: (pid=27647)
2026-09-01 09:20:12,820 [INFO] core.mission.payload_release: [PAYLOAD_FINAL_POSE] MAVI_ALTIGEN: x=3.289 y=53.708 z=0.035 merkeze 3884.8 cm egim 0.0 deg (HEDEF DISINDA)
2026-09-01 09:20:12,820 [INFO] core.mission.payload_release: Doğrulama işareti aranıyor: KIRMIZI_DIKDORTGEN
2026-09-01 09:20:12,820 [INFO] core.mission.payload_release: Yük bırakma DOĞRULANDI: KIRMIZI_DIKDORTGEN tespit edildi.
2026-09-01 09:20:12,820 [INFO] core.navigation.centering_controller: 15.0m irtifasina tirmaniliyor (goruntuden bagimsiz)...
2026-09-01 09:20:13,932 [INFO] core.detection.vision_runtime: [VISION] detect() calisiyor -- bu karede 2 tespit: ['MAVI_ALTIGEN', 'KIRMIZI_DIKDORTGEN']
QGC port check failed, reporting UNKNOWN: (pid=27647)
2026-09-01 09:20:14,732 [INFO] gz_system.main_gz: Dashboard paint loop: 0.0 FPS (main thread)
QGC port check failed, reporting UNKNOWN: (pid=27647)
2026-09-01 09:20:16,970 [INFO] core.detection.vision_runtime: [VISION] detect() calisiyor -- bu karede 1 tespit: ['MAVI_ALTIGEN']
QGC port check failed, reporting UNKNOWN: (pid=27647)
2026-09-01 09:20:19,734 [INFO] gz_system.main_gz: Dashboard paint loop: 0.0 FPS (main thread)
2026-09-01 09:20:20,003 [INFO] core.detection.vision_runtime: [VISION] detect() calisiyor -- bu karede 1 tespit: ['MAVI_ALTIGEN']
QGC port check failed, reporting UNKNOWN: (pid=27647)
2026-09-01 09:20:22,283 [INFO] core.mission.gorev2_orchestrator: SEARCH COMPLETE: MAVI_ALTIGEN ve KIRMIZI_UCGEN ikisi de kaydedildi. Mission kalici olarak sona erdi, Offboard tek yetkili.
QGC port check failed, reporting UNKNOWN: (pid=27647)
2026-09-01 09:20:22,390 [INFO] core.mission.gorev2_orchestrator: Bir veya iki yuk hala birakilmamis -- toplu birakma calistiriliyor.
2026-09-01 09:20:22,390 [INFO] core.mission.gorev2_fsm: PAYLOAD MISSION 1 basliyor (Mavi Altigen / RED payload)
2026-09-01 09:20:22,390 [INFO] core.navigation.centering_controller: Kayitli GPS konumuna gidiliyor: lat=47.398452899999995, lon=8.5462061, alt=15.0m
2026-09-01 09:20:22,390 [INFO] core.mission.payload_release: Yük bırakma başlatılıyor: MAVI_ALTIGEN
2026-09-01 09:20:22,390 [INFO] core.navigation.centering_controller: MAVI_ALTIGEN hedefine merkezleniyor (irtifa hedefi: 10.0m, irtifa bandi +/-0.30m)...
2026-09-01 09:20:22,391 [INFO] core.navigation.centering_controller: [CENTERING] MAVI_ALTIGEN 1/200 dx=-1px dy=+8px d=0.2m ex=-0.0016 ey=+0.0167 (tol +/-0.010) alt_err=+4.72m -> fwd=-0.15 right=+0.00 down=+0.15 m/s
2026-09-01 09:20:22,942 [INFO] core.navigation.centering_controller: [CENTERING] MAVI_ALTIGEN 6/200 dx=+0px dy=+19px d=0.5m ex=+0.0000 ey=+0.0396 (tol +/-0.010) alt_err=+4.61m -> fwd=-0.15 right=+0.00 down=+0.90 m/s
2026-09-01 09:20:23,050 [INFO] core.detection.vision_runtime: [VISION] detect() calisiyor -- bu karede 1 tespit: ['MAVI_ALTIGEN']
2026-09-01 09:20:23,497 [INFO] core.navigation.centering_controller: [CENTERING] MAVI_ALTIGEN 11/200 dx=-2px dy=+11px d=0.3m ex=-0.0031 ey=+0.0229 (tol +/-0.010) alt_err=+4.11m -> fwd=-0.15 right=+0.00 down=+1.65 m/s
2026-09-01 09:20:24,040 [INFO] core.navigation.centering_controller: [CENTERING] MAVI_ALTIGEN 16/200 dx=-3px dy=+5px d=0.1m ex=-0.0047 ey=+0.0104 (tol +/-0.010) alt_err=+3.17m -> fwd=-0.15 right=+0.00 down=+1.58 m/s
QGC port check failed, reporting UNKNOWN: (pid=27647)
2026-09-01 09:20:24,581 [INFO] core.navigation.centering_controller: [CENTERING] MAVI_ALTIGEN 21/200 dx=-3px dy=-9px d=0.2m ex=-0.0047 ey=-0.0187 (tol +/-0.010) alt_err=+2.42m -> fwd=+0.15 right=+0.00 down=+1.21 m/s
2026-09-01 09:20:24,763 [INFO] gz_system.main_gz: Dashboard paint loop: 0.0 FPS (main thread)
2026-09-01 09:20:25,126 [INFO] core.navigation.centering_controller: [CENTERING] MAVI_ALTIGEN 26/200 dx=-3px dy=-13px d=0.3m ex=-0.0047 ey=-0.0271 (tol +/-0.010) alt_err=+1.71m -> fwd=+0.15 right=+0.00 down=+0.85 m/s
2026-09-01 09:20:25,667 [INFO] core.navigation.centering_controller: [CENTERING] MAVI_ALTIGEN 31/200 dx=-2px dy=+0px d=0.0m ex=-0.0031 ey=+0.0000 (tol +/-0.010) alt_err=+1.30m -> fwd=+0.00 right=+0.00 down=+0.65 m/s
2026-09-01 09:20:26,102 [INFO] core.detection.vision_runtime: [VISION] detect() calisiyor -- bu karede 1 tespit: ['MAVI_ALTIGEN']
2026-09-01 09:20:26,214 [INFO] core.navigation.centering_controller: [CENTERING] MAVI_ALTIGEN 36/200 dx=-1px dy=+22px d=0.4m ex=-0.0016 ey=+0.0458 (tol +/-0.010) alt_err=+0.93m -> fwd=-0.15 right=+0.00 down=+0.46 m/s
QGC port check failed, reporting UNKNOWN: (pid=27647)
2026-09-01 09:20:26,755 [INFO] core.navigation.centering_controller: [CENTERING] MAVI_ALTIGEN 41/200 dx=+1px dy=+8px d=0.2m ex=+0.0016 ey=+0.0167 (tol +/-0.010) alt_err=+0.72m -> fwd=-0.15 right=+0.00 down=+0.36 m/s
2026-09-01 09:20:27,297 [INFO] core.navigation.centering_controller: [CENTERING] MAVI_ALTIGEN 46/200 dx=+2px dy=+1px d=0.0m ex=+0.0031 ey=+0.0021 (tol +/-0.010) alt_err=+0.55m -> fwd=+0.00 right=+0.00 down=+0.27 m/s
2026-09-01 09:20:27,836 [INFO] core.navigation.centering_controller: [CENTERING] MAVI_ALTIGEN 51/200 dx=+3px dy=-23px d=0.4m ex=+0.0047 ey=-0.0479 (tol +/-0.010) alt_err=+0.41m -> fwd=+0.15 right=+0.00 down=+0.20 m/s
QGC port check failed, reporting UNKNOWN: (pid=27647)
2026-09-01 09:20:28,377 [INFO] core.navigation.centering_controller: [CENTERING] MAVI_ALTIGEN 56/200 dx=+3px dy=-10px d=0.2m ex=+0.0047 ey=-0.0208 (tol +/-0.010) alt_err=+0.32m -> fwd=+0.15 right=+0.00 down=+0.16 m/s
2026-09-01 09:20:28,592 [INFO] core.navigation.centering_controller: Merkezleme tamamlandi. (attempt 58/200, dx=+4px dy=-4px ex=+0.0063 ey=-0.0083 alt_err=+0.29m)
2026-09-01 09:20:28,593 [INFO] core.navigation.centering_controller: MAVI_ALTIGEN hedefine merkezleniyor (irtifa hedefi: 5.0m, irtifa bandi +/-0.30m)...
2026-09-01 09:20:28,593 [INFO] core.navigation.centering_controller: [CENTERING] MAVI_ALTIGEN 1/200 dx=+4px dy=-4px d=0.1m ex=+0.0063 ey=-0.0083 (tol +/-0.010) alt_err=+5.29m -> fwd=+0.00 right=+0.00 down=+0.15 m/s
2026-09-01 09:20:29,135 [INFO] core.detection.vision_runtime: [VISION] detect() calisiyor -- bu karede 1 tespit: ['MAVI_ALTIGEN']
2026-09-01 09:20:29,136 [INFO] core.navigation.centering_controller: [CENTERING] MAVI_ALTIGEN 6/200 dx=+6px dy=+23px d=0.4m ex=+0.0094 ey=+0.0479 (tol +/-0.010) alt_err=+5.12m -> fwd=-0.15 right=+0.00 down=+0.90 m/s
2026-09-01 09:20:29,677 [INFO] core.navigation.centering_controller: [CENTERING] MAVI_ALTIGEN 11/200 dx=+11px dy=+15px d=0.3m ex=+0.0172 ey=+0.0312 (tol +/-0.010) alt_err=+4.62m -> fwd=-0.15 right=+0.15 down=+1.65 m/s
2026-09-01 09:20:29,771 [INFO] gz_system.main_gz: Dashboard paint loop: 0.0 FPS (main thread)
2026-09-01 09:20:30,220 [INFO] core.navigation.centering_controller: [CENTERING] MAVI_ALTIGEN 16/200 dx=+11px dy=+1px d=0.2m ex=+0.0172 ey=+0.0021 (tol +/-0.010) alt_err=+3.68m -> fwd=+0.00 right=+0.15 down=+1.85 m/s
QGC port check failed, reporting UNKNOWN: (pid=27647)
2026-09-01 09:20:30,760 [INFO] core.navigation.centering_controller: [CENTERING] MAVI_ALTIGEN 21/200 dx=-3px dy=-21px d=0.3m ex=-0.0047 ey=-0.0437 (tol +/-0.010) alt_err=+2.93m -> fwd=+0.15 right=+0.00 down=+1.46 m/s
2026-09-01 09:20:31,303 [INFO] core.navigation.centering_controller: [CENTERING] MAVI_ALTIGEN 26/200 dx=-23px dy=-12px d=0.3m ex=-0.0359 ey=-0.0250 (tol +/-0.010) alt_err=+2.20m -> fwd=+0.15 right=-0.15 down=+1.10 m/s
2026-09-01 09:20:31,846 [INFO] core.navigation.centering_controller: [CENTERING] MAVI_ALTIGEN 31/200 dx=-7px dy=+7px d=0.1m ex=-0.0109 ey=+0.0146 (tol +/-0.010) alt_err=+1.56m -> fwd=-0.15 right=-0.15 down=+0.78 m/s
2026-09-01 09:20:32,172 [INFO] core.detection.vision_runtime: [VISION] detect() calisiyor -- bu karede 1 tespit: ['MAVI_ALTIGEN']
QGC port check failed, reporting UNKNOWN: (pid=27647)
2026-09-01 09:20:32,390 [INFO] core.navigation.centering_controller: [CENTERING] MAVI_ALTIGEN 36/200 dx=+20px dy=+25px d=0.4m ex=+0.0312 ey=+0.0521 (tol +/-0.010) alt_err=+1.20m -> fwd=-0.15 right=+0.15 down=+0.60 m/s
2026-09-01 09:20:32,932 [INFO] core.navigation.centering_controller: [CENTERING] MAVI_ALTIGEN 41/200 dx=+16px dy=+9px d=0.2m ex=+0.0250 ey=+0.0187 (tol +/-0.010) alt_err=+0.86m -> fwd=-0.15 right=+0.15 down=+0.43 m/s
2026-09-01 09:20:33,472 [INFO] core.navigation.centering_controller: [CENTERING] MAVI_ALTIGEN 46/200 dx=-3px dy=-5px d=0.1m ex=-0.0047 ey=-0.0104 (tol +/-0.010) alt_err=+0.66m -> fwd=+0.15 right=+0.00 down=+0.33 m/s
2026-09-01 09:20:34,013 [INFO] core.navigation.centering_controller: [CENTERING] MAVI_ALTIGEN 51/200 dx=-23px dy=-20px d=0.3m ex=-0.0359 ey=-0.0417 (tol +/-0.010) alt_err=+0.51m -> fwd=+0.15 right=-0.15 down=+0.25 m/s
QGC port check failed, reporting UNKNOWN: (pid=27647)
2026-09-01 09:20:34,556 [INFO] core.navigation.centering_controller: [CENTERING] MAVI_ALTIGEN 56/200 dx=-5px dy=-3px d=0.1m ex=-0.0078 ey=-0.0063 (tol +/-0.010) alt_err=+0.37m -> fwd=+0.00 right=+0.00 down=+0.18 m/s
2026-09-01 09:20:34,795 [INFO] gz_system.main_gz: Dashboard paint loop: 0.0 FPS (main thread)
2026-09-01 09:20:35,099 [INFO] core.navigation.centering_controller: [CENTERING] MAVI_ALTIGEN 61/200 dx=+20px dy=+26px d=0.3m ex=+0.0312 ey=+0.0542 (tol +/-0.010) alt_err=+0.28m -> fwd=-0.15 right=+0.15 down=+0.14 m/s
2026-09-01 09:20:35,207 [INFO] core.detection.vision_runtime: [VISION] detect() calisiyor -- bu karede 1 tespit: ['MAVI_ALTIGEN']
2026-09-01 09:20:35,640 [INFO] core.navigation.centering_controller: [CENTERING] MAVI_ALTIGEN 66/200 dx=+14px dy=+13px d=0.2m ex=+0.0219 ey=+0.0271 (tol +/-0.010) alt_err=+0.21m -> fwd=-0.15 right=+0.15 down=+0.11 m/s
2026-09-01 09:20:36,071 [INFO] core.navigation.centering_controller: Merkezleme tamamlandi. (attempt 70/200, dx=+2px dy=+2px ex=+0.0031 ey=+0.0042 alt_err=+0.18m)
2026-09-01 09:20:36,072 [INFO] core.navigation.centering_controller: MAVI_ALTIGEN hedefine merkezleniyor (irtifa hedefi: 0.45m, irtifa bandi +/-0.05m)...
2026-09-01 09:20:36,073 [INFO] core.navigation.centering_controller: [CENTERING] MAVI_ALTIGEN 1/200 dx=+2px dy=+2px d=0.0m ex=+0.0031 ey=+0.0042 (tol +/-0.010) alt_err=+4.73m -> fwd=+0.00 right=+0.00 down=+0.15 m/s
QGC port check failed, reporting UNKNOWN: (pid=27647)
2026-09-01 09:20:36,613 [INFO] core.navigation.centering_controller: [CENTERING] MAVI_ALTIGEN 6/200 dx=-24px dy=-27px d=0.3m ex=-0.0375 ey=-0.0563 (tol +/-0.010) alt_err=+4.57m -> fwd=+0.15 right=-0.15 down=+0.90 m/s
2026-09-01 09:20:37,155 [INFO] core.navigation.centering_controller: [CENTERING] MAVI_ALTIGEN 11/200 dx=-17px dy=-20px d=0.2m ex=-0.0266 ey=-0.0417 (tol +/-0.010) alt_err=+4.05m -> fwd=+0.15 right=-0.15 down=+1.65 m/s
2026-09-01 09:20:37,696 [INFO] core.navigation.centering_controller: [CENTERING] MAVI_ALTIGEN 16/200 dx=-7px dy=-6px d=0.1m ex=-0.0109 ey=-0.0125 (tol +/-0.010) alt_err=+3.27m -> fwd=+0.15 right=-0.15 down=+1.63 m/s
2026-09-01 09:20:38,235 [INFO] core.detection.vision_runtime: [VISION] detect() calisiyor -- bu karede 1 tespit: ['MAVI_ALTIGEN']
2026-09-01 09:20:38,236 [INFO] core.navigation.centering_controller: [CENTERING] MAVI_ALTIGEN 21/200 dx=+26px dy=+24px d=0.2m ex=+0.0406 ey=+0.0500 (tol +/-0.010) alt_err=+2.36m -> fwd=-0.12 right=+0.15 down=+1.18 m/s
QGC port check failed, reporting UNKNOWN: (pid=27647)
2026-09-01 09:20:38,779 [INFO] core.navigation.centering_controller: [CENTERING] MAVI_ALTIGEN 26/200 dx=+22px dy=+18px d=0.1m ex=+0.0344 ey=+0.0375 (tol +/-0.010) alt_err=+1.79m -> fwd=-0.10 right=+0.13 down=+0.90 m/s
2026-09-01 09:20:39,326 [INFO] core.navigation.centering_controller: [CENTERING] MAVI_ALTIGEN 31/200 dx=-14px dy=+4px d=0.0m ex=-0.0211 ey=+0.0083 (tol +/-0.010) alt_err=+1.35m -> fwd=+0.00 right=-0.11 down=+0.68 m/s
2026-09-01 09:20:39,827 [INFO] gz_system.main_gz: Dashboard paint loop: 0.0 FPS (main thread)
2026-09-01 09:20:39,875 [INFO] core.navigation.centering_controller: [CENTERING] MAVI_ALTIGEN 36/200 dx=-30px dy=-23px d=0.1m ex=-0.0477 ey=-0.0479 (tol +/-0.010) alt_err=+0.97m -> fwd=+0.07 right=-0.08 down=+0.49 m/s
QGC port check failed, reporting UNKNOWN: (pid=27647)
2026-09-01 09:20:40,424 [INFO] core.navigation.centering_controller: [CENTERING] MAVI_ALTIGEN 41/200 dx=+8px dy=-8px d=0.0m ex=+0.0133 ey=-0.0177 (tol +/-0.010) alt_err=+0.71m -> fwd=+0.05 right=+0.07 down=+0.36 m/s
2026-09-01 09:20:40,976 [INFO] core.navigation.centering_controller: [CENTERING] MAVI_ALTIGEN 46/200 dx=+36px dy=+26px d=0.1m ex=+0.0555 ey=+0.0531 (tol +/-0.010) alt_err=+0.55m -> fwd=-0.08 right=+0.08 down=+0.27 m/s
2026-09-01 09:20:41,305 [INFO] core.detection.vision_runtime: [VISION] detect() calisiyor -- bu karede 2 tespit: ['MAVI_ALTIGEN', 'KIRMIZI_DIKDORTGEN']
2026-09-01 09:20:41,527 [INFO] core.navigation.centering_controller: [CENTERING] MAVI_ALTIGEN 51/200 dx=+38px dy=+0px d=0.1m ex=+0.0586 ey=+0.0000 (tol +/-0.010) alt_err=+0.39m -> fwd=+0.00 right=+0.09 down=+0.20 m/s
2026-09-01 09:20:42,076 [INFO] core.navigation.centering_controller: [CENTERING] MAVI_ALTIGEN 56/200 dx=+0px dy=+0px d=0.0m ex=+0.0000 ey=+0.0000 (tol +/-0.010) alt_err=+0.30m -> fwd=+0.00 right=+0.00 down=+0.15 m/s
QGC port check failed, reporting UNKNOWN: (pid=27647)
2026-09-01 09:20:42,626 [INFO] core.navigation.centering_controller: [CENTERING] MAVI_ALTIGEN 61/200 dx=+0px dy=+0px d=0.0m ex=+0.0000 ey=+0.0000 (tol +/-0.010) alt_err=+0.22m -> fwd=+0.00 right=+0.00 down=+0.11 m/s
2026-09-01 09:20:43,177 [INFO] core.navigation.centering_controller: [CENTERING] MAVI_ALTIGEN 66/200 dx=+0px dy=+0px d=0.0m ex=+0.0000 ey=+0.0000 (tol +/-0.010) alt_err=+0.17m -> fwd=+0.00 right=+0.00 down=+0.09 m/s
2026-09-01 09:20:43,287 [WARNING] core.navigation.centering_controller: [LOW_ALT_OPEN_LOOP_DESCENT] MAVI_ALTIGEN: goruntu 0.62m'de kayboldu -- dondurulmus kestirime (47.3984529, 8.5462074, offset=0.0cm @ 0.62m) gore 0.45m'ye alcalmaya devam.
2026-09-01 09:20:44,385 [INFO] core.detection.vision_runtime: [VISION] detect() calisiyor -- bu karede 1 tespit: ['KIRMIZI_DIKDORTGEN']
2026-09-01 09:20:44,386 [INFO] core.navigation.centering_controller: [LOW_ALT_OPEN_LOOP_DESCENT] MAVI_ALTIGEN: 0.493m'ye ulasildi (hedef 0.45m).
2026-09-01 09:20:44,386 [INFO] core.navigation.centering_controller: [AIM_OFFSET_APPLIED] MAVI_ALTIGEN: montaj (ileri=0.00, sag=0.04) m, yon=1.0 deg -> tutma noktasi (47.3984529, 8.5462070) olarak otelendi (kuzey +0.00, dogu -0.03 m).
QGC port check failed, reporting UNKNOWN: (pid=27647)
2026-09-01 09:20:44,825 [INFO] core.navigation.centering_controller: [MOUNT_TRANSLATE_DONE] MAVI_ALTIGEN: kalan 4.2 cm, sure 0.44 s (yakinsadi).
2026-09-01 09:20:44,826 [WARNING] core.navigation.centering_controller: [LOW_ALT_OPEN_LOOP_DESCENT] MAVI_ALTIGEN: goruntu 0.47m'de kayboldu -- dondurulmus kestirime (47.3984529, 8.5462070, offset=0.0cm @ 0.62m) gore 0.45m'ye alcalmaya devam.
2026-09-01 09:20:44,826 [INFO] core.navigation.centering_controller: [LOW_ALT_OPEN_LOOP_DESCENT] MAVI_ALTIGEN: 0.473m'ye ulasildi (hedef 0.45m).
2026-09-01 09:20:44,826 [INFO] core.navigation.centering_controller: 0.1m ileri hareket ediliyor (0.3 m/s, 0.3s)...
2026-09-01 09:20:44,836 [INFO] gz_system.main_gz: Dashboard paint loop: 0.0 FPS (main thread)
2026-09-01 09:20:45,263 [INFO] core.mission.payload_release: [RELEASE_OFFSET] MAVI_ALTIGEN: {'shape_type': 'MAVI_ALTIGEN', 'altitude_m': 0.473, 'target_visible': False, 'best_known_offset_cm': 2.49, 'best_known_offset_alt_m': 5.179}
2026-09-01 09:20:45,263 [INFO] core.mission.payload_release: [MOUNT_VECTOR_MEASURED] MAVI_ALTIGEN: {'world_dx': 0.0563, 'world_dy': 0.1513, 'gazebo_yaw_deg': 91.35, 'body_forward_m': 0.15, 'body_right_m': 0.0598} (uygulanan: (0.0, 0.035))
2026-09-01 09:20:45,263 [INFO] gz_system.gz_payload_actuator: Gazebo DetachableJoint tetikleniyor: /payload/detach/red
I0901 09:20:45.264484 13346222 fork_posix.cc:71] Other threads are currently calling into gRPC, skipping fork() handlers
I0901 09:20:45.319008 13346222 fork_posix.cc:71] Other threads are currently calling into gRPC, skipping fork() handlers
I0901 09:20:45.374585 13346222 fork_posix.cc:71] Other threads are currently calling into gRPC, skipping fork() handlers
I0901 09:20:45.418970 13346222 fork_posix.cc:71] Other threads are currently calling into gRPC, skipping fork() handlers
I0901 09:20:45.469091 13346222 fork_posix.cc:71] Other threads are currently calling into gRPC, skipping fork() handlers
QGC port check failed, reporting UNKNOWN: (pid=27647)
2026-09-01 09:20:46,409 [INFO] gz_system.gz_payload_actuator: Yuk ayrildi (red), gecikme 0.000 s.
2026-09-01 09:20:46,409 [INFO] core.mission.payload_release: [PAYLOAD_RELEASED] PAYLOAD 2 RELEASED @0.47m
2026-09-01 09:20:47,452 [INFO] core.detection.vision_runtime: [VISION] detect() calisiyor -- bu karede 1 tespit: ['KIRMIZI_DIKDORTGEN']
QGC port check failed, reporting UNKNOWN: (pid=27647)
2026-09-01 09:20:48,412 [INFO] core.mission.payload_release: [PAYLOAD_FINAL_POSE] MAVI_ALTIGEN: x=3.289 y=53.708 z=0.040 merkeze 3884.8 cm egim 0.0 deg (HEDEF DISINDA)
2026-09-01 09:20:48,412 [INFO] core.mission.payload_release: Doğrulama işareti aranıyor: KIRMIZI_DIKDORTGEN
2026-09-01 09:20:48,412 [INFO] core.mission.payload_release: Yük bırakma DOĞRULANDI: KIRMIZI_DIKDORTGEN tespit edildi.
2026-09-01 09:20:48,412 [INFO] core.navigation.centering_controller: 15.0m irtifasina tirmaniliyor (goruntuden bagimsiz)...
2026-09-01 09:20:49,850 [INFO] gz_system.main_gz: Dashboard paint loop: 0.0 FPS (main thread)
QGC port check failed, reporting UNKNOWN: (pid=27647)
2026-09-01 09:20:50,517 [INFO] core.detection.vision_runtime: [VISION] detect() calisiyor -- bu karede 1 tespit: ['MAVI_ALTIGEN']
QGC port check failed, reporting UNKNOWN: (pid=27647)
2026-09-01 09:20:53,554 [INFO] core.detection.vision_runtime: [VISION] detect() calisiyor -- bu karede 1 tespit: ['MAVI_ALTIGEN']
QGC port check failed, reporting UNKNOWN: (pid=27647)
2026-09-01 09:20:54,864 [INFO] gz_system.main_gz: Dashboard paint loop: 0.0 FPS (main thread)
QGC port check failed, reporting UNKNOWN: (pid=27647)
2026-09-01 09:20:56,598 [INFO] core.detection.vision_runtime: [VISION] detect() calisiyor -- bu karede 1 tespit: ['MAVI_ALTIGEN']
2026-09-01 09:20:58,226 [INFO] core.mission.gorev2_fsm: PAYLOAD MISSION 2 basliyor (Kirmizi Ucgen / BLUE payload)
2026-09-01 09:20:58,226 [INFO] core.navigation.centering_controller: Kayitli GPS konumuna gidiliyor: lat=47.398001, lon=8.5460145, alt=15.0m
QGC port check failed, reporting UNKNOWN: (pid=27647)
2026-09-01 09:20:59,650 [INFO] core.detection.vision_runtime: [VISION] detect() calisiyor -- bu karede 0 tespit: []
2026-09-01 09:20:59,885 [INFO] gz_system.main_gz: Dashboard paint loop: 0.0 FPS (main thread)
QGC port check failed, reporting UNKNOWN: (pid=27647)
QGC port check failed, reporting UNKNOWN: (pid=27647)
2026-09-01 09:21:02,713 [INFO] core.detection.vision_runtime: [VISION] detect() calisiyor -- bu karede 2 tespit: ['KIRMIZI_DIKDORTGEN', 'MAVI_DIKDORTGEN']
QGC port check failed, reporting UNKNOWN: (pid=27647)
2026-09-01 09:21:04,904 [INFO] core.mission.payload_release: Yük bırakma başlatılıyor: KIRMIZI_UCGEN
2026-09-01 09:21:04,904 [INFO] core.navigation.centering_controller: KIRMIZI_UCGEN hedefine merkezleniyor (irtifa hedefi: 10.0m, irtifa bandi +/-0.30m)...
2026-09-01 09:21:04,905 [INFO] core.navigation.centering_controller: [CENTERING] KIRMIZI_UCGEN 1/200 dx=+69px dy=-185px d=5.5m ex=+0.1078 ey=-0.3854 (tol +/-0.010) alt_err=+5.08m -> fwd=+0.15 right=+0.15 down=+0.15 m/s
2026-09-01 09:21:04,917 [INFO] gz_system.main_gz: Dashboard paint loop: 0.0 FPS (main thread)
2026-09-01 09:21:05,453 [INFO] core.navigation.centering_controller: [CENTERING] KIRMIZI_UCGEN 6/200 dx=+23px dy=-59px d=1.8m ex=+0.0359 ey=-0.1229 (tol +/-0.010) alt_err=+4.97m -> fwd=+0.18 right=+0.15 down=+0.90 m/s
2026-09-01 09:21:05,781 [INFO] core.detection.vision_runtime: [VISION] detect() calisiyor -- bu karede 1 tespit: ['KIRMIZI_UCGEN']
2026-09-01 09:21:06,003 [INFO] core.navigation.centering_controller: [CENTERING] KIRMIZI_UCGEN 11/200 dx=+22px dy=-37px d=1.1m ex=+0.0344 ey=-0.0771 (tol +/-0.010) alt_err=+4.36m -> fwd=+0.15 right=+0.15 down=+1.65 m/s
QGC port check failed, reporting UNKNOWN: (pid=27647)
2026-09-01 09:21:06,550 [INFO] core.navigation.centering_controller: [CENTERING] KIRMIZI_UCGEN 16/200 dx=+18px dy=-41px d=1.1m ex=+0.0281 ey=-0.0854 (tol +/-0.010) alt_err=+3.55m -> fwd=+0.15 right=+0.15 down=+1.78 m/s
2026-09-01 09:21:07,099 [INFO] core.navigation.centering_controller: [CENTERING] KIRMIZI_UCGEN 21/200 dx=+13px dy=-38px d=0.9m ex=+0.0203 ey=-0.0792 (tol +/-0.010) alt_err=+2.60m -> fwd=+0.15 right=+0.15 down=+1.30 m/s
2026-09-01 09:21:07,644 [INFO] core.navigation.centering_controller: [CENTERING] KIRMIZI_UCGEN 26/200 dx=+7px dy=-30px d=0.7m ex=+0.0109 ey=-0.0625 (tol +/-0.010) alt_err=+1.94m -> fwd=+0.15 right=+0.15 down=+0.97 m/s
2026-09-01 09:21:08,198 [INFO] core.navigation.centering_controller: [CENTERING] KIRMIZI_UCGEN 31/200 dx=-10px dy=-21px d=0.5m ex=-0.0156 ey=-0.0437 (tol +/-0.010) alt_err=+1.35m -> fwd=+0.15 right=-0.15 down=+0.68 m/s
QGC port check failed, reporting UNKNOWN: (pid=27647)
2026-09-01 09:21:08,745 [INFO] core.navigation.centering_controller: [CENTERING] KIRMIZI_UCGEN 36/200 dx=-17px dy=-10px d=0.4m ex=-0.0266 ey=-0.0208 (tol +/-0.010) alt_err=+1.01m -> fwd=+0.15 right=-0.15 down=+0.51 m/s
2026-09-01 09:21:08,854 [INFO] core.detection.vision_runtime: [VISION] detect() calisiyor -- bu karede 1 tespit: ['KIRMIZI_UCGEN']
2026-09-01 09:21:09,294 [INFO] core.navigation.centering_controller: [CENTERING] KIRMIZI_UCGEN 41/200 dx=-8px dy=+15px d=0.3m ex=-0.0125 ey=+0.0312 (tol +/-0.010) alt_err=+0.73m -> fwd=-0.15 right=-0.15 down=+0.36 m/s
2026-09-01 09:21:09,844 [INFO] core.navigation.centering_controller: [CENTERING] KIRMIZI_UCGEN 46/200 dx=+0px dy=+30px d=0.6m ex=+0.0000 ey=+0.0625 (tol +/-0.010) alt_err=+0.56m -> fwd=-0.15 right=+0.00 down=+0.28 m/s
2026-09-01 09:21:09,949 [INFO] gz_system.main_gz: Dashboard paint loop: 0.0 FPS (main thread)
2026-09-01 09:21:10,393 [INFO] core.navigation.centering_controller: [CENTERING] KIRMIZI_UCGEN 51/200 dx=+13px dy=+28px d=0.6m ex=+0.0203 ey=+0.0583 (tol +/-0.010) alt_err=+0.41m -> fwd=-0.15 right=+0.15 down=+0.20 m/s
QGC port check failed, reporting UNKNOWN: (pid=27647)
2026-09-01 09:21:10,943 [INFO] core.navigation.centering_controller: [CENTERING] KIRMIZI_UCGEN 56/200 dx=-7px dy=+30px d=0.6m ex=-0.0109 ey=+0.0625 (tol +/-0.010) alt_err=+0.32m -> fwd=-0.15 right=-0.15 down=+0.16 m/s
2026-09-01 09:21:11,490 [INFO] core.navigation.centering_controller: [CENTERING] KIRMIZI_UCGEN 61/200 dx=-28px dy=+34px d=0.8m ex=-0.0437 ey=+0.0708 (tol +/-0.010) alt_err=+0.23m -> fwd=-0.15 right=-0.15 down=+0.12 m/s
2026-09-01 09:21:11,928 [INFO] core.detection.vision_runtime: [VISION] detect() calisiyor -- bu karede 1 tespit: ['KIRMIZI_UCGEN']
2026-09-01 09:21:12,041 [INFO] core.navigation.centering_controller: [CENTERING] KIRMIZI_UCGEN 66/200 dx=-16px dy=+37px d=0.8m ex=-0.0250 ey=+0.0771 (tol +/-0.010) alt_err=+0.19m -> fwd=-0.15 right=-0.15 down=+0.09 m/s
QGC port check failed, reporting UNKNOWN: (pid=27647)
2026-09-01 09:21:12,590 [INFO] core.navigation.centering_controller: [CENTERING] KIRMIZI_UCGEN 71/200 dx=-12px dy=+40px d=0.8m ex=-0.0187 ey=+0.0833 (tol +/-0.010) alt_err=+0.14m -> fwd=-0.15 right=-0.15 down=+0.07 m/s
2026-09-01 09:21:13,137 [INFO] core.navigation.centering_controller: [CENTERING] KIRMIZI_UCGEN 76/200 dx=-9px dy=+42px d=0.8m ex=-0.0141 ey=+0.0875 (tol +/-0.010) alt_err=+0.11m -> fwd=-0.15 right=-0.15 down=+0.05 m/s
2026-09-01 09:21:13,685 [INFO] core.navigation.centering_controller: [CENTERING] KIRMIZI_UCGEN 81/200 dx=-7px dy=+42px d=0.8m ex=-0.0109 ey=+0.0875 (tol +/-0.010) alt_err=+0.08m -> fwd=-0.15 right=-0.15 down=+0.04 m/s
2026-09-01 09:21:14,234 [INFO] core.navigation.centering_controller: [CENTERING] KIRMIZI_UCGEN 86/200 dx=+8px dy=+43px d=0.8m ex=+0.0125 ey=+0.0896 (tol +/-0.010) alt_err=+0.06m -> fwd=-0.15 right=+0.15 down=+0.03 m/s
QGC port check failed, reporting UNKNOWN: (pid=27647)
2026-09-01 09:21:14,784 [INFO] core.navigation.centering_controller: [CENTERING] KIRMIZI_UCGEN 91/200 dx=+13px dy=+42px d=0.8m ex=+0.0203 ey=+0.0875 (tol +/-0.010) alt_err=+0.04m -> fwd=-0.15 right=+0.15 down=+0.02 m/s
2026-09-01 09:21:14,977 [INFO] gz_system.main_gz: Dashboard paint loop: 0.0 FPS (main thread)
2026-09-01 09:21:15,001 [INFO] core.detection.vision_runtime: [VISION] detect() calisiyor -- bu karede 1 tespit: ['KIRMIZI_UCGEN']
2026-09-01 09:21:15,332 [INFO] core.navigation.centering_controller: [CENTERING] KIRMIZI_UCGEN 96/200 dx=-6px dy=+40px d=0.8m ex=-0.0094 ey=+0.0833 (tol +/-0.010) alt_err=+0.03m -> fwd=-0.15 right=+0.00 down=+0.02 m/s
2026-09-01 09:21:15,883 [INFO] core.navigation.centering_controller: [CENTERING] KIRMIZI_UCGEN 101/200 dx=-25px dy=+40px d=0.9m ex=-0.0391 ey=+0.0833 (tol +/-0.010) alt_err=+0.02m -> fwd=-0.15 right=-0.15 down=+0.01 m/s
2026-09-01 09:21:16,432 [INFO] core.navigation.centering_controller: [CENTERING] KIRMIZI_UCGEN 106/200 dx=-11px dy=+37px d=0.7m ex=-0.0172 ey=+0.0771 (tol +/-0.010) alt_err=+0.02m -> fwd=-0.15 right=-0.15 down=+0.01 m/s
QGC port check failed, reporting UNKNOWN: (pid=27647)
2026-09-01 09:21:16,981 [INFO] core.navigation.centering_controller: [CENTERING] KIRMIZI_UCGEN 111/200 dx=+1px dy=+35px d=0.7m ex=+0.0016 ey=+0.0729 (tol +/-0.010) alt_err=+0.02m -> fwd=-0.15 right=+0.00 down=+0.01 m/s
2026-09-01 09:21:17,532 [INFO] core.navigation.centering_controller: [CENTERING] KIRMIZI_UCGEN 116/200 dx=+16px dy=+32px d=0.7m ex=+0.0250 ey=+0.0667 (tol +/-0.010) alt_err=+0.03m -> fwd=-0.15 right=+0.15 down=+0.01 m/s
2026-09-01 09:21:18,080 [INFO] core.detection.vision_runtime: [VISION] detect() calisiyor -- bu karede 1 tespit: ['KIRMIZI_UCGEN']
2026-09-01 09:21:18,081 [INFO] core.navigation.centering_controller: [CENTERING] KIRMIZI_UCGEN 121/200 dx=+6px dy=+28px d=0.5m ex=+0.0094 ey=+0.0583 (tol +/-0.010) alt_err=+0.03m -> fwd=-0.15 right=+0.00 down=+0.01 m/s
QGC port check failed, reporting UNKNOWN: (pid=27647)
2026-09-01 09:21:18,628 [INFO] core.navigation.centering_controller: [CENTERING] KIRMIZI_UCGEN 126/200 dx=-19px dy=+24px d=0.6m ex=-0.0297 ey=+0.0500 (tol +/-0.010) alt_err=+0.02m -> fwd=-0.15 right=-0.15 down=+0.01 m/s
2026-09-01 09:21:19,178 [INFO] core.navigation.centering_controller: [CENTERING] KIRMIZI_UCGEN 131/200 dx=-14px dy=+20px d=0.5m ex=-0.0219 ey=+0.0417 (tol +/-0.010) alt_err=+0.02m -> fwd=-0.15 right=-0.15 down=+0.01 m/s
2026-09-01 09:21:19,728 [INFO] core.navigation.centering_controller: [CENTERING] KIRMIZI_UCGEN 136/200 dx=+3px dy=+16px d=0.3m ex=+0.0047 ey=+0.0333 (tol +/-0.010) alt_err=+0.01m -> fwd=-0.15 right=+0.00 down=+0.01 m/s
2026-09-01 09:21:20,001 [INFO] gz_system.main_gz: Dashboard paint loop: 0.0 FPS (main thread)
2026-09-01 09:21:20,278 [INFO] core.navigation.centering_controller: [CENTERING] KIRMIZI_UCGEN 141/200 dx=+19px dy=+11px d=0.4m ex=+0.0297 ey=+0.0229 (tol +/-0.010) alt_err=+0.01m -> fwd=-0.15 right=+0.15 down=+0.00 m/s
QGC port check failed, reporting UNKNOWN: (pid=27647)
2026-09-01 09:21:20,827 [INFO] core.navigation.centering_controller: [CENTERING] KIRMIZI_UCGEN 146/200 dx=+5px dy=+6px d=0.1m ex=+0.0078 ey=+0.0125 (tol +/-0.010) alt_err=-0.00m -> fwd=-0.15 right=+0.00 down=-0.00 m/s
2026-09-01 09:21:21,046 [INFO] core.navigation.centering_controller: Merkezleme tamamlandi. (attempt 148/200, dx=-5px dy=+4px ex=-0.0078 ey=+0.0083 alt_err=-0.00m)
2026-09-01 09:21:21,047 [INFO] core.navigation.centering_controller: KIRMIZI_UCGEN hedefine merkezleniyor (irtifa hedefi: 5.0m, irtifa bandi +/-0.30m)...
2026-09-01 09:21:21,048 [INFO] core.navigation.centering_controller: [CENTERING] KIRMIZI_UCGEN 1/200 dx=-5px dy=+4px d=0.1m ex=-0.0078 ey=+0.0083 (tol +/-0.010) alt_err=+5.00m -> fwd=+0.00 right=+0.00 down=+0.15 m/s
2026-09-01 09:21:21,155 [INFO] core.detection.vision_runtime: [VISION] detect() calisiyor -- bu karede 1 tespit: ['KIRMIZI_UCGEN']
2026-09-01 09:21:21,594 [INFO] core.navigation.centering_controller: [CENTERING] KIRMIZI_UCGEN 6/200 dx=-22px dy=-16px d=0.5m ex=-0.0344 ey=-0.0333 (tol +/-0.010) alt_err=+4.86m -> fwd=+0.15 right=-0.15 down=+0.90 m/s
2026-09-01 09:21:22,143 [INFO] core.navigation.centering_controller: [CENTERING] KIRMIZI_UCGEN 11/200 dx=-9px dy=-13px d=0.3m ex=-0.0141 ey=-0.0271 (tol +/-0.010) alt_err=+4.36m -> fwd=+0.15 right=-0.15 down=+1.65 m/s
QGC port check failed, reporting UNKNOWN: (pid=27647)
2026-09-01 09:21:22,693 [INFO] core.navigation.centering_controller: [CENTERING] KIRMIZI_UCGEN 16/200 dx=+5px dy=-2px d=0.1m ex=+0.0078 ey=-0.0042 (tol +/-0.010) alt_err=+3.42m -> fwd=+0.00 right=+0.00 down=+1.71 m/s
2026-09-01 09:21:23,243 [INFO] core.navigation.centering_controller: [CENTERING] KIRMIZI_UCGEN 21/200 dx=+19px dy=+26px d=0.5m ex=+0.0297 ey=+0.0542 (tol +/-0.010) alt_err=+2.66m -> fwd=-0.15 right=+0.15 down=+1.33 m/s
2026-09-01 09:21:23,794 [INFO] core.navigation.centering_controller: [CENTERING] KIRMIZI_UCGEN 26/200 dx=+4px dy=+14px d=0.2m ex=+0.0063 ey=+0.0292 (tol +/-0.010) alt_err=+1.87m -> fwd=-0.15 right=+0.00 down=+0.94 m/s
2026-09-01 09:21:24,231 [INFO] core.detection.vision_runtime: [VISION] detect() calisiyor -- bu karede 1 tespit: ['KIRMIZI_UCGEN']
2026-09-01 09:21:24,342 [INFO] core.navigation.centering_controller: [CENTERING] KIRMIZI_UCGEN 31/200 dx=-22px dy=+2px d=0.3m ex=-0.0344 ey=+0.0042 (tol +/-0.010) alt_err=+1.42m -> fwd=+0.00 right=-0.15 down=+0.71 m/s
QGC port check failed, reporting UNKNOWN: (pid=27647)
2026-09-01 09:21:24,891 [INFO] core.navigation.centering_controller: [CENTERING] KIRMIZI_UCGEN 36/200 dx=-9px dy=-22px d=0.3m ex=-0.0141 ey=-0.0458 (tol +/-0.010) alt_err=+1.01m -> fwd=+0.15 right=-0.15 down=+0.50 m/s
2026-09-01 09:21:25,008 [INFO] gz_system.main_gz: Dashboard paint loop: 0.0 FPS (main thread)
2026-09-01 09:21:25,439 [INFO] core.navigation.centering_controller: [CENTERING] KIRMIZI_UCGEN 41/200 dx=+14px dy=-7px d=0.2m ex=+0.0219 ey=-0.0146 (tol +/-0.010) alt_err=+0.77m -> fwd=+0.15 right=+0.15 down=+0.38 m/s
2026-09-01 09:21:25,987 [INFO] core.navigation.centering_controller: [CENTERING] KIRMIZI_UCGEN 46/200 dx=+17px dy=+16px d=0.2m ex=+0.0266 ey=+0.0333 (tol +/-0.010) alt_err=+0.55m -> fwd=-0.15 right=+0.15 down=+0.28 m/s
QGC port check failed, reporting UNKNOWN: (pid=27647)
2026-09-01 09:21:26,535 [INFO] core.navigation.centering_controller: [CENTERING] KIRMIZI_UCGEN 51/200 dx=+5px dy=+22px d=0.2m ex=+0.0078 ey=+0.0458 (tol +/-0.010) alt_err=+0.42m -> fwd=-0.15 right=+0.00 down=+0.21 m/s
2026-09-01 09:21:27,082 [INFO] core.navigation.centering_controller: [CENTERING] KIRMIZI_UCGEN 56/200 dx=-21px dy=+7px d=0.2m ex=-0.0328 ey=+0.0146 (tol +/-0.010) alt_err=+0.31m -> fwd=-0.15 right=-0.15 down=+0.15 m/s
2026-09-01 09:21:27,300 [INFO] core.detection.vision_runtime: [VISION] detect() calisiyor -- bu karede 1 tespit: ['KIRMIZI_UCGEN']
2026-09-01 09:21:27,631 [INFO] core.navigation.centering_controller: [CENTERING] KIRMIZI_UCGEN 61/200 dx=-9px dy=-12px d=0.1m ex=-0.0141 ey=-0.0250 (tol +/-0.010) alt_err=+0.24m -> fwd=+0.15 right=-0.15 down=+0.12 m/s
2026-09-01 09:21:28,184 [INFO] core.navigation.centering_controller: [CENTERING] KIRMIZI_UCGEN 66/200 dx=+16px dy=-19px d=0.2m ex=+0.0250 ey=-0.0396 (tol +/-0.010) alt_err=+0.19m -> fwd=+0.15 right=+0.15 down=+0.10 m/s
QGC port check failed, reporting UNKNOWN: (pid=27647)
2026-09-01 09:21:28,732 [INFO] core.navigation.centering_controller: [CENTERING] KIRMIZI_UCGEN 71/200 dx=+18px dy=-3px d=0.2m ex=+0.0281 ey=-0.0063 (tol +/-0.010) alt_err=+0.15m -> fwd=+0.00 right=+0.15 down=+0.07 m/s
2026-09-01 09:21:29,282 [INFO] core.navigation.centering_controller: [CENTERING] KIRMIZI_UCGEN 76/200 dx=+4px dy=+26px d=0.2m ex=+0.0063 ey=+0.0542 (tol +/-0.010) alt_err=+0.10m -> fwd=-0.15 right=+0.00 down=+0.05 m/s
2026-09-01 09:21:29,830 [INFO] core.navigation.centering_controller: [CENTERING] KIRMIZI_UCGEN 81/200 dx=-25px dy=+13px d=0.3m ex=-0.0391 ey=+0.0271 (tol +/-0.010) alt_err=+0.07m -> fwd=-0.15 right=-0.15 down=+0.04 m/s
2026-09-01 09:21:30,038 [INFO] gz_system.main_gz: Dashboard paint loop: 0.0 FPS (main thread)
2026-09-01 09:21:30,378 [INFO] core.detection.vision_runtime: [VISION] detect() calisiyor -- bu karede 1 tespit: ['KIRMIZI_UCGEN']
2026-09-01 09:21:30,379 [INFO] core.navigation.centering_controller: [CENTERING] KIRMIZI_UCGEN 86/200 dx=-11px dy=-7px d=0.1m ex=-0.0172 ey=-0.0146 (tol +/-0.010) alt_err=+0.06m -> fwd=+0.15 right=-0.15 down=+0.03 m/s
QGC port check failed, reporting UNKNOWN: (pid=27647)
2026-09-01 09:21:30,928 [INFO] core.navigation.centering_controller: [CENTERING] KIRMIZI_UCGEN 91/200 dx=+5px dy=-23px d=0.2m ex=+0.0078 ey=-0.0479 (tol +/-0.010) alt_err=+0.05m -> fwd=+0.15 right=+0.00 down=+0.02 m/s
2026-09-01 09:21:31,478 [INFO] core.navigation.centering_controller: [CENTERING] KIRMIZI_UCGEN 96/200 dx=+24px dy=-5px d=0.2m ex=+0.0375 ey=-0.0104 (tol +/-0.010) alt_err=+0.03m -> fwd=+0.15 right=+0.15 down=+0.02 m/s
2026-09-01 09:21:32,024 [INFO] core.navigation.centering_controller: [CENTERING] KIRMIZI_UCGEN 101/200 dx=+7px dy=+24px d=0.2m ex=+0.0109 ey=+0.0500 (tol +/-0.010) alt_err=+0.02m -> fwd=-0.15 right=+0.15 down=+0.01 m/s
QGC port check failed, reporting UNKNOWN: (pid=27647)
2026-09-01 09:21:32,576 [INFO] core.navigation.centering_controller: [CENTERING] KIRMIZI_UCGEN 106/200 dx=-20px dy=+23px d=0.3m ex=-0.0312 ey=+0.0479 (tol +/-0.010) alt_err=+0.01m -> fwd=-0.15 right=-0.15 down=+0.01 m/s
2026-09-01 09:21:33,126 [INFO] core.navigation.centering_controller: [CENTERING] KIRMIZI_UCGEN 111/200 dx=-17px dy=+9px d=0.2m ex=-0.0266 ey=+0.0187 (tol +/-0.010) alt_err=+0.01m -> fwd=-0.15 right=-0.15 down=+0.00 m/s
2026-09-01 09:21:33,454 [INFO] core.detection.vision_runtime: [VISION] detect() calisiyor -- bu karede 1 tespit: ['KIRMIZI_UCGEN']
2026-09-01 09:21:33,564 [INFO] core.navigation.centering_controller: Merkezleme tamamlandi. (attempt 115/200, dx=-4px dy=+1px ex=-0.0063 ey=+0.0021 alt_err=+0.00m)
2026-09-01 09:21:33,565 [INFO] core.navigation.centering_controller: KIRMIZI_UCGEN hedefine merkezleniyor (irtifa hedefi: 0.45m, irtifa bandi +/-0.05m)...
2026-09-01 09:21:33,565 [INFO] core.navigation.centering_controller: [CENTERING] KIRMIZI_UCGEN 1/200 dx=-4px dy=+1px d=0.0m ex=-0.0063 ey=+0.0021 (tol +/-0.010) alt_err=+4.55m -> fwd=+0.00 right=+0.00 down=+0.15 m/s
2026-09-01 09:21:34,114 [INFO] core.navigation.centering_controller: [CENTERING] KIRMIZI_UCGEN 6/200 dx=+20px dy=-25px d=0.3m ex=+0.0312 ey=-0.0521 (tol +/-0.010) alt_err=+4.43m -> fwd=+0.15 right=+0.15 down=+0.90 m/s
QGC port check failed, reporting UNKNOWN: (pid=27647)
2026-09-01 09:21:34,663 [INFO] core.navigation.centering_controller: [CENTERING] KIRMIZI_UCGEN 11/200 dx=+20px dy=-11px d=0.2m ex=+0.0312 ey=-0.0229 (tol +/-0.010) alt_err=+3.95m -> fwd=+0.15 right=+0.15 down=+1.65 m/s
2026-09-01 09:21:35,056 [INFO] gz_system.main_gz: Dashboard paint loop: 0.0 FPS (main thread)
2026-09-01 09:21:35,213 [INFO] core.navigation.centering_controller: [CENTERING] KIRMIZI_UCGEN 16/200 dx=+2px dy=+11px d=0.1m ex=+0.0031 ey=+0.0229 (tol +/-0.010) alt_err=+3.02m -> fwd=-0.15 right=+0.00 down=+1.51 m/s
2026-09-01 09:21:35,764 [INFO] core.navigation.centering_controller: [CENTERING] KIRMIZI_UCGEN 21/200 dx=-32px dy=+35px d=0.2m ex=-0.0500 ey=+0.0729 (tol +/-0.010) alt_err=+2.27m -> fwd=-0.12 right=-0.15 down=+1.13 m/s
2026-09-01 09:21:36,313 [INFO] core.navigation.centering_controller: [CENTERING] KIRMIZI_UCGEN 26/200 dx=-8px dy=+16px d=0.1m ex=-0.0125 ey=+0.0333 (tol +/-0.010) alt_err=+1.61m -> fwd=-0.09 right=-0.12 down=+0.81 m/s
QGC port check failed, reporting UNKNOWN: (pid=27647)
2026-09-01 09:21:36,533 [INFO] core.detection.vision_runtime: [VISION] detect() calisiyor -- bu karede 1 tespit: ['KIRMIZI_UCGEN']
2026-09-01 09:21:36,864 [INFO] core.navigation.centering_controller: [CENTERING] KIRMIZI_UCGEN 31/200 dx=+21px dy=+40px d=0.1m ex=+0.0328 ey=+0.0833 (tol +/-0.010) alt_err=+1.23m -> fwd=-0.12 right=+0.10 down=+0.61 m/s
2026-09-01 09:21:37,412 [INFO] core.navigation.centering_controller: [CENTERING] KIRMIZI_UCGEN 36/200 dx=+34px dy=+19px d=0.1m ex=+0.0539 ey=+0.0396 (tol +/-0.010) alt_err=+0.88m -> fwd=-0.06 right=+0.08 down=+0.44 m/s
2026-09-01 09:21:37,962 [INFO] core.navigation.centering_controller: [CENTERING] KIRMIZI_UCGEN 41/200 dx=+20px dy=-6px d=0.0m ex=+0.0305 ey=-0.0125 (tol +/-0.010) alt_err=+0.67m -> fwd=+0.05 right=+0.07 down=+0.33 m/s
QGC port check failed, reporting UNKNOWN: (pid=27647)
2026-09-01 09:21:38,514 [INFO] core.navigation.centering_controller: [CENTERING] KIRMIZI_UCGEN 46/200 dx=+6px dy=-25px d=0.0m ex=+0.0094 ey=-0.0521 (tol +/-0.010) alt_err=+0.49m -> fwd=+0.08 right=+0.00 down=+0.24 m/s
2026-09-01 09:21:39,063 [INFO] core.navigation.centering_controller: [CENTERING] KIRMIZI_UCGEN 51/200 dx=-18px dy=-14px d=0.0m ex=-0.0289 ey=-0.0292 (tol +/-0.010) alt_err=+0.39m -> fwd=+0.04 right=-0.05 down=+0.19 m/s
2026-09-01 09:21:39,613 [INFO] core.detection.vision_runtime: [VISION] detect() calisiyor -- bu karede 1 tespit: ['KIRMIZI_UCGEN']
2026-09-01 09:21:39,614 [INFO] core.navigation.centering_controller: [CENTERING] KIRMIZI_UCGEN 56/200 dx=-20px dy=+12px d=0.0m ex=-0.0305 ey=+0.0260 (tol +/-0.010) alt_err=+0.29m -> fwd=-0.04 right=-0.05 down=+0.15 m/s
2026-09-01 09:21:40,069 [INFO] gz_system.main_gz: Dashboard paint loop: 0.0 FPS (main thread)
2026-09-01 09:21:40,165 [INFO] core.navigation.centering_controller: [CENTERING] KIRMIZI_UCGEN 61/200 dx=-4px dy=+18px d=0.0m ex=-0.0055 ey=+0.0385 (tol +/-0.010) alt_err=+0.23m -> fwd=-0.06 right=+0.00 down=+0.12 m/s
QGC port check failed, reporting UNKNOWN: (pid=27647)
2026-09-01 09:21:40,716 [INFO] core.navigation.centering_controller: [CENTERING] KIRMIZI_UCGEN 66/200 dx=+22px dy=-5px d=0.0m ex=+0.0344 ey=-0.0104 (tol +/-0.010) alt_err=+0.18m -> fwd=+0.03 right=+0.05 down=+0.09 m/s
2026-09-01 09:21:41,266 [INFO] core.navigation.centering_controller: [CENTERING] KIRMIZI_UCGEN 71/200 dx=+20px dy=-26px d=0.0m ex=+0.0305 ey=-0.0531 (tol +/-0.010) alt_err=+0.14m -> fwd=+0.08 right=+0.05 down=+0.07 m/s
2026-09-01 09:21:41,816 [INFO] core.navigation.centering_controller: [CENTERING] KIRMIZI_UCGEN 76/200 dx=+0px dy=-8px d=0.0m ex=+0.0000 ey=-0.0167 (tol +/-0.010) alt_err=+0.12m -> fwd=+0.03 right=+0.00 down=+0.06 m/s
2026-09-01 09:21:42,368 [INFO] core.navigation.centering_controller: [CENTERING] KIRMIZI_UCGEN 81/200 dx=-12px dy=+38px d=0.0m ex=-0.0195 ey=+0.0792 (tol +/-0.010) alt_err=+0.10m -> fwd=-0.12 right=-0.03 down=+0.05 m/s
QGC port check failed, reporting UNKNOWN: (pid=27647)
2026-09-01 09:21:42,697 [INFO] core.detection.vision_runtime: [VISION] detect() calisiyor -- bu karede 1 tespit: ['KIRMIZI_UCGEN']
2026-09-01 09:21:42,919 [INFO] core.navigation.centering_controller: [CENTERING] KIRMIZI_UCGEN 86/200 dx=+0px dy=+38px d=0.0m ex=+0.0008 ey=+0.0802 (tol +/-0.010) alt_err=+0.07m -> fwd=-0.12 right=+0.00 down=+0.03 m/s
2026-09-01 09:21:43,469 [INFO] core.navigation.centering_controller: [CENTERING] KIRMIZI_UCGEN 91/200 dx=+18px dy=-38px d=0.0m ex=+0.0289 ey=-0.0802 (tol +/-0.010) alt_err=+0.05m -> fwd=+0.12 right=+0.04 down=+0.02 m/s
2026-09-01 09:21:44,020 [INFO] core.navigation.centering_controller: [CENTERING] KIRMIZI_UCGEN 96/200 dx=-3px dy=-49px d=0.0m ex=-0.0047 ey=-0.1021 (tol +/-0.010) alt_err=+0.04m -> fwd=+0.15 right=+0.00 down=+0.02 m/s
QGC port check failed, reporting UNKNOWN: (pid=27647)
2026-09-01 09:21:44,573 [INFO] core.navigation.centering_controller: [CENTERING] KIRMIZI_UCGEN 101/200 dx=-4px dy=+18px d=0.0m ex=-0.0070 ey=+0.0365 (tol +/-0.010) alt_err=+0.04m -> fwd=-0.05 right=+0.00 down=+0.02 m/s
2026-09-01 09:21:45,083 [INFO] gz_system.main_gz: Dashboard paint loop: 0.0 FPS (main thread)
2026-09-01 09:21:45,123 [INFO] core.navigation.centering_controller: [CENTERING] KIRMIZI_UCGEN 106/200 dx=-13px dy=+50px d=0.0m ex=-0.0203 ey=+0.1042 (tol +/-0.010) alt_err=+0.04m -> fwd=-0.16 right=-0.03 down=+0.02 m/s
2026-09-01 09:21:45,673 [INFO] core.navigation.centering_controller: [CENTERING] KIRMIZI_UCGEN 111/200 dx=-16px dy=+20px d=0.0m ex=-0.0242 ey=+0.0427 (tol +/-0.010) alt_err=+0.04m -> fwd=-0.06 right=-0.04 down=+0.02 m/s
2026-09-01 09:21:45,781 [INFO] core.detection.vision_runtime: [VISION] detect() calisiyor -- bu karede 1 tespit: ['KIRMIZI_UCGEN']
2026-09-01 09:21:46,224 [INFO] core.navigation.centering_controller: [CENTERING] KIRMIZI_UCGEN 116/200 dx=-14px dy=-13px d=0.0m ex=-0.0227 ey=-0.0271 (tol +/-0.010) alt_err=+0.02m -> fwd=+0.04 right=-0.03 down=+0.01 m/s
QGC port check failed, reporting UNKNOWN: (pid=27647)
2026-09-01 09:21:46,775 [INFO] core.navigation.centering_controller: [CENTERING] KIRMIZI_UCGEN 121/200 dx=+1px dy=-19px d=0.0m ex=+0.0016 ey=-0.0396 (tol +/-0.010) alt_err=+0.01m -> fwd=+0.06 right=+0.00 down=+0.01 m/s
2026-09-01 09:21:47,326 [INFO] core.navigation.centering_controller: [CENTERING] KIRMIZI_UCGEN 126/200 dx=+34px dy=+0px d=0.0m ex=+0.0523 ey=+0.0000 (tol +/-0.010) alt_err=+0.00m -> fwd=+0.00 right=+0.08 down=+0.00 m/s
2026-09-01 09:21:47,876 [INFO] core.navigation.centering_controller: [CENTERING] KIRMIZI_UCGEN 131/200 dx=+28px dy=+0px d=0.0m ex=+0.0430 ey=+0.0000 (tol +/-0.010) alt_err=+0.00m -> fwd=+0.00 right=+0.06 down=+0.00 m/s
2026-09-01 09:21:48,096 [INFO] core.navigation.centering_controller: Merkezleme tamamlandi. (attempt 133/200, dx=+6px dy=+0px ex=+0.0094 ey=+0.0000 alt_err=-0.00m)
2026-09-01 09:21:48,097 [INFO] core.navigation.centering_controller: [AIM_OFFSET_APPLIED] KIRMIZI_UCGEN: montaj (ileri=0.00, sag=-0.04) m, yon=4.4 deg -> tutma noktasi (47.3979996, 8.5460150) olarak otelendi (kuzey -0.00, dogu +0.03 m).
QGC port check failed, reporting UNKNOWN: (pid=27647)
2026-09-01 09:21:48,867 [INFO] core.detection.vision_runtime: [VISION] detect() calisiyor -- bu karede 1 tespit: ['KIRMIZI_UCGEN']
2026-09-01 09:21:49,417 [INFO] core.navigation.centering_controller: [MOUNT_TRANSLATE_DONE] KIRMIZI_UCGEN: kalan 4.8 cm, sure 1.32 s (yakinsadi).
2026-09-01 09:21:49,417 [WARNING] core.navigation.centering_controller: [LOW_ALT_OPEN_LOOP_DESCENT] KIRMIZI_UCGEN: goruntu 0.45m'de kayboldu -- dondurulmus kestirime (47.3979996, 8.5460150, offset=0.5cm @ 0.45m) gore 0.45m'ye alcalmaya devam.
2026-09-01 09:21:49,417 [INFO] core.navigation.centering_controller: [LOW_ALT_OPEN_LOOP_DESCENT] KIRMIZI_UCGEN: 0.446m'ye ulasildi (hedef 0.45m).
2026-09-01 09:21:49,417 [INFO] core.navigation.centering_controller: 0.1m ileri hareket ediliyor (0.3 m/s, 0.3s)...
2026-09-01 09:21:49,855 [INFO] core.mission.payload_release: [RELEASE_OFFSET] KIRMIZI_UCGEN: {'shape_type': 'KIRMIZI_UCGEN', 'altitude_m': 0.445, 'target_visible': True, 'best_known_offset_cm': 5.71, 'best_known_offset_alt_m': 0.446, 'dx_cm': 8.86, 'dy_cm': -3.87, 'offset_cm': 9.67}
2026-09-01 09:21:49,855 [INFO] core.mission.payload_release: [MOUNT_VECTOR_MEASURED] KIRMIZI_UCGEN: {'world_dx': -0.0343, 'world_dy': 0.0037, 'gazebo_yaw_deg': 85.29, 'body_forward_m': 0.0008, 'body_right_m': -0.0345} (uygulanan: (0.0, -0.035))
2026-09-01 09:21:49,855 [INFO] gz_system.gz_payload_actuator: Gazebo DetachableJoint tetikleniyor: /payload/detach/blue
I0901 09:21:49.856312 13346222 fork_posix.cc:71] Other threads are currently calling into gRPC, skipping fork() handlers
I0901 09:21:49.912111 13346222 fork_posix.cc:71] Other threads are currently calling into gRPC, skipping fork() handlers
I0901 09:21:49.968083 13346222 fork_posix.cc:71] Other threads are currently calling into gRPC, skipping fork() handlers
I0901 09:21:50.012810 13346222 fork_posix.cc:71] Other threads are currently calling into gRPC, skipping fork() handlers
I0901 09:21:50.062074 13346222 fork_posix.cc:71] Other threads are currently calling into gRPC, skipping fork() handlers
2026-09-01 09:21:50,096 [INFO] gz_system.main_gz: Dashboard paint loop: 0.0 FPS (main thread)
QGC port check failed, reporting UNKNOWN: (pid=27647)
2026-09-01 09:21:50,997 [INFO] gz_system.gz_payload_actuator: Yuk ayrildi (blue), gecikme 1.095 s.
2026-09-01 09:21:50,997 [INFO] core.mission.payload_release: [PAYLOAD_RELEASED] PAYLOAD 3 RELEASED @0.45m
2026-09-01 09:21:51,945 [INFO] core.detection.vision_runtime: [VISION] detect() calisiyor -- bu karede 2 tespit: ['KIRMIZI_UCGEN', 'MAVI_DIKDORTGEN']
QGC port check failed, reporting UNKNOWN: (pid=27647)
2026-09-01 09:21:52,999 [INFO] core.mission.payload_release: [PAYLOAD_FINAL_POSE] KIRMIZI_UCGEN: x=-11.313 y=3.409 z=0.040 merkeze 3830.0 cm egim 0.2 deg (HEDEF DISINDA)
2026-09-01 09:21:52,999 [INFO] core.mission.payload_release: Doğrulama işareti aranıyor: MAVI_DIKDORTGEN
2026-09-01 09:21:52,999 [INFO] core.mission.payload_release: Yük bırakma DOĞRULANDI: MAVI_DIKDORTGEN tespit edildi.
2026-09-01 09:21:52,999 [INFO] core.navigation.centering_controller: 1.5m irtifasina tirmaniliyor (goruntuden bagimsiz)...
QGC port check failed, reporting UNKNOWN: (pid=27647)
2026-09-01 09:21:55,056 [INFO] core.detection.vision_runtime: [VISION] detect() calisiyor -- bu karede 2 tespit: ['KIRMIZI_UCGEN', 'MAVI_DIKDORTGEN']
2026-09-01 09:21:55,115 [INFO] gz_system.main_gz: Dashboard paint loop: 0.0 FPS (main thread)
2026-09-01 09:21:55,170 [INFO] core.mission.gorev2_orchestrator: Gorev 2 tamamlandi (Payload Mission 1 + 2 basariyla calisti).
2026-09-01 09:21:55,170 [INFO] core.mission.master_fsm: Görev 2 akışı bitti, doğrudan Görev 3'e geçiliyor...
2026-09-01 09:21:55,170 [INFO] core.mission.gorev3_pickup: Görev 3 Faz 1 (Alma) Başlatıldı.
2026-09-01 09:21:55,170 [INFO] core.mission.gorev3_pickup: Mavi Altıgen konumuna 1.5m irtifada gidiliyor: 47.398452899999995, 8.5462061
2026-09-01 09:21:55,170 [INFO] core.navigation.centering_controller: Kayitli GPS konumuna gidiliyor: lat=47.398452899999995, lon=8.5462061, alt=1.5m
QGC port check failed, reporting UNKNOWN: (pid=27647)
2026-09-01 09:21:58,134 [INFO] core.detection.vision_runtime: [VISION] detect() calisiyor -- bu karede 0 tespit: []
QGC port check failed, reporting UNKNOWN: (pid=27647)
2026-09-01 09:22:00,128 [INFO] gz_system.main_gz: Dashboard paint loop: 0.0 FPS (main thread)
QGC port check failed, reporting UNKNOWN: (pid=27647)
2026-09-01 09:22:01,169 [INFO] core.detection.vision_runtime: [VISION] detect() calisiyor -- bu karede 0 tespit: []
2026-09-01 09:22:01,935 [INFO] core.mission.gorev3_pickup: Kırmızı Dikdörtgenin uzun kenarına dik hizalanılıyor: 6.8 -> 1.2 derece
QGC port check failed, reporting UNKNOWN: (pid=27647)
2026-09-01 09:22:04,027 [INFO] core.mission.gorev3_pickup: 1.2m irtifada (gorus dostu) hedefe ortalanıyor...
2026-09-01 09:22:04,027 [INFO] core.navigation.centering_controller: KIRMIZI_DIKDORTGEN hedefine merkezleniyor (irtifa hedefi: 1.2m, irtifa bandi +/-0.30m)...
2026-09-01 09:22:04,027 [WARNING] core.navigation.centering_controller: [CENTERING] KIRMIZI_DIKDORTGEN 1/200 hedef kayboldu (feed canli, hedef bu karede yok)
2026-09-01 09:22:04,247 [INFO] core.detection.vision_runtime: [VISION] detect() calisiyor -- bu karede 2 tespit: ['KIRMIZI_UCGEN', 'MAVI_ALTIGEN']
QGC port check failed, reporting UNKNOWN: (pid=27647)
2026-09-01 09:22:04,576 [WARNING] core.navigation.centering_controller: [CENTERING] KIRMIZI_DIKDORTGEN 6/200 hedef kayboldu (feed canli, hedef bu karede yok)
2026-09-01 09:22:05,124 [WARNING] core.navigation.centering_controller: [CENTERING] KIRMIZI_DIKDORTGEN 11/200 hedef kayboldu (feed canli, hedef bu karede yok)
2026-09-01 09:22:05,137 [INFO] gz_system.main_gz: Dashboard paint loop: 0.0 FPS (main thread)
2026-09-01 09:22:05,673 [INFO] core.navigation.centering_controller: [CENTERING] KIRMIZI_DIKDORTGEN 16/200 dx=-41px dy=+191px d=0.5m ex=-0.0641 ey=+0.3979 (tol +/-0.010) alt_err=+0.25m -> fwd=-0.60 right=-0.10 down=+0.12 m/s
2026-09-01 09:22:06,224 [INFO] core.navigation.centering_controller: [CENTERING] KIRMIZI_DIKDORTGEN 21/200 dx=-8px dy=-11px d=0.0m ex=-0.0125 ey=-0.0229 (tol +/-0.010) alt_err=+0.18m -> fwd=+0.05 right=-0.08 down=+0.09 m/s
QGC port check failed, reporting UNKNOWN: (pid=27647)
2026-09-01 09:22:06,772 [INFO] core.navigation.centering_controller: [CENTERING] KIRMIZI_DIKDORTGEN 26/200 dx=+35px dy=-217px d=0.5m ex=+0.0547 ey=-0.4521 (tol +/-0.010) alt_err=+0.11m -> fwd=+0.68 right=+0.08 down=+0.06 m/s
2026-09-01 09:22:07,321 [INFO] core.detection.vision_runtime: [VISION] detect() calisiyor -- bu karede 2 tespit: ['MAVI_ALTIGEN', 'KIRMIZI_DIKDORTGEN']
2026-09-01 09:22:07,323 [INFO] core.navigation.centering_controller: [CENTERING] KIRMIZI_DIKDORTGEN 31/200 dx=+51px dy=-248px d=0.6m ex=+0.0797 ey=-0.5167 (tol +/-0.010) alt_err=+0.08m -> fwd=+0.78 right=+0.12 down=+0.04 m/s
2026-09-01 09:22:07,872 [INFO] core.navigation.centering_controller: [CENTERING] KIRMIZI_DIKDORTGEN 36/200 dx=+44px dy=-120px d=0.3m ex=+0.0688 ey=-0.2500 (tol +/-0.010) alt_err=+0.05m -> fwd=+0.38 right=+0.10 down=+0.02 m/s
2026-09-01 09:22:08,423 [INFO] core.navigation.centering_controller: [CENTERING] KIRMIZI_DIKDORTGEN 41/200 dx=+37px dy=-15px d=0.1m ex=+0.0578 ey=-0.0312 (tol +/-0.010) alt_err=+0.03m -> fwd=+0.05 right=+0.09 down=+0.02 m/s
QGC port check failed, reporting UNKNOWN: (pid=27647)
2026-09-01 09:22:08,974 [INFO] core.navigation.centering_controller: [CENTERING] KIRMIZI_DIKDORTGEN 46/200 dx=+30px dy=-21px d=0.1m ex=+0.0469 ey=-0.0437 (tol +/-0.010) alt_err=+0.02m -> fwd=+0.07 right=+0.07 down=+0.01 m/s
2026-09-01 09:22:09,526 [INFO] core.navigation.centering_controller: [CENTERING] KIRMIZI_DIKDORTGEN 51/200 dx=+25px dy=-67px d=0.2m ex=+0.0391 ey=-0.1396 (tol +/-0.010) alt_err=+0.02m -> fwd=+0.21 right=+0.07 down=+0.01 m/s
2026-09-01 09:22:10,075 [INFO] core.navigation.centering_controller: [CENTERING] KIRMIZI_DIKDORTGEN 56/200 dx=+20px dy=-94px d=0.2m ex=+0.0312 ey=-0.1958 (tol +/-0.010) alt_err=+0.02m -> fwd=+0.29 right=+0.07 down=+0.01 m/s
2026-09-01 09:22:10,157 [INFO] gz_system.main_gz: Dashboard paint loop: 0.0 FPS (main thread)
2026-09-01 09:22:10,404 [INFO] core.detection.vision_runtime: [VISION] detect() calisiyor -- bu karede 2 tespit: ['MAVI_ALTIGEN', 'KIRMIZI_DIKDORTGEN']
QGC port check failed, reporting UNKNOWN: (pid=27647)
2026-09-01 09:22:10,625 [INFO] core.navigation.centering_controller: [CENTERING] KIRMIZI_DIKDORTGEN 61/200 dx=+13px dy=-73px d=0.2m ex=+0.0203 ey=-0.1521 (tol +/-0.010) alt_err=+0.01m -> fwd=+0.23 right=+0.07 down=+0.01 m/s
2026-09-01 09:22:11,175 [INFO] core.navigation.centering_controller: [CENTERING] KIRMIZI_DIKDORTGEN 66/200 dx=+3px dy=-30px d=0.1m ex=+0.0047 ey=-0.0625 (tol +/-0.010) alt_err=+0.01m -> fwd=+0.09 right=+0.00 down=+0.00 m/s
2026-09-01 09:22:11,725 [INFO] core.navigation.centering_controller: [CENTERING] KIRMIZI_DIKDORTGEN 71/200 dx=-16px dy=-10px d=0.0m ex=-0.0250 ey=-0.0208 (tol +/-0.010) alt_err=-0.00m -> fwd=+0.05 right=-0.07 down=-0.00 m/s
2026-09-01 09:22:12,275 [INFO] core.navigation.centering_controller: [CENTERING] KIRMIZI_DIKDORTGEN 76/200 dx=+0px dy=-18px d=0.0m ex=+0.0000 ey=-0.0375 (tol +/-0.010) alt_err=-0.01m -> fwd=+0.06 right=+0.00 down=-0.00 m/s
QGC port check failed, reporting UNKNOWN: (pid=27647)
2026-09-01 09:22:12,824 [INFO] core.navigation.centering_controller: [CENTERING] KIRMIZI_DIKDORTGEN 81/200 dx=+27px dy=-26px d=0.1m ex=+0.0422 ey=-0.0542 (tol +/-0.010) alt_err=-0.01m -> fwd=+0.08 right=+0.07 down=-0.01 m/s
2026-09-01 09:22:13,372 [INFO] core.navigation.centering_controller: [CENTERING] KIRMIZI_DIKDORTGEN 86/200 dx=+16px dy=-27px d=0.1m ex=+0.0250 ey=-0.0563 (tol +/-0.010) alt_err=-0.00m -> fwd=+0.08 right=+0.07 down=-0.00 m/s
2026-09-01 09:22:13,483 [INFO] core.detection.vision_runtime: [VISION] detect() calisiyor -- bu karede 2 tespit: ['MAVI_ALTIGEN', 'KIRMIZI_DIKDORTGEN']
2026-09-01 09:22:13,924 [INFO] core.navigation.centering_controller: [CENTERING] KIRMIZI_DIKDORTGEN 91/200 dx=+2px dy=-22px d=0.0m ex=+0.0031 ey=-0.0458 (tol +/-0.010) alt_err=+0.00m -> fwd=+0.07 right=+0.00 down=+0.00 m/s
2026-09-01 09:22:14,486 [INFO] core.navigation.centering_controller: [CENTERING] KIRMIZI_DIKDORTGEN 96/200 dx=-18px dy=-18px d=0.1m ex=-0.0281 ey=-0.0375 (tol +/-0.010) alt_err=-0.01m -> fwd=+0.06 right=-0.07 down=-0.00 m/s
QGC port check failed, reporting UNKNOWN: (pid=27647)
2026-09-01 09:22:15,041 [INFO] core.navigation.centering_controller: [CENTERING] KIRMIZI_DIKDORTGEN 101/200 dx=-3px dy=-18px d=0.0m ex=-0.0047 ey=-0.0375 (tol +/-0.010) alt_err=-0.01m -> fwd=+0.06 right=+0.00 down=-0.00 m/s
2026-09-01 09:22:15,189 [INFO] gz_system.main_gz: Dashboard paint loop: 0.0 FPS (main thread)
2026-09-01 09:22:15,587 [INFO] core.navigation.centering_controller: [CENTERING] KIRMIZI_DIKDORTGEN 106/200 dx=+30px dy=-14px d=0.1m ex=+0.0469 ey=-0.0292 (tol +/-0.010) alt_err=+0.00m -> fwd=+0.05 right=+0.07 down=+0.00 m/s
2026-09-01 09:22:16,140 [INFO] core.navigation.centering_controller: [CENTERING] KIRMIZI_DIKDORTGEN 111/200 dx=+27px dy=-10px d=0.1m ex=+0.0422 ey=-0.0208 (tol +/-0.010) alt_err=+0.00m -> fwd=+0.05 right=+0.07 down=+0.00 m/s
QGC port check failed, reporting UNKNOWN: (pid=27647)
2026-09-01 09:22:16,577 [INFO] core.detection.vision_runtime: [VISION] detect() calisiyor -- bu karede 2 tespit: ['MAVI_ALTIGEN', 'KIRMIZI_DIKDORTGEN']
2026-09-01 09:22:16,688 [INFO] core.navigation.centering_controller: [CENTERING] KIRMIZI_DIKDORTGEN 116/200 dx=+13px dy=-2px d=0.0m ex=+0.0203 ey=-0.0042 (tol +/-0.010) alt_err=+0.00m -> fwd=+0.00 right=+0.07 down=+0.00 m/s
2026-09-01 09:22:17,236 [INFO] core.navigation.centering_controller: [CENTERING] KIRMIZI_DIKDORTGEN 121/200 dx=-3px dy=+11px d=0.0m ex=-0.0047 ey=+0.0229 (tol +/-0.010) alt_err=-0.01m -> fwd=-0.05 right=+0.00 down=-0.01 m/s
2026-09-01 09:22:17,784 [INFO] core.navigation.centering_controller: [CENTERING] KIRMIZI_DIKDORTGEN 126/200 dx=-17px dy=+1px d=0.0m ex=-0.0266 ey=+0.0021 (tol +/-0.010) alt_err=-0.02m -> fwd=+0.00 right=-0.07 down=-0.01 m/s
2026-09-01 09:22:18,331 [INFO] core.navigation.centering_controller: [CENTERING] KIRMIZI_DIKDORTGEN 131/200 dx=-2px dy=-22px d=0.0m ex=-0.0031 ey=-0.0458 (tol +/-0.010) alt_err=-0.02m -> fwd=+0.07 right=+0.00 down=-0.01 m/s
QGC port check failed, reporting UNKNOWN: (pid=27647)
2026-09-01 09:22:18,878 [INFO] core.navigation.centering_controller: [CENTERING] KIRMIZI_DIKDORTGEN 136/200 dx=+20px dy=-17px d=0.1m ex=+0.0312 ey=-0.0354 (tol +/-0.010) alt_err=-0.01m -> fwd=+0.05 right=+0.07 down=-0.00 m/s
2026-09-01 09:22:19,427 [INFO] core.navigation.centering_controller: [CENTERING] KIRMIZI_DIKDORTGEN 141/200 dx=+8px dy=-4px d=0.0m ex=+0.0125 ey=-0.0083 (tol +/-0.010) alt_err=-0.00m -> fwd=+0.00 right=+0.07 down=-0.00 m/s
2026-09-01 09:22:19,536 [INFO] core.navigation.centering_controller: Merkezleme tamamlandi. (attempt 142/200, dx=+3px dy=+1px ex=+0.0047 ey=+0.0021 alt_err=-0.00m)
2026-09-01 09:22:19,646 [INFO] core.detection.vision_runtime: [VISION] detect() calisiyor -- bu karede 2 tespit: ['MAVI_ALTIGEN', 'KIRMIZI_DIKDORTGEN']
2026-09-01 09:22:19,757 [INFO] core.mission.gorev3_pickup: Kanca hedefin uzerine getiriliyor (govde +0.175m ileri)...
2026-09-01 09:22:20,191 [INFO] gz_system.main_gz: Dashboard paint loop: 0.0 FPS (main thread)
QGC port check failed, reporting UNKNOWN: (pid=27647)
QGC port check failed, reporting UNKNOWN: (pid=27647)
2026-09-01 09:22:22,724 [INFO] core.detection.vision_runtime: [VISION] detect() calisiyor -- bu karede 2 tespit: ['MAVI_ALTIGEN', 'KIRMIZI_DIKDORTGEN']
2026-09-01 09:22:23,827 [INFO] core.mission.gorev3_pickup: 0.9m hizalama irtifasina dikey iniliyor...
QGC port check failed, reporting UNKNOWN: (pid=27647)
2026-09-01 09:22:25,197 [INFO] gz_system.main_gz: Dashboard paint loop: 0.0 FPS (main thread)
2026-09-01 09:22:25,804 [INFO] core.detection.vision_runtime: [VISION] detect() calisiyor -- bu karede 2 tespit: ['MAVI_ALTIGEN', 'KIRMIZI_DIKDORTGEN']
QGC port check failed, reporting UNKNOWN: (pid=27647)
QGC port check failed, reporting UNKNOWN: (pid=27647)
2026-09-01 09:22:28,884 [INFO] core.detection.vision_runtime: [VISION] detect() calisiyor -- bu karede 2 tespit: ['MAVI_ALTIGEN', 'KIRMIZI_DIKDORTGEN']
2026-09-01 09:22:28,884 [INFO] core.mission.gorev3_pickup: [HIZA_KALIBRASYON] goruntu=6.2 cm  gercek=6.2 cm  irtifa=0.96 m
2026-09-01 09:22:28,884 [WARNING] core.mission.gorev3_pickup: [GORUNTU] kanca yukun ortasinda DEGIL: sapma 6.2 cm (tol 5 cm) -- alma yine de denenecek; oturma kapisi gercek kanca pozundan kendi kararini veriyor.
2026-09-01 09:22:30,218 [INFO] gz_system.main_gz: Dashboard paint loop: 0.0 FPS (main thread)
QGC port check failed, reporting UNKNOWN: (pid=27647)
2026-09-01 09:22:30,992 [INFO] core.mission.visual_alignment: [GORSEL_HIZA_TANI] it=1 alt_m=0.971 focal_px=539.94 depth_img_m=0.983 depth_tel_m=0.951 depth_used_m=0.983 depth_src=image u=651.0 v=598.0 radius_px=12.77 long_px=79.0 conf=1.0 method=payload-topface-deshadow yaw_deg=1.21 body_fwd_m=-0.1298 body_right_m=0.02 hook_off_n=-0.0901 hook_off_e=-0.0015 err_raw_m=0.0443 truth_lateral_m=0.0364
2026-09-01 09:22:31,119 [INFO] core.mission.visual_alignment: [GORSEL_HIZA_TANI] it=2 alt_m=0.97 focal_px=539.94 depth_img_m=0.9679 depth_tel_m=0.95 depth_used_m=0.9679 depth_src=image u=650.09 v=595.42 radius_px=12.97 long_px=80.21 conf=0.998 method=payload-topface-deshadow yaw_deg=1.2 body_fwd_m=-0.1219 body_right_m=0.0181 hook_off_n=-0.0901 hook_off_e=-0.0015 err_raw_m=0.0364 truth_lateral_m=0.0299
2026-09-01 09:22:31,245 [INFO] core.mission.visual_alignment: [GORSEL_HIZA_TANI] it=3 alt_m=0.968 focal_px=539.94 depth_img_m=0.968 depth_tel_m=0.948 depth_used_m=0.968 depth_src=image u=648.76 v=591.55 radius_px=12.97 long_px=80.21 conf=1.0 method=payload-topface-deshadow yaw_deg=1.2 body_fwd_m=-0.115 body_right_m=0.0157 hook_off_n=-0.09 hook_off_e=-0.0016 err_raw_m=0.0293 truth_lateral_m=0.025
2026-09-01 09:22:31,965 [INFO] core.detection.vision_runtime: [VISION] detect() calisiyor -- bu karede 2 tespit: ['MAVI_ALTIGEN', 'KIRMIZI_DIKDORTGEN']
2026-09-01 09:22:32,520 [INFO] core.mission.visual_alignment: [GORSEL_HIZA_TANI] it=4 alt_m=0.975 focal_px=539.94 depth_img_m=0.9854 depth_tel_m=0.955 depth_used_m=0.9854 depth_src=image u=648.38 v=576.52 radius_px=12.74 long_px=78.81 conf=0.996 method=payload-topface-deshadow yaw_deg=1.2 body_fwd_m=-0.0912 body_right_m=0.0153 hook_off_n=-0.09 hook_off_e=-0.0018 err_raw_m=0.0152 truth_lateral_m=0.0177
QGC port check failed, reporting UNKNOWN: (pid=27647)
2026-09-01 09:22:33,726 [INFO] core.mission.visual_alignment: [GORSEL_HIZA_TANI] it=5 alt_m=0.963 focal_px=539.94 depth_img_m=0.983 depth_tel_m=0.943 depth_used_m=0.983 depth_src=image u=658.5 v=573.0 radius_px=12.77 long_px=79.0 conf=0.994 method=payload-topface-deshadow yaw_deg=1.22 body_fwd_m=-0.0843 body_right_m=0.0337 hook_off_n=-0.0901 hook_off_e=-0.0012 err_raw_m=0.0335 truth_lateral_m=0.0293
2026-09-01 09:22:33,726 [INFO] core.mission.visual_alignment: [GORSEL_HIZA] yakinsadi: 26.1 mm, 5 iterasyon, 5 tespit, 0.032 m hareket
2026-09-01 09:22:33,726 [INFO] core.mission.gorev3_pickup: [GORSEL_HIZA] converged: son hata=26.1 mm, 5 iterasyon, 5 tespit, 0.032 m hareket
2026-09-01 09:22:33,726 [INFO] core.mission.gorev3_pickup: [GORSEL_HIZA] yuva GORUNTUDEN olculdu: NED=(78.759, 3.297)
2026-09-01 09:22:33,726 [INFO] core.mission.gorev3_pickup: Vinc salinacak (hedef irtifa 0.30 m icin) -- ARAC HALA 0.96 m'de, kanca serbest asili kalacak.
2026-09-01 09:22:33,726 [INFO] gz_system.gz_payload_actuator: [HOOK] vinc salimi: 0.330 m  (irtifa=0.300 m, guverte=0.070, zincir ofseti=0.060, pay=0.040)
2026-09-01 09:22:33,726 [INFO] gz_system.gz_payload_actuator: [HOOK] vinc -> 0.33 m
I0901 09:22:33.727243 13346222 fork_posix.cc:71] Other threads are currently calling into gRPC, skipping fork() handlers
QGC port check failed, reporting UNKNOWN: (pid=27647)
2026-09-01 09:22:35,038 [INFO] core.detection.vision_runtime: [VISION] detect() calisiyor -- bu karede 2 tespit: ['MAVI_ALTIGEN', 'KIRMIZI_DIKDORTGEN']
2026-09-01 09:22:35,237 [INFO] gz_system.main_gz: Dashboard paint loop: 0.0 FPS (main thread)
QGC port check failed, reporting UNKNOWN: (pid=27647)
2026-09-01 09:22:38,102 [INFO] core.detection.vision_runtime: [VISION] detect() calisiyor -- bu karede 1 tespit: ['KIRMIZI_DIKDORTGEN']
QGC port check failed, reporting UNKNOWN: (pid=27647)
2026-09-01 09:22:38,679 [INFO] core.mission.gorev3_pickup: [SON_DUZELTME] 1/6 yanal 60.5 mm -> (kuzey +0.014, dogu -0.027)  | kanca_ofset=(-0.0910, +0.0004) arac_ned=(78.8223, 3.3501) kanca_mutlak=(78.7313, 3.3505)
2026-09-01 09:22:40,238 [INFO] gz_system.main_gz: Dashboard paint loop: 0.0 FPS (main thread)
QGC port check failed, reporting UNKNOWN: (pid=27647)
2026-09-01 09:22:41,162 [INFO] core.detection.vision_runtime: [VISION] detect() calisiyor -- bu karede 1 tespit: ['KIRMIZI_DIKDORTGEN']
2026-09-01 09:22:41,522 [INFO] core.mission.gorev3_pickup: [SON_DUZELTME] 2/6 yanal 17.5 mm -> (kuzey +0.006, dogu -0.007)  | kanca_ofset=(-0.0898, -0.0019) arac_ned=(78.8370, 3.3116) kanca_mutlak=(78.7472, 3.3097)
QGC port check failed, reporting UNKNOWN: (pid=27647)
2026-09-01 09:22:44,111 [INFO] core.mission.gorev3_pickup: [SON_DUZELTME] 3/6 yanal 15.6 mm -> (kuzey -0.005, dogu +0.006)  | kanca_ofset=(-0.0879, -0.0009) arac_ned=(78.8572, 3.2860) kanca_mutlak=(78.7693, 3.2851)
2026-09-01 09:22:44,220 [INFO] core.detection.vision_runtime: [VISION] detect() calisiyor -- bu karede 1 tespit: ['KIRMIZI_DIKDORTGEN']
QGC port check failed, reporting UNKNOWN: (pid=27647)
2026-09-01 09:22:45,242 [INFO] gz_system.main_gz: Dashboard paint loop: 0.0 FPS (main thread)
QGC port check failed, reporting UNKNOWN: (pid=27647)
2026-09-01 09:22:46,628 [INFO] core.mission.gorev3_pickup: [SON_DUZELTME] 4/6 yanal 23.2 mm -> (kuzey -0.010, dogu +0.006)  | kanca_ofset=(-0.0892, -0.0019) arac_ned=(78.8680, 3.2867) kanca_mutlak=(78.7788, 3.2848)
2026-09-01 09:22:47,283 [INFO] core.detection.vision_runtime: [VISION] detect() calisiyor -- bu karede 1 tespit: ['KIRMIZI_DIKDORTGEN']
QGC port check failed, reporting UNKNOWN: (pid=27647)
2026-09-01 09:22:49,141 [INFO] core.mission.gorev3_pickup: [SON_DUZELTME] 5/6 yanal 31.5 mm -> (kuzey +0.008, dogu -0.013)  | kanca_ofset=(-0.0903, +0.0004) arac_ned=(78.8328, 3.3233) kanca_mutlak=(78.7426, 3.3236)
2026-09-01 09:22:50,249 [INFO] gz_system.main_gz: Dashboard paint loop: 0.0 FPS (main thread)
2026-09-01 09:22:50,343 [INFO] core.detection.vision_runtime: [VISION] detect() calisiyor -- bu karede 1 tespit: ['KIRMIZI_DIKDORTGEN']
QGC port check failed, reporting UNKNOWN: (pid=27647)
2026-09-01 09:22:51,658 [INFO] core.mission.gorev3_pickup: [SON_DUZELTME] 6/6 yanal 16.7 mm -> (kuzey -0.000, dogu -0.008)  | kanca_ofset=(-0.0895, -0.0019) arac_ned=(78.8490, 3.3152) kanca_mutlak=(78.7594, 3.3133)
QGC port check failed, reporting UNKNOWN: (pid=27647)
2026-09-01 09:22:53,436 [INFO] core.detection.vision_runtime: [VISION] detect() calisiyor -- bu karede 1 tespit: ['KIRMIZI_DIKDORTGEN']
2026-09-01 09:22:54,207 [WARNING] core.mission.gorev3_pickup: [SON_DUZELTME] butce doldu; son yanal 16.7 mm
2026-09-01 09:22:54,208 [INFO] core.mission.gorev3_pickup: [KANCA_DENGE] INIS ONCESI irtifa=0.970 m kanca_ofset=(-0.0902, -0.0006)
2026-09-01 09:22:54,208 [INFO] core.mission.gorev3_pickup: Hizalandi -- 0.30 m alma irtifasina SAF DIKEY iniliyor (yanal hareket yok).
2026-09-01 09:22:54,208 [INFO] core.mission.gorev3_pickup: [KANCA_IZ] t=0.00 alt=0.970 off_n=-0.0902 off_e=-0.0006 nose_z=+0.6940
2026-09-01 09:22:54,317 [INFO] core.mission.gorev3_pickup: [KANCA_IZ] t=0.11 alt=0.970 off_n=-0.0901 off_e=-0.0008 nose_z=+0.6892
2026-09-01 09:22:54,426 [INFO] core.mission.gorev3_pickup: [KANCA_IZ] t=0.22 alt=0.959 off_n=-0.0899 off_e=-0.0012 nose_z=+0.6513
2026-09-01 09:22:54,536 [INFO] core.mission.gorev3_pickup: [KANCA_IZ] t=0.33 alt=0.864 off_n=-0.0892 off_e=-0.0015 nose_z=+0.5947
QGC port check failed, reporting UNKNOWN: (pid=27647)
2026-09-01 09:22:54,645 [INFO] core.mission.gorev3_pickup: [KANCA_IZ] t=0.44 alt=0.806 off_n=-0.0883 off_e=-0.0014 nose_z=+0.5423
2026-09-01 09:22:54,754 [INFO] core.mission.gorev3_pickup: [KANCA_IZ] t=0.55 alt=0.747 off_n=-0.0879 off_e=-0.0011 nose_z=+0.4922
2026-09-01 09:22:54,865 [INFO] core.mission.gorev3_pickup: [KANCA_IZ] t=0.66 alt=0.699 off_n=-0.0885 off_e=-0.0006 nose_z=+0.4384
2026-09-01 09:22:54,975 [INFO] core.mission.gorev3_pickup: [KANCA_IZ] t=0.77 alt=0.654 off_n=-0.0895 off_e=-0.0002 nose_z=+0.3994
2026-09-01 09:22:55,084 [INFO] core.mission.gorev3_pickup: [KANCA_IZ] t=0.88 alt=0.619 off_n=-0.0908 off_e=-0.0001 nose_z=+0.3594
2026-09-01 09:22:55,194 [INFO] core.mission.gorev3_pickup: [KANCA_IZ] t=0.99 alt=0.587 off_n=-0.0913 off_e=-0.0003 nose_z=+0.3310
2026-09-01 09:22:55,249 [INFO] gz_system.main_gz: Dashboard paint loop: 0.0 FPS (main thread)
2026-09-01 09:22:55,303 [INFO] core.mission.gorev3_pickup: [KANCA_IZ] t=1.09 alt=0.562 off_n=-0.0910 off_e=-0.0006 nose_z=+0.3018
2026-09-01 09:22:55,411 [INFO] core.mission.gorev3_pickup: [KANCA_IZ] t=1.20 alt=0.541 off_n=-0.0900 off_e=-0.0009 nose_z=+0.2778
2026-09-01 09:22:55,521 [INFO] core.mission.gorev3_pickup: [KANCA_IZ] t=1.31 alt=0.524 off_n=-0.0890 off_e=-0.0010 nose_z=+0.2596
2026-09-01 09:22:55,631 [INFO] core.mission.gorev3_pickup: [KANCA_IZ] t=1.42 alt=0.509 off_n=-0.0883 off_e=-0.0010 nose_z=+0.2409
2026-09-01 09:22:55,740 [INFO] core.mission.gorev3_pickup: [KANCA_IZ] t=1.53 alt=0.484 off_n=-0.0884 off_e=-0.0009 nose_z=+0.2265
2026-09-01 09:22:55,849 [INFO] core.mission.gorev3_pickup: [KANCA_IZ] t=1.64 alt=0.474 off_n=-0.0891 off_e=-0.0009 nose_z=+0.2111
2026-09-01 09:22:55,958 [INFO] core.mission.gorev3_pickup: [KANCA_IZ] t=1.75 alt=0.463 off_n=-0.0899 off_e=-0.0011 nose_z=+0.1996
2026-09-01 09:22:56,066 [INFO] core.mission.gorev3_pickup: [KANCA_IZ] t=1.86 alt=0.454 off_n=-0.0905 off_e=-0.0014 nose_z=+0.1875
2026-09-01 09:22:56,175 [INFO] core.mission.gorev3_pickup: [KANCA_IZ] t=1.97 alt=0.445 off_n=-0.0906 off_e=-0.0017 nose_z=+0.1782
2026-09-01 09:22:56,284 [INFO] core.mission.gorev3_pickup: [KANCA_IZ] t=2.08 alt=0.437 off_n=-0.0902 off_e=-0.0019 nose_z=+0.1683
2026-09-01 09:22:56,393 [INFO] core.mission.gorev3_pickup: [KANCA_IZ] t=2.19 alt=0.429 off_n=-0.0899 off_e=-0.0017 nose_z=+0.1610
2026-09-01 09:22:56,502 [INFO] core.detection.vision_runtime: [VISION] detect() calisiyor -- bu karede 1 tespit: ['KIRMIZI_DIKDORTGEN']
2026-09-01 09:22:56,502 [INFO] core.mission.gorev3_pickup: [KANCA_IZ] t=2.29 alt=0.424 off_n=-0.0897 off_e=-0.0013 nose_z=+0.1534
2026-09-01 09:22:56,614 [INFO] core.mission.gorev3_pickup: [KANCA_IZ] t=2.41 alt=0.418 off_n=-0.0898 off_e=-0.0010 nose_z=+0.1478
QGC port check failed, reporting UNKNOWN: (pid=27647)
2026-09-01 09:22:56,722 [INFO] core.mission.gorev3_pickup: [KANCA_IZ] t=2.51 alt=0.413 off_n=-0.0903 off_e=-0.0009 nose_z=+0.1418
2026-09-01 09:22:56,832 [INFO] core.mission.gorev3_pickup: [KANCA_IZ] t=2.62 alt=0.409 off_n=-0.0906 off_e=-0.0010 nose_z=+0.1374
2026-09-01 09:22:56,941 [INFO] core.mission.gorev3_pickup: [KANCA_IZ] t=2.73 alt=0.402 off_n=-0.0908 off_e=-0.0012 nose_z=+0.1334
2026-09-01 09:22:57,050 [INFO] core.mission.gorev3_pickup: [KANCA_IZ] t=2.84 alt=0.399 off_n=-0.0910 off_e=-0.0012 nose_z=+0.1291
2026-09-01 09:22:57,160 [INFO] core.mission.gorev3_pickup: [KANCA_IZ] t=2.95 alt=0.397 off_n=-0.0910 off_e=-0.0010 nose_z=+0.1258
2026-09-01 09:22:57,269 [INFO] core.mission.gorev3_pickup: [KANCA_IZ] t=3.06 alt=0.396 off_n=-0.0911 off_e=-0.0005 nose_z=+0.1224
2026-09-01 09:22:57,378 [INFO] core.mission.gorev3_pickup: [KANCA_IZ] t=3.17 alt=0.394 off_n=-0.0912 off_e=+0.0000 nose_z=+0.1190
2026-09-01 09:22:57,486 [INFO] core.mission.gorev3_pickup: [KANCA_IZ] t=3.28 alt=0.392 off_n=-0.0912 off_e=+0.0002 nose_z=+0.1163
2026-09-01 09:22:57,594 [INFO] core.mission.gorev3_pickup: [KANCA_IZ] t=3.39 alt=0.389 off_n=-0.0910 off_e=+0.0002 nose_z=+0.1133
2026-09-01 09:22:57,703 [INFO] core.mission.gorev3_pickup: [KANCA_IZ] t=3.50 alt=0.387 off_n=-0.0906 off_e=-0.0002 nose_z=+0.1111
2026-09-01 09:22:57,813 [INFO] core.mission.gorev3_pickup: [KANCA_IZ] t=3.61 alt=0.385 off_n=-0.0902 off_e=-0.0008 nose_z=+0.1091
2026-09-01 09:22:57,922 [INFO] core.mission.gorev3_pickup: [KANCA_IZ] t=3.71 alt=0.384 off_n=-0.0897 off_e=-0.0012 nose_z=+0.1069
2026-09-01 09:22:58,031 [INFO] core.mission.gorev3_pickup: [KANCA_IZ] t=3.82 alt=0.382 off_n=-0.0895 off_e=-0.0016 nose_z=+0.1049
2026-09-01 09:22:58,139 [INFO] core.mission.gorev3_pickup: [KANCA_IZ] t=3.93 alt=0.380 off_n=-0.0893 off_e=-0.0018 nose_z=+0.1034
2026-09-01 09:22:58,249 [INFO] core.mission.gorev3_pickup: [KANCA_IZ] t=4.04 alt=0.378 off_n=-0.0891 off_e=-0.0017 nose_z=+0.1020
2026-09-01 09:22:58,359 [INFO] core.mission.gorev3_pickup: [KANCA_IZ] t=4.15 alt=0.377 off_n=-0.0890 off_e=-0.0013 nose_z=+0.1007
2026-09-01 09:22:58,468 [INFO] core.mission.gorev3_pickup: [KANCA_IZ] t=4.26 alt=0.376 off_n=-0.0891 off_e=-0.0008 nose_z=+0.0996
2026-09-01 09:22:58,577 [INFO] core.mission.gorev3_pickup: [KANCA_IZ] t=4.37 alt=0.375 off_n=-0.0893 off_e=-0.0004 nose_z=+0.0988
QGC port check failed, reporting UNKNOWN: (pid=27647)
2026-09-01 09:22:58,686 [INFO] core.mission.gorev3_pickup: [KANCA_IZ] t=4.48 alt=0.375 off_n=-0.0895 off_e=-0.0003 nose_z=+0.0980
2026-09-01 09:22:58,795 [INFO] core.mission.gorev3_pickup: [KANCA_IZ] t=4.59 alt=0.375 off_n=-0.0895 off_e=-0.0004 nose_z=+0.0971
2026-09-01 09:22:58,903 [INFO] core.mission.gorev3_pickup: [KANCA_IZ] t=4.70 alt=0.375 off_n=-0.0894 off_e=-0.0007 nose_z=+0.0964
2026-09-01 09:22:59,012 [INFO] core.mission.gorev3_pickup: [KANCA_IZ] t=4.80 alt=0.375 off_n=-0.0891 off_e=-0.0013 nose_z=+0.0954
2026-09-01 09:22:59,121 [INFO] core.mission.gorev3_pickup: [KANCA_IZ] t=4.91 alt=0.375 off_n=-0.0891 off_e=-0.0018 nose_z=+0.0947
2026-09-01 09:22:59,230 [INFO] core.mission.gorev3_pickup: [KANCA_IZ] t=5.02 alt=0.375 off_n=-0.0893 off_e=-0.0022 nose_z=+0.0938
2026-09-01 09:22:59,339 [INFO] core.mission.gorev3_pickup: [KANCA_IZ] t=5.13 alt=0.374 off_n=-0.0896 off_e=-0.0024 nose_z=+0.0931
2026-09-01 09:22:59,448 [INFO] core.mission.gorev3_pickup: [KANCA_IZ] t=5.24 alt=0.374 off_n=-0.0902 off_e=-0.0024 nose_z=+0.0922
2026-09-01 09:22:59,558 [INFO] core.detection.vision_runtime: [VISION] detect() calisiyor -- bu karede 1 tespit: ['KIRMIZI_DIKDORTGEN']
2026-09-01 09:22:59,558 [INFO] core.mission.gorev3_pickup: [KANCA_IZ] t=5.35 alt=0.373 off_n=-0.0905 off_e=-0.0025 nose_z=+0.0916
2026-09-01 09:22:59,666 [INFO] core.mission.gorev3_pickup: [KANCA_IZ] t=5.46 alt=0.372 off_n=-0.0906 off_e=-0.0025 nose_z=+0.0911
2026-09-01 09:22:59,774 [INFO] core.mission.gorev3_pickup: [KANCA_IZ] t=5.57 alt=0.372 off_n=-0.0906 off_e=-0.0025 nose_z=+0.0907
2026-09-01 09:22:59,883 [INFO] core.mission.gorev3_pickup: [KANCA_IZ] t=5.68 alt=0.371 off_n=-0.0905 off_e=-0.0024 nose_z=+0.0902
2026-09-01 09:22:59,991 [INFO] core.mission.gorev3_pickup: [KANCA_IZ] t=5.78 alt=0.370 off_n=-0.0904 off_e=-0.0022 nose_z=+0.0899
2026-09-01 09:23:00,100 [INFO] core.mission.gorev3_pickup: [KANCA_IZ] t=5.89 alt=0.370 off_n=-0.0903 off_e=-0.0020 nose_z=+0.0897
2026-09-01 09:23:00,211 [INFO] core.mission.gorev3_pickup: [KANCA_IZ] t=6.00 alt=0.369 off_n=-0.0903 off_e=-0.0018 nose_z=+0.0894
2026-09-01 09:23:00,211 [INFO] core.mission.gorev3_pickup: Yük alma mekanizması aktifleşiyor...
2026-09-01 09:23:00,211 [INFO] core.mission.gorev3_pickup: [KANCA_DENGE] INIS SONRASI irtifa=0.369 m kanca_ofset=(-0.0903, -0.0018)  ->  DEGISIM=(-0.0, -1.2) mm  |1.2 mm|
2026-09-01 09:23:00,211 [INFO] gz_system.gz_payload_actuator: [HOOK] alma denemesi 1/3
2026-09-01 09:23:00,211 [INFO] gz_system.gz_payload_actuator: [HOOK] vinc salimi: 0.399 m  (irtifa=0.369 m, guverte=0.070, zincir ofseti=0.060, pay=0.040)
2026-09-01 09:23:00,211 [INFO] gz_system.gz_payload_actuator: [HOOK] vinc -> 0.40 m
I0901 09:23:00.325836 13346222 fork_posix.cc:71] Other threads are currently calling into gRPC, skipping fork() handlers
2026-09-01 09:23:00,327 [INFO] gz_system.main_gz: Dashboard paint loop: 0.0 FPS (main thread)
2026-09-01 09:23:00,340 [INFO] core.mission.gorev3_pickup: [KANCA_IZ] t=6.13 alt=0.368 off_n=-0.0903 off_e=-0.0018 nose_z=+0.0894
2026-09-01 09:23:00,450 [INFO] core.mission.gorev3_pickup: [KANCA_IZ] t=6.24 alt=0.366 off_n=-0.0902 off_e=-0.0015 nose_z=+0.0893
2026-09-01 09:23:00,558 [INFO] core.mission.gorev3_pickup: [KANCA_IZ] t=6.35 alt=0.364 off_n=-0.0901 off_e=-0.0012 nose_z=+0.0895
QGC port check failed, reporting UNKNOWN: (pid=27647)
2026-09-01 09:23:00,667 [INFO] core.mission.gorev3_pickup: [KANCA_IZ] t=6.46 alt=0.364 off_n=-0.0899 off_e=+0.0001 nose_z=+0.0898
2026-09-01 09:23:00,777 [INFO] core.mission.gorev3_pickup: [KANCA_IZ] t=6.57 alt=0.363 off_n=-0.0898 off_e=+0.0021 nose_z=+0.0903
2026-09-01 09:23:00,884 [INFO] core.mission.gorev3_pickup: [KANCA_IZ] t=6.68 alt=0.363 off_n=-0.0897 off_e=+0.0032 nose_z=+0.0908
2026-09-01 09:23:00,992 [INFO] core.mission.gorev3_pickup: [KANCA_IZ] t=6.78 alt=0.364 off_n=-0.0897 off_e=+0.0031 nose_z=+0.0914
2026-09-01 09:23:01,100 [INFO] core.mission.gorev3_pickup: [KANCA_IZ] t=6.89 alt=0.366 off_n=-0.0896 off_e=+0.0019 nose_z=+0.0918
2026-09-01 09:23:01,208 [INFO] core.mission.gorev3_pickup: [KANCA_IZ] t=7.00 alt=0.367 off_n=-0.0893 off_e=+0.0003 nose_z=+0.0921
2026-09-01 09:23:01,266 [INFO] gz_system.gz_payload_actuator: [HOOK] APPROACHING  lat=  34.2mm ins=  -17.0mm tilt=  0.2deg v=  infm/s age=0.00s  [lateral(34.2mm>10.2mm), too_high(-17.0mm<-4.0mm), rel_speed(inf>0.05m/s)]
2026-09-01 09:23:01,316 [INFO] core.mission.gorev3_pickup: [KANCA_IZ] t=7.11 alt=0.369 off_n=-0.0887 off_e=-0.0015 nose_z=+0.0775
2026-09-01 09:23:01,426 [INFO] core.mission.gorev3_pickup: [KANCA_IZ] t=7.22 alt=0.370 off_n=-0.0862 off_e=+0.0001 nose_z=+0.0759
2026-09-01 09:23:01,535 [INFO] core.mission.gorev3_pickup: [KANCA_IZ] t=7.33 alt=0.381 off_n=-0.0950 off_e=+0.0031 nose_z=+0.0792
2026-09-01 09:23:01,643 [INFO] core.mission.gorev3_pickup: [KANCA_IZ] t=7.44 alt=0.383 off_n=-0.0997 off_e=+0.0035 nose_z=+0.0792
2026-09-01 09:23:01,752 [INFO] core.mission.gorev3_pickup: [KANCA_IZ] t=7.54 alt=0.383 off_n=-0.0980 off_e=+0.0015 nose_z=+0.0776
2026-09-01 09:23:01,862 [INFO] core.mission.gorev3_pickup: [KANCA_IZ] t=7.65 alt=0.382 off_n=-0.0919 off_e=-0.0013 nose_z=+0.0756
2026-09-01 09:23:01,971 [INFO] core.mission.gorev3_pickup: [KANCA_IZ] t=7.76 alt=0.382 off_n=-0.0906 off_e=+0.0010 nose_z=+0.0753
2026-09-01 09:23:02,081 [INFO] core.mission.gorev3_pickup: [KANCA_IZ] t=7.87 alt=0.383 off_n=-0.0898 off_e=+0.0026 nose_z=+0.0754
2026-09-01 09:23:02,190 [INFO] core.mission.gorev3_pickup: [KANCA_IZ] t=7.98 alt=0.385 off_n=-0.0891 off_e=+0.0039 nose_z=+0.0754
2026-09-01 09:23:02,299 [INFO] core.mission.gorev3_pickup: [KANCA_IZ] t=8.09 alt=0.386 off_n=-0.0884 off_e=+0.0047 nose_z=+0.0754
2026-09-01 09:23:02,299 [INFO] gz_system.gz_payload_actuator: [HOOK] APPROACHING  lat=  40.7mm ins=   +0.5mm tilt=  3.4deg v=0.006m/s age=0.02s  [lateral(40.7mm>10.2mm)]
2026-09-01 09:23:02,408 [INFO] core.mission.gorev3_pickup: [KANCA_IZ] t=8.20 alt=0.388 off_n=-0.0878 off_e=+0.0053 nose_z=+0.0753
2026-09-01 09:23:02,517 [INFO] core.mission.gorev3_pickup: [KANCA_IZ] t=8.31 alt=0.389 off_n=-0.0875 off_e=+0.0056 nose_z=+0.0752
2026-09-01 09:23:02,625 [INFO] core.detection.vision_runtime: [VISION] detect() calisiyor -- bu karede 1 tespit: ['KIRMIZI_DIKDORTGEN']
2026-09-01 09:23:02,625 [INFO] core.mission.gorev3_pickup: [KANCA_IZ] t=8.42 alt=0.391 off_n=-0.0874 off_e=+0.0057 nose_z=+0.0752
QGC port check failed, reporting UNKNOWN: (pid=27647)
2026-09-01 09:23:02,733 [INFO] core.mission.gorev3_pickup: [KANCA_IZ] t=8.53 alt=0.394 off_n=-0.0876 off_e=+0.0057 nose_z=+0.0750
2026-09-01 09:23:02,842 [INFO] core.mission.gorev3_pickup: [KANCA_IZ] t=8.63 alt=0.395 off_n=-0.0883 off_e=+0.0057 nose_z=+0.0749
2026-09-01 09:23:02,951 [INFO] core.mission.gorev3_pickup: [KANCA_IZ] t=8.74 alt=0.395 off_n=-0.0890 off_e=+0.0056 nose_z=+0.0747
2026-09-01 09:23:03,059 [INFO] core.mission.gorev3_pickup: [KANCA_IZ] t=8.85 alt=0.395 off_n=-0.0900 off_e=+0.0056 nose_z=+0.0745
2026-09-01 09:23:03,167 [INFO] core.mission.gorev3_pickup: [KANCA_IZ] t=8.96 alt=0.396 off_n=-0.0910 off_e=+0.0056 nose_z=+0.0744
2026-09-01 09:23:03,276 [INFO] core.mission.gorev3_pickup: [KANCA_IZ] t=9.07 alt=0.396 off_n=-0.0919 off_e=+0.0056 nose_z=+0.0742
2026-09-01 09:23:03,327 [INFO] gz_system.gz_payload_actuator: [HOOK] APPROACHING  lat=  40.2mm ins=   +1.9mm tilt= 13.7deg v=0.015m/s age=0.01s  [lateral(40.2mm>10.2mm)]
2026-09-01 09:23:03,386 [INFO] core.mission.gorev3_pickup: [KANCA_IZ] t=9.18 alt=0.394 off_n=-0.0928 off_e=+0.0056 nose_z=+0.0741
2026-09-01 09:23:03,495 [INFO] core.mission.gorev3_pickup: [KANCA_IZ] t=9.29 alt=0.392 off_n=-0.0936 off_e=+0.0055 nose_z=+0.0739
2026-09-01 09:23:03,605 [INFO] core.mission.gorev3_pickup: [KANCA_IZ] t=9.40 alt=0.390 off_n=-0.0942 off_e=+0.0056 nose_z=+0.0738
2026-09-01 09:23:03,714 [INFO] core.mission.gorev3_pickup: [KANCA_IZ] t=9.51 alt=0.387 off_n=-0.0945 off_e=+0.0058 nose_z=+0.0738
2026-09-01 09:23:03,824 [INFO] core.mission.gorev3_pickup: [KANCA_IZ] t=9.62 alt=0.384 off_n=-0.0945 off_e=+0.0060 nose_z=+0.0737
2026-09-01 09:23:03,933 [INFO] core.mission.gorev3_pickup: [KANCA_IZ] t=9.72 alt=0.381 off_n=-0.0940 off_e=+0.0064 nose_z=+0.0737
2026-09-01 09:23:04,042 [INFO] core.mission.gorev3_pickup: [KANCA_IZ] t=9.83 alt=0.375 off_n=-0.0933 off_e=+0.0066 nose_z=+0.0736
2026-09-01 09:23:04,151 [INFO] core.mission.gorev3_pickup: [KANCA_IZ] t=9.94 alt=0.373 off_n=-0.0921 off_e=+0.0067 nose_z=+0.0736
2026-09-01 09:23:04,261 [INFO] core.mission.gorev3_pickup: [KANCA_IZ] t=10.05 alt=0.371 off_n=-0.0907 off_e=+0.0066 nose_z=+0.0737
2026-09-01 09:23:04,371 [INFO] core.mission.gorev3_pickup: [KANCA_IZ] t=10.16 alt=0.369 off_n=-0.0888 off_e=+0.0063 nose_z=+0.0737
2026-09-01 09:23:04,372 [INFO] gz_system.gz_payload_actuator: [HOOK] APPROACHING  lat=  39.7mm ins=   +2.3mm tilt= 17.0deg v=0.011m/s age=0.01s  [lateral(39.7mm>10.2mm), tilt(17.0deg>15.0deg)]
2026-09-01 09:23:04,480 [INFO] core.mission.gorev3_pickup: [KANCA_IZ] t=10.27 alt=0.367 off_n=-0.0867 off_e=+0.0059 nose_z=+0.0738
2026-09-01 09:23:04,589 [INFO] core.mission.gorev3_pickup: [KANCA_IZ] t=10.38 alt=0.364 off_n=-0.0847 off_e=+0.0056 nose_z=+0.0739
QGC port check failed, reporting UNKNOWN: (pid=27647)
2026-09-01 09:23:04,699 [INFO] core.mission.gorev3_pickup: [KANCA_IZ] t=10.49 alt=0.362 off_n=-0.0826 off_e=+0.0054 nose_z=+0.0740
2026-09-01 09:23:04,808 [INFO] core.mission.gorev3_pickup: [KANCA_IZ] t=10.60 alt=0.360 off_n=-0.0799 off_e=+0.0052 nose_z=+0.0742
2026-09-01 09:23:04,917 [INFO] core.mission.gorev3_pickup: [KANCA_IZ] t=10.71 alt=0.359 off_n=-0.0777 off_e=+0.0050 nose_z=+0.0746
2026-09-01 09:23:05,026 [INFO] core.mission.gorev3_pickup: [KANCA_IZ] t=10.82 alt=0.359 off_n=-0.0759 off_e=+0.0031 nose_z=+0.0746
2026-09-01 09:23:05,135 [INFO] core.mission.gorev3_pickup: [KANCA_IZ] t=10.93 alt=0.358 off_n=-0.0806 off_e=+0.0018 nose_z=+0.0737
2026-09-01 09:23:05,243 [INFO] core.mission.gorev3_pickup: [KANCA_IZ] t=11.04 alt=0.356 off_n=-0.0893 off_e=+0.0006 nose_z=+0.0724
2026-09-01 09:23:05,341 [INFO] gz_system.main_gz: Dashboard paint loop: 0.0 FPS (main thread)
2026-09-01 09:23:05,352 [INFO] core.mission.gorev3_pickup: [KANCA_IZ] t=11.14 alt=0.356 off_n=-0.0951 off_e=-0.0000 nose_z=+0.0715
2026-09-01 09:23:05,403 [INFO] gz_system.gz_payload_actuator: [HOOK] APPROACHING  lat=  41.7mm ins=   +4.9mm tilt=  1.7deg v=0.084m/s age=0.02s  [lateral(41.7mm>10.2mm), rel_speed(0.084>0.05m/s)]
2026-09-01 09:23:05,461 [INFO] core.mission.gorev3_pickup: [KANCA_IZ] t=11.25 alt=0.355 off_n=-0.0973 off_e=-0.0005 nose_z=+0.0707
2026-09-01 09:23:05,571 [INFO] core.mission.gorev3_pickup: [KANCA_IZ] t=11.36 alt=0.356 off_n=-0.0955 off_e=-0.0009 nose_z=+0.0700
2026-09-01 09:23:05,680 [INFO] core.detection.vision_runtime: [VISION] detect() calisiyor -- bu karede 1 tespit: ['KIRMIZI_DIKDORTGEN']
2026-09-01 09:23:05,681 [INFO] core.mission.gorev3_pickup: [KANCA_IZ] t=11.47 alt=0.356 off_n=-0.0912 off_e=-0.0014 nose_z=+0.0692
2026-09-01 09:23:05,790 [INFO] core.mission.gorev3_pickup: [KANCA_IZ] t=11.58 alt=0.357 off_n=-0.0884 off_e=-0.0019 nose_z=+0.0686
2026-09-01 09:23:05,899 [INFO] core.mission.gorev3_pickup: [KANCA_IZ] t=11.69 alt=0.359 off_n=-0.0877 off_e=-0.0022 nose_z=+0.0679
2026-09-01 09:23:06,007 [INFO] core.mission.gorev3_pickup: [KANCA_IZ] t=11.80 alt=0.360 off_n=-0.0901 off_e=-0.0022 nose_z=+0.0671
2026-09-01 09:23:06,117 [INFO] core.mission.gorev3_pickup: [KANCA_IZ] t=11.91 alt=0.360 off_n=-0.0931 off_e=-0.0020 nose_z=+0.0663
2026-09-01 09:23:06,226 [INFO] core.mission.gorev3_pickup: [KANCA_IZ] t=12.02 alt=0.360 off_n=-0.0960 off_e=-0.0012 nose_z=+0.0655
2026-09-01 09:23:06,334 [INFO] core.mission.gorev3_pickup: [KANCA_IZ] t=12.13 alt=0.359 off_n=-0.0966 off_e=-0.0004 nose_z=+0.0648
2026-09-01 09:23:06,444 [INFO] core.mission.gorev3_pickup: [KANCA_IZ] t=12.24 alt=0.359 off_n=-0.0951 off_e=+0.0002 nose_z=+0.0640
2026-09-01 09:23:06,444 [INFO] gz_system.gz_payload_actuator: [HOOK] APPROACHING  lat=  67.7mm ins=  +12.0mm tilt=  1.0deg v=0.019m/s age=0.01s  [lateral(67.7mm>10.2mm)]
2026-09-01 09:23:06,554 [INFO] core.mission.gorev3_pickup: [KANCA_IZ] t=12.35 alt=0.359 off_n=-0.0927 off_e=+0.0006 nose_z=+0.0633
QGC port check failed, reporting UNKNOWN: (pid=27647)
2026-09-01 09:23:06,663 [INFO] core.mission.gorev3_pickup: [KANCA_IZ] t=12.45 alt=0.360 off_n=-0.0902 off_e=+0.0009 nose_z=+0.0627
2026-09-01 09:23:06,772 [INFO] core.mission.gorev3_pickup: [KANCA_IZ] t=12.56 alt=0.361 off_n=-0.0891 off_e=+0.0011 nose_z=+0.0623
2026-09-01 09:23:06,881 [INFO] core.mission.gorev3_pickup: [KANCA_IZ] t=12.67 alt=0.362 off_n=-0.0897 off_e=+0.0013 nose_z=+0.0616
2026-09-01 09:23:06,990 [INFO] core.mission.gorev3_pickup: [KANCA_IZ] t=12.78 alt=0.363 off_n=-0.0911 off_e=+0.0013 nose_z=+0.0609
2026-09-01 09:23:07,098 [INFO] core.mission.gorev3_pickup: [KANCA_IZ] t=12.89 alt=0.364 off_n=-0.0924 off_e=+0.0012 nose_z=+0.0601
2026-09-01 09:23:07,208 [INFO] core.mission.gorev3_pickup: [KANCA_IZ] t=13.00 alt=0.363 off_n=-0.0927 off_e=+0.0009 nose_z=+0.0593
2026-09-01 09:23:07,317 [INFO] core.mission.gorev3_pickup: [KANCA_IZ] t=13.11 alt=0.363 off_n=-0.0920 off_e=+0.0004 nose_z=+0.0586
2026-09-01 09:23:07,426 [INFO] core.mission.gorev3_pickup: [KANCA_IZ] t=13.22 alt=0.361 off_n=-0.0903 off_e=-0.0005 nose_z=+0.0579
2026-09-01 09:23:07,477 [INFO] gz_system.gz_payload_actuator: [HOOK] APPROACHING  lat=  63.6mm ins=  +18.3mm tilt=  0.3deg v=0.050m/s age=0.01s  [lateral(63.6mm>10.2mm)]
2026-09-01 09:23:07,535 [INFO] core.mission.gorev3_pickup: [KANCA_IZ] t=13.33 alt=0.358 off_n=-0.0888 off_e=-0.0016 nose_z=+0.0575
2026-09-01 09:23:07,644 [INFO] core.mission.gorev3_pickup: [KANCA_IZ] t=13.44 alt=0.356 off_n=-0.0882 off_e=-0.0024 nose_z=+0.0576
2026-09-01 09:23:07,752 [INFO] core.mission.gorev3_pickup: [KANCA_IZ] t=13.54 alt=0.356 off_n=-0.0886 off_e=-0.0029 nose_z=+0.0579
2026-09-01 09:23:07,862 [INFO] core.mission.gorev3_pickup: [KANCA_IZ] t=13.65 alt=0.355 off_n=-0.0895 off_e=-0.0030 nose_z=+0.0585
2026-09-01 09:23:07,971 [INFO] core.mission.gorev3_pickup: [KANCA_IZ] t=13.76 alt=0.356 off_n=-0.0908 off_e=-0.0032 nose_z=+0.0592
2026-09-01 09:23:08,081 [INFO] core.mission.gorev3_pickup: [KANCA_IZ] t=13.87 alt=0.358 off_n=-0.0913 off_e=-0.0031 nose_z=+0.0598
2026-09-01 09:23:08,190 [INFO] core.mission.gorev3_pickup: [KANCA_IZ] t=13.98 alt=0.359 off_n=-0.0913 off_e=-0.0029 nose_z=+0.0603
2026-09-01 09:23:08,300 [INFO] core.mission.gorev3_pickup: [KANCA_IZ] t=14.09 alt=0.361 off_n=-0.0906 off_e=-0.0025 nose_z=+0.0607
2026-09-01 09:23:08,408 [INFO] core.mission.gorev3_pickup: [KANCA_IZ] t=14.20 alt=0.361 off_n=-0.0899 off_e=-0.0021 nose_z=+0.0609
2026-09-01 09:23:08,518 [INFO] core.mission.gorev3_pickup: [KANCA_IZ] t=14.31 alt=0.361 off_n=-0.0894 off_e=-0.0016 nose_z=+0.0611
2026-09-01 09:23:08,518 [INFO] gz_system.gz_payload_actuator: [HOOK] APPROACHING  lat=  59.5mm ins=  +14.9mm tilt=  0.3deg v=0.032m/s age=0.02s  [lateral(59.5mm>10.2mm)]
2026-09-01 09:23:08,626 [INFO] core.mission.gorev3_pickup: [KANCA_IZ] t=14.42 alt=0.360 off_n=-0.0893 off_e=-0.0014 nose_z=+0.0613
QGC port check failed, reporting UNKNOWN: (pid=27647)
2026-09-01 09:23:08,735 [INFO] core.detection.vision_runtime: [VISION] detect() calisiyor -- bu karede 1 tespit: ['KIRMIZI_DIKDORTGEN']
2026-09-01 09:23:08,735 [INFO] core.mission.gorev3_pickup: [KANCA_IZ] t=14.53 alt=0.359 off_n=-0.0898 off_e=-0.0014 nose_z=+0.0618
2026-09-01 09:23:08,844 [INFO] core.mission.gorev3_pickup: [KANCA_IZ] t=14.64 alt=0.358 off_n=-0.0906 off_e=-0.0015 nose_z=+0.0623
2026-09-01 09:23:08,952 [INFO] core.mission.gorev3_pickup: [KANCA_IZ] t=14.74 alt=0.358 off_n=-0.0914 off_e=-0.0015 nose_z=+0.0631
2026-09-01 09:23:09,062 [INFO] core.mission.gorev3_pickup: [KANCA_IZ] t=14.85 alt=0.358 off_n=-0.0918 off_e=-0.0029 nose_z=+0.0638
2026-09-01 09:23:09,169 [INFO] core.mission.gorev3_pickup: [KANCA_IZ] t=14.96 alt=0.358 off_n=-0.0922 off_e=-0.0077 nose_z=+0.0648
2026-09-01 09:23:09,279 [INFO] core.mission.gorev3_pickup: [KANCA_IZ] t=15.07 alt=0.358 off_n=-0.0925 off_e=-0.0118 nose_z=+0.0659
2026-09-01 09:23:09,388 [INFO] core.mission.gorev3_pickup: [KANCA_IZ] t=15.18 alt=0.359 off_n=-0.0929 off_e=-0.0165 nose_z=+0.0672
2026-09-01 09:23:09,497 [INFO] core.mission.gorev3_pickup: [KANCA_IZ] t=15.29 alt=0.359 off_n=-0.0934 off_e=-0.0202 nose_z=+0.0683
2026-09-01 09:23:09,549 [INFO] gz_system.gz_payload_actuator: [HOOK] APPROACHING  lat=  45.1mm ins=   +7.0mm tilt=  6.0deg v=0.014m/s age=0.01s  [lateral(45.1mm>10.2mm)]
2026-09-01 09:23:09,606 [INFO] core.mission.gorev3_pickup: [KANCA_IZ] t=15.40 alt=0.360 off_n=-0.0940 off_e=-0.0245 nose_z=+0.0697
2026-09-01 09:23:09,716 [INFO] core.mission.gorev3_pickup: [KANCA_IZ] t=15.51 alt=0.361 off_n=-0.0947 off_e=-0.0276 nose_z=+0.0706
2026-09-01 09:23:09,826 [INFO] core.mission.gorev3_pickup: [KANCA_IZ] t=15.62 alt=0.361 off_n=-0.0957 off_e=-0.0310 nose_z=+0.0718
2026-09-01 09:23:09,935 [INFO] core.mission.gorev3_pickup: [KANCA_IZ] t=15.73 alt=0.361 off_n=-0.0967 off_e=-0.0335 nose_z=+0.0726
2026-09-01 09:23:10,045 [INFO] core.mission.gorev3_pickup: [KANCA_IZ] t=15.84 alt=0.363 off_n=-0.0980 off_e=-0.0359 nose_z=+0.0736
2026-09-01 09:23:10,154 [INFO] core.mission.gorev3_pickup: [KANCA_IZ] t=15.95 alt=0.364 off_n=-0.0995 off_e=-0.0376 nose_z=+0.0744
2026-09-01 09:23:10,263 [INFO] core.mission.gorev3_pickup: [KANCA_IZ] t=16.06 alt=0.365 off_n=-0.1011 off_e=-0.0386 nose_z=+0.0749
2026-09-01 09:23:10,341 [INFO] gz_system.main_gz: Dashboard paint loop: 0.0 FPS (main thread)
2026-09-01 09:23:10,373 [INFO] core.mission.gorev3_pickup: [KANCA_IZ] t=16.16 alt=0.367 off_n=-0.1032 off_e=-0.0393 nose_z=+0.0753
2026-09-01 09:23:10,482 [INFO] core.mission.gorev3_pickup: [KANCA_IZ] t=16.27 alt=0.368 off_n=-0.1052 off_e=-0.0395 nose_z=+0.0755
2026-09-01 09:23:10,590 [INFO] core.mission.gorev3_pickup: [KANCA_IZ] t=16.38 alt=0.369 off_n=-0.1072 off_e=-0.0392 nose_z=+0.0754
2026-09-01 09:23:10,590 [INFO] gz_system.gz_payload_actuator: [HOOK] APPROACHING  lat=  44.8mm ins=   +0.6mm tilt= 11.3deg v=0.006m/s age=0.03s  [lateral(44.8mm>10.2mm)]
QGC port check failed, reporting UNKNOWN: (pid=27647)
2026-09-01 09:23:10,700 [INFO] core.mission.gorev3_pickup: [KANCA_IZ] t=16.49 alt=0.370 off_n=-0.1099 off_e=-0.0385 nose_z=+0.0754
2026-09-01 09:23:10,810 [INFO] core.mission.gorev3_pickup: [KANCA_IZ] t=16.60 alt=0.372 off_n=-0.1124 off_e=-0.0375 nose_z=+0.0752
2026-09-01 09:23:10,919 [INFO] core.mission.gorev3_pickup: [KANCA_IZ] t=16.71 alt=0.374 off_n=-0.1157 off_e=-0.0359 nose_z=+0.0746
2026-09-01 09:23:11,028 [INFO] core.mission.gorev3_pickup: [KANCA_IZ] t=16.82 alt=0.377 off_n=-0.1190 off_e=-0.0339 nose_z=+0.0736
2026-09-01 09:23:11,138 [INFO] core.mission.gorev3_pickup: [KANCA_IZ] t=16.93 alt=0.378 off_n=-0.1220 off_e=-0.0321 nose_z=+0.0725
2026-09-01 09:23:11,247 [INFO] core.mission.gorev3_pickup: [KANCA_IZ] t=17.04 alt=0.377 off_n=-0.1244 off_e=-0.0296 nose_z=+0.0706
2026-09-01 09:23:11,356 [INFO] core.mission.gorev3_pickup: [KANCA_IZ] t=17.15 alt=0.376 off_n=-0.1233 off_e=-0.0274 nose_z=+0.0686
2026-09-01 09:23:11,467 [INFO] core.mission.gorev3_pickup: [KANCA_IZ] t=17.26 alt=0.374 off_n=-0.1181 off_e=-0.0248 nose_z=+0.0658
2026-09-01 09:23:11,576 [INFO] core.mission.gorev3_pickup: [KANCA_IZ] t=17.37 alt=0.371 off_n=-0.1114 off_e=-0.0224 nose_z=+0.0635
2026-09-01 09:23:11,627 [INFO] gz_system.gz_payload_actuator: [HOOK] APPROACHING  lat=  39.4mm ins=  +13.7mm tilt=  6.9deg v=0.060m/s age=0.02s  [lateral(39.4mm>10.2mm), rel_speed(0.060>0.05m/s)]
2026-09-01 09:23:11,685 [INFO] core.mission.gorev3_pickup: [KANCA_IZ] t=17.48 alt=0.369 off_n=-0.1034 off_e=-0.0192 nose_z=+0.0613
2026-09-01 09:23:11,796 [INFO] core.detection.vision_runtime: [VISION] detect() calisiyor -- bu karede 1 tespit: ['KIRMIZI_DIKDORTGEN']
2026-09-01 09:23:11,796 [INFO] core.mission.gorev3_pickup: [KANCA_IZ] t=17.59 alt=0.367 off_n=-0.0986 off_e=-0.0163 nose_z=+0.0600
2026-09-01 09:23:11,906 [INFO] core.mission.gorev3_pickup: [KANCA_IZ] t=17.70 alt=0.366 off_n=-0.0956 off_e=-0.0124 nose_z=+0.0589
2026-09-01 09:23:12,014 [INFO] core.mission.gorev3_pickup: [KANCA_IZ] t=17.81 alt=0.363 off_n=-0.0948 off_e=-0.0089 nose_z=+0.0583
2026-09-01 09:23:12,125 [INFO] core.mission.gorev3_pickup: [KANCA_IZ] t=17.92 alt=0.361 off_n=-0.0936 off_e=-0.0048 nose_z=+0.0581
2026-09-01 09:23:12,235 [INFO] core.mission.gorev3_pickup: [KANCA_IZ] t=18.03 alt=0.359 off_n=-0.0920 off_e=-0.0016 nose_z=+0.0582
2026-09-01 09:23:12,344 [INFO] core.mission.gorev3_pickup: [KANCA_IZ] t=18.14 alt=0.358 off_n=-0.0896 off_e=-0.0001 nose_z=+0.0587
2026-09-01 09:23:12,453 [INFO] core.mission.gorev3_pickup: [KANCA_IZ] t=18.25 alt=0.358 off_n=-0.0878 off_e=-0.0002 nose_z=+0.0594
2026-09-01 09:23:12,561 [INFO] core.mission.gorev3_pickup: [KANCA_IZ] t=18.35 alt=0.359 off_n=-0.0875 off_e=-0.0010 nose_z=+0.0600
QGC port check failed, reporting UNKNOWN: (pid=27647)
2026-09-01 09:23:12,669 [INFO] core.mission.gorev3_pickup: [KANCA_IZ] t=18.46 alt=0.359 off_n=-0.0885 off_e=-0.0020 nose_z=+0.0606
2026-09-01 09:23:12,669 [INFO] gz_system.gz_payload_actuator: [HOOK] APPROACHING  lat=  50.4mm ins=  +15.3mm tilt=  0.6deg v=0.038m/s age=0.03s  [lateral(50.4mm>10.2mm)]
2026-09-01 09:23:12,778 [INFO] core.mission.gorev3_pickup: [KANCA_IZ] t=18.57 alt=0.360 off_n=-0.0904 off_e=-0.0031 nose_z=+0.0613
2026-09-01 09:23:12,888 [INFO] core.mission.gorev3_pickup: [KANCA_IZ] t=18.68 alt=0.362 off_n=-0.0921 off_e=-0.0033 nose_z=+0.0618
2026-09-01 09:23:12,997 [INFO] core.mission.gorev3_pickup: [KANCA_IZ] t=18.79 alt=0.363 off_n=-0.0928 off_e=-0.0027 nose_z=+0.0621
2026-09-01 09:23:13,106 [INFO] core.mission.gorev3_pickup: [KANCA_IZ] t=18.90 alt=0.363 off_n=-0.0925 off_e=-0.0016 nose_z=+0.0623
2026-09-01 09:23:13,216 [INFO] core.mission.gorev3_pickup: [KANCA_IZ] t=19.01 alt=0.363 off_n=-0.0914 off_e=-0.0005 nose_z=+0.0625
2026-09-01 09:23:13,268 [INFO] gz_system.gz_payload_actuator: [KANCA_DENGE] oturma penceresi ortalama kanca_ofset=(-0.0938, -0.0058)  (220 ornek)
2026-09-01 09:23:13,268 [WARNING] gz_system.gz_payload_actuator: [HOOK] OTURMADI (12.0 s). En iyi ESZAMANLI ornek: lat=  27.0mm ins=   -4.0mm tilt=  2.5deg v=0.034m/s age=0.00s (1 kapi ihlali). CAPTURE_CANDIDATE ornegi: 0/220. Kapi retleri: lateral=220, rel_speed=28, tilt=19, too_high=1. Sinirlar: yanal<=10.2 mm, dwell 0.30 s.
2026-09-01 09:23:13,268 [WARNING] gz_system.gz_payload_actuator: [HOOK] oturma dogrulanmadi (12.0s) -- /hook/attach YAYINLANMADI, vinc cekiliyor, tekrar denenecek
2026-09-01 09:23:13,268 [INFO] gz_system.gz_payload_actuator: [HOOK] vinc -> 0.00 m
I0901 09:23:13.268488 13346222 fork_posix.cc:71] Other threads are currently calling into gRPC, skipping fork() handlers
2026-09-01 09:23:13,328 [INFO] core.mission.gorev3_pickup: [KANCA_IZ] t=19.12 alt=0.363 off_n=-0.0906 off_e=-0.0001 nose_z=+0.0626
2026-09-01 09:23:13,437 [INFO] core.mission.gorev3_pickup: [KANCA_IZ] t=19.23 alt=0.362 off_n=-0.0902 off_e=-0.0002 nose_z=+0.0627
2026-09-01 09:23:13,547 [INFO] core.mission.gorev3_pickup: [KANCA_IZ] t=19.34 alt=0.363 off_n=-0.0905 off_e=-0.0006 nose_z=+0.0628
2026-09-01 09:23:13,656 [INFO] core.mission.gorev3_pickup: [KANCA_IZ] t=19.45 alt=0.363 off_n=-0.0911 off_e=-0.0011 nose_z=+0.0629
2026-09-01 09:23:13,766 [INFO] core.mission.gorev3_pickup: [KANCA_IZ] t=19.56 alt=0.364 off_n=-0.0914 off_e=-0.0013 nose_z=+0.0630
2026-09-01 09:23:13,876 [INFO] core.mission.gorev3_pickup: [KANCA_IZ] t=19.67 alt=0.364 off_n=-0.0914 off_e=-0.0011 nose_z=+0.0631
2026-09-01 09:23:13,986 [INFO] core.mission.gorev3_pickup: [KANCA_IZ] t=19.78 alt=0.364 off_n=-0.0910 off_e=-0.0007 nose_z=+0.0632
2026-09-01 09:23:14,096 [INFO] core.mission.gorev3_pickup: [KANCA_IZ] t=19.89 alt=0.363 off_n=-0.0903 off_e=-0.0003 nose_z=+0.0633
2026-09-01 09:23:14,206 [INFO] core.mission.gorev3_pickup: [KANCA_IZ] t=20.00 alt=0.363 off_n=-0.0893 off_e=-0.0013 nose_z=+0.0635
2026-09-01 09:23:14,315 [INFO] core.mission.gorev3_pickup: [KANCA_IZ] t=20.11 alt=0.363 off_n=-0.0881 off_e=-0.0021 nose_z=+0.1194
2026-09-01 09:23:14,423 [INFO] core.mission.gorev3_pickup: [KANCA_IZ] t=20.22 alt=0.362 off_n=-0.0654 off_e=+0.0147 nose_z=+0.2259
2026-09-01 09:23:14,533 [INFO] core.mission.gorev3_pickup: [KANCA_IZ] t=20.33 alt=0.362 off_n=-0.0267 off_e=+0.0370 nose_z=+0.3001
2026-09-01 09:23:14,642 [INFO] core.mission.gorev3_pickup: [KANCA_IZ] t=20.43 alt=0.364 off_n=-0.0158 off_e=-0.0138 nose_z=+0.3589
QGC port check failed, reporting UNKNOWN: (pid=27647)
2026-09-01 09:23:14,751 [INFO] core.mission.gorev3_pickup: [KANCA_IZ] t=20.54 alt=0.366 off_n=-0.0568 off_e=-0.0765 nose_z=+0.4113
2026-09-01 09:23:14,861 [INFO] core.detection.vision_runtime: [VISION] detect() calisiyor -- bu karede 1 tespit: ['KIRMIZI_DIKDORTGEN']
2026-09-01 09:23:14,861 [INFO] core.mission.gorev3_pickup: [KANCA_IZ] t=20.65 alt=0.367 off_n=-0.1100 off_e=-0.1036 nose_z=+0.4541
2026-09-01 09:23:14,970 [INFO] core.mission.gorev3_pickup: [KANCA_IZ] t=20.76 alt=0.368 off_n=-0.1323 off_e=-0.0856 nose_z=+0.4562
2026-09-01 09:23:15,078 [INFO] core.mission.gorev3_pickup: [KANCA_IZ] t=20.87 alt=0.369 off_n=-0.1226 off_e=-0.0335 nose_z=+0.4352
2026-09-01 09:23:15,188 [INFO] core.mission.gorev3_pickup: [KANCA_IZ] t=20.98 alt=0.371 off_n=-0.0909 off_e=+0.0124 nose_z=+0.4247
2026-09-01 09:23:15,189 [INFO] core.mission.gorev3_pickup: [YENIDEN_HIZA] deneme 2 oncesi, kanca havada -- duzeltme yeniden kosuluyor
2026-09-01 09:23:15,189 [INFO] core.mission.gorev3_pickup: [SON_DUZELTME] 1/6 yanal 29.9 mm -> (kuzey +0.006, dogu +0.014)  | kanca_ofset=(-0.0837, +0.0197) arac_ned=(78.8312, 3.2493) kanca_mutlak=(78.7475, 3.2690)
2026-09-01 09:23:15,298 [INFO] core.mission.gorev3_pickup: [KANCA_IZ] t=21.09 alt=0.371 off_n=-0.0527 off_e=+0.0413 nose_z=+0.4257
2026-09-01 09:23:15,373 [INFO] gz_system.main_gz: Dashboard paint loop: 0.0 FPS (main thread)
2026-09-01 09:23:15,407 [INFO] core.mission.gorev3_pickup: [KANCA_IZ] t=21.20 alt=0.372 off_n=-0.0389 off_e=+0.0376 nose_z=+0.4249
2026-09-01 09:23:15,516 [INFO] core.mission.gorev3_pickup: [KANCA_IZ] t=21.31 alt=0.371 off_n=-0.0491 off_e=+0.0118 nose_z=+0.4179
2026-09-01 09:23:15,625 [INFO] core.mission.gorev3_pickup: [KANCA_IZ] t=21.42 alt=0.370 off_n=-0.0735 off_e=-0.0140 nose_z=+0.4139
2026-09-01 09:23:15,733 [INFO] core.mission.gorev3_pickup: [KANCA_IZ] t=21.53 alt=0.369 off_n=-0.1021 off_e=-0.0306 nose_z=+0.4140
2026-09-01 09:23:15,842 [INFO] core.mission.gorev3_pickup: [KANCA_IZ] t=21.63 alt=0.368 off_n=-0.1146 off_e=-0.0280 nose_z=+0.4136
2026-09-01 09:23:15,952 [INFO] core.mission.gorev3_pickup: [KANCA_IZ] t=21.74 alt=0.369 off_n=-0.1097 off_e=-0.0093 nose_z=+0.4104
2026-09-01 09:23:16,061 [INFO] core.mission.gorev3_pickup: [KANCA_IZ] t=21.85 alt=0.369 off_n=-0.0941 off_e=+0.0088 nose_z=+0.4088
2026-09-01 09:23:16,170 [INFO] core.mission.gorev3_pickup: [KANCA_IZ] t=21.96 alt=0.370 off_n=-0.0752 off_e=+0.0208 nose_z=+0.4093
2026-09-01 09:23:16,279 [INFO] core.mission.gorev3_pickup: [KANCA_IZ] t=22.07 alt=0.371 off_n=-0.0670 off_e=+0.0191 nose_z=+0.4092
2026-09-01 09:23:16,388 [INFO] core.mission.gorev3_pickup: [KANCA_IZ] t=22.18 alt=0.372 off_n=-0.0711 off_e=+0.0060 nose_z=+0.4072
2026-09-01 09:23:16,500 [INFO] core.mission.gorev3_pickup: [KANCA_IZ] t=22.29 alt=0.373 off_n=-0.0829 off_e=-0.0070 nose_z=+0.4057
2026-09-01 09:23:16,609 [INFO] core.mission.gorev3_pickup: [KANCA_IZ] t=22.40 alt=0.373 off_n=-0.0978 off_e=-0.0160 nose_z=+0.4049
QGC port check failed, reporting UNKNOWN: (pid=27647)
2026-09-01 09:23:16,719 [INFO] core.mission.gorev3_pickup: [KANCA_IZ] t=22.51 alt=0.372 off_n=-0.1041 off_e=-0.0150 nose_z=+0.4041
2026-09-01 09:23:16,829 [INFO] core.mission.gorev3_pickup: [KANCA_IZ] t=22.62 alt=0.370 off_n=-0.1019 off_e=-0.0059 nose_z=+0.4025
2026-09-01 09:23:16,939 [INFO] core.mission.gorev3_pickup: [KANCA_IZ] t=22.73 alt=0.366 off_n=-0.0924 off_e=+0.0047 nose_z=+0.4014
2026-09-01 09:23:17,048 [INFO] core.mission.gorev3_pickup: [KANCA_IZ] t=22.84 alt=0.364 off_n=-0.0837 off_e=+0.0099 nose_z=+0.4013
2026-09-01 09:23:17,158 [INFO] core.mission.gorev3_pickup: [KANCA_IZ] t=22.95 alt=0.363 off_n=-0.0787 off_e=+0.0090 nose_z=+0.4013
2026-09-01 09:23:17,267 [INFO] core.mission.gorev3_pickup: [KANCA_IZ] t=23.06 alt=0.361 off_n=-0.0801 off_e=+0.0037 nose_z=+0.4012
2026-09-01 09:23:17,377 [INFO] core.mission.gorev3_pickup: [KANCA_IZ] t=23.17 alt=0.359 off_n=-0.0867 off_e=-0.0039 nose_z=+0.4014
2026-09-01 09:23:17,485 [INFO] core.mission.gorev3_pickup: [KANCA_IZ] t=23.28 alt=0.358 off_n=-0.0944 off_e=-0.0084 nose_z=+0.4025
2026-09-01 09:23:17,595 [INFO] core.mission.gorev3_pickup: [KANCA_IZ] t=23.39 alt=0.357 off_n=-0.0977 off_e=-0.0079 nose_z=+0.4035
2026-09-01 09:23:17,705 [INFO] core.mission.gorev3_pickup: [KANCA_IZ] t=23.50 alt=0.357 off_n=-0.0963 off_e=-0.0032 nose_z=+0.4048
2026-09-01 09:23:17,814 [INFO] core.mission.gorev3_pickup: [KANCA_IZ] t=23.61 alt=0.357 off_n=-0.0921 off_e=+0.0014 nose_z=+0.4061
2026-09-01 09:23:17,923 [INFO] core.detection.vision_runtime: [VISION] detect() calisiyor -- bu karede 1 tespit: ['KIRMIZI_DIKDORTGEN']
2026-09-01 09:23:17,923 [INFO] core.mission.gorev3_pickup: [KANCA_IZ] t=23.71 alt=0.358 off_n=-0.0867 off_e=+0.0047 nose_z=+0.4077
2026-09-01 09:23:17,956 [INFO] core.mission.gorev3_pickup: [SON_DUZELTME] 2/6 yanal 23.7 mm -> (kuzey +0.006, dogu +0.010)  | kanca_ofset=(-0.0854, +0.0049) arac_ned=(78.8317, 3.2716) kanca_mutlak=(78.7463, 3.2765)
2026-09-01 09:23:18,034 [INFO] core.mission.gorev3_pickup: [KANCA_IZ] t=23.83 alt=0.359 off_n=-0.0843 off_e=+0.0044 nose_z=+0.4090
2026-09-01 09:23:18,142 [INFO] core.mission.gorev3_pickup: [KANCA_IZ] t=23.93 alt=0.361 off_n=-0.0848 off_e=+0.0019 nose_z=+0.4102
2026-09-01 09:23:18,252 [INFO] core.mission.gorev3_pickup: [KANCA_IZ] t=24.04 alt=0.362 off_n=-0.0883 off_e=-0.0021 nose_z=+0.4115
2026-09-01 09:23:18,363 [INFO] core.mission.gorev3_pickup: [KANCA_IZ] t=24.16 alt=0.363 off_n=-0.0916 off_e=-0.0044 nose_z=+0.4124
2026-09-01 09:23:18,473 [INFO] core.mission.gorev3_pickup: [KANCA_IZ] t=24.27 alt=0.364 off_n=-0.0940 off_e=-0.0045 nose_z=+0.4134
2026-09-01 09:23:18,583 [INFO] core.mission.gorev3_pickup: [KANCA_IZ] t=24.37 alt=0.366 off_n=-0.0936 off_e=-0.0027 nose_z=+0.4140
QGC port check failed, reporting UNKNOWN: (pid=27647)
2026-09-01 09:23:18,693 [INFO] core.mission.gorev3_pickup: [KANCA_IZ] t=24.48 alt=0.367 off_n=-0.0911 off_e=+0.0003 nose_z=+0.4145
2026-09-01 09:23:18,801 [INFO] core.mission.gorev3_pickup: [KANCA_IZ] t=24.59 alt=0.368 off_n=-0.0883 off_e=+0.0021 nose_z=+0.4147
2026-09-01 09:23:18,910 [INFO] core.mission.gorev3_pickup: [KANCA_IZ] t=24.70 alt=0.369 off_n=-0.0870 off_e=+0.0021 nose_z=+0.4148
2026-09-01 09:23:19,020 [INFO] core.mission.gorev3_pickup: [KANCA_IZ] t=24.81 alt=0.370 off_n=-0.0874 off_e=+0.0006 nose_z=+0.4146
2026-09-01 09:23:19,129 [INFO] core.mission.gorev3_pickup: [KANCA_IZ] t=24.92 alt=0.370 off_n=-0.0890 off_e=-0.0012 nose_z=+0.4143
2026-09-01 09:23:19,238 [INFO] core.mission.gorev3_pickup: [KANCA_IZ] t=25.03 alt=0.372 off_n=-0.0911 off_e=-0.0027 nose_z=+0.4138
2026-09-01 09:23:19,347 [INFO] core.mission.gorev3_pickup: [KANCA_IZ] t=25.14 alt=0.374 off_n=-0.0920 off_e=-0.0028 nose_z=+0.4132
2026-09-01 09:23:19,456 [INFO] core.mission.gorev3_pickup: [KANCA_IZ] t=25.25 alt=0.374 off_n=-0.0917 off_e=-0.0017 nose_z=+0.4123
2026-09-01 09:23:19,565 [INFO] core.mission.gorev3_pickup: [KANCA_IZ] t=25.36 alt=0.375 off_n=-0.0905 off_e=-0.0004 nose_z=+0.4113
2026-09-01 09:23:19,674 [INFO] core.mission.gorev3_pickup: [KANCA_IZ] t=25.47 alt=0.374 off_n=-0.0893 off_e=+0.0005 nose_z=+0.4102
2026-09-01 09:23:19,785 [INFO] core.mission.gorev3_pickup: [KANCA_IZ] t=25.58 alt=0.373 off_n=-0.0884 off_e=+0.0007 nose_z=+0.4089
2026-09-01 09:23:19,894 [INFO] core.mission.gorev3_pickup: [KANCA_IZ] t=25.69 alt=0.371 off_n=-0.0886 off_e=+0.0000 nose_z=+0.4078
2026-09-01 09:23:20,002 [INFO] core.mission.gorev3_pickup: [KANCA_IZ] t=25.79 alt=0.369 off_n=-0.0895 off_e=-0.0011 nose_z=+0.4068
2026-09-01 09:23:20,113 [INFO] core.mission.gorev3_pickup: [KANCA_IZ] t=25.90 alt=0.368 off_n=-0.0905 off_e=-0.0019 nose_z=+0.4061
2026-09-01 09:23:20,222 [INFO] core.mission.gorev3_pickup: [KANCA_IZ] t=26.01 alt=0.367 off_n=-0.0911 off_e=-0.0020 nose_z=+0.4055
2026-09-01 09:23:20,330 [INFO] core.mission.gorev3_pickup: [KANCA_IZ] t=26.12 alt=0.366 off_n=-0.0909 off_e=-0.0016 nose_z=+0.4052
2026-09-01 09:23:20,375 [INFO] gz_system.main_gz: Dashboard paint loop: 0.0 FPS (main thread)
2026-09-01 09:23:20,440 [INFO] core.mission.gorev3_pickup: [KANCA_IZ] t=26.23 alt=0.363 off_n=-0.0902 off_e=-0.0007 nose_z=+0.4052
2026-09-01 09:23:20,549 [INFO] core.mission.gorev3_pickup: [KANCA_IZ] t=26.34 alt=0.362 off_n=-0.0895 off_e=-0.0001 nose_z=+0.4053
2026-09-01 09:23:20,549 [INFO] core.mission.gorev3_pickup: [SON_DUZELTME] 3/6 yanal 19.4 mm -> (kuzey +0.008, dogu -0.006)  | kanca_ofset=(-0.0895, -0.0001) arac_ned=(78.8326, 3.3082) kanca_mutlak=(78.7431, 3.3081)
QGC port check failed, reporting UNKNOWN: (pid=27647)
2026-09-01 09:23:20,658 [INFO] core.mission.gorev3_pickup: [KANCA_IZ] t=26.45 alt=0.361 off_n=-0.0891 off_e=+0.0000 nose_z=+0.4058
2026-09-01 09:23:20,768 [INFO] core.mission.gorev3_pickup: [KANCA_IZ] t=26.56 alt=0.361 off_n=-0.0892 off_e=-0.0001 nose_z=+0.4064
2026-09-01 09:23:20,877 [INFO] core.mission.gorev3_pickup: [KANCA_IZ] t=26.67 alt=0.361 off_n=-0.0898 off_e=-0.0007 nose_z=+0.4072
2026-09-01 09:23:20,985 [INFO] core.detection.vision_runtime: [VISION] detect() calisiyor -- bu karede 1 tespit: ['KIRMIZI_DIKDORTGEN']
2026-09-01 09:23:20,985 [INFO] core.mission.gorev3_pickup: [KANCA_IZ] t=26.78 alt=0.362 off_n=-0.0903 off_e=-0.0013 nose_z=+0.4079
2026-09-01 09:23:21,095 [INFO] core.mission.gorev3_pickup: [KANCA_IZ] t=26.89 alt=0.362 off_n=-0.0906 off_e=-0.0015 nose_z=+0.4087
2026-09-01 09:23:21,205 [INFO] core.mission.gorev3_pickup: [KANCA_IZ] t=27.00 alt=0.363 off_n=-0.0905 off_e=-0.0014 nose_z=+0.4094
2026-09-01 09:23:21,314 [INFO] core.mission.gorev3_pickup: [KANCA_IZ] t=27.11 alt=0.364 off_n=-0.0902 off_e=-0.0009 nose_z=+0.4100
2026-09-01 09:23:21,422 [INFO] core.mission.gorev3_pickup: [KANCA_IZ] t=27.21 alt=0.365 off_n=-0.0898 off_e=-0.0005 nose_z=+0.4105
2026-09-01 09:23:21,533 [INFO] core.mission.gorev3_pickup: [KANCA_IZ] t=27.33 alt=0.367 off_n=-0.0896 off_e=-0.0002 nose_z=+0.4108
2026-09-01 09:23:21,642 [INFO] core.mission.gorev3_pickup: [KANCA_IZ] t=27.43 alt=0.369 off_n=-0.0896 off_e=-0.0002 nose_z=+0.4109
2026-09-01 09:23:21,751 [INFO] core.mission.gorev3_pickup: [KANCA_IZ] t=27.54 alt=0.370 off_n=-0.0899 off_e=-0.0005 nose_z=+0.4108
2026-09-01 09:23:21,861 [INFO] core.mission.gorev3_pickup: [KANCA_IZ] t=27.65 alt=0.370 off_n=-0.0901 off_e=-0.0007 nose_z=+0.4106
2026-09-01 09:23:21,970 [INFO] core.mission.gorev3_pickup: [KANCA_IZ] t=27.76 alt=0.370 off_n=-0.0902 off_e=-0.0009 nose_z=+0.4102
2026-09-01 09:23:22,079 [INFO] core.mission.gorev3_pickup: [KANCA_IZ] t=27.87 alt=0.369 off_n=-0.0902 off_e=-0.0009 nose_z=+0.4098
2026-09-01 09:23:22,188 [INFO] core.mission.gorev3_pickup: [KANCA_IZ] t=27.98 alt=0.367 off_n=-0.0901 off_e=-0.0008 nose_z=+0.4093
2026-09-01 09:23:22,299 [INFO] core.mission.gorev3_pickup: [KANCA_IZ] t=28.09 alt=0.365 off_n=-0.0900 off_e=-0.0006 nose_z=+0.4092
2026-09-01 09:23:22,408 [INFO] core.mission.gorev3_pickup: [KANCA_IZ] t=28.20 alt=0.363 off_n=-0.0898 off_e=-0.0004 nose_z=+0.4092
2026-09-01 09:23:22,518 [INFO] core.mission.gorev3_pickup: [KANCA_IZ] t=28.31 alt=0.361 off_n=-0.0898 off_e=-0.0004 nose_z=+0.4096
2026-09-01 09:23:22,627 [INFO] core.mission.gorev3_pickup: [KANCA_IZ] t=28.42 alt=0.359 off_n=-0.0898 off_e=-0.0006 nose_z=+0.4104
QGC port check failed, reporting UNKNOWN: (pid=27647)
2026-09-01 09:23:22,736 [INFO] core.mission.gorev3_pickup: [KANCA_IZ] t=28.53 alt=0.357 off_n=-0.0899 off_e=-0.0007 nose_z=+0.4115
2026-09-01 09:23:22,845 [INFO] core.mission.gorev3_pickup: [KANCA_IZ] t=28.64 alt=0.356 off_n=-0.0901 off_e=-0.0009 nose_z=+0.4130
2026-09-01 09:23:22,955 [INFO] core.mission.gorev3_pickup: [KANCA_IZ] t=28.75 alt=0.356 off_n=-0.0902 off_e=-0.0008 nose_z=+0.4144
2026-09-01 09:23:23,066 [INFO] core.mission.gorev3_pickup: [KANCA_IZ] t=28.86 alt=0.357 off_n=-0.0901 off_e=-0.0007 nose_z=+0.4161
2026-09-01 09:23:23,066 [INFO] core.mission.gorev3_pickup: [SON_DUZELTME] 4/6 yanal 13.4 mm -> (kuzey +0.003, dogu -0.006)  | kanca_ofset=(-0.0901, -0.0007) arac_ned=(78.8431, 3.3093) kanca_mutlak=(78.7529, 3.3087)
2026-09-01 09:23:23,175 [INFO] core.mission.gorev3_pickup: [KANCA_IZ] t=28.97 alt=0.357 off_n=-0.0899 off_e=-0.0006 nose_z=+0.4179
2026-09-01 09:23:23,285 [INFO] core.mission.gorev3_pickup: [KANCA_IZ] t=29.08 alt=0.356 off_n=-0.0898 off_e=-0.0006 nose_z=+0.4195
2026-09-01 09:23:23,394 [INFO] core.mission.gorev3_pickup: [KANCA_IZ] t=29.19 alt=0.357 off_n=-0.0898 off_e=-0.0007 nose_z=+0.4211
2026-09-01 09:23:23,503 [INFO] core.mission.gorev3_pickup: [KANCA_IZ] t=29.29 alt=0.357 off_n=-0.0899 off_e=-0.0008 nose_z=+0.4231
2026-09-01 09:23:23,613 [INFO] core.mission.gorev3_pickup: [KANCA_IZ] t=29.40 alt=0.358 off_n=-0.0900 off_e=-0.0009 nose_z=+0.4247
2026-09-01 09:23:23,721 [INFO] core.mission.gorev3_pickup: [KANCA_IZ] t=29.51 alt=0.359 off_n=-0.0901 off_e=-0.0009 nose_z=+0.4266
2026-09-01 09:23:23,830 [INFO] core.mission.gorev3_pickup: [KANCA_IZ] t=29.62 alt=0.360 off_n=-0.0901 off_e=-0.0008 nose_z=+0.4282
2026-09-01 09:23:23,939 [INFO] core.mission.gorev3_pickup: [KANCA_IZ] t=29.73 alt=0.361 off_n=-0.0900 off_e=-0.0008 nose_z=+0.4299
2026-09-01 09:23:24,048 [INFO] core.detection.vision_runtime: [VISION] detect() calisiyor -- bu karede 1 tespit: ['KIRMIZI_DIKDORTGEN']
2026-09-01 09:23:24,048 [INFO] core.mission.gorev3_pickup: [KANCA_IZ] t=29.84 alt=0.364 off_n=-0.0898 off_e=-0.0007 nose_z=+0.4312
2026-09-01 09:23:24,156 [INFO] core.mission.gorev3_pickup: [KANCA_IZ] t=29.95 alt=0.365 off_n=-0.0897 off_e=-0.0006 nose_z=+0.4325
2026-09-01 09:23:24,267 [INFO] core.mission.gorev3_pickup: [KANCA_IZ] t=30.06 alt=0.366 off_n=-0.0897 off_e=-0.0007 nose_z=+0.4335
2026-09-01 09:23:24,376 [INFO] core.mission.gorev3_pickup: [KANCA_IZ] t=30.17 alt=0.366 off_n=-0.0898 off_e=-0.0007 nose_z=+0.4345
2026-09-01 09:23:24,485 [INFO] core.mission.gorev3_pickup: [KANCA_IZ] t=30.28 alt=0.367 off_n=-0.0899 off_e=-0.0008 nose_z=+0.4352
2026-09-01 09:23:24,594 [INFO] core.mission.gorev3_pickup: [KANCA_IZ] t=30.39 alt=0.368 off_n=-0.0901 off_e=-0.0007 nose_z=+0.4358
QGC port check failed, reporting UNKNOWN: (pid=27647)
2026-09-01 09:23:24,703 [INFO] core.mission.gorev3_pickup: [KANCA_IZ] t=30.50 alt=0.369 off_n=-0.0901 off_e=-0.0007 nose_z=+0.4362
2026-09-01 09:23:24,811 [INFO] core.mission.gorev3_pickup: [KANCA_IZ] t=30.60 alt=0.369 off_n=-0.0900 off_e=-0.0007 nose_z=+0.4365
2026-09-01 09:23:24,921 [INFO] core.mission.gorev3_pickup: [KANCA_IZ] t=30.71 alt=0.369 off_n=-0.0899 off_e=-0.0007 nose_z=+0.4368
2026-09-01 09:23:25,031 [INFO] core.mission.gorev3_pickup: [KANCA_IZ] t=30.82 alt=0.368 off_n=-0.0898 off_e=-0.0007 nose_z=+0.4370
2026-09-01 09:23:25,139 [INFO] core.mission.gorev3_pickup: [KANCA_IZ] t=30.93 alt=0.365 off_n=-0.0897 off_e=-0.0008 nose_z=+0.4374
2026-09-01 09:23:25,248 [INFO] core.mission.gorev3_pickup: [KANCA_IZ] t=31.04 alt=0.365 off_n=-0.0897 off_e=-0.0008 nose_z=+0.4382
2026-09-01 09:23:25,358 [INFO] core.mission.gorev3_pickup: [KANCA_IZ] t=31.15 alt=0.365 off_n=-0.0899 off_e=-0.0008 nose_z=+0.4389
2026-09-01 09:23:25,384 [INFO] gz_system.main_gz: Dashboard paint loop: 0.0 FPS (main thread)
2026-09-01 09:23:25,466 [INFO] core.mission.gorev3_pickup: [KANCA_IZ] t=31.26 alt=0.366 off_n=-0.0901 off_e=-0.0008 nose_z=+0.4400
2026-09-01 09:23:25,576 [INFO] core.mission.gorev3_pickup: [KANCA_IZ] t=31.37 alt=0.367 off_n=-0.0902 off_e=-0.0008 nose_z=+0.4408
2026-09-01 09:23:25,576 [INFO] core.mission.gorev3_pickup: [SON_DUZELTME] 5/6 yanal 5.9 mm -- hedefin icinde.
2026-09-01 09:23:25,576 [INFO] core.mission.gorev3_pickup: [YENIDEN_HIZA] deneme 2 icin yeni yanal: 5.9 mm
2026-09-01 09:23:25,576 [INFO] gz_system.gz_payload_actuator: [HOOK] alma denemesi 2/3
2026-09-01 09:23:25,576 [INFO] gz_system.gz_payload_actuator: [HOOK] vinc salimi: 0.399 m  (irtifa=0.369 m, guverte=0.070, zincir ofseti=0.060, pay=0.040)
2026-09-01 09:23:25,576 [INFO] gz_system.gz_payload_actuator: [HOOK] vinc -> 0.40 m
I0901 09:23:25.576893 13346222 fork_posix.cc:71] Other threads are currently calling into gRPC, skipping fork() handlers
2026-09-01 09:23:25,687 [INFO] core.mission.gorev3_pickup: [KANCA_IZ] t=31.48 alt=0.369 off_n=-0.0901 off_e=-0.0008 nose_z=+0.4417
2026-09-01 09:23:25,797 [INFO] core.mission.gorev3_pickup: [KANCA_IZ] t=31.59 alt=0.372 off_n=-0.0899 off_e=-0.0007 nose_z=+0.4422
2026-09-01 09:23:25,906 [INFO] core.mission.gorev3_pickup: [KANCA_IZ] t=31.70 alt=0.373 off_n=-0.0899 off_e=-0.0006 nose_z=+0.4425
2026-09-01 09:23:26,017 [INFO] core.mission.gorev3_pickup: [KANCA_IZ] t=31.81 alt=0.374 off_n=-0.0900 off_e=-0.0006 nose_z=+0.4425
2026-09-01 09:23:26,125 [INFO] core.mission.gorev3_pickup: [KANCA_IZ] t=31.92 alt=0.374 off_n=-0.0901 off_e=-0.0006 nose_z=+0.4422
2026-09-01 09:23:26,234 [INFO] core.mission.gorev3_pickup: [KANCA_IZ] t=32.03 alt=0.374 off_n=-0.0901 off_e=-0.0007 nose_z=+0.4420
2026-09-01 09:23:26,343 [INFO] core.mission.gorev3_pickup: [KANCA_IZ] t=32.14 alt=0.376 off_n=-0.0901 off_e=-0.0008 nose_z=+0.4415
2026-09-01 09:23:26,453 [INFO] core.mission.gorev3_pickup: [KANCA_IZ] t=32.25 alt=0.378 off_n=-0.0902 off_e=-0.0009 nose_z=+0.4410
2026-09-01 09:23:26,504 [INFO] gz_system.gz_payload_actuator: [HOOK] APPROACHING  lat=  39.1mm ins= -364.6mm tilt=  0.3deg v=  infm/s age=0.02s  [lateral(39.1mm>10.2mm), too_high(-364.6mm<-4.0mm), rel_speed(inf>0.05m/s)]
2026-09-01 09:23:26,563 [INFO] core.mission.gorev3_pickup: [KANCA_IZ] t=32.35 alt=0.380 off_n=-0.0898 off_e=-0.0009 nose_z=+0.4186
QGC port check failed, reporting UNKNOWN: (pid=27647)
2026-09-01 09:23:26,673 [INFO] core.mission.gorev3_pickup: [KANCA_IZ] t=32.47 alt=0.382 off_n=-0.0900 off_e=-0.0010 nose_z=+0.3681
2026-09-01 09:23:26,783 [INFO] core.mission.gorev3_pickup: [KANCA_IZ] t=32.58 alt=0.384 off_n=-0.0904 off_e=-0.0010 nose_z=+0.3067
2026-09-01 09:23:26,893 [INFO] core.mission.gorev3_pickup: [KANCA_IZ] t=32.69 alt=0.385 off_n=-0.0905 off_e=-0.0010 nose_z=+0.2551
2026-09-01 09:23:27,002 [INFO] core.mission.gorev3_pickup: [KANCA_IZ] t=32.79 alt=0.385 off_n=-0.0903 off_e=-0.0011 nose_z=+0.1929
2026-09-01 09:23:27,112 [INFO] core.detection.vision_runtime: [VISION] detect() calisiyor -- bu karede 1 tespit: ['KIRMIZI_DIKDORTGEN']
2026-09-01 09:23:27,112 [INFO] core.mission.gorev3_pickup: [KANCA_IZ] t=32.90 alt=0.386 off_n=-0.0898 off_e=-0.0013 nose_z=+0.1409
2026-09-01 09:23:27,221 [INFO] core.mission.gorev3_pickup: [KANCA_IZ] t=33.01 alt=0.386 off_n=-0.0890 off_e=-0.0015 nose_z=+0.0863
2026-09-01 09:23:27,330 [INFO] core.mission.gorev3_pickup: [KANCA_IZ] t=33.12 alt=0.387 off_n=-0.0886 off_e=-0.0015 nose_z=+0.0836
2026-09-01 09:23:27,439 [INFO] core.mission.gorev3_pickup: [KANCA_IZ] t=33.23 alt=0.387 off_n=-0.0887 off_e=-0.0014 nose_z=+0.0808
2026-09-01 09:23:27,546 [INFO] core.mission.gorev3_pickup: [KANCA_IZ] t=33.34 alt=0.387 off_n=-0.0901 off_e=-0.0013 nose_z=+0.0781
2026-09-01 09:23:27,546 [INFO] gz_system.gz_payload_actuator: [HOOK] APPROACHING  lat=  17.5mm ins=   -2.1mm tilt=  0.2deg v=0.063m/s age=0.01s  [lateral(17.5mm>10.2mm), rel_speed(0.063>0.05m/s)]
2026-09-01 09:23:27,655 [INFO] core.mission.gorev3_pickup: [KANCA_IZ] t=33.45 alt=0.387 off_n=-0.0906 off_e=-0.0016 nose_z=+0.0757
2026-09-01 09:23:27,764 [INFO] core.mission.gorev3_pickup: [KANCA_IZ] t=33.56 alt=0.389 off_n=-0.0862 off_e=-0.0026 nose_z=+0.0757
2026-09-01 09:23:27,873 [INFO] core.mission.gorev3_pickup: [KANCA_IZ] t=33.66 alt=0.391 off_n=-0.0836 off_e=-0.0041 nose_z=+0.0757
2026-09-01 09:23:27,982 [INFO] core.mission.gorev3_pickup: [KANCA_IZ] t=33.77 alt=0.394 off_n=-0.0828 off_e=-0.0055 nose_z=+0.0756
2026-09-01 09:23:28,090 [INFO] core.mission.gorev3_pickup: [KANCA_IZ] t=33.88 alt=0.396 off_n=-0.0834 off_e=-0.0074 nose_z=+0.0755
2026-09-01 09:23:28,200 [INFO] core.mission.gorev3_pickup: [KANCA_IZ] t=33.99 alt=0.398 off_n=-0.0850 off_e=-0.0089 nose_z=+0.0754
2026-09-01 09:23:28,309 [INFO] core.mission.gorev3_pickup: [KANCA_IZ] t=34.10 alt=0.401 off_n=-0.0880 off_e=-0.0106 nose_z=+0.0752
2026-09-01 09:23:28,419 [INFO] core.mission.gorev3_pickup: [KANCA_IZ] t=34.21 alt=0.403 off_n=-0.0911 off_e=-0.0120 nose_z=+0.0750
2026-09-01 09:23:28,528 [INFO] core.mission.gorev3_pickup: [KANCA_IZ] t=34.32 alt=0.404 off_n=-0.0955 off_e=-0.0135 nose_z=+0.0748
2026-09-01 09:23:28,578 [INFO] gz_system.gz_payload_actuator: [HOOK] APPROACHING  lat=  15.7mm ins=   +1.3mm tilt=  0.0deg v=0.002m/s age=0.00s  [lateral(15.7mm>10.2mm)]
2026-09-01 09:23:28,637 [INFO] core.mission.gorev3_pickup: [KANCA_IZ] t=34.43 alt=0.406 off_n=-0.0994 off_e=-0.0147 nose_z=+0.0747
QGC port check failed, reporting UNKNOWN: (pid=27647)
2026-09-01 09:23:28,746 [INFO] core.mission.gorev3_pickup: [KANCA_IZ] t=34.54 alt=0.408 off_n=-0.1033 off_e=-0.0159 nose_z=+0.0745
2026-09-01 09:23:28,856 [INFO] core.mission.gorev3_pickup: [KANCA_IZ] t=34.65 alt=0.409 off_n=-0.1075 off_e=-0.0173 nose_z=+0.0742
2026-09-01 09:23:28,965 [INFO] core.mission.gorev3_pickup: [KANCA_IZ] t=34.76 alt=0.409 off_n=-0.1112 off_e=-0.0190 nose_z=+0.0740
2026-09-01 09:23:29,074 [INFO] core.mission.gorev3_pickup: [KANCA_IZ] t=34.87 alt=0.408 off_n=-0.1138 off_e=-0.0207 nose_z=+0.0738
2026-09-01 09:23:29,183 [INFO] core.mission.gorev3_pickup: [KANCA_IZ] t=34.98 alt=0.407 off_n=-0.1164 off_e=-0.0234 nose_z=+0.0736
2026-09-01 09:23:29,293 [INFO] core.mission.gorev3_pickup: [KANCA_IZ] t=35.08 alt=0.406 off_n=-0.1180 off_e=-0.0257 nose_z=+0.0735
2026-09-01 09:23:29,401 [INFO] core.mission.gorev3_pickup: [KANCA_IZ] t=35.19 alt=0.405 off_n=-0.1191 off_e=-0.0285 nose_z=+0.0733
2026-09-01 09:23:29,510 [INFO] core.mission.gorev3_pickup: [KANCA_IZ] t=35.30 alt=0.403 off_n=-0.1200 off_e=-0.0318 nose_z=+0.0733
2026-09-01 09:23:29,619 [INFO] core.mission.gorev3_pickup: [KANCA_IZ] t=35.41 alt=0.401 off_n=-0.1206 off_e=-0.0357 nose_z=+0.0730
2026-09-01 09:23:29,619 [INFO] gz_system.gz_payload_actuator: [HOOK] APPROACHING  lat=  16.4mm ins=   +3.0mm tilt=  0.1deg v=0.002m/s age=0.01s  [lateral(16.4mm>10.2mm)]
2026-09-01 09:23:29,728 [INFO] core.mission.gorev3_pickup: [KANCA_IZ] t=35.52 alt=0.400 off_n=-0.1208 off_e=-0.0391 nose_z=+0.0730
2026-09-01 09:23:29,838 [INFO] core.mission.gorev3_pickup: [KANCA_IZ] t=35.63 alt=0.398 off_n=-0.1208 off_e=-0.0426 nose_z=+0.0729
2026-09-01 09:23:29,948 [INFO] core.mission.gorev3_pickup: [KANCA_IZ] t=35.74 alt=0.395 off_n=-0.1205 off_e=-0.0468 nose_z=+0.0727
2026-09-01 09:23:30,056 [INFO] core.mission.gorev3_pickup: [KANCA_IZ] t=35.85 alt=0.393 off_n=-0.1200 off_e=-0.0513 nose_z=+0.0726
2026-09-01 09:23:30,165 [INFO] core.detection.vision_runtime: [VISION] detect() calisiyor -- bu karede 1 tespit: ['KIRMIZI_DIKDORTGEN']
2026-09-01 09:23:30,165 [INFO] core.mission.gorev3_pickup: [KANCA_IZ] t=35.96 alt=0.393 off_n=-0.1196 off_e=-0.0550 nose_z=+0.0725
2026-09-01 09:23:30,275 [INFO] core.mission.gorev3_pickup: [KANCA_IZ] t=36.07 alt=0.392 off_n=-0.1193 off_e=-0.0594 nose_z=+0.0724
2026-09-01 09:23:30,384 [INFO] core.mission.gorev3_pickup: [KANCA_IZ] t=36.18 alt=0.391 off_n=-0.1192 off_e=-0.0630 nose_z=+0.0723
2026-09-01 09:23:30,411 [INFO] gz_system.main_gz: Dashboard paint loop: 0.0 FPS (main thread)
2026-09-01 09:23:30,492 [INFO] core.mission.gorev3_pickup: [KANCA_IZ] t=36.28 alt=0.390 off_n=-0.1193 off_e=-0.0670 nose_z=+0.0722
2026-09-01 09:23:30,603 [INFO] core.mission.gorev3_pickup: [KANCA_IZ] t=36.39 alt=0.388 off_n=-0.1195 off_e=-0.0702 nose_z=+0.0722
2026-09-01 09:23:30,654 [INFO] gz_system.gz_payload_actuator: [HOOK] APPROACHING  lat=  16.1mm ins=   +3.8mm tilt=  0.0deg v=0.001m/s age=0.01s  [lateral(16.1mm>10.2mm)]
QGC port check failed, reporting UNKNOWN: (pid=27647)
2026-09-01 09:23:30,711 [INFO] core.mission.gorev3_pickup: [KANCA_IZ] t=36.50 alt=0.386 off_n=-0.1198 off_e=-0.0736 nose_z=+0.0722
2026-09-01 09:23:30,820 [INFO] core.mission.gorev3_pickup: [KANCA_IZ] t=36.61 alt=0.383 off_n=-0.1201 off_e=-0.0761 nose_z=+0.0723
2026-09-01 09:23:30,930 [INFO] core.mission.gorev3_pickup: [KANCA_IZ] t=36.72 alt=0.380 off_n=-0.1204 off_e=-0.0783 nose_z=+0.0724
2026-09-01 09:23:31,039 [INFO] core.mission.gorev3_pickup: [KANCA_IZ] t=36.83 alt=0.375 off_n=-0.1207 off_e=-0.0807 nose_z=+0.0725
2026-09-01 09:23:31,147 [INFO] core.mission.gorev3_pickup: [KANCA_IZ] t=36.94 alt=0.374 off_n=-0.1206 off_e=-0.0823 nose_z=+0.0726
2026-09-01 09:23:31,256 [INFO] core.mission.gorev3_pickup: [KANCA_IZ] t=37.05 alt=0.372 off_n=-0.1204 off_e=-0.0839 nose_z=+0.0728
2026-09-01 09:23:31,365 [INFO] core.mission.gorev3_pickup: [KANCA_IZ] t=37.16 alt=0.371 off_n=-0.1200 off_e=-0.0848 nose_z=+0.0728
2026-09-01 09:23:31,475 [INFO] core.mission.gorev3_pickup: [KANCA_IZ] t=37.27 alt=0.370 off_n=-0.1192 off_e=-0.0855 nose_z=+0.0729
2026-09-01 09:23:31,583 [INFO] core.mission.gorev3_pickup: [KANCA_IZ] t=37.38 alt=0.368 off_n=-0.1183 off_e=-0.0859 nose_z=+0.0729
2026-09-01 09:23:31,693 [INFO] core.mission.gorev3_pickup: [KANCA_IZ] t=37.48 alt=0.367 off_n=-0.1170 off_e=-0.0859 nose_z=+0.0728
2026-09-01 09:23:31,693 [INFO] gz_system.gz_payload_actuator: [HOOK] APPROACHING  lat=  16.0mm ins=   +3.2mm tilt=  0.0deg v=0.001m/s age=0.02s  [lateral(16.0mm>10.2mm)]
2026-09-01 09:23:31,803 [INFO] core.mission.gorev3_pickup: [KANCA_IZ] t=37.60 alt=0.367 off_n=-0.1157 off_e=-0.0854 nose_z=+0.0727
2026-09-01 09:23:31,912 [INFO] core.mission.gorev3_pickup: [KANCA_IZ] t=37.70 alt=0.367 off_n=-0.1142 off_e=-0.0844 nose_z=+0.0726
2026-09-01 09:23:32,020 [INFO] core.mission.gorev3_pickup: [KANCA_IZ] t=37.81 alt=0.367 off_n=-0.1128 off_e=-0.0825 nose_z=+0.0726
2026-09-01 09:23:32,128 [INFO] core.mission.gorev3_pickup: [KANCA_IZ] t=37.92 alt=0.368 off_n=-0.1118 off_e=-0.0809 nose_z=+0.0724
2026-09-01 09:23:32,236 [INFO] core.mission.gorev3_pickup: [KANCA_IZ] t=38.03 alt=0.371 off_n=-0.1110 off_e=-0.0780 nose_z=+0.0723
2026-09-01 09:23:32,345 [INFO] core.mission.gorev3_pickup: [KANCA_IZ] t=38.14 alt=0.373 off_n=-0.1101 off_e=-0.0733 nose_z=+0.0725
2026-09-01 09:23:32,454 [INFO] core.mission.gorev3_pickup: [KANCA_IZ] t=38.25 alt=0.374 off_n=-0.1096 off_e=-0.0691 nose_z=+0.0726
2026-09-01 09:23:32,563 [INFO] core.mission.gorev3_pickup: [KANCA_IZ] t=38.36 alt=0.376 off_n=-0.1091 off_e=-0.0648 nose_z=+0.0727
QGC port check failed, reporting UNKNOWN: (pid=27647)
2026-09-01 09:23:32,672 [INFO] core.mission.gorev3_pickup: [KANCA_IZ] t=38.46 alt=0.378 off_n=-0.1087 off_e=-0.0609 nose_z=+0.0729
2026-09-01 09:23:32,723 [INFO] gz_system.gz_payload_actuator: [HOOK] APPROACHING  lat=  17.0mm ins=   +2.9mm tilt= 10.5deg v=0.024m/s age=0.01s  [lateral(17.0mm>10.2mm)]
2026-09-01 09:23:32,782 [INFO] core.mission.gorev3_pickup: [KANCA_IZ] t=38.57 alt=0.379 off_n=-0.1083 off_e=-0.0584 nose_z=+0.0731
2026-09-01 09:23:32,891 [INFO] core.mission.gorev3_pickup: [KANCA_IZ] t=38.68 alt=0.380 off_n=-0.1077 off_e=-0.0567 nose_z=+0.0733
2026-09-01 09:23:33,001 [INFO] core.mission.gorev3_pickup: [KANCA_IZ] t=38.79 alt=0.381 off_n=-0.1068 off_e=-0.0563 nose_z=+0.0734
2026-09-01 09:23:33,110 [INFO] core.mission.gorev3_pickup: [KANCA_IZ] t=38.90 alt=0.381 off_n=-0.1054 off_e=-0.0567 nose_z=+0.0736
2026-09-01 09:23:33,219 [INFO] core.detection.vision_runtime: [VISION] detect() calisiyor -- bu karede 1 tespit: ['KIRMIZI_DIKDORTGEN']
2026-09-01 09:23:33,219 [INFO] core.mission.gorev3_pickup: [KANCA_IZ] t=39.01 alt=0.381 off_n=-0.1041 off_e=-0.0576 nose_z=+0.0736
2026-09-01 09:23:33,327 [INFO] core.mission.gorev3_pickup: [KANCA_IZ] t=39.12 alt=0.380 off_n=-0.1021 off_e=-0.0589 nose_z=+0.0737
2026-09-01 09:23:33,436 [INFO] core.mission.gorev3_pickup: [KANCA_IZ] t=39.23 alt=0.379 off_n=-0.1001 off_e=-0.0602 nose_z=+0.0738
2026-09-01 09:23:33,545 [INFO] core.mission.gorev3_pickup: [KANCA_IZ] t=39.34 alt=0.377 off_n=-0.0979 off_e=-0.0613 nose_z=+0.0739
2026-09-01 09:23:33,654 [INFO] core.mission.gorev3_pickup: [KANCA_IZ] t=39.45 alt=0.376 off_n=-0.0948 off_e=-0.0625 nose_z=+0.0740
2026-09-01 09:23:33,762 [INFO] core.mission.gorev3_pickup: [KANCA_IZ] t=39.55 alt=0.375 off_n=-0.0922 off_e=-0.0631 nose_z=+0.0741
2026-09-01 09:23:33,762 [INFO] gz_system.gz_payload_actuator: [HOOK] APPROACHING  lat=  17.8mm ins=   +1.9mm tilt= 20.6deg v=0.007m/s age=0.03s  [lateral(17.8mm>10.2mm), tilt(20.6deg>15.0deg)]
2026-09-01 09:23:33,872 [INFO] core.mission.gorev3_pickup: [KANCA_IZ] t=39.66 alt=0.373 off_n=-0.0885 off_e=-0.0635 nose_z=+0.0742
2026-09-01 09:23:33,982 [INFO] core.mission.gorev3_pickup: [KANCA_IZ] t=39.77 alt=0.371 off_n=-0.0853 off_e=-0.0637 nose_z=+0.0742
2026-09-01 09:23:34,090 [INFO] core.mission.gorev3_pickup: [KANCA_IZ] t=39.88 alt=0.369 off_n=-0.0812 off_e=-0.0638 nose_z=+0.0742
2026-09-01 09:23:34,201 [INFO] core.mission.gorev3_pickup: [KANCA_IZ] t=39.99 alt=0.367 off_n=-0.0777 off_e=-0.0637 nose_z=+0.0742
2026-09-01 09:23:34,310 [INFO] core.mission.gorev3_pickup: [KANCA_IZ] t=40.10 alt=0.365 off_n=-0.0737 off_e=-0.0637 nose_z=+0.0740
2026-09-01 09:23:34,418 [INFO] core.mission.gorev3_pickup: [KANCA_IZ] t=40.21 alt=0.363 off_n=-0.0703 off_e=-0.0637 nose_z=+0.0740
2026-09-01 09:23:34,527 [INFO] core.mission.gorev3_pickup: [KANCA_IZ] t=40.32 alt=0.360 off_n=-0.0664 off_e=-0.0642 nose_z=+0.0738
2026-09-01 09:23:34,637 [INFO] core.mission.gorev3_pickup: [KANCA_IZ] t=40.43 alt=0.358 off_n=-0.0634 off_e=-0.0645 nose_z=+0.0737
QGC port check failed, reporting UNKNOWN: (pid=27647)
2026-09-01 09:23:34,745 [INFO] core.mission.gorev3_pickup: [KANCA_IZ] t=40.54 alt=0.358 off_n=-0.0604 off_e=-0.0649 nose_z=+0.0736
2026-09-01 09:23:34,797 [INFO] gz_system.gz_payload_actuator: [HOOK] APPROACHING  lat=  20.3mm ins=   +2.5mm tilt= 19.6deg v=0.005m/s age=0.01s  [lateral(20.3mm>10.2mm), tilt(19.6deg>15.0deg)]
2026-09-01 09:23:34,854 [INFO] core.mission.gorev3_pickup: [KANCA_IZ] t=40.65 alt=0.358 off_n=-0.0584 off_e=-0.0651 nose_z=+0.0735
2026-09-01 09:23:34,964 [INFO] core.mission.gorev3_pickup: [KANCA_IZ] t=40.76 alt=0.359 off_n=-0.0565 off_e=-0.0648 nose_z=+0.0733
2026-09-01 09:23:35,074 [INFO] core.mission.gorev3_pickup: [KANCA_IZ] t=40.87 alt=0.360 off_n=-0.0554 off_e=-0.0641 nose_z=+0.0732
2026-09-01 09:23:35,182 [INFO] core.mission.gorev3_pickup: [KANCA_IZ] t=40.97 alt=0.361 off_n=-0.0545 off_e=-0.0626 nose_z=+0.0730
2026-09-01 09:23:35,292 [INFO] core.mission.gorev3_pickup: [KANCA_IZ] t=41.08 alt=0.361 off_n=-0.0539 off_e=-0.0607 nose_z=+0.0730
2026-09-01 09:23:35,400 [INFO] core.mission.gorev3_pickup: [KANCA_IZ] t=41.19 alt=0.362 off_n=-0.0535 off_e=-0.0581 nose_z=+0.0729
2026-09-01 09:23:35,430 [INFO] gz_system.main_gz: Dashboard paint loop: 0.0 FPS (main thread)
2026-09-01 09:23:35,509 [INFO] core.mission.gorev3_pickup: [KANCA_IZ] t=41.30 alt=0.362 off_n=-0.0532 off_e=-0.0556 nose_z=+0.0728
2026-09-01 09:23:35,618 [INFO] core.mission.gorev3_pickup: [KANCA_IZ] t=41.41 alt=0.362 off_n=-0.0528 off_e=-0.0532 nose_z=+0.0727
2026-09-01 09:23:35,728 [INFO] core.mission.gorev3_pickup: [KANCA_IZ] t=41.52 alt=0.362 off_n=-0.0524 off_e=-0.0504 nose_z=+0.0726
2026-09-01 09:23:35,836 [INFO] core.mission.gorev3_pickup: [KANCA_IZ] t=41.63 alt=0.361 off_n=-0.0518 off_e=-0.0481 nose_z=+0.0725
2026-09-01 09:23:35,836 [INFO] gz_system.gz_payload_actuator: [HOOK] APPROACHING  lat=  23.4mm ins=   +3.5mm tilt= 24.7deg v=0.012m/s age=0.01s  [lateral(23.4mm>10.2mm), tilt(24.7deg>15.0deg)]
2026-09-01 09:23:35,945 [INFO] core.mission.gorev3_pickup: [KANCA_IZ] t=41.74 alt=0.360 off_n=-0.0511 off_e=-0.0465 nose_z=+0.0724
2026-09-01 09:23:36,054 [INFO] core.mission.gorev3_pickup: [KANCA_IZ] t=41.85 alt=0.359 off_n=-0.0504 off_e=-0.0453 nose_z=+0.0723
2026-09-01 09:23:36,164 [INFO] core.mission.gorev3_pickup: [KANCA_IZ] t=41.96 alt=0.358 off_n=-0.0494 off_e=-0.0441 nose_z=+0.0721
2026-09-01 09:23:36,273 [INFO] core.detection.vision_runtime: [VISION] detect() calisiyor -- bu karede 1 tespit: ['KIRMIZI_DIKDORTGEN']
2026-09-01 09:23:36,273 [INFO] core.mission.gorev3_pickup: [KANCA_IZ] t=42.06 alt=0.357 off_n=-0.0486 off_e=-0.0433 nose_z=+0.0720
2026-09-01 09:23:36,383 [INFO] core.mission.gorev3_pickup: [KANCA_IZ] t=42.18 alt=0.358 off_n=-0.0476 off_e=-0.0424 nose_z=+0.0719
2026-09-01 09:23:36,492 [INFO] core.mission.gorev3_pickup: [KANCA_IZ] t=42.28 alt=0.358 off_n=-0.0466 off_e=-0.0413 nose_z=+0.0718
2026-09-01 09:23:36,601 [INFO] core.mission.gorev3_pickup: [KANCA_IZ] t=42.39 alt=0.359 off_n=-0.0455 off_e=-0.0399 nose_z=+0.0717
QGC port check failed, reporting UNKNOWN: (pid=27647)
2026-09-01 09:23:36,712 [INFO] core.mission.gorev3_pickup: [KANCA_IZ] t=42.50 alt=0.360 off_n=-0.0443 off_e=-0.0382 nose_z=+0.0717
2026-09-01 09:23:36,821 [INFO] core.mission.gorev3_pickup: [KANCA_IZ] t=42.61 alt=0.361 off_n=-0.0428 off_e=-0.0355 nose_z=+0.0716
2026-09-01 09:23:36,872 [INFO] gz_system.gz_payload_actuator: [HOOK] APPROACHING  lat=  25.8mm ins=   +4.4mm tilt= 25.7deg v=0.006m/s age=0.01s  [lateral(25.8mm>10.2mm), tilt(25.7deg>15.0deg)]
2026-09-01 09:23:36,930 [INFO] core.mission.gorev3_pickup: [KANCA_IZ] t=42.72 alt=0.363 off_n=-0.0417 off_e=-0.0328 nose_z=+0.0716
2026-09-01 09:23:37,039 [INFO] core.mission.gorev3_pickup: [KANCA_IZ] t=42.83 alt=0.368 off_n=-0.0405 off_e=-0.0294 nose_z=+0.0715
2026-09-01 09:23:37,149 [INFO] core.mission.gorev3_pickup: [KANCA_IZ] t=42.94 alt=0.370 off_n=-0.0399 off_e=-0.0262 nose_z=+0.0714
2026-09-01 09:23:37,258 [INFO] core.mission.gorev3_pickup: [KANCA_IZ] t=43.05 alt=0.371 off_n=-0.0396 off_e=-0.0221 nose_z=+0.0713
2026-09-01 09:23:37,368 [INFO] core.mission.gorev3_pickup: [KANCA_IZ] t=43.16 alt=0.371 off_n=-0.0399 off_e=-0.0184 nose_z=+0.0712
2026-09-01 09:23:37,477 [INFO] core.mission.gorev3_pickup: [KANCA_IZ] t=43.27 alt=0.370 off_n=-0.0409 off_e=-0.0139 nose_z=+0.0710
2026-09-01 09:23:37,585 [INFO] core.mission.gorev3_pickup: [KANCA_IZ] t=43.38 alt=0.369 off_n=-0.0424 off_e=-0.0100 nose_z=+0.0709
2026-09-01 09:23:37,695 [INFO] core.mission.gorev3_pickup: [KANCA_IZ] t=43.49 alt=0.367 off_n=-0.0445 off_e=-0.0055 nose_z=+0.0706
2026-09-01 09:23:37,806 [INFO] core.mission.gorev3_pickup: [KANCA_IZ] t=43.60 alt=0.365 off_n=-0.0467 off_e=-0.0018 nose_z=+0.0704
2026-09-01 09:23:37,914 [INFO] core.mission.gorev3_pickup: [KANCA_IZ] t=43.71 alt=0.363 off_n=-0.0495 off_e=+0.0023 nose_z=+0.0701
2026-09-01 09:23:37,914 [INFO] gz_system.gz_payload_actuator: [HOOK] APPROACHING  lat=  27.1mm ins=   +5.9mm tilt= 41.8deg v=0.025m/s age=0.02s  [lateral(27.1mm>10.2mm), tilt(41.8deg>15.0deg)]
2026-09-01 09:23:38,024 [INFO] core.mission.gorev3_pickup: [KANCA_IZ] t=43.82 alt=0.361 off_n=-0.0521 off_e=+0.0054 nose_z=+0.0699
2026-09-01 09:23:38,134 [INFO] core.mission.gorev3_pickup: [KANCA_IZ] t=43.93 alt=0.359 off_n=-0.0553 off_e=+0.0086 nose_z=+0.0696
2026-09-01 09:23:38,242 [INFO] core.mission.gorev3_pickup: [KANCA_IZ] t=44.03 alt=0.356 off_n=-0.0581 off_e=+0.0110 nose_z=+0.0694
2026-09-01 09:23:38,350 [INFO] core.mission.gorev3_pickup: [KANCA_IZ] t=44.14 alt=0.354 off_n=-0.0614 off_e=+0.0134 nose_z=+0.0692
2026-09-01 09:23:38,459 [INFO] core.mission.gorev3_pickup: [KANCA_IZ] t=44.25 alt=0.353 off_n=-0.0643 off_e=+0.0150 nose_z=+0.0690
2026-09-01 09:23:38,510 [INFO] gz_system.gz_payload_actuator: [KANCA_DENGE] oturma penceresi ortalama kanca_ofset=(-0.0861, -0.0412)  (220 ornek)
2026-09-01 09:23:38,510 [WARNING] gz_system.gz_payload_actuator: [HOOK] OTURMADI (12.0 s). En iyi ESZAMANLI ornek: lat=  15.6mm ins=   +2.1mm tilt=  0.0deg v=0.002m/s age=0.00s (1 kapi ihlali). CAPTURE_CANDIDATE ornegi: 0/220. Kapi retleri: lateral=220, tilt=100, rel_speed=19, too_high=18. Sinirlar: yanal<=10.2 mm, dwell 0.30 s.
2026-09-01 09:23:38,510 [WARNING] gz_system.gz_payload_actuator: [HOOK] oturma dogrulanmadi (12.0s) -- /hook/attach YAYINLANMADI, vinc cekiliyor, tekrar denenecek
2026-09-01 09:23:38,510 [INFO] gz_system.gz_payload_actuator: [HOOK] vinc -> 0.00 m
I0901 09:23:38.510690 13346222 fork_posix.cc:71] Other threads are currently calling into gRPC, skipping fork() handlers
2026-09-01 09:23:38,568 [INFO] core.mission.gorev3_pickup: [KANCA_IZ] t=44.36 alt=0.352 off_n=-0.0679 off_e=+0.0166 nose_z=+0.0689
QGC port check failed, reporting UNKNOWN: (pid=27647)
2026-09-01 09:23:38,676 [INFO] core.mission.gorev3_pickup: [KANCA_IZ] t=44.47 alt=0.351 off_n=-0.0709 off_e=+0.0177 nose_z=+0.0688
2026-09-01 09:23:38,786 [INFO] core.mission.gorev3_pickup: [KANCA_IZ] t=44.58 alt=0.350 off_n=-0.0749 off_e=+0.0187 nose_z=+0.0688
2026-09-01 09:23:38,895 [INFO] core.mission.gorev3_pickup: [KANCA_IZ] t=44.69 alt=0.349 off_n=-0.0785 off_e=+0.0192 nose_z=+0.0687
2026-09-01 09:23:39,004 [INFO] core.mission.gorev3_pickup: [KANCA_IZ] t=44.80 alt=0.348 off_n=-0.0828 off_e=+0.0194 nose_z=+0.0687
2026-09-01 09:23:39,114 [INFO] core.mission.gorev3_pickup: [KANCA_IZ] t=44.91 alt=0.347 off_n=-0.0868 off_e=+0.0193 nose_z=+0.0687
2026-09-01 09:23:39,332 [INFO] core.detection.vision_runtime: [VISION] detect() calisiyor -- bu karede 1 tespit: ['KIRMIZI_DIKDORTGEN']
2026-09-01 09:23:40,450 [INFO] gz_system.main_gz: Dashboard paint loop: 0.0 FPS (main thread)
2026-09-01 09:23:40,518 [INFO] core.mission.gorev3_pickup: [YENIDEN_HIZA] deneme 3 oncesi, kanca havada -- duzeltme yeniden kosuluyor
2026-09-01 09:23:40,518 [INFO] core.mission.gorev3_pickup: [SON_DUZELTME] 1/6 yanal 87.7 mm -> (kuzey -0.018, dogu +0.040)  | kanca_ofset=(-0.0490, -0.0257) arac_ned=(78.8438, 3.2424) kanca_mutlak=(78.7948, 3.2167)
QGC port check failed, reporting UNKNOWN: (pid=27647)
2026-09-01 09:23:42,381 [INFO] core.detection.vision_runtime: [VISION] detect() calisiyor -- bu karede 1 tespit: ['KIRMIZI_DIKDORTGEN']
QGC port check failed, reporting UNKNOWN: (pid=27647)
2026-09-01 09:23:43,286 [INFO] core.mission.gorev3_pickup: [SON_DUZELTME] 2/6 yanal 12.8 mm -> (kuzey +0.002, dogu +0.006)  | kanca_ofset=(-0.0867, -0.0007) arac_ned=(78.8420, 3.2851) kanca_mutlak=(78.7554, 3.2844)
QGC port check failed, reporting UNKNOWN: (pid=27647)
2026-09-01 09:23:45,442 [INFO] core.detection.vision_runtime: [VISION] detect() calisiyor -- bu karede 1 tespit: ['KIRMIZI_DIKDORTGEN']
2026-09-01 09:23:45,473 [INFO] gz_system.main_gz: Dashboard paint loop: 0.0 FPS (main thread)
2026-09-01 09:23:45,882 [INFO] core.mission.gorev3_pickup: [SON_DUZELTME] 3/6 yanal 23.3 mm -> (kuzey +0.011, dogu -0.003)  | kanca_ofset=(-0.0891, -0.0010) arac_ned=(78.8253, 3.3031) kanca_mutlak=(78.7362, 3.3022)
QGC port check failed, reporting UNKNOWN: (pid=27647)
2026-09-01 09:23:48,393 [INFO] core.mission.gorev3_pickup: [SON_DUZELTME] 4/6 yanal 27.6 mm -> (kuzey +0.006, dogu -0.012)  | kanca_ofset=(-0.0899, -0.0009) arac_ned=(78.8366, 3.3224) kanca_mutlak=(78.7467, 3.3215)
2026-09-01 09:23:48,502 [INFO] core.detection.vision_runtime: [VISION] detect() calisiyor -- bu karede 1 tespit: ['KIRMIZI_DIKDORTGEN']
QGC port check failed, reporting UNKNOWN: (pid=27647)
2026-09-01 09:23:50,494 [INFO] gz_system.main_gz: Dashboard paint loop: 0.0 FPS (main thread)
QGC port check failed, reporting UNKNOWN: (pid=27647)
2026-09-01 09:23:50,908 [INFO] core.mission.gorev3_pickup: [SON_DUZELTME] 5/6 yanal 23.1 mm -> (kuzey +0.008, dogu -0.008)  | kanca_ofset=(-0.0901, -0.0010) arac_ned=(78.8322, 3.3135) kanca_mutlak=(78.7421, 3.3125)
2026-09-01 09:23:51,563 [INFO] core.detection.vision_runtime: [VISION] detect() calisiyor -- bu karede 1 tespit: ['KIRMIZI_DIKDORTGEN']
QGC port check failed, reporting UNKNOWN: (pid=27647)
2026-09-01 09:23:53,435 [INFO] core.mission.gorev3_pickup: [SON_DUZELTME] 6/6 yanal 1.2 mm -- hedefin icinde.
2026-09-01 09:23:53,436 [INFO] core.mission.gorev3_pickup: [YENIDEN_HIZA] deneme 3 icin yeni yanal: 1.2 mm
2026-09-01 09:23:53,436 [INFO] gz_system.gz_payload_actuator: [HOOK] alma denemesi 3/3
2026-09-01 09:23:53,436 [INFO] gz_system.gz_payload_actuator: [HOOK] vinc salimi: 0.399 m  (irtifa=0.369 m, guverte=0.070, zincir ofseti=0.060, pay=0.040)
2026-09-01 09:23:53,436 [INFO] gz_system.gz_payload_actuator: [HOOK] vinc -> 0.40 m
I0901 09:23:53.436931 13346222 fork_posix.cc:71] Other threads are currently calling into gRPC, skipping fork() handlers
2026-09-01 09:23:54,387 [INFO] gz_system.gz_payload_actuator: [HOOK] APPROACHING  lat=  26.2mm ins= -328.7mm tilt=  0.2deg v=  infm/s age=0.02s  [lateral(26.2mm>10.2mm), too_high(-328.7mm<-4.0mm), rel_speed(inf>0.05m/s)]
2026-09-01 09:23:54,641 [INFO] core.detection.vision_runtime: [VISION] detect() calisiyor -- bu karede 1 tespit: ['KIRMIZI_DIKDORTGEN']
QGC port check failed, reporting UNKNOWN: (pid=27647)
2026-09-01 09:23:55,408 [INFO] gz_system.gz_payload_actuator: [HOOK] APPROACHING  lat=  53.6mm ins=   +1.9mm tilt=  1.9deg v=0.026m/s age=0.01s  [lateral(53.6mm>10.2mm)]
2026-09-01 09:23:55,517 [INFO] gz_system.main_gz: Dashboard paint loop: 0.0 FPS (main thread)
2026-09-01 09:23:56,438 [INFO] gz_system.gz_payload_actuator: [HOOK] APPROACHING  lat=  57.6mm ins=   -6.3mm tilt=  0.2deg v=0.030m/s age=0.02s  [lateral(57.6mm>10.2mm), too_high(-6.3mm<-4.0mm)]
QGC port check failed, reporting UNKNOWN: (pid=27647)
2026-09-01 09:23:57,480 [INFO] gz_system.gz_payload_actuator: [HOOK] APPROACHING  lat=  34.6mm ins=   -7.6mm tilt=  0.6deg v=0.026m/s age=0.02s  [lateral(34.6mm>10.2mm), too_high(-7.6mm<-4.0mm)]
2026-09-01 09:23:57,698 [INFO] core.detection.vision_runtime: [VISION] detect() calisiyor -- bu karede 1 tespit: ['KIRMIZI_DIKDORTGEN']
2026-09-01 09:23:58,516 [INFO] gz_system.gz_payload_actuator: [HOOK] APPROACHING  lat=  27.6mm ins=   -4.7mm tilt=  0.1deg v=0.021m/s age=0.00s  [lateral(27.6mm>10.2mm), too_high(-4.7mm<-4.0mm)]
QGC port check failed, reporting UNKNOWN: (pid=27647)
2026-09-01 09:23:59,551 [INFO] gz_system.gz_payload_actuator: [HOOK] APPROACHING  lat=  10.6mm ins=   -0.1mm tilt=  0.1deg v=0.023m/s age=0.02s  [lateral(10.6mm>10.2mm)]
2026-09-01 09:24:00,521 [INFO] gz_system.main_gz: Dashboard paint loop: 0.0 FPS (main thread)
2026-09-01 09:24:00,574 [INFO] gz_system.gz_payload_actuator: [HOOK] APPROACHING  lat=  10.7mm ins=   -1.1mm tilt=  4.7deg v=0.004m/s age=0.02s  [lateral(10.7mm>10.2mm)]
QGC port check failed, reporting UNKNOWN: (pid=27647)
2026-09-01 09:24:00,741 [INFO] core.detection.vision_runtime: [VISION] detect() calisiyor -- bu karede 1 tespit: ['KIRMIZI_UCGEN']
2026-09-01 09:24:01,608 [INFO] gz_system.gz_payload_actuator: [HOOK] APPROACHING  lat=  10.8mm ins=   -1.7mm tilt=  7.2deg v=0.003m/s age=0.02s  [lateral(10.8mm>10.2mm)]
2026-09-01 09:24:02,633 [INFO] gz_system.gz_payload_actuator: [HOOK] APPROACHING  lat=  10.6mm ins=   -0.4mm tilt=  1.4deg v=0.008m/s age=0.02s  [lateral(10.6mm>10.2mm)]
QGC port check failed, reporting UNKNOWN: (pid=27647)
2026-09-01 09:24:03,667 [INFO] gz_system.gz_payload_actuator: [HOOK] APPROACHING  lat=  10.3mm ins=   +0.3mm tilt=  0.0deg v=0.001m/s age=0.02s  [lateral(10.3mm>10.2mm)]
2026-09-01 09:24:03,774 [INFO] core.detection.vision_runtime: [VISION] detect() calisiyor -- bu karede 0 tespit: []
2026-09-01 09:24:04,690 [INFO] gz_system.gz_payload_actuator: [HOOK] APPROACHING  lat=  10.3mm ins=   -1.2mm tilt=  5.0deg v=0.004m/s age=0.02s  [lateral(10.3mm>10.2mm)]
QGC port check failed, reporting UNKNOWN: (pid=27647)
2026-09-01 09:24:05,552 [INFO] gz_system.main_gz: Dashboard paint loop: 0.0 FPS (main thread)
2026-09-01 09:24:05,725 [INFO] gz_system.gz_payload_actuator: [HOOK] APPROACHING  lat=  10.4mm ins=   +0.9mm tilt=  0.1deg v=0.002m/s age=0.03s  [lateral(10.4mm>10.2mm)]
2026-09-01 09:24:06,422 [INFO] gz_system.gz_payload_actuator: [KANCA_DENGE] oturma penceresi ortalama kanca_ofset=(-0.0912, -0.0030)  (222 ornek)
2026-09-01 09:24:06,422 [WARNING] gz_system.gz_payload_actuator: [HOOK] OTURMADI (12.0 s). En iyi ESZAMANLI ornek: lat=  10.3mm ins=   +0.4mm tilt=  0.0deg v=0.000m/s age=0.00s (1 kapi ihlali). CAPTURE_CANDIDATE ornegi: 0/222. Kapi retleri: lateral=222, too_high=65, rel_speed=18. Sinirlar: yanal<=10.2 mm, dwell 0.30 s.
2026-09-01 09:24:06,422 [WARNING] gz_system.gz_payload_actuator: [HOOK] oturma dogrulanmadi (12.0s) -- /hook/attach YAYINLANMADI, vinc cekiliyor, tekrar denenecek
2026-09-01 09:24:06,422 [INFO] gz_system.gz_payload_actuator: [HOOK] vinc -> 0.00 m
I0901 09:24:06.510002 13346222 fork_posix.cc:71] Other threads are currently calling into gRPC, skipping fork() handlers
QGC port check failed, reporting UNKNOWN: (pid=27647)
2026-09-01 09:24:06,849 [INFO] core.detection.vision_runtime: [VISION] detect() calisiyor -- bu karede 0 tespit: []
2026-09-01 09:24:08,429 [INFO] gz_system.gz_payload_actuator: [HOOK] son deneme (3/3) -- yeniden hizalama atlandi, arkasindan deneme gelmeyecek
2026-09-01 09:24:08,429 [ERROR] gz_system.gz_payload_actuator: [HOOK] 3 denemede yuk OTURMADI -- hicbir /hook/attach yayinlanmadi.
2026-09-01 09:24:08,429 [INFO] gz_system.gz_payload_actuator: [HOOK] vinc -> 0.00 m
I0901 09:24:08.430317 13346222 fork_posix.cc:71] Other threads are currently calling into gRPC, skipping fork() handlers
QGC port check failed, reporting UNKNOWN: (pid=27647)
2026-09-01 09:24:09,344 [ERROR] core.mission.gorev3_pickup: Yük alma mekanizması yükü alamadı -- Görev 3 Faz 1 başarısız.
2026-09-01 09:24:09,344 [ERROR] core.mission.gorev3_orchestrator: GOREV 3 FAZ 1 (ALMA) BASARISIZ
2026-09-01 09:24:09,345 [WARNING] core.mission.master_fsm: GOREV 2 TAMAMLANDI ANCAK GOREV 3 BASARISIZ - yalnizca Gorev 2 puani gecerli olabilir
2026-09-01 09:24:09,345 [INFO] core.mission.master_fsm: RETURNING_TO_START_FINISH (dist=78.9 m) -- hedef (47.3977459, 8.5461637) @ 15.0m, sebep: gorev3_failed
2026-09-01 09:24:09,345 [INFO] core.navigation.centering_controller: Kayitli GPS konumuna gidiliyor: lat=47.3977459, lon=8.5461637, alt=15.0m
2026-09-01 09:24:09,904 [INFO] core.detection.vision_runtime: [VISION] detect() calisiyor -- bu karede 1 tespit: ['MAVI_ALTIGEN']
2026-09-01 09:24:10,557 [INFO] gz_system.main_gz: Dashboard paint loop: 0.0 FPS (main thread)
QGC port check failed, reporting UNKNOWN: (pid=27647)
QGC port check failed, reporting UNKNOWN: (pid=27647)
2026-09-01 09:24:12,942 [INFO] core.detection.vision_runtime: [VISION] detect() calisiyor -- bu karede 0 tespit: []
QGC port check failed, reporting UNKNOWN: (pid=27647)
2026-09-01 09:24:15,586 [INFO] gz_system.main_gz: Dashboard paint loop: 0.0 FPS (main thread)
2026-09-01 09:24:16,027 [INFO] core.detection.vision_runtime: [VISION] detect() calisiyor -- bu karede 1 tespit: ['KIRMIZI_UCGEN']
QGC port check failed, reporting UNKNOWN: (pid=27647)
QGC port check failed, reporting UNKNOWN: (pid=27647)
2026-09-01 09:24:19,052 [INFO] core.detection.vision_runtime: [VISION] detect() calisiyor -- bu karede 0 tespit: []
2026-09-01 09:24:20,457 [INFO] core.mission.master_fsm: Baslangic/bitis noktasina ulasildi -- checkpoint'e uzaklik 0.8 m. Inis baslatiliyor.
2026-09-01 09:24:20,457 [INFO] core.mission.master_fsm: Son iniş gerçekleştiriliyor...
2026-09-01 09:24:20,458 [INFO] mavsdk_common.mavsdk_backend_base: İniş yapılıyor...
2026-09-01 09:24:20,487 [INFO] core.detection.detection_publisher: [DETECTION_PUB] yayin kapatiliyor (gonderilen=3696, atlanan=0).
2026-09-01 09:24:20,487 [INFO] core.detection.vision_runtime: [VISION] pipeline durduruldu.
[CAMERA_CLIENT] Stopping client...
[CAMERA_CLIENT] Shutdown complete.
I0901 09:24:20.510693 13346224 fork_posix.cc:71] Other threads are currently calling into gRPC, skipping fork() handlers
[CAMERA_SERVICE_MANAGER] Stopping (PID: 29879)...
I0901 09:24:20.517001 13346224 fork_posix.cc:71] Other threads are currently calling into gRPC, skipping fork() handlers
I0901 09:24:20.521006 13346224 fork_posix.cc:71] Other threads are currently calling into gRPC, skipping fork() handlers
[CAMERA_SERVICE_MANAGER] Stopped.
