2026-09-01 15:54:12,698 [INFO] gz_system.main_gz: gz-transport env: GZ_PARTITION=kursad40 GZ_IP=127.0.0.1
2026-09-01 15:54:12,699 [INFO] gz_system.gz_camera_source: Gazebo kamera servisi kontrol ediliyor (topic=/world/default/model/x500_mono_cam_down_0/link/camera_link/sensor/camera/image)...
[CAMERA_SERVICE_MANAGER] Starting camera_service.py (topic=/world/default/model/x500_mono_cam_down_0/link/camera_link/sensor/camera/image, zmq=tcp://127.0.0.1:5555)...
QGC port check failed, reporting UNKNOWN: (pid=78659)
[CAMERA_SERVICE_MANAGER] gz-transport env for child: GZ_PARTITION=kursad40 GZ_IP=127.0.0.1
[CAMERA_SERVICE_MANAGER] Started (PID: 79905).
[CAMERA_CLIENT] Connecting to ZMQ publisher at tcp://127.0.0.1:5555...2026-09-01 15:54:13,718 [INFO] gz_system.gz_camera_source: Gazebo kamera istemcisi baslatildi.

[CAMERA_CLIENT] Connected. Waiting for frames...
2026-09-01 15:54:13,721 [INFO] gz_system.gz_pose_monitor: Gazebo poz izleyicisi basladi: /world/default/dynamic_pose/info
2026-09-01 15:54:13,722 [INFO] core.detection.detection_publisher: [DETECTION_PUB] tespit yayini acik: tcp://127.0.0.1:5556
2026-09-01 15:54:13,722 [INFO] core.detection.vision_runtime: [VISION] pipeline basladi (mission omru boyunca calisir).
2026-09-01 15:54:13,722 [INFO] core.mission.master_fsm: MASTER MISSION CONTROLLER BASLATILDI
2026-09-01 15:54:13,722 [WARNING] core.detection.vision_runtime: Frame grab loop hatasi (art arda 1. hata, mission etkilenmez): Gazebo kameradan kare okunamadi. Henuz kare alinmadi veya baglanti koptu.
2026-09-01 15:54:13,722 [WARNING] core.detection.vision_runtime: [VISION] detect() basarisiz (art arda 1. hata, mission etkilenmez): Gazebo kameradan kare okunamadi. Henuz kare alinmadi veya baglanti koptu.
2026-09-01 15:54:13,722 [INFO] core.mission.gorev2_orchestrator: GOREV 2 BASLIYOR
2026-09-01 15:54:13,723 [INFO] mavsdk_common.mavsdk_backend_base: Drone'a bağlanılıyor: udp://:14540
Connection using udp:// is deprecated, please use udpin:// or udpout:// (cli_arg.cpp:28)
2026-09-01 15:54:14,567 [INFO] mavsdk_common.mavsdk_backend_base: Drone bağlantısı bekleniyor...
2026-09-01 15:54:14,568 [INFO] mavsdk_common.mavsdk_backend_base: Drone bağlandı!
2026-09-01 15:54:14,589 [INFO] mavsdk_common.mavsdk_backend_base: [TELEMETRY] position rate 10.0 Hz istendi.
2026-09-01 15:54:14,601 [INFO] mavsdk_common.mavsdk_backend_base: [TELEMETRY] position_velocity_ned rate 10.0 Hz istendi.
2026-09-01 15:54:14,624 [INFO] mavsdk_common.mavsdk_backend_base: [TELEMETRY] attitude_euler rate 10.0 Hz istendi.
QGC port check failed, reporting UNKNOWN: (pid=78659)
2026-09-01 15:54:15,383 [INFO] mavsdk_common.mavsdk_backend_base: Drone arm ediliyor...
2026-09-01 15:54:15,409 [INFO] mavsdk_common.mavsdk_backend_base: Kalkış yapılıyor (Hedef: 15.0m)...
QGC port check failed, reporting UNKNOWN: (pid=78659)
2026-09-01 15:54:16,829 [INFO] core.detection.vision_runtime: [VISION] detect() calisiyor -- bu karede 0 tespit: []
2026-09-01 15:54:17,719 [INFO] gz_system.main_gz: Dashboard paint loop: 0.0 FPS (main thread)
QGC port check failed, reporting UNKNOWN: (pid=78659)
2026-09-01 15:54:19,927 [INFO] core.detection.vision_runtime: [VISION] detect() calisiyor -- bu karede 0 tespit: []
QGC port check failed, reporting UNKNOWN: (pid=78659)
QGC port check failed, reporting UNKNOWN: (pid=78659)
2026-09-01 15:54:22,738 [INFO] gz_system.main_gz: Dashboard paint loop: 0.0 FPS (main thread)
2026-09-01 15:54:23,020 [INFO] core.detection.vision_runtime: [VISION] detect() calisiyor -- bu karede 0 tespit: []
QGC port check failed, reporting UNKNOWN: (pid=78659)
2026-09-01 15:54:26,083 [INFO] core.detection.vision_runtime: [VISION] detect() calisiyor -- bu karede 0 tespit: []
QGC port check failed, reporting UNKNOWN: (pid=78659)
2026-09-01 15:54:27,766 [INFO] gz_system.main_gz: Dashboard paint loop: 0.0 FPS (main thread)
QGC port check failed, reporting UNKNOWN: (pid=78659)
2026-09-01 15:54:29,165 [INFO] core.detection.vision_runtime: [VISION] detect() calisiyor -- bu karede 0 tespit: []
QGC port check failed, reporting UNKNOWN: (pid=78659)
2026-09-01 15:54:32,016 [INFO] core.mission.gorev2_orchestrator: Start Checkpoint kaydedildi: (47.397746, 8.5461639, 14.221000671386719)
2026-09-01 15:54:32,057 [INFO] core.mission.gorev2_orchestrator: [ROUTE_REJOIN] rota ekseni tespit edildi: sabit=lon (lat_span=0.001258, lon_span=0.000000).
2026-09-01 15:54:32,086 [INFO] core.mission.gorev2_orchestrator: [MISSION_START] Rota dogrulandi (3 item): 0:NAV_TAKEOFF, 1:NAV_WAYPOINT, 2:NAV_WAYPOINT
2026-09-01 15:54:32,087 [INFO] core.mission.gorev2_orchestrator: [MISSION_START] Baslangic indeksi: 1
2026-09-01 15:54:32,087 [INFO] core.mission.gorev2_orchestrator: [MISSION_START] 3.0s stabilizasyon bekleniyor...
2026-09-01 15:54:32,240 [INFO] core.detection.vision_runtime: [VISION] detect() calisiyor -- bu karede 0 tespit: []
QGC port check failed, reporting UNKNOWN: (pid=78659)
2026-09-01 15:54:32,796 [INFO] gz_system.main_gz: Dashboard paint loop: 0.0 FPS (main thread)
QGC port check failed, reporting UNKNOWN: (pid=78659)
2026-09-01 15:54:35,342 [INFO] core.detection.vision_runtime: [VISION] detect() calisiyor -- bu karede 0 tespit: []
2026-09-01 15:54:35,663 [INFO] core.mission.gorev2_orchestrator: [MISSION_START] PX4 mevcut gorev ogesi 1 olarak ayarlandi (seq0 NAV_TAKEOFF atlandi -- kalkis zaten yapildi).
2026-09-01 15:54:35,664 [INFO] core.mission.gorev2_orchestrator: [MISSION_START] Yuklu gorev baslatiliyor...
Received ack for not-existing command: 176! Ignoring... (mavlink_command_sender.cpp:304)
2026-09-01 15:54:36,689 [INFO] core.mission.gorev2_orchestrator: [MISSION_START] PX4 MISSION moduna gecti -- arama fazi basliyor.
QGC port check failed, reporting UNKNOWN: (pid=78659)
2026-09-01 15:54:37,829 [INFO] gz_system.main_gz: Dashboard paint loop: 0.0 FPS (main thread)
2026-09-01 15:54:38,446 [INFO] core.detection.vision_runtime: [VISION] detect() calisiyor -- bu karede 0 tespit: []
QGC port check failed, reporting UNKNOWN: (pid=78659)
QGC port check failed, reporting UNKNOWN: (pid=78659)
2026-09-01 15:54:41,545 [INFO] core.detection.vision_runtime: [VISION] detect() calisiyor -- bu karede 0 tespit: []
QGC port check failed, reporting UNKNOWN: (pid=78659)
2026-09-01 15:54:42,867 [INFO] gz_system.main_gz: Dashboard paint loop: 0.0 FPS (main thread)
2026-09-01 15:54:44,568 [INFO] core.detection.vision_runtime: [VISION] detect() calisiyor -- bu karede 0 tespit: []
QGC port check failed, reporting UNKNOWN: (pid=78659)
QGC port check failed, reporting UNKNOWN: (pid=78659)
2026-09-01 15:54:47,606 [INFO] core.detection.vision_runtime: [VISION] detect() calisiyor -- bu karede 1 tespit: ['KIRMIZI_DIKDORTGEN']
2026-09-01 15:54:47,869 [INFO] gz_system.main_gz: Dashboard paint loop: 0.0 FPS (main thread)
QGC port check failed, reporting UNKNOWN: (pid=78659)
2026-09-01 15:54:50,636 [INFO] core.detection.vision_runtime: [VISION] detect() calisiyor -- bu karede 1 tespit: ['KIRMIZI_DIKDORTGEN']
QGC port check failed, reporting UNKNOWN: (pid=78659)
QGC port check failed, reporting UNKNOWN: (pid=78659)
2026-09-01 15:54:52,891 [INFO] gz_system.main_gz: Dashboard paint loop: 0.0 FPS (main thread)
2026-09-01 15:54:53,059 [INFO] core.navigation.centering_controller: Mission modu durduruluyor, Offboard'a geciliyor...
2026-09-01 15:54:53,059 [INFO] mavsdk_common.mavsdk_backend_base: Mission'dan Offboard'a geçiş yapılıyor...
Received ack for not-existing command: 176! Ignoring... (mavlink_command_sender.cpp:304)
2026-09-01 15:54:53,073 [INFO] mavsdk_common.mavsdk_backend_base: Offboard başlatılıyor...
Received ack for not-existing command: 176! Ignoring... (mavlink_command_sender.cpp:304)
2026-09-01 15:54:53,689 [INFO] core.detection.vision_runtime: [VISION] detect() calisiyor -- bu karede 0 tespit: []
2026-09-01 15:54:53,709 [INFO] core.mission.gorev2_orchestrator: KIRMIZI_UCGEN kucuk bir hedef -- merkezleme icin 8.0 m'ye alcaliniyor.
2026-09-01 15:54:53,709 [INFO] core.navigation.centering_controller: KIRMIZI_UCGEN hedefine merkezleniyor (irtifa hedefi: 8.0m, irtifa bandi +/-0.30m)...
2026-09-01 15:54:53,710 [WARNING] core.navigation.centering_controller: [CENTERING] KIRMIZI_UCGEN 1/200 hedef kayboldu (feed canli, hedef bu karede yok)
2026-09-01 15:54:53,813 [INFO] core.detection.camera_intrinsics: [CAMERA] intrinsics: hfov=1.7400 rad (99.7 deg) 1280x960 -> f=539.9 px (kaynak: ../../../Tools/simulation/gz/models/mono_cam/model.sdf)
2026-09-01 15:54:54,301 [INFO] core.navigation.centering_controller: [CENTERING] KIRMIZI_UCGEN 6/200 dx=+216px dy=+4px d=6.0m ex=+0.3375 ey=+0.0083 (tol +/-0.010) alt_err=+7.00m -> fwd=+0.00 right=+0.51 down=+0.75 m/s
QGC port check failed, reporting UNKNOWN: (pid=78659)
2026-09-01 15:54:54,907 [INFO] core.navigation.centering_controller: [CENTERING] KIRMIZI_UCGEN 11/200 dx=+221px dy=-110px d=6.6m ex=+0.3453 ey=-0.2292 (tol +/-0.010) alt_err=+6.46m -> fwd=+0.34 right=+0.52 down=+1.50 m/s
2026-09-01 15:54:55,507 [INFO] core.navigation.centering_controller: [CENTERING] KIRMIZI_UCGEN 16/200 dx=+200px dy=-132px d=6.0m ex=+0.3125 ey=-0.2750 (tol +/-0.010) alt_err=+5.53m -> fwd=+0.41 right=+0.47 down=+2.25 m/s
2026-09-01 15:54:56,107 [INFO] core.navigation.centering_controller: [CENTERING] KIRMIZI_UCGEN 21/200 dx=+198px dy=-119px d=5.4m ex=+0.3094 ey=-0.2479 (tol +/-0.010) alt_err=+4.61m -> fwd=+0.37 right=+0.46 down=+2.30 m/s
2026-09-01 15:54:56,701 [INFO] core.detection.vision_runtime: [VISION] detect() calisiyor -- bu karede 2 tespit: ['KIRMIZI_UCGEN', 'MAVI_DIKDORTGEN']
2026-09-01 15:54:56,704 [INFO] core.navigation.centering_controller: [CENTERING] KIRMIZI_UCGEN 26/200 dx=+203px dy=-115px d=5.1m ex=+0.3172 ey=-0.2396 (tol +/-0.010) alt_err=+3.69m -> fwd=+0.36 right=+0.48 down=+1.84 m/s
QGC port check failed, reporting UNKNOWN: (pid=78659)
2026-09-01 15:54:57,304 [INFO] core.navigation.centering_controller: [CENTERING] KIRMIZI_UCGEN 31/200 dx=+204px dy=-118px d=4.7m ex=+0.3187 ey=-0.2458 (tol +/-0.010) alt_err=+2.78m -> fwd=+0.37 right=+0.48 down=+1.39 m/s
2026-09-01 15:54:57,907 [INFO] gz_system.main_gz: Dashboard paint loop: 0.0 FPS (main thread)
2026-09-01 15:54:57,916 [INFO] core.navigation.centering_controller: [CENTERING] KIRMIZI_UCGEN 36/200 dx=+207px dy=-122px d=4.4m ex=+0.3234 ey=-0.2542 (tol +/-0.010) alt_err=+1.96m -> fwd=+0.38 right=+0.49 down=+0.98 m/s
2026-09-01 15:54:58,526 [INFO] core.navigation.centering_controller: [CENTERING] KIRMIZI_UCGEN 41/200 dx=+198px dy=-120px d=4.0m ex=+0.3094 ey=-0.2500 (tol +/-0.010) alt_err=+1.39m -> fwd=+0.38 right=+0.46 down=+0.70 m/s
QGC port check failed, reporting UNKNOWN: (pid=78659)
2026-09-01 15:54:59,125 [INFO] core.navigation.centering_controller: [CENTERING] KIRMIZI_UCGEN 46/200 dx=+185px dy=-115px d=3.6m ex=+0.2891 ey=-0.2396 (tol +/-0.010) alt_err=+0.98m -> fwd=+0.36 right=+0.43 down=+0.49 m/s
2026-09-01 15:54:59,727 [INFO] core.detection.vision_runtime: [VISION] detect() calisiyor -- bu karede 2 tespit: ['KIRMIZI_UCGEN', 'MAVI_DIKDORTGEN']
2026-09-01 15:54:59,729 [INFO] core.navigation.centering_controller: [CENTERING] KIRMIZI_UCGEN 51/200 dx=+176px dy=-111px d=3.4m ex=+0.2750 ey=-0.2313 (tol +/-0.010) alt_err=+0.70m -> fwd=+0.35 right=+0.41 down=+0.35 m/s
2026-09-01 15:55:00,328 [INFO] core.navigation.centering_controller: [CENTERING] KIRMIZI_UCGEN 56/200 dx=+162px dy=-104px d=3.0m ex=+0.2531 ey=-0.2167 (tol +/-0.010) alt_err=+0.50m -> fwd=+0.33 right=+0.38 down=+0.25 m/s
QGC port check failed, reporting UNKNOWN: (pid=78659)
2026-09-01 15:55:00,920 [INFO] core.navigation.centering_controller: [CENTERING] KIRMIZI_UCGEN 61/200 dx=+148px dy=-99px d=2.8m ex=+0.2313 ey=-0.2062 (tol +/-0.010) alt_err=+0.37m -> fwd=+0.31 right=+0.35 down=+0.18 m/s
2026-09-01 15:55:01,519 [INFO] core.navigation.centering_controller: [CENTERING] KIRMIZI_UCGEN 66/200 dx=+134px dy=-94px d=2.5m ex=+0.2094 ey=-0.1958 (tol +/-0.010) alt_err=+0.28m -> fwd=+0.29 right=+0.31 down=+0.14 m/s
2026-09-01 15:55:02,119 [INFO] core.navigation.centering_controller: [CENTERING] KIRMIZI_UCGEN 71/200 dx=+124px dy=-85px d=2.3m ex=+0.1938 ey=-0.1771 (tol +/-0.010) alt_err=+0.20m -> fwd=+0.27 right=+0.29 down=+0.10 m/s
2026-09-01 15:55:02,715 [INFO] core.navigation.centering_controller: [CENTERING] KIRMIZI_UCGEN 76/200 dx=+114px dy=-77px d=2.1m ex=+0.1781 ey=-0.1604 (tol +/-0.010) alt_err=+0.15m -> fwd=+0.24 right=+0.27 down=+0.07 m/s
2026-09-01 15:55:02,831 [INFO] core.detection.vision_runtime: [VISION] detect() calisiyor -- bu karede 2 tespit: ['KIRMIZI_UCGEN', 'MAVI_DIKDORTGEN']
QGC port check failed, reporting UNKNOWN: (pid=78659)
2026-09-01 15:55:02,931 [INFO] gz_system.main_gz: Dashboard paint loop: 0.0 FPS (main thread)
2026-09-01 15:55:03,310 [INFO] core.navigation.centering_controller: [CENTERING] KIRMIZI_UCGEN 81/200 dx=+103px dy=-70px d=1.9m ex=+0.1609 ey=-0.1458 (tol +/-0.010) alt_err=+0.10m -> fwd=+0.22 right=+0.24 down=+0.05 m/s
2026-09-01 15:55:03,914 [INFO] core.navigation.centering_controller: [CENTERING] KIRMIZI_UCGEN 86/200 dx=+95px dy=-64px d=1.7m ex=+0.1484 ey=-0.1333 (tol +/-0.010) alt_err=+0.07m -> fwd=+0.20 right=+0.22 down=+0.03 m/s
2026-09-01 15:55:04,514 [INFO] core.navigation.centering_controller: [CENTERING] KIRMIZI_UCGEN 91/200 dx=+83px dy=-57px d=1.5m ex=+0.1297 ey=-0.1187 (tol +/-0.010) alt_err=+0.06m -> fwd=+0.18 right=+0.19 down=+0.03 m/s
QGC port check failed, reporting UNKNOWN: (pid=78659)
2026-09-01 15:55:05,114 [INFO] core.navigation.centering_controller: [CENTERING] KIRMIZI_UCGEN 96/200 dx=+75px dy=-50px d=1.3m ex=+0.1172 ey=-0.1042 (tol +/-0.010) alt_err=+0.04m -> fwd=+0.16 right=+0.18 down=+0.02 m/s
2026-09-01 15:55:05,715 [INFO] core.navigation.centering_controller: [CENTERING] KIRMIZI_UCGEN 101/200 dx=+68px dy=-45px d=1.2m ex=+0.1062 ey=-0.0938 (tol +/-0.010) alt_err=+0.02m -> fwd=+0.15 right=+0.16 down=+0.01 m/s
2026-09-01 15:55:05,948 [INFO] core.detection.vision_runtime: [VISION] detect() calisiyor -- bu karede 2 tespit: ['KIRMIZI_UCGEN', 'MAVI_DIKDORTGEN']
2026-09-01 15:55:06,310 [INFO] core.navigation.centering_controller: [CENTERING] KIRMIZI_UCGEN 106/200 dx=+62px dy=-41px d=1.1m ex=+0.0969 ey=-0.0854 (tol +/-0.010) alt_err=+0.02m -> fwd=+0.15 right=+0.15 down=+0.01 m/s
QGC port check failed, reporting UNKNOWN: (pid=78659)
2026-09-01 15:55:06,905 [INFO] core.navigation.centering_controller: [CENTERING] KIRMIZI_UCGEN 111/200 dx=+58px dy=-37px d=1.0m ex=+0.0906 ey=-0.0771 (tol +/-0.010) alt_err=+0.01m -> fwd=+0.15 right=+0.15 down=+0.01 m/s
2026-09-01 15:55:07,502 [INFO] core.navigation.centering_controller: [CENTERING] KIRMIZI_UCGEN 116/200 dx=+51px dy=-33px d=0.9m ex=+0.0797 ey=-0.0688 (tol +/-0.010) alt_err=+0.00m -> fwd=+0.15 right=+0.15 down=+0.00 m/s
2026-09-01 15:55:07,960 [INFO] gz_system.main_gz: Dashboard paint loop: 0.0 FPS (main thread)
2026-09-01 15:55:08,100 [INFO] core.navigation.centering_controller: [CENTERING] KIRMIZI_UCGEN 121/200 dx=+46px dy=-27px d=0.8m ex=+0.0719 ey=-0.0563 (tol +/-0.010) alt_err=-0.01m -> fwd=+0.15 right=+0.15 down=-0.01 m/s
2026-09-01 15:55:08,696 [INFO] core.navigation.centering_controller: [CENTERING] KIRMIZI_UCGEN 126/200 dx=+40px dy=-24px d=0.7m ex=+0.0625 ey=-0.0500 (tol +/-0.010) alt_err=-0.02m -> fwd=+0.15 right=+0.15 down=-0.01 m/s
QGC port check failed, reporting UNKNOWN: (pid=78659)
2026-09-01 15:55:09,049 [INFO] core.detection.vision_runtime: [VISION] detect() calisiyor -- bu karede 2 tespit: ['KIRMIZI_UCGEN', 'MAVI_DIKDORTGEN']
2026-09-01 15:55:09,287 [INFO] core.navigation.centering_controller: [CENTERING] KIRMIZI_UCGEN 131/200 dx=+35px dy=-18px d=0.6m ex=+0.0547 ey=-0.0375 (tol +/-0.010) alt_err=-0.02m -> fwd=+0.15 right=+0.15 down=-0.01 m/s
2026-09-01 15:55:09,881 [INFO] core.navigation.centering_controller: [CENTERING] KIRMIZI_UCGEN 136/200 dx=+29px dy=-12px d=0.5m ex=+0.0453 ey=-0.0250 (tol +/-0.010) alt_err=-0.02m -> fwd=+0.15 right=+0.15 down=-0.01 m/s
2026-09-01 15:55:10,479 [INFO] core.navigation.centering_controller: [CENTERING] KIRMIZI_UCGEN 141/200 dx=+25px dy=-7px d=0.4m ex=+0.0391 ey=-0.0146 (tol +/-0.010) alt_err=-0.02m -> fwd=+0.15 right=+0.15 down=-0.01 m/s
QGC port check failed, reporting UNKNOWN: (pid=78659)
2026-09-01 15:55:11,073 [INFO] core.navigation.centering_controller: [CENTERING] KIRMIZI_UCGEN 146/200 dx=+21px dy=+4px d=0.3m ex=+0.0328 ey=+0.0083 (tol +/-0.010) alt_err=-0.02m -> fwd=+0.00 right=+0.15 down=-0.01 m/s
2026-09-01 15:55:11,668 [INFO] core.navigation.centering_controller: [CENTERING] KIRMIZI_UCGEN 151/200 dx=+12px dy=+20px d=0.3m ex=+0.0187 ey=+0.0417 (tol +/-0.010) alt_err=-0.02m -> fwd=-0.15 right=+0.15 down=-0.01 m/s
2026-09-01 15:55:12,145 [INFO] core.detection.vision_runtime: [VISION] detect() calisiyor -- bu karede 2 tespit: ['KIRMIZI_UCGEN', 'MAVI_DIKDORTGEN']
2026-09-01 15:55:12,266 [INFO] core.navigation.centering_controller: [CENTERING] KIRMIZI_UCGEN 156/200 dx=+8px dy=+5px d=0.1m ex=+0.0125 ey=+0.0104 (tol +/-0.010) alt_err=-0.02m -> fwd=-0.15 right=+0.15 down=-0.01 m/s
2026-09-01 15:55:12,380 [INFO] core.navigation.centering_controller: Merkezleme tamamlandi. (attempt 157/200, dx=+4px dy=+2px ex=+0.0063 ey=+0.0042 alt_err=-0.02m)
QGC port check failed, reporting UNKNOWN: (pid=78659)
2026-09-01 15:55:12,964 [INFO] gz_system.main_gz: Dashboard paint loop: 0.0 FPS (main thread)
QGC port check failed, reporting UNKNOWN: (pid=78659)
2026-09-01 15:55:15,260 [INFO] core.detection.vision_runtime: [VISION] detect() calisiyor -- bu karede 2 tespit: ['KIRMIZI_UCGEN', 'MAVI_DIKDORTGEN']
2026-09-01 15:55:15,497 [INFO] core.mission.gorev2_orchestrator: [POST_LOCK_DRIFT] KIRMIZI_UCGEN 3s: peak=24.8px final=16.6px (68.7cm / 45.93cm), 26 ornek, 0 kayip
2026-09-01 15:55:15,497 [INFO] core.navigation.centering_controller: 2.0 saniye hover yapiliyor (Konum dogrulama)...
QGC port check failed, reporting UNKNOWN: (pid=78659)
2026-09-01 15:55:17,528 [INFO] core.position_log.position_store: Konum basariyla kaydedildi: KIRMIZI_UCGEN (ilk)
2026-09-01 15:55:17,528 [INFO] core.mission.gorev2_orchestrator: Kirmizi Ucgen ortalandi ama payload 1 henuz birakilmadi -- interlock geregi yerinde birakma atlaniyor; toplu birakmada dogru sirada yapilacak.
2026-09-01 15:55:17,528 [INFO] core.mission.gorev2_orchestrator: [ROUTE_REJOIN] rota hattina donuluyor (sabit eksen=lon): hedef lat=47.3985129 lon=8.5461636 (mevcut lat=47.3985129 lon=8.5462338).
2026-09-01 15:55:17,528 [INFO] core.navigation.centering_controller: Kayitli GPS konumuna gidiliyor: lat=47.3985129, lon=8.5461636, alt=15.0m
2026-09-01 15:55:17,995 [INFO] gz_system.main_gz: Dashboard paint loop: 0.0 FPS (main thread)
2026-09-01 15:55:18,368 [INFO] core.detection.vision_runtime: [VISION] detect() calisiyor -- bu karede 1 tespit: ['KIRMIZI_UCGEN']
QGC port check failed, reporting UNKNOWN: (pid=78659)
QGC port check failed, reporting UNKNOWN: (pid=78659)
2026-09-01 15:55:21,416 [INFO] core.detection.vision_runtime: [VISION] detect() calisiyor -- bu karede 2 tespit: ['KIRMIZI_UCGEN', 'MAVI_DIKDORTGEN']
2026-09-01 15:55:22,145 [INFO] mavsdk_common.mavsdk_backend_base: Offboard durduruluyor...
Received ack for not-existing command: 176! Ignoring... (mavlink_command_sender.cpp:304)
2026-09-01 15:55:22,234 [INFO] core.mission.gorev2_orchestrator: [MISSION_RESUME] rota 2. ogeden devam ettiriliyor.
Received ack for not-existing command: 176! Ignoring... (mavlink_command_sender.cpp:304)
QGC port check failed, reporting UNKNOWN: (pid=78659)
2026-09-01 15:55:22,996 [INFO] gz_system.main_gz: Dashboard paint loop: 0.0 FPS (main thread)
2026-09-01 15:55:24,520 [INFO] core.detection.vision_runtime: [VISION] detect() calisiyor -- bu karede 2 tespit: ['KIRMIZI_UCGEN', 'MAVI_DIKDORTGEN']
QGC port check failed, reporting UNKNOWN: (pid=78659)
2026-09-01 15:55:26,920 [INFO] core.navigation.centering_controller: Mission modu durduruluyor, Offboard'a geciliyor...
2026-09-01 15:55:26,921 [INFO] mavsdk_common.mavsdk_backend_base: Mission'dan Offboard'a geçiş yapılıyor...
2026-09-01 15:55:26,938 [INFO] mavsdk_common.mavsdk_backend_base: Offboard başlatılıyor...
Received ack for not-existing command: 176! Ignoring... (mavlink_command_sender.cpp:304)
QGC port check failed, reporting UNKNOWN: (pid=78659)
Received ack for not-existing command: 176! Ignoring... (mavlink_command_sender.cpp:304)
2026-09-01 15:55:27,616 [INFO] core.detection.vision_runtime: [VISION] detect() calisiyor -- bu karede 1 tespit: ['MAVI_ALTIGEN']
2026-09-01 15:55:27,763 [INFO] core.navigation.centering_controller: MAVI_ALTIGEN hedefine merkezleniyor (irtifa hedefi: 15.0m, irtifa bandi +/-0.30m)...
2026-09-01 15:55:27,764 [INFO] core.navigation.centering_controller: [CENTERING] MAVI_ALTIGEN 1/150 dx=-123px dy=+76px d=4.0m ex=-0.1922 ey=+0.1583 (tol +/-0.010) alt_err=+0.07m -> fwd=-0.15 right=-0.15 down=+0.03 m/s
2026-09-01 15:55:28,016 [INFO] gz_system.main_gz: Dashboard paint loop: 0.0 FPS (main thread)
2026-09-01 15:55:28,317 [INFO] core.navigation.centering_controller: [CENTERING] MAVI_ALTIGEN 6/150 dx=-156px dy=-80px d=4.9m ex=-0.2437 ey=-0.1667 (tol +/-0.010) alt_err=-0.01m -> fwd=+0.25 right=-0.37 down=-0.00 m/s
2026-09-01 15:55:28,896 [INFO] core.navigation.centering_controller: [CENTERING] MAVI_ALTIGEN 11/150 dx=-143px dy=-167px d=6.1m ex=-0.2234 ey=-0.3479 (tol +/-0.010) alt_err=-0.03m -> fwd=+0.52 right=-0.34 down=-0.01 m/s
QGC port check failed, reporting UNKNOWN: (pid=78659)
2026-09-01 15:55:29,471 [INFO] core.navigation.centering_controller: [CENTERING] MAVI_ALTIGEN 16/150 dx=-127px dy=-148px d=5.4m ex=-0.1984 ey=-0.3083 (tol +/-0.010) alt_err=-0.02m -> fwd=+0.46 right=-0.30 down=-0.01 m/s
2026-09-01 15:55:30,038 [INFO] core.navigation.centering_controller: [CENTERING] MAVI_ALTIGEN 21/150 dx=-122px dy=-122px d=4.8m ex=-0.1906 ey=-0.2542 (tol +/-0.010) alt_err=-0.01m -> fwd=+0.38 right=-0.29 down=-0.01 m/s
2026-09-01 15:55:30,611 [INFO] core.navigation.centering_controller: [CENTERING] MAVI_ALTIGEN 26/150 dx=-117px dy=-113px d=4.5m ex=-0.1828 ey=-0.2354 (tol +/-0.010) alt_err=-0.01m -> fwd=+0.35 right=-0.27 down=-0.01 m/s
2026-09-01 15:55:30,725 [INFO] core.detection.vision_runtime: [VISION] detect() calisiyor -- bu karede 1 tespit: ['MAVI_ALTIGEN']
QGC port check failed, reporting UNKNOWN: (pid=78659)
2026-09-01 15:55:31,187 [INFO] core.navigation.centering_controller: [CENTERING] MAVI_ALTIGEN 31/150 dx=-112px dy=-112px d=4.4m ex=-0.1750 ey=-0.2333 (tol +/-0.010) alt_err=-0.02m -> fwd=+0.35 right=-0.26 down=-0.01 m/s
2026-09-01 15:55:31,767 [INFO] core.navigation.centering_controller: [CENTERING] MAVI_ALTIGEN 36/150 dx=-106px dy=-110px d=4.2m ex=-0.1656 ey=-0.2292 (tol +/-0.010) alt_err=-0.02m -> fwd=+0.34 right=-0.25 down=-0.01 m/s
2026-09-01 15:55:32,345 [INFO] core.navigation.centering_controller: [CENTERING] MAVI_ALTIGEN 41/150 dx=-100px dy=-107px d=4.1m ex=-0.1562 ey=-0.2229 (tol +/-0.010) alt_err=-0.02m -> fwd=+0.33 right=-0.23 down=-0.01 m/s
2026-09-01 15:55:32,916 [INFO] core.navigation.centering_controller: [CENTERING] MAVI_ALTIGEN 46/150 dx=-94px dy=-103px d=3.9m ex=-0.1469 ey=-0.2146 (tol +/-0.010) alt_err=-0.01m -> fwd=+0.32 right=-0.22 down=-0.00 m/s
QGC port check failed, reporting UNKNOWN: (pid=78659)
2026-09-01 15:55:33,030 [INFO] gz_system.main_gz: Dashboard paint loop: 0.0 FPS (main thread)
2026-09-01 15:55:33,487 [INFO] core.navigation.centering_controller: [CENTERING] MAVI_ALTIGEN 51/150 dx=-89px dy=-100px d=3.7m ex=-0.1391 ey=-0.2083 (tol +/-0.010) alt_err=-0.01m -> fwd=+0.31 right=-0.21 down=-0.00 m/s
2026-09-01 15:55:33,833 [INFO] core.detection.vision_runtime: [VISION] detect() calisiyor -- bu karede 1 tespit: ['MAVI_ALTIGEN']
2026-09-01 15:55:34,064 [INFO] core.navigation.centering_controller: [CENTERING] MAVI_ALTIGEN 56/150 dx=-84px dy=-99px d=3.6m ex=-0.1313 ey=-0.2062 (tol +/-0.010) alt_err=-0.01m -> fwd=+0.31 right=-0.20 down=-0.01 m/s
2026-09-01 15:55:34,637 [INFO] core.navigation.centering_controller: [CENTERING] MAVI_ALTIGEN 61/150 dx=-79px dy=-96px d=3.5m ex=-0.1234 ey=-0.2000 (tol +/-0.010) alt_err=-0.01m -> fwd=+0.30 right=-0.19 down=-0.00 m/s
QGC port check failed, reporting UNKNOWN: (pid=78659)
2026-09-01 15:55:35,215 [INFO] core.navigation.centering_controller: [CENTERING] MAVI_ALTIGEN 66/150 dx=-76px dy=-92px d=3.3m ex=-0.1187 ey=-0.1917 (tol +/-0.010) alt_err=+0.01m -> fwd=+0.29 right=-0.18 down=+0.00 m/s
2026-09-01 15:55:35,798 [INFO] core.navigation.centering_controller: [CENTERING] MAVI_ALTIGEN 71/150 dx=-74px dy=-87px d=3.2m ex=-0.1156 ey=-0.1812 (tol +/-0.010) alt_err=+0.01m -> fwd=+0.27 right=-0.17 down=+0.01 m/s
2026-09-01 15:55:36,373 [INFO] core.navigation.centering_controller: [CENTERING] MAVI_ALTIGEN 76/150 dx=-71px dy=-83px d=3.0m ex=-0.1109 ey=-0.1729 (tol +/-0.010) alt_err=+0.00m -> fwd=+0.26 right=-0.17 down=+0.00 m/s
2026-09-01 15:55:36,833 [INFO] core.detection.vision_runtime: [VISION] detect() calisiyor -- bu karede 1 tespit: ['MAVI_ALTIGEN']
2026-09-01 15:55:36,950 [INFO] core.navigation.centering_controller: [CENTERING] MAVI_ALTIGEN 81/150 dx=-67px dy=-81px d=2.9m ex=-0.1047 ey=-0.1688 (tol +/-0.010) alt_err=-0.00m -> fwd=+0.25 right=-0.16 down=-0.00 m/s
QGC port check failed, reporting UNKNOWN: (pid=78659)
2026-09-01 15:55:37,521 [INFO] core.navigation.centering_controller: [CENTERING] MAVI_ALTIGEN 86/150 dx=-62px dy=-78px d=2.8m ex=-0.0969 ey=-0.1625 (tol +/-0.010) alt_err=-0.00m -> fwd=+0.24 right=-0.15 down=-0.00 m/s
2026-09-01 15:55:38,050 [INFO] gz_system.main_gz: Dashboard paint loop: 0.0 FPS (main thread)
2026-09-01 15:55:38,102 [INFO] core.navigation.centering_controller: [CENTERING] MAVI_ALTIGEN 91/150 dx=-60px dy=-74px d=2.6m ex=-0.0938 ey=-0.1542 (tol +/-0.010) alt_err=+0.00m -> fwd=+0.23 right=-0.15 down=+0.00 m/s
2026-09-01 15:55:38,677 [INFO] core.navigation.centering_controller: [CENTERING] MAVI_ALTIGEN 96/150 dx=-57px dy=-70px d=2.5m ex=-0.0891 ey=-0.1458 (tol +/-0.010) alt_err=+0.00m -> fwd=+0.22 right=-0.15 down=+0.00 m/s
QGC port check failed, reporting UNKNOWN: (pid=78659)
2026-09-01 15:55:39,254 [INFO] core.navigation.centering_controller: [CENTERING] MAVI_ALTIGEN 101/150 dx=-52px dy=-65px d=2.3m ex=-0.0813 ey=-0.1354 (tol +/-0.010) alt_err=-0.00m -> fwd=+0.20 right=-0.15 down=-0.00 m/s
2026-09-01 15:55:39,826 [INFO] core.navigation.centering_controller: [CENTERING] MAVI_ALTIGEN 106/150 dx=-49px dy=-63px d=2.2m ex=-0.0766 ey=-0.1313 (tol +/-0.010) alt_err=-0.01m -> fwd=+0.20 right=-0.15 down=-0.01 m/s
2026-09-01 15:55:39,941 [INFO] core.detection.vision_runtime: [VISION] detect() calisiyor -- bu karede 1 tespit: ['MAVI_ALTIGEN']
2026-09-01 15:55:40,402 [INFO] core.navigation.centering_controller: [CENTERING] MAVI_ALTIGEN 111/150 dx=-46px dy=-60px d=2.1m ex=-0.0719 ey=-0.1250 (tol +/-0.010) alt_err=-0.02m -> fwd=+0.19 right=-0.15 down=-0.01 m/s
QGC port check failed, reporting UNKNOWN: (pid=78659)
2026-09-01 15:55:40,976 [INFO] core.navigation.centering_controller: [CENTERING] MAVI_ALTIGEN 116/150 dx=-43px dy=-56px d=2.0m ex=-0.0672 ey=-0.1167 (tol +/-0.010) alt_err=-0.02m -> fwd=+0.17 right=-0.15 down=-0.01 m/s
2026-09-01 15:55:41,544 [INFO] core.navigation.centering_controller: [CENTERING] MAVI_ALTIGEN 121/150 dx=-39px dy=-51px d=1.8m ex=-0.0609 ey=-0.1062 (tol +/-0.010) alt_err=-0.02m -> fwd=+0.16 right=-0.15 down=-0.01 m/s
2026-09-01 15:55:42,117 [INFO] core.navigation.centering_controller: [CENTERING] MAVI_ALTIGEN 126/150 dx=-37px dy=-49px d=1.7m ex=-0.0578 ey=-0.1021 (tol +/-0.010) alt_err=-0.01m -> fwd=+0.15 right=-0.15 down=-0.00 m/s
2026-09-01 15:55:42,688 [INFO] core.navigation.centering_controller: [CENTERING] MAVI_ALTIGEN 131/150 dx=-34px dy=-46px d=1.6m ex=-0.0531 ey=-0.0958 (tol +/-0.010) alt_err=-0.01m -> fwd=+0.15 right=-0.15 down=-0.00 m/s
QGC port check failed, reporting UNKNOWN: (pid=78659)
2026-09-01 15:55:43,029 [INFO] core.detection.vision_runtime: [VISION] detect() calisiyor -- bu karede 1 tespit: ['MAVI_ALTIGEN']
2026-09-01 15:55:43,059 [INFO] gz_system.main_gz: Dashboard paint loop: 0.0 FPS (main thread)
2026-09-01 15:55:43,260 [INFO] core.navigation.centering_controller: [CENTERING] MAVI_ALTIGEN 136/150 dx=-32px dy=-43px d=1.5m ex=-0.0500 ey=-0.0896 (tol +/-0.010) alt_err=-0.01m -> fwd=+0.15 right=-0.15 down=-0.00 m/s
2026-09-01 15:55:43,829 [INFO] core.navigation.centering_controller: [CENTERING] MAVI_ALTIGEN 141/150 dx=-30px dy=-40px d=1.4m ex=-0.0469 ey=-0.0833 (tol +/-0.010) alt_err=-0.00m -> fwd=+0.15 right=-0.15 down=-0.00 m/s
2026-09-01 15:55:44,401 [INFO] core.navigation.centering_controller: [CENTERING] MAVI_ALTIGEN 146/150 dx=-27px dy=-37px d=1.3m ex=-0.0422 ey=-0.0771 (tol +/-0.010) alt_err=-0.01m -> fwd=+0.15 right=-0.15 down=-0.00 m/s
QGC port check failed, reporting UNKNOWN: (pid=78659)
2026-09-01 15:55:44,984 [ERROR] core.navigation.centering_controller: Merkezleme zaman asimina ugradi! (150 deneme / 15.0s butcesi doldu)
2026-09-01 15:55:44,984 [WARNING] core.mission.gorev2_orchestrator: [RETRY_IN_PLACE] MAVI_ALTIGEN 1/3 merkezlenemedi -- 5s yerinde beklenip tekrar denenecek (hedef goruniyor, d=1.13m).
2026-09-01 15:55:46,121 [INFO] core.detection.vision_runtime: [VISION] detect() calisiyor -- bu karede 1 tespit: ['MAVI_ALTIGEN']
QGC port check failed, reporting UNKNOWN: (pid=78659)
2026-09-01 15:55:48,064 [INFO] gz_system.main_gz: Dashboard paint loop: 0.0 FPS (main thread)
QGC port check failed, reporting UNKNOWN: (pid=78659)
2026-09-01 15:55:49,198 [INFO] core.detection.vision_runtime: [VISION] detect() calisiyor -- bu karede 1 tespit: ['MAVI_ALTIGEN']
2026-09-01 15:55:49,997 [INFO] core.navigation.centering_controller: MAVI_ALTIGEN hedefine merkezleniyor (irtifa hedefi: 15.0m, irtifa bandi +/-0.30m)...
2026-09-01 15:55:49,999 [INFO] core.navigation.centering_controller: [CENTERING] MAVI_ALTIGEN 1/150 dx=-18px dy=-29px d=0.9m ex=-0.0281 ey=-0.0604 (tol +/-0.010) alt_err=+0.01m -> fwd=+0.15 right=-0.15 down=+0.01 m/s
2026-09-01 15:55:50,574 [INFO] core.navigation.centering_controller: [CENTERING] MAVI_ALTIGEN 6/150 dx=-29px dy=-40px d=1.4m ex=-0.0453 ey=-0.0833 (tol +/-0.010) alt_err=+0.01m -> fwd=+0.15 right=-0.15 down=+0.01 m/s
QGC port check failed, reporting UNKNOWN: (pid=78659)
2026-09-01 15:55:51,154 [INFO] core.navigation.centering_controller: [CENTERING] MAVI_ALTIGEN 11/150 dx=-19px dy=-32px d=1.0m ex=-0.0297 ey=-0.0667 (tol +/-0.010) alt_err=+0.01m -> fwd=+0.15 right=-0.15 down=+0.00 m/s
2026-09-01 15:55:51,726 [INFO] core.navigation.centering_controller: [CENTERING] MAVI_ALTIGEN 16/150 dx=-16px dy=-26px d=0.8m ex=-0.0250 ey=-0.0542 (tol +/-0.010) alt_err=+0.01m -> fwd=+0.15 right=-0.15 down=+0.01 m/s
2026-09-01 15:55:52,295 [INFO] core.detection.vision_runtime: [VISION] detect() calisiyor -- bu karede 1 tespit: ['MAVI_ALTIGEN']
2026-09-01 15:55:52,297 [INFO] core.navigation.centering_controller: [CENTERING] MAVI_ALTIGEN 21/150 dx=-14px dy=-24px d=0.8m ex=-0.0219 ey=-0.0500 (tol +/-0.010) alt_err=+0.01m -> fwd=+0.15 right=-0.15 down=+0.01 m/s
2026-09-01 15:55:52,874 [INFO] core.navigation.centering_controller: [CENTERING] MAVI_ALTIGEN 26/150 dx=-11px dy=-21px d=0.7m ex=-0.0172 ey=-0.0437 (tol +/-0.010) alt_err=+0.01m -> fwd=+0.15 right=-0.15 down=+0.00 m/s
QGC port check failed, reporting UNKNOWN: (pid=78659)
2026-09-01 15:55:53,080 [INFO] gz_system.main_gz: Dashboard paint loop: 0.0 FPS (main thread)
2026-09-01 15:55:53,450 [INFO] core.navigation.centering_controller: [CENTERING] MAVI_ALTIGEN 31/150 dx=-7px dy=-18px d=0.5m ex=-0.0109 ey=-0.0375 (tol +/-0.010) alt_err=-0.00m -> fwd=+0.15 right=-0.15 down=-0.00 m/s
2026-09-01 15:55:54,026 [INFO] core.navigation.centering_controller: [CENTERING] MAVI_ALTIGEN 36/150 dx=+8px dy=-14px d=0.4m ex=+0.0125 ey=-0.0292 (tol +/-0.010) alt_err=-0.00m -> fwd=+0.15 right=+0.15 down=-0.00 m/s
2026-09-01 15:55:54,593 [INFO] core.navigation.centering_controller: [CENTERING] MAVI_ALTIGEN 41/150 dx=+13px dy=-11px d=0.5m ex=+0.0203 ey=-0.0229 (tol +/-0.010) alt_err=-0.00m -> fwd=+0.15 right=+0.15 down=-0.00 m/s
QGC port check failed, reporting UNKNOWN: (pid=78659)
2026-09-01 15:55:55,163 [INFO] core.navigation.centering_controller: [CENTERING] MAVI_ALTIGEN 46/150 dx=-4px dy=-8px d=0.2m ex=-0.0063 ey=-0.0167 (tol +/-0.010) alt_err=-0.00m -> fwd=+0.15 right=+0.00 down=-0.00 m/s
2026-09-01 15:55:55,388 [INFO] core.detection.vision_runtime: [VISION] detect() calisiyor -- bu karede 1 tespit: ['MAVI_ALTIGEN']
2026-09-01 15:55:55,730 [INFO] core.navigation.centering_controller: [CENTERING] MAVI_ALTIGEN 51/150 dx=-23px dy=-6px d=0.7m ex=-0.0359 ey=-0.0125 (tol +/-0.010) alt_err=-0.01m -> fwd=+0.15 right=-0.15 down=-0.00 m/s
2026-09-01 15:55:56,306 [INFO] core.navigation.centering_controller: [CENTERING] MAVI_ALTIGEN 56/150 dx=-8px dy=+2px d=0.2m ex=-0.0125 ey=+0.0042 (tol +/-0.010) alt_err=-0.01m -> fwd=+0.00 right=-0.15 down=-0.01 m/s
2026-09-01 15:55:56,873 [INFO] core.navigation.centering_controller: [CENTERING] MAVI_ALTIGEN 61/150 dx=+9px dy=+19px d=0.6m ex=+0.0141 ey=+0.0396 (tol +/-0.010) alt_err=-0.01m -> fwd=-0.15 right=+0.15 down=-0.00 m/s
QGC port check failed, reporting UNKNOWN: (pid=78659)
2026-09-01 15:55:57,446 [INFO] core.navigation.centering_controller: [CENTERING] MAVI_ALTIGEN 66/150 dx=+14px dy=+6px d=0.4m ex=+0.0219 ey=+0.0125 (tol +/-0.010) alt_err=-0.01m -> fwd=-0.15 right=+0.15 down=-0.00 m/s
2026-09-01 15:55:58,028 [INFO] core.navigation.centering_controller: [CENTERING] MAVI_ALTIGEN 71/150 dx=-5px dy=-19px d=0.5m ex=-0.0078 ey=-0.0396 (tol +/-0.010) alt_err=-0.00m -> fwd=+0.15 right=+0.00 down=-0.00 m/s
2026-09-01 15:55:58,111 [INFO] gz_system.main_gz: Dashboard paint loop: 0.0 FPS (main thread)
2026-09-01 15:55:58,484 [INFO] core.detection.vision_runtime: [VISION] detect() calisiyor -- bu karede 1 tespit: ['MAVI_ALTIGEN']
2026-09-01 15:55:58,599 [INFO] core.navigation.centering_controller: [CENTERING] MAVI_ALTIGEN 76/150 dx=-23px dy=-13px d=0.7m ex=-0.0359 ey=-0.0271 (tol +/-0.010) alt_err=-0.02m -> fwd=+0.15 right=-0.15 down=-0.01 m/s
QGC port check failed, reporting UNKNOWN: (pid=78659)
2026-09-01 15:55:59,171 [INFO] core.navigation.centering_controller: [CENTERING] MAVI_ALTIGEN 81/150 dx=-9px dy=-3px d=0.3m ex=-0.0141 ey=-0.0063 (tol +/-0.010) alt_err=-0.03m -> fwd=+0.00 right=-0.15 down=-0.01 m/s
2026-09-01 15:55:59,746 [INFO] core.navigation.centering_controller: [CENTERING] MAVI_ALTIGEN 86/150 dx=+8px dy=+21px d=0.6m ex=+0.0125 ey=+0.0437 (tol +/-0.010) alt_err=-0.02m -> fwd=-0.15 right=+0.15 down=-0.01 m/s
2026-09-01 15:56:00,312 [INFO] core.navigation.centering_controller: [CENTERING] MAVI_ALTIGEN 91/150 dx=+17px dy=+10px d=0.5m ex=+0.0266 ey=+0.0208 (tol +/-0.010) alt_err=-0.01m -> fwd=-0.15 right=+0.15 down=-0.00 m/s
2026-09-01 15:56:00,651 [INFO] core.navigation.centering_controller: Merkezleme tamamlandi. (attempt 94/150, dx=+6px dy=+4px ex=+0.0094 ey=+0.0083 alt_err=-0.01m)
QGC port check failed, reporting UNKNOWN: (pid=78659)
2026-09-01 15:56:01,568 [INFO] core.detection.vision_runtime: [VISION] detect() calisiyor -- bu karede 1 tespit: ['MAVI_ALTIGEN']
QGC port check failed, reporting UNKNOWN: (pid=78659)
2026-09-01 15:56:03,116 [INFO] gz_system.main_gz: Dashboard paint loop: 0.0 FPS (main thread)
2026-09-01 15:56:03,734 [INFO] core.mission.gorev2_orchestrator: [POST_LOCK_DRIFT] MAVI_ALTIGEN 3s: peak=24.2px final=13.6px (66.87cm / 37.57cm), 27 ornek, 0 kayip
2026-09-01 15:56:03,734 [INFO] core.navigation.centering_controller: 2.0 saniye hover yapiliyor (Konum dogrulama)...
2026-09-01 15:56:04,639 [INFO] core.detection.vision_runtime: [VISION] detect() calisiyor -- bu karede 1 tespit: ['MAVI_ALTIGEN']
QGC port check failed, reporting UNKNOWN: (pid=78659)
2026-09-01 15:56:05,773 [INFO] core.position_log.position_store: Konum basariyla kaydedildi: MAVI_ALTIGEN (ikinci)
2026-09-01 15:56:05,773 [INFO] core.mission.gorev2_orchestrator: Mavi Altigen ortalandi -- KIRMIZI yuk hemen birakiliyor.
2026-09-01 15:56:05,773 [INFO] core.mission.gorev2_fsm: PAYLOAD MISSION 1 basliyor (Mavi Altigen / RED payload)
2026-09-01 15:56:05,773 [INFO] core.navigation.centering_controller: Kayitli GPS konumuna gidiliyor: lat=47.3987233, lon=8.5461186, alt=15.0m
2026-09-01 15:56:05,773 [INFO] core.mission.payload_release: Yük bırakma başlatılıyor: MAVI_ALTIGEN
2026-09-01 15:56:05,774 [INFO] core.navigation.centering_controller: MAVI_ALTIGEN hedefine merkezleniyor (irtifa hedefi: 10.0m, irtifa bandi +/-0.30m)...
2026-09-01 15:56:05,775 [INFO] core.navigation.centering_controller: [CENTERING] MAVI_ALTIGEN 1/200 dx=-6px dy=-6px d=0.2m ex=-0.0094 ey=-0.0125 (tol +/-0.010) alt_err=+4.96m -> fwd=+0.15 right=+0.00 down=+0.15 m/s
2026-09-01 15:56:06,349 [INFO] core.navigation.centering_controller: [CENTERING] MAVI_ALTIGEN 6/200 dx=-18px dy=-16px d=0.7m ex=-0.0281 ey=-0.0333 (tol +/-0.010) alt_err=+4.84m -> fwd=+0.15 right=-0.15 down=+0.90 m/s
2026-09-01 15:56:06,932 [INFO] core.navigation.centering_controller: [CENTERING] MAVI_ALTIGEN 11/200 dx=-10px dy=-9px d=0.4m ex=-0.0156 ey=-0.0187 (tol +/-0.010) alt_err=+4.22m -> fwd=+0.15 right=-0.15 down=+1.65 m/s
QGC port check failed, reporting UNKNOWN: (pid=78659)
2026-09-01 15:56:07,543 [INFO] core.navigation.centering_controller: [CENTERING] MAVI_ALTIGEN 16/200 dx=+1px dy=-4px d=0.1m ex=+0.0016 ey=-0.0083 (tol +/-0.010) alt_err=+3.42m -> fwd=+0.00 right=+0.00 down=+1.71 m/s
2026-09-01 15:56:07,658 [INFO] core.detection.vision_runtime: [VISION] detect() calisiyor -- bu karede 1 tespit: ['MAVI_ALTIGEN']
2026-09-01 15:56:08,125 [INFO] core.navigation.centering_controller: [CENTERING] MAVI_ALTIGEN 21/200 dx=+18px dy=+16px d=0.6m ex=+0.0281 ey=+0.0333 (tol +/-0.010) alt_err=+2.51m -> fwd=-0.15 right=+0.15 down=+1.25 m/s
2026-09-01 15:56:08,139 [INFO] gz_system.main_gz: Dashboard paint loop: 0.0 FPS (main thread)
2026-09-01 15:56:08,740 [INFO] core.navigation.centering_controller: [CENTERING] MAVI_ALTIGEN 26/200 dx=+3px dy=+10px d=0.2m ex=+0.0047 ey=+0.0208 (tol +/-0.010) alt_err=+1.78m -> fwd=-0.15 right=+0.00 down=+0.89 m/s
QGC port check failed, reporting UNKNOWN: (pid=78659)
2026-09-01 15:56:09,357 [INFO] core.navigation.centering_controller: [CENTERING] MAVI_ALTIGEN 31/200 dx=-23px dy=-7px d=0.5m ex=-0.0359 ey=-0.0146 (tol +/-0.010) alt_err=+1.27m -> fwd=+0.15 right=-0.15 down=+0.64 m/s
2026-09-01 15:56:09,981 [INFO] core.navigation.centering_controller: [CENTERING] MAVI_ALTIGEN 36/200 dx=-10px dy=-20px d=0.5m ex=-0.0156 ey=-0.0417 (tol +/-0.010) alt_err=+0.91m -> fwd=+0.15 right=-0.15 down=+0.46 m/s
2026-09-01 15:56:10,561 [INFO] core.navigation.centering_controller: [CENTERING] MAVI_ALTIGEN 41/200 dx=+9px dy=-4px d=0.2m ex=+0.0141 ey=-0.0083 (tol +/-0.010) alt_err=+0.66m -> fwd=+0.00 right=+0.15 down=+0.33 m/s
2026-09-01 15:56:10,678 [INFO] core.detection.vision_runtime: [VISION] detect() calisiyor -- bu karede 1 tespit: ['MAVI_ALTIGEN']
QGC port check failed, reporting UNKNOWN: (pid=78659)
2026-09-01 15:56:11,169 [INFO] core.navigation.centering_controller: [CENTERING] MAVI_ALTIGEN 46/200 dx=+18px dy=+18px d=0.5m ex=+0.0281 ey=+0.0375 (tol +/-0.010) alt_err=+0.48m -> fwd=-0.15 right=+0.15 down=+0.24 m/s
2026-09-01 15:56:11,757 [INFO] core.navigation.centering_controller: [CENTERING] MAVI_ALTIGEN 51/200 dx=+4px dy=+13px d=0.3m ex=+0.0063 ey=+0.0271 (tol +/-0.010) alt_err=+0.36m -> fwd=-0.15 right=+0.00 down=+0.18 m/s
2026-09-01 15:56:12,338 [INFO] core.navigation.centering_controller: [CENTERING] MAVI_ALTIGEN 56/200 dx=-22px dy=-5px d=0.4m ex=-0.0344 ey=-0.0104 (tol +/-0.010) alt_err=+0.27m -> fwd=+0.15 right=-0.15 down=+0.13 m/s
2026-09-01 15:56:12,903 [INFO] core.navigation.centering_controller: [CENTERING] MAVI_ALTIGEN 61/200 dx=-11px dy=-20px d=0.4m ex=-0.0172 ey=-0.0417 (tol +/-0.010) alt_err=+0.22m -> fwd=+0.15 right=-0.15 down=+0.11 m/s
QGC port check failed, reporting UNKNOWN: (pid=78659)
2026-09-01 15:56:13,166 [INFO] gz_system.main_gz: Dashboard paint loop: 0.0 FPS (main thread)
2026-09-01 15:56:13,474 [INFO] core.navigation.centering_controller: [CENTERING] MAVI_ALTIGEN 66/200 dx=+3px dy=-5px d=0.1m ex=+0.0047 ey=-0.0104 (tol +/-0.010) alt_err=+0.16m -> fwd=+0.15 right=+0.00 down=+0.08 m/s
2026-09-01 15:56:13,701 [INFO] core.detection.vision_runtime: [VISION] detect() calisiyor -- bu karede 1 tespit: ['MAVI_ALTIGEN']
2026-09-01 15:56:14,048 [INFO] core.navigation.centering_controller: [CENTERING] MAVI_ALTIGEN 71/200 dx=+19px dy=+20px d=0.5m ex=+0.0297 ey=+0.0417 (tol +/-0.010) alt_err=+0.12m -> fwd=-0.15 right=+0.15 down=+0.06 m/s
2026-09-01 15:56:14,620 [INFO] core.navigation.centering_controller: [CENTERING] MAVI_ALTIGEN 76/200 dx=+4px dy=+16px d=0.3m ex=+0.0063 ey=+0.0333 (tol +/-0.010) alt_err=+0.10m -> fwd=-0.15 right=+0.00 down=+0.05 m/s
QGC port check failed, reporting UNKNOWN: (pid=78659)
2026-09-01 15:56:15,194 [INFO] core.navigation.centering_controller: [CENTERING] MAVI_ALTIGEN 81/200 dx=-22px dy=+3px d=0.4m ex=-0.0344 ey=+0.0063 (tol +/-0.010) alt_err=+0.08m -> fwd=+0.00 right=-0.15 down=+0.04 m/s
2026-09-01 15:56:15,764 [INFO] core.navigation.centering_controller: [CENTERING] MAVI_ALTIGEN 86/200 dx=-9px dy=-16px d=0.3m ex=-0.0141 ey=-0.0333 (tol +/-0.010) alt_err=+0.06m -> fwd=+0.15 right=-0.15 down=+0.03 m/s
2026-09-01 15:56:16,335 [INFO] core.navigation.centering_controller: [CENTERING] MAVI_ALTIGEN 91/200 dx=+12px dy=-11px d=0.3m ex=+0.0187 ey=-0.0229 (tol +/-0.010) alt_err=+0.04m -> fwd=+0.15 right=+0.15 down=+0.02 m/s
2026-09-01 15:56:16,793 [INFO] core.detection.vision_runtime: [VISION] detect() calisiyor -- bu karede 1 tespit: ['MAVI_ALTIGEN']
2026-09-01 15:56:16,907 [INFO] core.navigation.centering_controller: [CENTERING] MAVI_ALTIGEN 96/200 dx=+16px dy=+6px d=0.3m ex=+0.0250 ey=+0.0125 (tol +/-0.010) alt_err=+0.03m -> fwd=-0.15 right=+0.15 down=+0.01 m/s
QGC port check failed, reporting UNKNOWN: (pid=78659)
2026-09-01 15:56:17,483 [INFO] core.navigation.centering_controller: [CENTERING] MAVI_ALTIGEN 101/200 dx=+3px dy=+20px d=0.4m ex=+0.0047 ey=+0.0417 (tol +/-0.010) alt_err=+0.02m -> fwd=-0.15 right=+0.00 down=+0.01 m/s
2026-09-01 15:56:18,054 [INFO] core.navigation.centering_controller: [CENTERING] MAVI_ALTIGEN 106/200 dx=-20px dy=+5px d=0.4m ex=-0.0312 ey=+0.0104 (tol +/-0.010) alt_err=+0.02m -> fwd=-0.15 right=-0.15 down=+0.01 m/s
2026-09-01 15:56:18,187 [INFO] gz_system.main_gz: Dashboard paint loop: 0.0 FPS (main thread)
2026-09-01 15:56:18,622 [INFO] core.navigation.centering_controller: [CENTERING] MAVI_ALTIGEN 111/200 dx=-9px dy=-19px d=0.4m ex=-0.0141 ey=-0.0396 (tol +/-0.010) alt_err=+0.01m -> fwd=+0.15 right=-0.15 down=+0.00 m/s
QGC port check failed, reporting UNKNOWN: (pid=78659)
2026-09-01 15:56:19,190 [INFO] core.navigation.centering_controller: [CENTERING] MAVI_ALTIGEN 116/200 dx=+11px dy=-14px d=0.3m ex=+0.0172 ey=-0.0292 (tol +/-0.010) alt_err=+0.01m -> fwd=+0.15 right=+0.15 down=+0.01 m/s
2026-09-01 15:56:19,766 [INFO] core.navigation.centering_controller: [CENTERING] MAVI_ALTIGEN 121/200 dx=+15px dy=-3px d=0.3m ex=+0.0234 ey=-0.0063 (tol +/-0.010) alt_err=+0.01m -> fwd=+0.00 right=+0.15 down=+0.00 m/s
2026-09-01 15:56:19,877 [INFO] core.detection.vision_runtime: [VISION] detect() calisiyor -- bu karede 1 tespit: ['MAVI_ALTIGEN']
2026-09-01 15:56:20,341 [INFO] core.navigation.centering_controller: [CENTERING] MAVI_ALTIGEN 126/200 dx=-4px dy=+19px d=0.4m ex=-0.0063 ey=+0.0396 (tol +/-0.010) alt_err=-0.00m -> fwd=-0.15 right=+0.00 down=-0.00 m/s
2026-09-01 15:56:20,923 [INFO] core.navigation.centering_controller: [CENTERING] MAVI_ALTIGEN 131/200 dx=-21px dy=+12px d=0.4m ex=-0.0328 ey=+0.0250 (tol +/-0.010) alt_err=-0.01m -> fwd=-0.15 right=-0.15 down=-0.00 m/s
QGC port check failed, reporting UNKNOWN: (pid=78659)
2026-09-01 15:56:21,490 [INFO] core.navigation.centering_controller: Merkezleme tamamlandi. (attempt 136/200, dx=-6px dy=+2px ex=-0.0094 ey=+0.0042 alt_err=-0.01m)
2026-09-01 15:56:21,492 [INFO] core.navigation.centering_controller: MAVI_ALTIGEN hedefine merkezleniyor (irtifa hedefi: 5.0m, irtifa bandi +/-0.30m)...
2026-09-01 15:56:21,494 [INFO] core.navigation.centering_controller: [CENTERING] MAVI_ALTIGEN 1/200 dx=-6px dy=+2px d=0.1m ex=-0.0094 ey=+0.0042 (tol +/-0.010) alt_err=+4.99m -> fwd=+0.00 right=+0.00 down=+0.15 m/s
2026-09-01 15:56:22,069 [INFO] core.navigation.centering_controller: [CENTERING] MAVI_ALTIGEN 6/200 dx=+15px dy=-23px d=0.5m ex=+0.0234 ey=-0.0479 (tol +/-0.010) alt_err=+4.86m -> fwd=+0.15 right=+0.15 down=+0.90 m/s
2026-09-01 15:56:22,642 [INFO] core.navigation.centering_controller: [CENTERING] MAVI_ALTIGEN 11/200 dx=+11px dy=-11px d=0.3m ex=+0.0172 ey=-0.0229 (tol +/-0.010) alt_err=+4.24m -> fwd=+0.15 right=+0.15 down=+1.65 m/s
2026-09-01 15:56:22,982 [INFO] core.detection.vision_runtime: [VISION] detect() calisiyor -- bu karede 1 tespit: ['MAVI_ALTIGEN']
QGC port check failed, reporting UNKNOWN: (pid=78659)
2026-09-01 15:56:23,213 [INFO] core.navigation.centering_controller: [CENTERING] MAVI_ALTIGEN 16/200 dx=-4px dy=+7px d=0.1m ex=-0.0063 ey=+0.0146 (tol +/-0.010) alt_err=+3.44m -> fwd=-0.15 right=+0.00 down=+1.72 m/s
2026-09-01 15:56:23,220 [INFO] gz_system.main_gz: Dashboard paint loop: 0.0 FPS (main thread)
2026-09-01 15:56:23,785 [INFO] core.navigation.centering_controller: [CENTERING] MAVI_ALTIGEN 21/200 dx=-22px dy=+25px d=0.5m ex=-0.0344 ey=+0.0521 (tol +/-0.010) alt_err=+2.52m -> fwd=-0.15 right=-0.15 down=+1.26 m/s
2026-09-01 15:56:24,354 [INFO] core.navigation.centering_controller: [CENTERING] MAVI_ALTIGEN 26/200 dx=-6px dy=+9px d=0.1m ex=-0.0094 ey=+0.0187 (tol +/-0.010) alt_err=+1.80m -> fwd=-0.15 right=+0.00 down=+0.90 m/s
2026-09-01 15:56:24,929 [INFO] core.navigation.centering_controller: [CENTERING] MAVI_ALTIGEN 31/200 dx=+19px dy=-12px d=0.3m ex=+0.0297 ey=-0.0250 (tol +/-0.010) alt_err=+1.30m -> fwd=+0.15 right=+0.15 down=+0.65 m/s
QGC port check failed, reporting UNKNOWN: (pid=78659)
2026-09-01 15:56:25,498 [INFO] core.navigation.centering_controller: [CENTERING] MAVI_ALTIGEN 36/200 dx=+11px dy=-18px d=0.2m ex=+0.0172 ey=-0.0375 (tol +/-0.010) alt_err=+0.99m -> fwd=+0.15 right=+0.15 down=+0.49 m/s
2026-09-01 15:56:26,066 [INFO] core.detection.vision_runtime: [VISION] detect() calisiyor -- bu karede 1 tespit: ['MAVI_ALTIGEN']
2026-09-01 15:56:26,068 [INFO] core.navigation.centering_controller: [CENTERING] MAVI_ALTIGEN 41/200 dx=-12px dy=-1px d=0.1m ex=-0.0187 ey=-0.0021 (tol +/-0.010) alt_err=+0.70m -> fwd=+0.00 right=-0.15 down=+0.35 m/s
2026-09-01 15:56:26,633 [INFO] core.navigation.centering_controller: [CENTERING] MAVI_ALTIGEN 46/200 dx=-13px dy=+25px d=0.3m ex=-0.0203 ey=+0.0521 (tol +/-0.010) alt_err=+0.51m -> fwd=-0.15 right=-0.15 down=+0.26 m/s
QGC port check failed, reporting UNKNOWN: (pid=78659)
2026-09-01 15:56:27,201 [INFO] core.navigation.centering_controller: [CENTERING] MAVI_ALTIGEN 51/200 dx=+12px dy=+15px d=0.2m ex=+0.0187 ey=+0.0312 (tol +/-0.010) alt_err=+0.40m -> fwd=-0.15 right=+0.15 down=+0.20 m/s
2026-09-01 15:56:27,773 [INFO] core.navigation.centering_controller: [CENTERING] MAVI_ALTIGEN 56/200 dx=+26px dy=-6px d=0.3m ex=+0.0406 ey=-0.0125 (tol +/-0.010) alt_err=+0.30m -> fwd=+0.15 right=+0.15 down=+0.15 m/s
2026-09-01 15:56:28,224 [INFO] gz_system.main_gz: Dashboard paint loop: 0.0 FPS (main thread)
2026-09-01 15:56:28,343 [INFO] core.navigation.centering_controller: [CENTERING] MAVI_ALTIGEN 61/200 dx=+8px dy=-25px d=0.3m ex=+0.0125 ey=-0.0521 (tol +/-0.010) alt_err=+0.22m -> fwd=+0.15 right=+0.15 down=+0.11 m/s
2026-09-01 15:56:28,909 [INFO] core.navigation.centering_controller: [CENTERING] MAVI_ALTIGEN 66/200 dx=-12px dy=-5px d=0.1m ex=-0.0187 ey=-0.0104 (tol +/-0.010) alt_err=+0.17m -> fwd=+0.15 right=-0.15 down=+0.09 m/s
2026-09-01 15:56:29,136 [INFO] core.detection.vision_runtime: [VISION] detect() calisiyor -- bu karede 1 tespit: ['MAVI_ALTIGEN']
QGC port check failed, reporting UNKNOWN: (pid=78659)
2026-09-01 15:56:29,477 [INFO] core.navigation.centering_controller: [CENTERING] MAVI_ALTIGEN 71/200 dx=-22px dy=+24px d=0.3m ex=-0.0344 ey=+0.0500 (tol +/-0.010) alt_err=+0.13m -> fwd=-0.15 right=-0.15 down=+0.06 m/s
2026-09-01 15:56:30,051 [INFO] core.navigation.centering_controller: [CENTERING] MAVI_ALTIGEN 76/200 dx=-5px dy=+16px d=0.2m ex=-0.0078 ey=+0.0333 (tol +/-0.010) alt_err=+0.09m -> fwd=-0.15 right=+0.00 down=+0.05 m/s
2026-09-01 15:56:30,617 [INFO] core.navigation.centering_controller: [CENTERING] MAVI_ALTIGEN 81/200 dx=+22px dy=+2px d=0.2m ex=+0.0344 ey=+0.0042 (tol +/-0.010) alt_err=+0.07m -> fwd=+0.00 right=+0.15 down=+0.04 m/s
QGC port check failed, reporting UNKNOWN: (pid=78659)
2026-09-01 15:56:31,190 [INFO] core.navigation.centering_controller: [CENTERING] MAVI_ALTIGEN 86/200 dx=+15px dy=-27px d=0.3m ex=+0.0234 ey=-0.0563 (tol +/-0.010) alt_err=+0.05m -> fwd=+0.15 right=+0.15 down=+0.02 m/s
2026-09-01 15:56:31,760 [INFO] core.navigation.centering_controller: [CENTERING] MAVI_ALTIGEN 91/200 dx=+3px dy=-13px d=0.1m ex=+0.0047 ey=-0.0271 (tol +/-0.010) alt_err=+0.03m -> fwd=+0.15 right=+0.00 down=+0.02 m/s
2026-09-01 15:56:32,216 [INFO] core.detection.vision_runtime: [VISION] detect() calisiyor -- bu karede 1 tespit: ['MAVI_ALTIGEN']
2026-09-01 15:56:32,330 [INFO] core.navigation.centering_controller: [CENTERING] MAVI_ALTIGEN 96/200 dx=-22px dy=+8px d=0.2m ex=-0.0344 ey=+0.0167 (tol +/-0.010) alt_err=+0.03m -> fwd=-0.15 right=-0.15 down=+0.02 m/s
2026-09-01 15:56:32,893 [INFO] core.navigation.centering_controller: [CENTERING] MAVI_ALTIGEN 101/200 dx=-9px dy=+24px d=0.2m ex=-0.0141 ey=+0.0500 (tol +/-0.010) alt_err=+0.03m -> fwd=-0.15 right=-0.15 down=+0.01 m/s
QGC port check failed, reporting UNKNOWN: (pid=78659)
2026-09-01 15:56:33,258 [INFO] gz_system.main_gz: Dashboard paint loop: 0.0 FPS (main thread)
2026-09-01 15:56:33,464 [INFO] core.navigation.centering_controller: [CENTERING] MAVI_ALTIGEN 106/200 dx=+17px dy=+4px d=0.2m ex=+0.0266 ey=+0.0083 (tol +/-0.010) alt_err=+0.01m -> fwd=+0.00 right=+0.15 down=+0.01 m/s
2026-09-01 15:56:34,030 [INFO] core.navigation.centering_controller: [CENTERING] MAVI_ALTIGEN 111/200 dx=+21px dy=-26px d=0.3m ex=+0.0328 ey=-0.0542 (tol +/-0.010) alt_err=+0.01m -> fwd=+0.15 right=+0.15 down=+0.00 m/s
2026-09-01 15:56:34,596 [INFO] core.navigation.centering_controller: [CENTERING] MAVI_ALTIGEN 116/200 dx=+5px dy=-14px d=0.1m ex=+0.0078 ey=-0.0292 (tol +/-0.010) alt_err=+0.00m -> fwd=+0.15 right=+0.00 down=+0.00 m/s
QGC port check failed, reporting UNKNOWN: (pid=78659)
2026-09-01 15:56:35,164 [INFO] core.navigation.centering_controller: [CENTERING] MAVI_ALTIGEN 121/200 dx=-23px dy=+6px d=0.2m ex=-0.0359 ey=+0.0125 (tol +/-0.010) alt_err=+0.00m -> fwd=-0.15 right=-0.15 down=+0.00 m/s
2026-09-01 15:56:35,278 [INFO] core.detection.vision_runtime: [VISION] detect() calisiyor -- bu karede 1 tespit: ['MAVI_ALTIGEN']
2026-09-01 15:56:35,736 [INFO] core.navigation.centering_controller: [CENTERING] MAVI_ALTIGEN 126/200 dx=-9px dy=+19px d=0.2m ex=-0.0141 ey=+0.0396 (tol +/-0.010) alt_err=+0.00m -> fwd=-0.15 right=-0.15 down=+0.00 m/s
2026-09-01 15:56:36,301 [INFO] core.navigation.centering_controller: [CENTERING] MAVI_ALTIGEN 131/200 dx=+18px dy=+6px d=0.2m ex=+0.0281 ey=+0.0125 (tol +/-0.010) alt_err=-0.00m -> fwd=-0.15 right=+0.15 down=-0.00 m/s
2026-09-01 15:56:36,870 [INFO] core.navigation.centering_controller: [CENTERING] MAVI_ALTIGEN 136/200 dx=+20px dy=-16px d=0.2m ex=+0.0312 ey=-0.0333 (tol +/-0.010) alt_err=-0.01m -> fwd=+0.15 right=+0.15 down=-0.00 m/s
QGC port check failed, reporting UNKNOWN: (pid=78659)
2026-09-01 15:56:37,432 [INFO] core.navigation.centering_controller: [CENTERING] MAVI_ALTIGEN 141/200 dx=+2px dy=-22px d=0.2m ex=+0.0031 ey=-0.0458 (tol +/-0.010) alt_err=-0.01m -> fwd=+0.15 right=+0.00 down=-0.01 m/s
2026-09-01 15:56:38,005 [INFO] core.navigation.centering_controller: [CENTERING] MAVI_ALTIGEN 146/200 dx=-25px dy=-6px d=0.2m ex=-0.0391 ey=-0.0125 (tol +/-0.010) alt_err=-0.01m -> fwd=+0.15 right=-0.15 down=-0.00 m/s
2026-09-01 15:56:38,289 [INFO] gz_system.main_gz: Dashboard paint loop: 0.0 FPS (main thread)
2026-09-01 15:56:38,342 [INFO] core.detection.vision_runtime: [VISION] detect() calisiyor -- bu karede 1 tespit: ['MAVI_ALTIGEN']
2026-09-01 15:56:38,570 [INFO] core.navigation.centering_controller: [CENTERING] MAVI_ALTIGEN 151/200 dx=-12px dy=+20px d=0.2m ex=-0.0187 ey=+0.0417 (tol +/-0.010) alt_err=+0.00m -> fwd=-0.15 right=-0.15 down=+0.00 m/s
2026-09-01 15:56:39,136 [INFO] core.navigation.centering_controller: [CENTERING] MAVI_ALTIGEN 156/200 dx=+11px dy=+15px d=0.2m ex=+0.0172 ey=+0.0312 (tol +/-0.010) alt_err=-0.00m -> fwd=-0.15 right=+0.15 down=-0.00 m/s
QGC port check failed, reporting UNKNOWN: (pid=78659)
2026-09-01 15:56:39,698 [INFO] core.navigation.centering_controller: [CENTERING] MAVI_ALTIGEN 161/200 dx=+20px dy=-7px d=0.2m ex=+0.0312 ey=-0.0146 (tol +/-0.010) alt_err=-0.01m -> fwd=+0.15 right=+0.15 down=-0.00 m/s
2026-09-01 15:56:40,265 [INFO] core.navigation.centering_controller: [CENTERING] MAVI_ALTIGEN 166/200 dx=+1px dy=-26px d=0.2m ex=+0.0016 ey=-0.0542 (tol +/-0.010) alt_err=-0.01m -> fwd=+0.15 right=+0.00 down=-0.00 m/s
2026-09-01 15:56:40,835 [INFO] core.navigation.centering_controller: [CENTERING] MAVI_ALTIGEN 171/200 dx=-28px dy=-10px d=0.3m ex=-0.0437 ey=-0.0208 (tol +/-0.010) alt_err=-0.01m -> fwd=+0.15 right=-0.15 down=-0.01 m/s
QGC port check failed, reporting UNKNOWN: (pid=78659)
2026-09-01 15:56:41,403 [INFO] core.detection.vision_runtime: [VISION] detect() calisiyor -- bu karede 1 tespit: ['MAVI_ALTIGEN']
2026-09-01 15:56:41,405 [INFO] core.navigation.centering_controller: [CENTERING] MAVI_ALTIGEN 176/200 dx=-13px dy=+12px d=0.2m ex=-0.0203 ey=+0.0250 (tol +/-0.010) alt_err=-0.01m -> fwd=-0.15 right=-0.15 down=-0.00 m/s
2026-09-01 15:56:41,972 [INFO] core.navigation.centering_controller: [CENTERING] MAVI_ALTIGEN 181/200 dx=+4px dy=+21px d=0.2m ex=+0.0063 ey=+0.0437 (tol +/-0.010) alt_err=+0.01m -> fwd=-0.15 right=+0.00 down=+0.00 m/s
2026-09-01 15:56:42,547 [INFO] core.navigation.centering_controller: [CENTERING] MAVI_ALTIGEN 186/200 dx=+26px dy=+6px d=0.2m ex=+0.0406 ey=+0.0125 (tol +/-0.010) alt_err=+0.01m -> fwd=-0.15 right=+0.15 down=+0.00 m/s
2026-09-01 15:56:43,116 [INFO] core.navigation.centering_controller: [CENTERING] MAVI_ALTIGEN 191/200 dx=+6px dy=-23px d=0.2m ex=+0.0094 ey=-0.0479 (tol +/-0.010) alt_err=+0.01m -> fwd=+0.15 right=+0.00 down=+0.00 m/s
QGC port check failed, reporting UNKNOWN: (pid=78659)
2026-09-01 15:56:43,310 [INFO] gz_system.main_gz: Dashboard paint loop: 0.0 FPS (main thread)
2026-09-01 15:56:43,688 [INFO] core.navigation.centering_controller: [CENTERING] MAVI_ALTIGEN 196/200 dx=-22px dy=-18px d=0.3m ex=-0.0344 ey=-0.0375 (tol +/-0.010) alt_err=+0.01m -> fwd=+0.15 right=-0.15 down=+0.00 m/s
2026-09-01 15:56:44,257 [ERROR] core.navigation.centering_controller: Merkezleme zaman asimina ugradi! (200 deneme / 20.0s butcesi doldu)
2026-09-01 15:56:44,257 [WARNING] core.mission.payload_release: Yaklaşma adımı yakınsamadı (5.0m) -- devam ediliyor.
2026-09-01 15:56:44,257 [INFO] core.navigation.centering_controller: MAVI_ALTIGEN hedefine merkezleniyor (irtifa hedefi: 0.45m, irtifa bandi +/-0.05m)...
2026-09-01 15:56:44,258 [INFO] core.navigation.centering_controller: [CENTERING] MAVI_ALTIGEN 1/200 dx=-16px dy=+0px d=0.1m ex=-0.0250 ey=+0.0000 (tol +/-0.010) alt_err=+4.56m -> fwd=+0.00 right=-0.15 down=+0.15 m/s
2026-09-01 15:56:44,482 [INFO] core.detection.vision_runtime: [VISION] detect() calisiyor -- bu karede 1 tespit: ['MAVI_ALTIGEN']
2026-09-01 15:56:44,830 [INFO] core.navigation.centering_controller: [CENTERING] MAVI_ALTIGEN 6/200 dx=-2px dy=+30px d=0.3m ex=-0.0031 ey=+0.0625 (tol +/-0.010) alt_err=+4.45m -> fwd=-0.15 right=+0.00 down=+0.90 m/s
QGC port check failed, reporting UNKNOWN: (pid=78659)
2026-09-01 15:56:45,402 [INFO] core.navigation.centering_controller: [CENTERING] MAVI_ALTIGEN 11/200 dx=+26px dy=+14px d=0.2m ex=+0.0406 ey=+0.0292 (tol +/-0.010) alt_err=+3.88m -> fwd=-0.15 right=+0.15 down=+1.65 m/s
2026-09-01 15:56:45,970 [INFO] core.navigation.centering_controller: [CENTERING] MAVI_ALTIGEN 16/200 dx=+14px dy=-11px d=0.1m ex=+0.0219 ey=-0.0229 (tol +/-0.010) alt_err=+2.95m -> fwd=+0.15 right=+0.15 down=+1.47 m/s
2026-09-01 15:56:46,541 [INFO] core.navigation.centering_controller: [CENTERING] MAVI_ALTIGEN 21/200 dx=-8px dy=-31px d=0.2m ex=-0.0125 ey=-0.0646 (tol +/-0.010) alt_err=+2.09m -> fwd=+0.11 right=-0.15 down=+1.04 m/s
2026-09-01 15:56:47,112 [INFO] core.navigation.centering_controller: [CENTERING] MAVI_ALTIGEN 26/200 dx=-33px dy=-11px d=0.1m ex=-0.0516 ey=-0.0229 (tol +/-0.010) alt_err=+1.59m -> fwd=+0.09 right=-0.12 down=+0.79 m/s
QGC port check failed, reporting UNKNOWN: (pid=78659)
2026-09-01 15:56:47,573 [INFO] core.detection.vision_runtime: [VISION] detect() calisiyor -- bu karede 1 tespit: ['MAVI_ALTIGEN']
2026-09-01 15:56:47,694 [INFO] core.navigation.centering_controller: [CENTERING] MAVI_ALTIGEN 31/200 dx=-3px dy=+17px d=0.1m ex=-0.0047 ey=+0.0354 (tol +/-0.010) alt_err=+1.13m -> fwd=-0.07 right=+0.00 down=+0.56 m/s
2026-09-01 15:56:48,272 [INFO] core.navigation.centering_controller: [CENTERING] MAVI_ALTIGEN 36/200 dx=+36px dy=+38px d=0.1m ex=+0.0555 ey=+0.0781 (tol +/-0.010) alt_err=+0.81m -> fwd=-0.12 right=+0.08 down=+0.40 m/s
2026-09-01 15:56:48,342 [INFO] gz_system.main_gz: Dashboard paint loop: 0.0 FPS (main thread)
2026-09-01 15:56:48,849 [INFO] core.navigation.centering_controller: [CENTERING] MAVI_ALTIGEN 41/200 dx=+14px dy=+13px d=0.0m ex=+0.0219 ey=+0.0271 (tol +/-0.010) alt_err=+0.59m -> fwd=-0.05 right=+0.06 down=+0.29 m/s
QGC port check failed, reporting UNKNOWN: (pid=78659)
2026-09-01 15:56:49,425 [INFO] core.navigation.centering_controller: [CENTERING] MAVI_ALTIGEN 46/200 dx=-14px dy=-6px d=0.0m ex=-0.0219 ey=-0.0115 (tol +/-0.010) alt_err=+0.45m -> fwd=+0.04 right=-0.05 down=+0.23 m/s
2026-09-01 15:56:49,996 [INFO] core.navigation.centering_controller: [CENTERING] MAVI_ALTIGEN 51/200 dx=-23px dy=+0px d=0.0m ex=-0.0359 ey=+0.0000 (tol +/-0.010) alt_err=+0.33m -> fwd=+0.00 right=-0.05 down=+0.17 m/s
2026-09-01 15:56:50,567 [INFO] core.navigation.centering_controller: [CENTERING] MAVI_ALTIGEN 56/200 dx=+0px dy=+0px d=0.0m ex=+0.0000 ey=+0.0000 (tol +/-0.010) alt_err=+0.24m -> fwd=+0.00 right=+0.00 down=+0.12 m/s
2026-09-01 15:56:50,679 [INFO] core.detection.vision_runtime: [VISION] detect() calisiyor -- bu karede 1 tespit: ['MAVI_ALTIGEN']
2026-09-01 15:56:51,147 [INFO] core.navigation.centering_controller: [CENTERING] MAVI_ALTIGEN 61/200 dx=+0px dy=+0px d=0.0m ex=+0.0000 ey=+0.0000 (tol +/-0.010) alt_err=+0.18m -> fwd=+0.00 right=+0.00 down=+0.09 m/s
QGC port check failed, reporting UNKNOWN: (pid=78659)
2026-09-01 15:56:51,487 [WARNING] core.navigation.centering_controller: [LOW_ALT_OPEN_LOOP_DESCENT] MAVI_ALTIGEN: goruntu 0.62m'de kayboldu -- dondurulmus kestirime (47.3987247, 8.5461165, offset=0.0cm @ 0.62m) gore 0.45m'ye alcalmaya devam.
2026-09-01 15:56:52,736 [INFO] core.navigation.centering_controller: [LOW_ALT_OPEN_LOOP_DESCENT] MAVI_ALTIGEN: 0.491m'ye ulasildi (hedef 0.45m).
2026-09-01 15:56:52,736 [INFO] core.navigation.centering_controller: [AIM_OFFSET_APPLIED] MAVI_ALTIGEN: montaj (ileri=0.00, sag=0.04) m, yon=-0.6 deg -> tutma noktasi (47.3987247, 8.5461160) olarak otelendi (kuzey -0.00, dogu -0.03 m).
2026-09-01 15:56:53,075 [INFO] core.navigation.centering_controller: [MOUNT_TRANSLATE_DONE] MAVI_ALTIGEN: kalan 4.5 cm, sure 0.34 s (yakinsadi).
2026-09-01 15:56:53,075 [WARNING] core.navigation.centering_controller: [LOW_ALT_OPEN_LOOP_DESCENT] MAVI_ALTIGEN: goruntu 0.48m'de kayboldu -- dondurulmus kestirime (47.3987247, 8.5461160, offset=0.0cm @ 0.62m) gore 0.45m'ye alcalmaya devam.
2026-09-01 15:56:53,078 [INFO] core.navigation.centering_controller: [LOW_ALT_OPEN_LOOP_DESCENT] MAVI_ALTIGEN: 0.480m'ye ulasildi (hedef 0.45m).
2026-09-01 15:56:53,078 [INFO] core.navigation.centering_controller: 0.1m ileri hareket ediliyor (0.3 m/s, 0.3s)...
QGC port check failed, reporting UNKNOWN: (pid=78659)
2026-09-01 15:56:53,370 [INFO] gz_system.main_gz: Dashboard paint loop: 0.0 FPS (main thread)
2026-09-01 15:56:53,416 [INFO] core.mission.payload_release: [RELEASE_OFFSET] MAVI_ALTIGEN: {'shape_type': 'MAVI_ALTIGEN', 'altitude_m': 0.487, 'target_visible': False, 'best_known_offset_cm': 18.34, 'best_known_offset_alt_m': 5.007}
2026-09-01 15:56:53,417 [INFO] core.mission.payload_release: [MOUNT_VECTOR_MEASURED] MAVI_ALTIGEN: {'world_dx': 0.0351, 'world_dy': 0.0021, 'gazebo_yaw_deg': 91.85, 'body_forward_m': 0.0009, 'body_right_m': 0.0351} (uygulanan: (0.0, 0.035))
2026-09-01 15:56:53,417 [INFO] gz_system.gz_payload_actuator: Gazebo DetachableJoint tetikleniyor: /payload/detach/red
I0901 15:56:53.417871 14081711 fork_posix.cc:71] Other threads are currently calling into gRPC, skipping fork() handlers
I0901 15:56:53.475776 14081711 fork_posix.cc:71] Other threads are currently calling into gRPC, skipping fork() handlers
I0901 15:56:53.530867 14081711 fork_posix.cc:71] Other threads are currently calling into gRPC, skipping fork() handlers
I0901 15:56:53.574577 14081711 fork_posix.cc:71] Other threads are currently calling into gRPC, skipping fork() handlers
I0901 15:56:53.625469 14081711 fork_posix.cc:71] Other threads are currently calling into gRPC, skipping fork() handlers
2026-09-01 15:56:53,777 [INFO] core.detection.vision_runtime: [VISION] detect() calisiyor -- bu karede 0 tespit: []
2026-09-01 15:56:54,726 [INFO] gz_system.gz_payload_actuator: Yuk ayrildi (red), gecikme 1.293 s.
2026-09-01 15:56:54,726 [INFO] core.mission.payload_release: [PAYLOAD_RELEASED] PAYLOAD 1 RELEASED @0.49m
QGC port check failed, reporting UNKNOWN: (pid=78659)
2026-09-01 15:56:56,727 [INFO] core.mission.payload_release: [PAYLOAD_FINAL_POSE] MAVI_ALTIGEN: x=-3.574 y=83.839 z=0.040 merkeze 6893.2 cm egim 0.1 deg (HEDEF DISINDA)
2026-09-01 15:56:56,727 [INFO] core.mission.payload_release: Doğrulama işareti aranıyor: KIRMIZI_DIKDORTGEN
2026-09-01 15:56:56,728 [INFO] core.mission.payload_release: Yük bırakma DOĞRULANDI: KIRMIZI_DIKDORTGEN tespit edildi.
2026-09-01 15:56:56,728 [INFO] core.navigation.centering_controller: 15.0m irtifasina tirmaniliyor (goruntuden bagimsiz)...
2026-09-01 15:56:56,812 [INFO] core.detection.vision_runtime: [VISION] detect() calisiyor -- bu karede 1 tespit: ['KIRMIZI_DIKDORTGEN']
QGC port check failed, reporting UNKNOWN: (pid=78659)
2026-09-01 15:56:58,388 [INFO] gz_system.main_gz: Dashboard paint loop: 0.0 FPS (main thread)
QGC port check failed, reporting UNKNOWN: (pid=78659)
2026-09-01 15:56:59,831 [INFO] core.detection.vision_runtime: [VISION] detect() calisiyor -- bu karede 1 tespit: ['MAVI_ALTIGEN']
QGC port check failed, reporting UNKNOWN: (pid=78659)
2026-09-01 15:57:02,903 [INFO] core.detection.vision_runtime: [VISION] detect() calisiyor -- bu karede 1 tespit: ['MAVI_ALTIGEN']
QGC port check failed, reporting UNKNOWN: (pid=78659)
2026-09-01 15:57:03,391 [INFO] gz_system.main_gz: Dashboard paint loop: 0.0 FPS (main thread)
QGC port check failed, reporting UNKNOWN: (pid=78659)
2026-09-01 15:57:05,984 [INFO] core.detection.vision_runtime: [VISION] detect() calisiyor -- bu karede 1 tespit: ['MAVI_ALTIGEN']
2026-09-01 15:57:06,449 [INFO] core.mission.gorev2_orchestrator: SEARCH COMPLETE: MAVI_ALTIGEN ve KIRMIZI_UCGEN ikisi de kaydedildi. Mission kalici olarak sona erdi, Offboard tek yetkili.
2026-09-01 15:57:06,561 [INFO] core.mission.gorev2_orchestrator: Bir veya iki yuk hala birakilmamis -- toplu birakma calistiriliyor.
2026-09-01 15:57:06,562 [INFO] core.mission.gorev2_fsm: PAYLOAD MISSION 1 basliyor (Mavi Altigen / RED payload)
2026-09-01 15:57:06,562 [INFO] core.navigation.centering_controller: Kayitli GPS konumuna gidiliyor: lat=47.3987233, lon=8.5461186, alt=15.0m
2026-09-01 15:57:06,562 [INFO] core.mission.payload_release: Yük bırakma başlatılıyor: MAVI_ALTIGEN
2026-09-01 15:57:06,562 [INFO] core.navigation.centering_controller: MAVI_ALTIGEN hedefine merkezleniyor (irtifa hedefi: 10.0m, irtifa bandi +/-0.30m)...
2026-09-01 15:57:06,563 [INFO] core.navigation.centering_controller: [CENTERING] MAVI_ALTIGEN 1/200 dx=+2px dy=+3px d=0.1m ex=+0.0031 ey=+0.0063 (tol +/-0.010) alt_err=+4.73m -> fwd=+0.00 right=+0.00 down=+0.15 m/s
2026-09-01 15:57:07,142 [INFO] core.navigation.centering_controller: [CENTERING] MAVI_ALTIGEN 6/200 dx=+2px dy=+2px d=0.1m ex=+0.0031 ey=+0.0042 (tol +/-0.010) alt_err=+4.62m -> fwd=+0.00 right=+0.00 down=+0.90 m/s
QGC port check failed, reporting UNKNOWN: (pid=78659)
2026-09-01 15:57:07,731 [INFO] core.navigation.centering_controller: [CENTERING] MAVI_ALTIGEN 11/200 dx=+2px dy=+3px d=0.1m ex=+0.0031 ey=+0.0063 (tol +/-0.010) alt_err=+4.15m -> fwd=+0.00 right=+0.00 down=+1.65 m/s
2026-09-01 15:57:08,315 [INFO] core.navigation.centering_controller: [CENTERING] MAVI_ALTIGEN 16/200 dx=+1px dy=+1px d=0.0m ex=+0.0016 ey=+0.0021 (tol +/-0.010) alt_err=+3.22m -> fwd=+0.00 right=+0.00 down=+1.61 m/s
2026-09-01 15:57:08,394 [INFO] gz_system.main_gz: Dashboard paint loop: 0.0 FPS (main thread)
2026-09-01 15:57:08,913 [INFO] core.navigation.centering_controller: [CENTERING] MAVI_ALTIGEN 21/200 dx=+2px dy=+2px d=0.1m ex=+0.0031 ey=+0.0042 (tol +/-0.010) alt_err=+2.31m -> fwd=+0.00 right=+0.00 down=+1.16 m/s
2026-09-01 15:57:09,027 [INFO] core.detection.vision_runtime: [VISION] detect() calisiyor -- bu karede 1 tespit: ['MAVI_ALTIGEN']
QGC port check failed, reporting UNKNOWN: (pid=78659)
2026-09-01 15:57:09,493 [INFO] core.navigation.centering_controller: [CENTERING] MAVI_ALTIGEN 26/200 dx=+1px dy=+2px d=0.0m ex=+0.0016 ey=+0.0042 (tol +/-0.010) alt_err=+1.64m -> fwd=+0.00 right=+0.00 down=+0.82 m/s
2026-09-01 15:57:10,071 [INFO] core.navigation.centering_controller: [CENTERING] MAVI_ALTIGEN 31/200 dx=+1px dy=+5px d=0.1m ex=+0.0016 ey=+0.0104 (tol +/-0.010) alt_err=+1.17m -> fwd=-0.15 right=+0.00 down=+0.59 m/s
2026-09-01 15:57:10,641 [INFO] core.navigation.centering_controller: [CENTERING] MAVI_ALTIGEN 36/200 dx=+1px dy=+13px d=0.3m ex=+0.0016 ey=+0.0271 (tol +/-0.010) alt_err=+0.90m -> fwd=-0.15 right=+0.00 down=+0.45 m/s
2026-09-01 15:57:11,210 [INFO] core.navigation.centering_controller: [CENTERING] MAVI_ALTIGEN 41/200 dx=+1px dy=+5px d=0.1m ex=+0.0016 ey=+0.0104 (tol +/-0.010) alt_err=+0.65m -> fwd=-0.15 right=+0.00 down=+0.33 m/s
QGC port check failed, reporting UNKNOWN: (pid=78659)
2026-09-01 15:57:11,780 [INFO] core.navigation.centering_controller: [CENTERING] MAVI_ALTIGEN 46/200 dx=+2px dy=-17px d=0.3m ex=+0.0031 ey=-0.0354 (tol +/-0.010) alt_err=+0.47m -> fwd=+0.15 right=+0.00 down=+0.24 m/s
2026-09-01 15:57:12,120 [INFO] core.detection.vision_runtime: [VISION] detect() calisiyor -- bu karede 1 tespit: ['MAVI_ALTIGEN']
2026-09-01 15:57:12,350 [INFO] core.navigation.centering_controller: [CENTERING] MAVI_ALTIGEN 51/200 dx=+4px dy=-13px d=0.3m ex=+0.0063 ey=-0.0271 (tol +/-0.010) alt_err=+0.34m -> fwd=+0.15 right=+0.00 down=+0.17 m/s
2026-09-01 15:57:12,800 [INFO] core.navigation.centering_controller: Merkezleme tamamlandi. (attempt 55/200, dx=+4px dy=-2px ex=+0.0063 ey=-0.0042 alt_err=+0.28m)
2026-09-01 15:57:12,802 [INFO] core.navigation.centering_controller: MAVI_ALTIGEN hedefine merkezleniyor (irtifa hedefi: 5.0m, irtifa bandi +/-0.30m)...
2026-09-01 15:57:12,803 [INFO] core.navigation.centering_controller: [CENTERING] MAVI_ALTIGEN 1/200 dx=+4px dy=-2px d=0.1m ex=+0.0063 ey=-0.0042 (tol +/-0.010) alt_err=+5.28m -> fwd=+0.00 right=+0.00 down=+0.15 m/s
QGC port check failed, reporting UNKNOWN: (pid=78659)
2026-09-01 15:57:13,372 [INFO] core.navigation.centering_controller: [CENTERING] MAVI_ALTIGEN 6/200 dx=+6px dy=+24px d=0.5m ex=+0.0094 ey=+0.0500 (tol +/-0.010) alt_err=+5.12m -> fwd=-0.15 right=+0.00 down=+0.90 m/s
2026-09-01 15:57:13,431 [INFO] gz_system.main_gz: Dashboard paint loop: 0.0 FPS (main thread)
2026-09-01 15:57:13,941 [INFO] core.navigation.centering_controller: [CENTERING] MAVI_ALTIGEN 11/200 dx=+6px dy=+14px d=0.3m ex=+0.0094 ey=+0.0292 (tol +/-0.010) alt_err=+4.62m -> fwd=-0.15 right=+0.00 down=+1.65 m/s
2026-09-01 15:57:14,509 [INFO] core.navigation.centering_controller: [CENTERING] MAVI_ALTIGEN 16/200 dx=+4px dy=+3px d=0.1m ex=+0.0063 ey=+0.0063 (tol +/-0.010) alt_err=+3.69m -> fwd=+0.00 right=+0.00 down=+1.85 m/s
2026-09-01 15:57:15,077 [INFO] core.navigation.centering_controller: [CENTERING] MAVI_ALTIGEN 21/200 dx=+13px dy=-25px d=0.4m ex=+0.0203 ey=-0.0521 (tol +/-0.010) alt_err=+2.78m -> fwd=+0.15 right=+0.15 down=+1.39 m/s
2026-09-01 15:57:15,189 [INFO] core.detection.vision_runtime: [VISION] detect() calisiyor -- bu karede 1 tespit: ['MAVI_ALTIGEN']
QGC port check failed, reporting UNKNOWN: (pid=78659)
2026-09-01 15:57:15,649 [INFO] core.navigation.centering_controller: [CENTERING] MAVI_ALTIGEN 26/200 dx=+13px dy=-13px d=0.2m ex=+0.0203 ey=-0.0271 (tol +/-0.010) alt_err=+1.97m -> fwd=+0.15 right=+0.15 down=+0.99 m/s
2026-09-01 15:57:16,218 [INFO] core.navigation.centering_controller: [CENTERING] MAVI_ALTIGEN 31/200 dx=-4px dy=+2px d=0.1m ex=-0.0063 ey=+0.0042 (tol +/-0.010) alt_err=+1.49m -> fwd=+0.00 right=+0.00 down=+0.75 m/s
2026-09-01 15:57:16,791 [INFO] core.navigation.centering_controller: [CENTERING] MAVI_ALTIGEN 36/200 dx=-20px dy=+24px d=0.4m ex=-0.0312 ey=+0.0500 (tol +/-0.010) alt_err=+1.07m -> fwd=-0.15 right=-0.15 down=+0.54 m/s
QGC port check failed, reporting UNKNOWN: (pid=78659)
2026-09-01 15:57:17,358 [INFO] core.navigation.centering_controller: [CENTERING] MAVI_ALTIGEN 41/200 dx=-3px dy=+7px d=0.1m ex=-0.0047 ey=+0.0146 (tol +/-0.010) alt_err=+0.77m -> fwd=-0.15 right=+0.00 down=+0.39 m/s
2026-09-01 15:57:17,934 [INFO] core.navigation.centering_controller: [CENTERING] MAVI_ALTIGEN 46/200 dx=+24px dy=-12px d=0.3m ex=+0.0375 ey=-0.0250 (tol +/-0.010) alt_err=+0.60m -> fwd=+0.15 right=+0.15 down=+0.30 m/s
2026-09-01 15:57:18,281 [INFO] core.detection.vision_runtime: [VISION] detect() calisiyor -- bu karede 1 tespit: ['MAVI_ALTIGEN']
2026-09-01 15:57:18,457 [INFO] gz_system.main_gz: Dashboard paint loop: 0.0 FPS (main thread)
2026-09-01 15:57:18,514 [INFO] core.navigation.centering_controller: [CENTERING] MAVI_ALTIGEN 51/200 dx=+11px dy=-19px d=0.2m ex=+0.0172 ey=-0.0396 (tol +/-0.010) alt_err=+0.44m -> fwd=+0.15 right=+0.15 down=+0.22 m/s
2026-09-01 15:57:19,085 [INFO] core.navigation.centering_controller: [CENTERING] MAVI_ALTIGEN 56/200 dx=-5px dy=-5px d=0.1m ex=-0.0078 ey=-0.0104 (tol +/-0.010) alt_err=+0.33m -> fwd=+0.15 right=+0.00 down=+0.17 m/s
QGC port check failed, reporting UNKNOWN: (pid=80354)
2026-09-01 15:57:19,652 [INFO] core.navigation.centering_controller: [CENTERING] MAVI_ALTIGEN 61/200 dx=-22px dy=+21px d=0.3m ex=-0.0344 ey=+0.0437 (tol +/-0.010) alt_err=+0.27m -> fwd=-0.15 right=-0.15 down=+0.13 m/s
2026-09-01 15:57:20,223 [INFO] core.navigation.centering_controller: [CENTERING] MAVI_ALTIGEN 66/200 dx=-7px dy=+19px d=0.2m ex=-0.0109 ey=+0.0396 (tol +/-0.010) alt_err=+0.21m -> fwd=-0.15 right=-0.15 down=+0.11 m/s
2026-09-01 15:57:20,791 [INFO] core.navigation.centering_controller: [CENTERING] MAVI_ALTIGEN 71/200 dx=+22px dy=+5px d=0.2m ex=+0.0344 ey=+0.0104 (tol +/-0.010) alt_err=+0.16m -> fwd=-0.15 right=+0.15 down=+0.08 m/s
QGC port check failed, reporting UNKNOWN: (pid=80354)
2026-09-01 15:57:21,365 [INFO] core.detection.vision_runtime: [VISION] detect() calisiyor -- bu karede 1 tespit: ['MAVI_ALTIGEN']
2026-09-01 15:57:21,366 [INFO] core.navigation.centering_controller: [CENTERING] MAVI_ALTIGEN 76/200 dx=+20px dy=-19px d=0.3m ex=+0.0312 ey=-0.0396 (tol +/-0.010) alt_err=+0.12m -> fwd=+0.15 right=+0.15 down=+0.06 m/s
2026-09-01 15:57:21,939 [INFO] core.navigation.centering_controller: [CENTERING] MAVI_ALTIGEN 81/200 dx=+4px dy=-16px d=0.2m ex=+0.0063 ey=-0.0333 (tol +/-0.010) alt_err=+0.10m -> fwd=+0.15 right=+0.00 down=+0.05 m/s
2026-09-01 15:57:22,505 [INFO] core.navigation.centering_controller: [CENTERING] MAVI_ALTIGEN 86/200 dx=-26px dy=-3px d=0.2m ex=-0.0406 ey=-0.0063 (tol +/-0.010) alt_err=+0.07m -> fwd=+0.00 right=-0.15 down=+0.04 m/s
2026-09-01 15:57:23,082 [INFO] core.navigation.centering_controller: [CENTERING] MAVI_ALTIGEN 91/200 dx=-13px dy=+25px d=0.3m ex=-0.0203 ey=+0.0521 (tol +/-0.010) alt_err=+0.05m -> fwd=-0.15 right=-0.15 down=+0.03 m/s
QGC port check failed, reporting UNKNOWN: (pid=80354)
2026-09-01 15:57:23,470 [INFO] gz_system.main_gz: Dashboard paint loop: 0.0 FPS (main thread)
2026-09-01 15:57:23,645 [INFO] core.navigation.centering_controller: [CENTERING] MAVI_ALTIGEN 96/200 dx=+5px dy=+14px d=0.1m ex=+0.0078 ey=+0.0292 (tol +/-0.010) alt_err=+0.03m -> fwd=-0.15 right=+0.00 down=+0.02 m/s
2026-09-01 15:57:24,215 [INFO] core.navigation.centering_controller: [CENTERING] MAVI_ALTIGEN 101/200 dx=+26px dy=-12px d=0.3m ex=+0.0406 ey=-0.0250 (tol +/-0.010) alt_err=+0.01m -> fwd=+0.15 right=+0.15 down=+0.01 m/s
2026-09-01 15:57:24,443 [INFO] core.detection.vision_runtime: [VISION] detect() calisiyor -- bu karede 1 tespit: ['MAVI_ALTIGEN']
2026-09-01 15:57:24,788 [INFO] core.navigation.centering_controller: [CENTERING] MAVI_ALTIGEN 106/200 dx=+8px dy=-19px d=0.2m ex=+0.0125 ey=-0.0396 (tol +/-0.010) alt_err=+0.01m -> fwd=+0.15 right=+0.15 down=+0.00 m/s
QGC port check failed, reporting UNKNOWN: (pid=80354)
2026-09-01 15:57:25,364 [INFO] core.navigation.centering_controller: [CENTERING] MAVI_ALTIGEN 111/200 dx=-22px dy=-4px d=0.2m ex=-0.0344 ey=-0.0083 (tol +/-0.010) alt_err=+0.01m -> fwd=+0.00 right=-0.15 down=+0.00 m/s
2026-09-01 15:57:25,935 [INFO] core.navigation.centering_controller: [CENTERING] MAVI_ALTIGEN 116/200 dx=-17px dy=+28px d=0.3m ex=-0.0266 ey=+0.0583 (tol +/-0.010) alt_err=+0.02m -> fwd=-0.15 right=-0.15 down=+0.01 m/s
2026-09-01 15:57:26,509 [INFO] core.navigation.centering_controller: [CENTERING] MAVI_ALTIGEN 121/200 dx=-4px dy=+15px d=0.1m ex=-0.0063 ey=+0.0312 (tol +/-0.010) alt_err=+0.03m -> fwd=-0.15 right=+0.00 down=+0.01 m/s
2026-09-01 15:57:27,079 [INFO] core.navigation.centering_controller: [CENTERING] MAVI_ALTIGEN 126/200 dx=+24px dy=+0px d=0.2m ex=+0.0375 ey=+0.0000 (tol +/-0.010) alt_err=+0.02m -> fwd=+0.00 right=+0.15 down=+0.01 m/s
QGC port check failed, reporting UNKNOWN: (pid=80354)
2026-09-01 15:57:27,529 [INFO] core.detection.vision_runtime: [VISION] detect() calisiyor -- bu karede 1 tespit: ['MAVI_ALTIGEN']
2026-09-01 15:57:27,648 [INFO] core.navigation.centering_controller: [CENTERING] MAVI_ALTIGEN 131/200 dx=+9px dy=-24px d=0.2m ex=+0.0141 ey=-0.0500 (tol +/-0.010) alt_err=+0.02m -> fwd=+0.15 right=+0.15 down=+0.01 m/s
2026-09-01 15:57:28,216 [INFO] core.navigation.centering_controller: [CENTERING] MAVI_ALTIGEN 136/200 dx=-13px dy=-7px d=0.1m ex=-0.0203 ey=-0.0146 (tol +/-0.010) alt_err=+0.01m -> fwd=+0.15 right=-0.15 down=+0.01 m/s
2026-09-01 15:57:28,477 [INFO] gz_system.main_gz: Dashboard paint loop: 0.0 FPS (main thread)
2026-09-01 15:57:28,787 [INFO] core.navigation.centering_controller: [CENTERING] MAVI_ALTIGEN 141/200 dx=-17px dy=+12px d=0.2m ex=-0.0266 ey=+0.0250 (tol +/-0.010) alt_err=-0.00m -> fwd=-0.15 right=-0.15 down=-0.00 m/s
QGC port check failed, reporting UNKNOWN: (pid=80354)
2026-09-01 15:57:29,353 [INFO] core.navigation.centering_controller: [CENTERING] MAVI_ALTIGEN 146/200 dx=+5px dy=+27px d=0.3m ex=+0.0078 ey=+0.0563 (tol +/-0.010) alt_err=-0.01m -> fwd=-0.15 right=+0.00 down=-0.00 m/s
2026-09-01 15:57:29,929 [INFO] core.navigation.centering_controller: [CENTERING] MAVI_ALTIGEN 151/200 dx=+28px dy=+11px d=0.3m ex=+0.0437 ey=+0.0229 (tol +/-0.010) alt_err=-0.01m -> fwd=-0.15 right=+0.15 down=-0.01 m/s
2026-09-01 15:57:30,503 [INFO] core.navigation.centering_controller: [CENTERING] MAVI_ALTIGEN 156/200 dx=+8px dy=-7px d=0.1m ex=+0.0125 ey=-0.0146 (tol +/-0.010) alt_err=-0.00m -> fwd=+0.15 right=+0.15 down=-0.00 m/s
2026-09-01 15:57:30,615 [INFO] core.detection.vision_runtime: [VISION] detect() calisiyor -- bu karede 1 tespit: ['MAVI_ALTIGEN']
2026-09-01 15:57:31,074 [INFO] core.navigation.centering_controller: [CENTERING] MAVI_ALTIGEN 161/200 dx=-16px dy=-21px d=0.2m ex=-0.0250 ey=-0.0437 (tol +/-0.010) alt_err=+0.01m -> fwd=+0.15 right=-0.15 down=+0.00 m/s
QGC port check failed, reporting UNKNOWN: (pid=80354)
2026-09-01 15:57:31,644 [INFO] core.navigation.centering_controller: [CENTERING] MAVI_ALTIGEN 166/200 dx=-18px dy=-3px d=0.2m ex=-0.0281 ey=-0.0063 (tol +/-0.010) alt_err=+0.01m -> fwd=+0.00 right=-0.15 down=+0.01 m/s
2026-09-01 15:57:32,212 [INFO] core.navigation.centering_controller: [CENTERING] MAVI_ALTIGEN 171/200 dx=+3px dy=+22px d=0.2m ex=+0.0047 ey=+0.0458 (tol +/-0.010) alt_err=+0.01m -> fwd=-0.15 right=+0.00 down=+0.00 m/s
2026-09-01 15:57:32,779 [INFO] core.navigation.centering_controller: [CENTERING] MAVI_ALTIGEN 176/200 dx=+26px dy=+11px d=0.3m ex=+0.0406 ey=+0.0229 (tol +/-0.010) alt_err=-0.00m -> fwd=-0.15 right=+0.15 down=-0.00 m/s
QGC port check failed, reporting UNKNOWN: (pid=80354)
2026-09-01 15:57:33,348 [INFO] core.navigation.centering_controller: [CENTERING] MAVI_ALTIGEN 181/200 dx=+11px dy=-14px d=0.2m ex=+0.0172 ey=-0.0292 (tol +/-0.010) alt_err=-0.01m -> fwd=+0.15 right=+0.15 down=-0.01 m/s
2026-09-01 15:57:33,505 [INFO] gz_system.main_gz: Dashboard paint loop: 0.0 FPS (main thread)
2026-09-01 15:57:33,689 [INFO] core.detection.vision_runtime: [VISION] detect() calisiyor -- bu karede 1 tespit: ['MAVI_ALTIGEN']
2026-09-01 15:57:33,920 [INFO] core.navigation.centering_controller: [CENTERING] MAVI_ALTIGEN 186/200 dx=-13px dy=-21px d=0.2m ex=-0.0203 ey=-0.0437 (tol +/-0.010) alt_err=-0.02m -> fwd=+0.15 right=-0.15 down=-0.01 m/s
2026-09-01 15:57:34,488 [INFO] core.navigation.centering_controller: [CENTERING] MAVI_ALTIGEN 191/200 dx=-24px dy=-4px d=0.2m ex=-0.0375 ey=-0.0083 (tol +/-0.010) alt_err=-0.02m -> fwd=+0.00 right=-0.15 down=-0.01 m/s
2026-09-01 15:57:35,078 [INFO] core.navigation.centering_controller: [CENTERING] MAVI_ALTIGEN 196/200 dx=-6px dy=+26px d=0.2m ex=-0.0094 ey=+0.0542 (tol +/-0.010) alt_err=-0.01m -> fwd=-0.15 right=+0.00 down=-0.01 m/s
QGC port check failed, reporting UNKNOWN: (pid=80390)
2026-09-01 15:57:35,648 [ERROR] core.navigation.centering_controller: Merkezleme zaman asimina ugradi! (200 deneme / 20.0s butcesi doldu)
2026-09-01 15:57:35,648 [WARNING] core.mission.payload_release: Yaklaşma adımı yakınsamadı (5.0m) -- devam ediliyor.
2026-09-01 15:57:35,648 [INFO] core.navigation.centering_controller: MAVI_ALTIGEN hedefine merkezleniyor (irtifa hedefi: 0.45m, irtifa bandi +/-0.05m)...
2026-09-01 15:57:35,649 [INFO] core.navigation.centering_controller: [CENTERING] MAVI_ALTIGEN 1/200 dx=+22px dy=+11px d=0.2m ex=+0.0344 ey=+0.0229 (tol +/-0.010) alt_err=+4.55m -> fwd=-0.15 right=+0.15 down=+0.15 m/s
2026-09-01 15:57:36,219 [INFO] core.navigation.centering_controller: [CENTERING] MAVI_ALTIGEN 6/200 dx=+17px dy=-8px d=0.2m ex=+0.0266 ey=-0.0167 (tol +/-0.010) alt_err=+4.41m -> fwd=+0.15 right=+0.15 down=+0.90 m/s
2026-09-01 15:57:36,787 [INFO] core.detection.vision_runtime: [VISION] detect() calisiyor -- bu karede 1 tespit: ['MAVI_ALTIGEN']
2026-09-01 15:57:36,789 [INFO] core.navigation.centering_controller: [CENTERING] MAVI_ALTIGEN 11/200 dx=-1px dy=-29px d=0.2m ex=-0.0016 ey=-0.0604 (tol +/-0.010) alt_err=+3.79m -> fwd=+0.15 right=+0.00 down=+1.65 m/s
QGC port check failed, reporting UNKNOWN: (pid=80390)
2026-09-01 15:57:37,367 [INFO] core.navigation.centering_controller: [CENTERING] MAVI_ALTIGEN 16/200 dx=-35px dy=-11px d=0.2m ex=-0.0547 ey=-0.0229 (tol +/-0.010) alt_err=+2.99m -> fwd=+0.15 right=-0.15 down=+1.50 m/s
2026-09-01 15:57:37,945 [INFO] core.navigation.centering_controller: [CENTERING] MAVI_ALTIGEN 21/200 dx=-18px dy=+18px d=0.1m ex=-0.0281 ey=+0.0375 (tol +/-0.010) alt_err=+2.13m -> fwd=-0.11 right=-0.15 down=+1.07 m/s
2026-09-01 15:57:38,521 [INFO] core.navigation.centering_controller: [CENTERING] MAVI_ALTIGEN 26/200 dx=-2px dy=+32px d=0.1m ex=-0.0023 ey=+0.0677 (tol +/-0.010) alt_err=+1.51m -> fwd=-0.10 right=+0.00 down=+0.76 m/s
2026-09-01 15:57:38,538 [INFO] gz_system.main_gz: Dashboard paint loop: 0.0 FPS (main thread)
2026-09-01 15:57:39,106 [INFO] core.navigation.centering_controller: [CENTERING] MAVI_ALTIGEN 31/200 dx=+38px dy=+16px d=0.1m ex=+0.0586 ey=+0.0344 (tol +/-0.010) alt_err=+1.08m -> fwd=-0.07 right=+0.09 down=+0.54 m/s
QGC port check failed, reporting UNKNOWN: (pid=80390)
2026-09-01 15:57:39,696 [INFO] core.navigation.centering_controller: [CENTERING] MAVI_ALTIGEN 36/200 dx=+28px dy=+0px d=0.1m ex=+0.0437 ey=+0.0000 (tol +/-0.010) alt_err=+0.79m -> fwd=+0.00 right=+0.07 down=+0.40 m/s
2026-09-01 15:57:39,808 [INFO] core.detection.vision_runtime: [VISION] detect() calisiyor -- bu karede 2 tespit: ['MAVI_ALTIGEN', 'KIRMIZI_DIKDORTGEN']
2026-09-01 15:57:40,281 [INFO] core.navigation.centering_controller: [CENTERING] MAVI_ALTIGEN 41/200 dx=+2px dy=-20px d=0.0m ex=+0.0023 ey=-0.0417 (tol +/-0.010) alt_err=+0.59m -> fwd=+0.06 right=+0.00 down=+0.29 m/s
2026-09-01 15:57:40,864 [INFO] core.navigation.centering_controller: [CENTERING] MAVI_ALTIGEN 46/200 dx=-26px dy=+0px d=0.0m ex=-0.0406 ey=+0.0000 (tol +/-0.010) alt_err=+0.45m -> fwd=+0.00 right=-0.06 down=+0.23 m/s
QGC port check failed, reporting UNKNOWN: (pid=80390)
2026-09-01 15:57:41,461 [INFO] core.navigation.centering_controller: [CENTERING] MAVI_ALTIGEN 51/200 dx=-2px dy=+0px d=0.0m ex=-0.0031 ey=+0.0000 (tol +/-0.010) alt_err=+0.34m -> fwd=+0.00 right=+0.00 down=+0.17 m/s
2026-09-01 15:57:42,052 [INFO] core.navigation.centering_controller: [CENTERING] MAVI_ALTIGEN 56/200 dx=+0px dy=+0px d=0.0m ex=+0.0000 ey=+0.0000 (tol +/-0.010) alt_err=+0.25m -> fwd=+0.00 right=+0.00 down=+0.12 m/s
2026-09-01 15:57:42,520 [WARNING] core.navigation.centering_controller: [LOW_ALT_OPEN_LOOP_DESCENT] MAVI_ALTIGEN: goruntu 0.66m'de kayboldu -- dondurulmus kestirime (47.3987249, 8.5461162, offset=0.0cm @ 0.66m) gore 0.45m'ye alcalmaya devam.
2026-09-01 15:57:42,869 [INFO] core.detection.vision_runtime: [VISION] detect() calisiyor -- bu karede 1 tespit: ['KIRMIZI_DIKDORTGEN']
QGC port check failed, reporting UNKNOWN: (pid=80390)
2026-09-01 15:57:43,556 [INFO] gz_system.main_gz: Dashboard paint loop: 0.0 FPS (main thread)
2026-09-01 15:57:43,804 [INFO] core.navigation.centering_controller: [LOW_ALT_OPEN_LOOP_DESCENT] MAVI_ALTIGEN: 0.498m'ye ulasildi (hedef 0.45m).
2026-09-01 15:57:43,805 [INFO] core.navigation.centering_controller: [AIM_OFFSET_APPLIED] MAVI_ALTIGEN: montaj (ileri=0.00, sag=0.04) m, yon=-1.5 deg -> tutma noktasi (47.3987249, 8.5461157) olarak otelendi (kuzey -0.00, dogu -0.03 m).
2026-09-01 15:57:44,387 [INFO] core.navigation.centering_controller: [MOUNT_TRANSLATE_DONE] MAVI_ALTIGEN: kalan 4.9 cm, sure 0.58 s (yakinsadi).
2026-09-01 15:57:44,387 [WARNING] core.navigation.centering_controller: [LOW_ALT_OPEN_LOOP_DESCENT] MAVI_ALTIGEN: goruntu 0.48m'de kayboldu -- dondurulmus kestirime (47.3987249, 8.5461157, offset=0.0cm @ 0.66m) gore 0.45m'ye alcalmaya devam.
2026-09-01 15:57:44,388 [INFO] core.navigation.centering_controller: [LOW_ALT_OPEN_LOOP_DESCENT] MAVI_ALTIGEN: 0.484m'ye ulasildi (hedef 0.45m).
2026-09-01 15:57:44,388 [INFO] core.navigation.centering_controller: 0.1m ileri hareket ediliyor (0.3 m/s, 0.3s)...
2026-09-01 15:57:44,739 [INFO] core.mission.payload_release: [RELEASE_OFFSET] MAVI_ALTIGEN: {'shape_type': 'MAVI_ALTIGEN', 'altitude_m': 0.484, 'target_visible': False, 'best_known_offset_cm': 19.69, 'best_known_offset_alt_m': 4.996}
2026-09-01 15:57:44,739 [INFO] core.mission.payload_release: [MOUNT_VECTOR_MEASURED] MAVI_ALTIGEN: {'world_dx': 0.0694, 'world_dy': 0.0312, 'gazebo_yaw_deg': 92.0, 'body_forward_m': 0.0288, 'body_right_m': 0.0704} (uygulanan: (0.0, 0.035))
2026-09-01 15:57:44,739 [INFO] gz_system.gz_payload_actuator: Gazebo DetachableJoint tetikleniyor: /payload/detach/red
I0901 15:57:44.740065 14081711 fork_posix.cc:71] Other threads are currently calling into gRPC, skipping fork() handlers
I0901 15:57:44.796103 14081711 fork_posix.cc:71] Other threads are currently calling into gRPC, skipping fork() handlers
I0901 15:57:44.859368 14081711 fork_posix.cc:71] Other threads are currently calling into gRPC, skipping fork() handlers
I0901 15:57:44.896528 14081711 fork_posix.cc:71] Other threads are currently calling into gRPC, skipping fork() handlers
I0901 15:57:44.947866 14081711 fork_posix.cc:71] Other threads are currently calling into gRPC, skipping fork() handlers
QGC port check failed, reporting UNKNOWN: (pid=80390)
2026-09-01 15:57:45,874 [INFO] core.detection.vision_runtime: [VISION] detect() calisiyor -- bu karede 1 tespit: ['KIRMIZI_DIKDORTGEN']
2026-09-01 15:57:46,145 [INFO] gz_system.gz_payload_actuator: Yuk ayrildi (red), gecikme 0.000 s.
2026-09-01 15:57:46,145 [INFO] core.mission.payload_release: [PAYLOAD_RELEASED] PAYLOAD 2 RELEASED @0.48m
QGC port check failed, reporting UNKNOWN: (pid=80390)
2026-09-01 15:57:48,147 [INFO] core.mission.payload_release: [PAYLOAD_FINAL_POSE] MAVI_ALTIGEN: x=-3.574 y=83.839 z=0.040 merkeze 6893.2 cm egim 0.1 deg (HEDEF DISINDA)
2026-09-01 15:57:48,147 [INFO] core.mission.payload_release: Doğrulama işareti aranıyor: KIRMIZI_DIKDORTGEN
2026-09-01 15:57:48,147 [INFO] core.mission.payload_release: Yük bırakma DOĞRULANDI: KIRMIZI_DIKDORTGEN tespit edildi.
2026-09-01 15:57:48,148 [INFO] core.navigation.centering_controller: 15.0m irtifasina tirmaniliyor (goruntuden bagimsiz)...
2026-09-01 15:57:48,559 [INFO] gz_system.main_gz: Dashboard paint loop: 0.0 FPS (main thread)
2026-09-01 15:57:48,932 [INFO] core.detection.vision_runtime: [VISION] detect() calisiyor -- bu karede 1 tespit: ['KIRMIZI_DIKDORTGEN']
QGC port check failed, reporting UNKNOWN: (pid=80390)
QGC port check failed, reporting UNKNOWN: (pid=80390)
2026-09-01 15:57:52,009 [INFO] core.detection.vision_runtime: [VISION] detect() calisiyor -- bu karede 1 tespit: ['MAVI_ALTIGEN']
QGC port check failed, reporting UNKNOWN: (pid=80390)
2026-09-01 15:57:53,580 [INFO] gz_system.main_gz: Dashboard paint loop: 0.0 FPS (main thread)
2026-09-01 15:57:55,084 [INFO] core.detection.vision_runtime: [VISION] detect() calisiyor -- bu karede 1 tespit: ['MAVI_ALTIGEN']
QGC port check failed, reporting UNKNOWN: (pid=80390)
QGC port check failed, reporting UNKNOWN: (pid=80390)
2026-09-01 15:57:58,052 [INFO] core.mission.gorev2_fsm: PAYLOAD MISSION 2 basliyor (Kirmizi Ucgen / BLUE payload)
2026-09-01 15:57:58,052 [INFO] core.navigation.centering_controller: Kayitli GPS konumuna gidiliyor: lat=47.3985129, lon=8.5462338, alt=15.0m
2026-09-01 15:57:58,163 [INFO] core.detection.vision_runtime: [VISION] detect() calisiyor -- bu karede 1 tespit: ['MAVI_ALTIGEN']
2026-09-01 15:57:58,603 [INFO] gz_system.main_gz: Dashboard paint loop: 0.0 FPS (main thread)
QGC port check failed, reporting UNKNOWN: (pid=80390)
2026-09-01 15:58:01,287 [INFO] core.detection.vision_runtime: [VISION] detect() calisiyor -- bu karede 0 tespit: []
QGC port check failed, reporting UNKNOWN: (pid=80390)
2026-09-01 15:58:02,513 [INFO] core.mission.payload_release: Yük bırakma başlatılıyor: KIRMIZI_UCGEN
2026-09-01 15:58:02,513 [INFO] core.navigation.centering_controller: KIRMIZI_UCGEN hedefine merkezleniyor (irtifa hedefi: 10.0m, irtifa bandi +/-0.30m)...
2026-09-01 15:58:02,515 [INFO] core.navigation.centering_controller: [CENTERING] KIRMIZI_UCGEN 1/200 dx=-31px dy=-135px d=3.9m ex=-0.0484 ey=-0.2812 (tol +/-0.010) alt_err=+5.05m -> fwd=+0.15 right=-0.15 down=+0.15 m/s
2026-09-01 15:58:03,107 [INFO] core.navigation.centering_controller: [CENTERING] KIRMIZI_UCGEN 6/200 dx=-16px dy=-59px d=1.7m ex=-0.0250 ey=-0.1229 (tol +/-0.010) alt_err=+4.86m -> fwd=+0.18 right=-0.15 down=+0.90 m/s
QGC port check failed, reporting UNKNOWN: (pid=80390)
2026-09-01 15:58:03,610 [INFO] gz_system.main_gz: Dashboard paint loop: 0.0 FPS (main thread)
2026-09-01 15:58:03,697 [INFO] core.navigation.centering_controller: [CENTERING] KIRMIZI_UCGEN 11/200 dx=-6px dy=-27px d=0.7m ex=-0.0094 ey=-0.0563 (tol +/-0.010) alt_err=+4.19m -> fwd=+0.15 right=+0.00 down=+1.65 m/s
2026-09-01 15:58:04,287 [INFO] core.detection.vision_runtime: [VISION] detect() calisiyor -- bu karede 2 tespit: ['KIRMIZI_UCGEN', 'MAVI_DIKDORTGEN']
2026-09-01 15:58:04,290 [INFO] core.navigation.centering_controller: [CENTERING] KIRMIZI_UCGEN 16/200 dx=+16px dy=-19px d=0.6m ex=+0.0250 ey=-0.0396 (tol +/-0.010) alt_err=+3.22m -> fwd=+0.15 right=+0.15 down=+1.62 m/s
2026-09-01 15:58:04,880 [INFO] core.navigation.centering_controller: [CENTERING] KIRMIZI_UCGEN 21/200 dx=+12px dy=-11px d=0.4m ex=+0.0187 ey=-0.0229 (tol +/-0.010) alt_err=+2.45m -> fwd=+0.15 right=+0.15 down=+1.23 m/s
QGC port check failed, reporting UNKNOWN: (pid=80390)
2026-09-01 15:58:05,474 [INFO] core.navigation.centering_controller: [CENTERING] KIRMIZI_UCGEN 26/200 dx=-2px dy=+0px d=0.0m ex=-0.0031 ey=+0.0000 (tol +/-0.010) alt_err=+1.72m -> fwd=+0.00 right=+0.00 down=+0.86 m/s
2026-09-01 15:58:06,071 [INFO] core.navigation.centering_controller: [CENTERING] KIRMIZI_UCGEN 31/200 dx=-16px dy=+28px d=0.7m ex=-0.0250 ey=+0.0583 (tol +/-0.010) alt_err=+1.21m -> fwd=-0.15 right=-0.15 down=+0.60 m/s
2026-09-01 15:58:06,669 [INFO] core.navigation.centering_controller: [CENTERING] KIRMIZI_UCGEN 36/200 dx=+5px dy=+23px d=0.5m ex=+0.0078 ey=+0.0479 (tol +/-0.010) alt_err=+0.85m -> fwd=-0.15 right=+0.00 down=+0.42 m/s
2026-09-01 15:58:07,262 [INFO] core.navigation.centering_controller: [CENTERING] KIRMIZI_UCGEN 41/200 dx=+25px dy=+25px d=0.7m ex=+0.0391 ey=+0.0521 (tol +/-0.010) alt_err=+0.60m -> fwd=-0.15 right=+0.15 down=+0.30 m/s
2026-09-01 15:58:07,379 [INFO] core.detection.vision_runtime: [VISION] detect() calisiyor -- bu karede 2 tespit: ['KIRMIZI_UCGEN', 'MAVI_DIKDORTGEN']
QGC port check failed, reporting UNKNOWN: (pid=80390)
2026-09-01 15:58:07,857 [INFO] core.navigation.centering_controller: [CENTERING] KIRMIZI_UCGEN 46/200 dx=+13px dy=+28px d=0.6m ex=+0.0203 ey=+0.0583 (tol +/-0.010) alt_err=+0.44m -> fwd=-0.15 right=+0.15 down=+0.22 m/s
2026-09-01 15:58:08,450 [INFO] core.navigation.centering_controller: [CENTERING] KIRMIZI_UCGEN 51/200 dx=+8px dy=+33px d=0.6m ex=+0.0125 ey=+0.0688 (tol +/-0.010) alt_err=+0.31m -> fwd=-0.15 right=+0.15 down=+0.16 m/s
2026-09-01 15:58:08,635 [INFO] gz_system.main_gz: Dashboard paint loop: 0.0 FPS (main thread)
2026-09-01 15:58:09,048 [INFO] core.navigation.centering_controller: [CENTERING] KIRMIZI_UCGEN 56/200 dx=+0px dy=+36px d=0.7m ex=+0.0000 ey=+0.0750 (tol +/-0.010) alt_err=+0.23m -> fwd=-0.15 right=+0.00 down=+0.11 m/s
QGC port check failed, reporting UNKNOWN: (pid=80390)
2026-09-01 15:58:09,642 [INFO] core.navigation.centering_controller: [CENTERING] KIRMIZI_UCGEN 61/200 dx=-8px dy=+38px d=0.7m ex=-0.0125 ey=+0.0792 (tol +/-0.010) alt_err=+0.17m -> fwd=-0.15 right=-0.15 down=+0.09 m/s
2026-09-01 15:58:10,240 [INFO] core.navigation.centering_controller: [CENTERING] KIRMIZI_UCGEN 66/200 dx=-3px dy=+41px d=0.8m ex=-0.0047 ey=+0.0854 (tol +/-0.010) alt_err=+0.14m -> fwd=-0.15 right=+0.00 down=+0.07 m/s
2026-09-01 15:58:10,474 [INFO] core.detection.vision_runtime: [VISION] detect() calisiyor -- bu karede 2 tespit: ['KIRMIZI_UCGEN', 'MAVI_DIKDORTGEN']
2026-09-01 15:58:10,830 [INFO] core.navigation.centering_controller: [CENTERING] KIRMIZI_UCGEN 71/200 dx=+24px dy=+41px d=0.9m ex=+0.0375 ey=+0.0854 (tol +/-0.010) alt_err=+0.11m -> fwd=-0.15 right=+0.15 down=+0.05 m/s
QGC port check failed, reporting UNKNOWN: (pid=80390)
2026-09-01 15:58:11,425 [INFO] core.navigation.centering_controller: [CENTERING] KIRMIZI_UCGEN 76/200 dx=+13px dy=+42px d=0.8m ex=+0.0203 ey=+0.0875 (tol +/-0.010) alt_err=+0.08m -> fwd=-0.15 right=+0.15 down=+0.04 m/s
2026-09-01 15:58:12,023 [INFO] core.navigation.centering_controller: [CENTERING] KIRMIZI_UCGEN 81/200 dx=+6px dy=+41px d=0.8m ex=+0.0094 ey=+0.0854 (tol +/-0.010) alt_err=+0.06m -> fwd=-0.15 right=+0.00 down=+0.03 m/s
2026-09-01 15:58:12,623 [INFO] core.navigation.centering_controller: [CENTERING] KIRMIZI_UCGEN 86/200 dx=-12px dy=+40px d=0.8m ex=-0.0187 ey=+0.0833 (tol +/-0.010) alt_err=+0.06m -> fwd=-0.15 right=-0.15 down=+0.03 m/s
2026-09-01 15:58:13,221 [INFO] core.navigation.centering_controller: [CENTERING] KIRMIZI_UCGEN 91/200 dx=-4px dy=+38px d=0.7m ex=-0.0063 ey=+0.0792 (tol +/-0.010) alt_err=+0.05m -> fwd=-0.15 right=+0.00 down=+0.03 m/s
QGC port check failed, reporting UNKNOWN: (pid=80390)
2026-09-01 15:58:13,575 [INFO] core.detection.vision_runtime: [VISION] detect() calisiyor -- bu karede 2 tespit: ['KIRMIZI_UCGEN', 'MAVI_DIKDORTGEN']
2026-09-01 15:58:13,651 [INFO] gz_system.main_gz: Dashboard paint loop: 0.0 FPS (main thread)
2026-09-01 15:58:13,814 [INFO] core.navigation.centering_controller: [CENTERING] KIRMIZI_UCGEN 96/200 dx=+28px dy=+36px d=0.8m ex=+0.0437 ey=+0.0750 (tol +/-0.010) alt_err=+0.03m -> fwd=-0.15 right=+0.15 down=+0.01 m/s
2026-09-01 15:58:14,415 [INFO] core.navigation.centering_controller: [CENTERING] KIRMIZI_UCGEN 101/200 dx=+13px dy=+33px d=0.7m ex=+0.0203 ey=+0.0688 (tol +/-0.010) alt_err=+0.02m -> fwd=-0.15 right=+0.15 down=+0.01 m/s
2026-09-01 15:58:15,014 [INFO] core.navigation.centering_controller: [CENTERING] KIRMIZI_UCGEN 106/200 dx=+6px dy=+30px d=0.6m ex=+0.0094 ey=+0.0625 (tol +/-0.010) alt_err=+0.01m -> fwd=-0.15 right=+0.00 down=+0.01 m/s
QGC port check failed, reporting UNKNOWN: (pid=80390)
2026-09-01 15:58:15,608 [INFO] core.navigation.centering_controller: [CENTERING] KIRMIZI_UCGEN 111/200 dx=-9px dy=+27px d=0.5m ex=-0.0141 ey=+0.0563 (tol +/-0.010) alt_err=+0.02m -> fwd=-0.15 right=-0.15 down=+0.01 m/s
2026-09-01 15:58:16,213 [INFO] core.navigation.centering_controller: [CENTERING] KIRMIZI_UCGEN 116/200 dx=-11px dy=+24px d=0.5m ex=-0.0172 ey=+0.0500 (tol +/-0.010) alt_err=+0.03m -> fwd=-0.15 right=-0.15 down=+0.01 m/s
2026-09-01 15:58:16,694 [INFO] core.detection.vision_runtime: [VISION] detect() calisiyor -- bu karede 2 tespit: ['KIRMIZI_UCGEN', 'MAVI_DIKDORTGEN']
2026-09-01 15:58:16,817 [INFO] core.navigation.centering_controller: [CENTERING] KIRMIZI_UCGEN 121/200 dx=+11px dy=+18px d=0.4m ex=+0.0172 ey=+0.0375 (tol +/-0.010) alt_err=+0.02m -> fwd=-0.15 right=+0.15 down=+0.01 m/s
QGC port check failed, reporting UNKNOWN: (pid=80390)
2026-09-01 15:58:17,419 [INFO] core.navigation.centering_controller: [CENTERING] KIRMIZI_UCGEN 126/200 dx=+19px dy=+14px d=0.4m ex=+0.0297 ey=+0.0292 (tol +/-0.010) alt_err=+0.01m -> fwd=-0.15 right=+0.15 down=+0.00 m/s
2026-09-01 15:58:18,023 [INFO] core.navigation.centering_controller: [CENTERING] KIRMIZI_UCGEN 131/200 dx=+5px dy=+10px d=0.2m ex=+0.0078 ey=+0.0208 (tol +/-0.010) alt_err=-0.00m -> fwd=-0.15 right=+0.00 down=-0.00 m/s
2026-09-01 15:58:18,620 [INFO] core.navigation.centering_controller: [CENTERING] KIRMIZI_UCGEN 136/200 dx=-16px dy=+5px d=0.3m ex=-0.0250 ey=+0.0104 (tol +/-0.010) alt_err=-0.01m -> fwd=-0.15 right=-0.15 down=-0.00 m/s
2026-09-01 15:58:18,676 [INFO] gz_system.main_gz: Dashboard paint loop: 0.0 FPS (main thread)
2026-09-01 15:58:19,222 [INFO] core.navigation.centering_controller: [CENTERING] KIRMIZI_UCGEN 141/200 dx=-10px dy=-9px d=0.2m ex=-0.0156 ey=-0.0187 (tol +/-0.010) alt_err=-0.01m -> fwd=+0.15 right=-0.15 down=-0.01 m/s
QGC port check failed, reporting UNKNOWN: (pid=80390)
2026-09-01 15:58:19,716 [INFO] core.detection.vision_runtime: [VISION] detect() calisiyor -- bu karede 2 tespit: ['KIRMIZI_UCGEN', 'MAVI_DIKDORTGEN']
2026-09-01 15:58:19,841 [INFO] core.navigation.centering_controller: [CENTERING] KIRMIZI_UCGEN 146/200 dx=+10px dy=-11px d=0.3m ex=+0.0156 ey=-0.0229 (tol +/-0.010) alt_err=-0.01m -> fwd=+0.15 right=+0.15 down=-0.00 m/s
2026-09-01 15:58:20,443 [INFO] core.navigation.centering_controller: [CENTERING] KIRMIZI_UCGEN 151/200 dx=+19px dy=+6px d=0.4m ex=+0.0297 ey=+0.0125 (tol +/-0.010) alt_err=-0.00m -> fwd=-0.15 right=+0.15 down=-0.00 m/s
2026-09-01 15:58:21,048 [INFO] core.navigation.centering_controller: [CENTERING] KIRMIZI_UCGEN 156/200 dx=+5px dy=+22px d=0.4m ex=+0.0078 ey=+0.0458 (tol +/-0.010) alt_err=-0.01m -> fwd=-0.15 right=+0.00 down=-0.01 m/s
QGC port check failed, reporting UNKNOWN: (pid=80390)
2026-09-01 15:58:21,655 [INFO] core.navigation.centering_controller: [CENTERING] KIRMIZI_UCGEN 161/200 dx=-17px dy=+8px d=0.3m ex=-0.0266 ey=+0.0167 (tol +/-0.010) alt_err=-0.01m -> fwd=-0.15 right=-0.15 down=-0.01 m/s
2026-09-01 15:58:22,250 [INFO] core.navigation.centering_controller: [CENTERING] KIRMIZI_UCGEN 166/200 dx=-9px dy=-6px d=0.2m ex=-0.0141 ey=-0.0125 (tol +/-0.010) alt_err=-0.01m -> fwd=+0.15 right=-0.15 down=-0.01 m/s
2026-09-01 15:58:22,723 [INFO] core.detection.vision_runtime: [VISION] detect() calisiyor -- bu karede 2 tespit: ['KIRMIZI_UCGEN', 'MAVI_DIKDORTGEN']
2026-09-01 15:58:22,845 [INFO] core.navigation.centering_controller: [CENTERING] KIRMIZI_UCGEN 171/200 dx=+14px dy=-19px d=0.4m ex=+0.0219 ey=-0.0396 (tol +/-0.010) alt_err=-0.01m -> fwd=+0.15 right=+0.15 down=-0.01 m/s
QGC port check failed, reporting UNKNOWN: (pid=80390)
2026-09-01 15:58:23,442 [INFO] core.navigation.centering_controller: [CENTERING] KIRMIZI_UCGEN 176/200 dx=+16px dy=-4px d=0.3m ex=+0.0250 ey=-0.0083 (tol +/-0.010) alt_err=-0.01m -> fwd=+0.00 right=+0.15 down=-0.00 m/s
2026-09-01 15:58:23,711 [INFO] gz_system.main_gz: Dashboard paint loop: 0.0 FPS (main thread)
2026-09-01 15:58:24,050 [INFO] core.navigation.centering_controller: [CENTERING] KIRMIZI_UCGEN 181/200 dx=+5px dy=+23px d=0.4m ex=+0.0078 ey=+0.0479 (tol +/-0.010) alt_err=+0.00m -> fwd=-0.15 right=+0.00 down=+0.00 m/s
2026-09-01 15:58:24,650 [INFO] core.navigation.centering_controller: [CENTERING] KIRMIZI_UCGEN 186/200 dx=-18px dy=+12px d=0.4m ex=-0.0281 ey=+0.0250 (tol +/-0.010) alt_err=+0.01m -> fwd=-0.15 right=-0.15 down=+0.00 m/s
2026-09-01 15:58:25,241 [INFO] core.navigation.centering_controller: Merkezleme tamamlandi. (attempt 191/200, dx=-5px dy=+3px ex=-0.0078 ey=+0.0063 alt_err=+0.01m)
2026-09-01 15:58:25,243 [INFO] core.navigation.centering_controller: KIRMIZI_UCGEN hedefine merkezleniyor (irtifa hedefi: 5.0m, irtifa bandi +/-0.30m)...
2026-09-01 15:58:25,245 [INFO] core.navigation.centering_controller: [CENTERING] KIRMIZI_UCGEN 1/200 dx=-5px dy=+3px d=0.1m ex=-0.0078 ey=+0.0063 (tol +/-0.010) alt_err=+5.01m -> fwd=+0.00 right=+0.00 down=+0.15 m/s
QGC port check failed, reporting UNKNOWN: (pid=80390)
2026-09-01 15:58:25,725 [INFO] core.detection.vision_runtime: [VISION] detect() calisiyor -- bu karede 2 tespit: ['KIRMIZI_UCGEN', 'MAVI_DIKDORTGEN']
2026-09-01 15:58:25,848 [INFO] core.navigation.centering_controller: [CENTERING] KIRMIZI_UCGEN 6/200 dx=+20px dy=-23px d=0.6m ex=+0.0312 ey=-0.0479 (tol +/-0.010) alt_err=+4.87m -> fwd=+0.15 right=+0.15 down=+0.90 m/s
2026-09-01 15:58:26,443 [INFO] core.navigation.centering_controller: [CENTERING] KIRMIZI_UCGEN 11/200 dx=+14px dy=-12px d=0.3m ex=+0.0219 ey=-0.0250 (tol +/-0.010) alt_err=+4.26m -> fwd=+0.15 right=+0.15 down=+1.65 m/s
2026-09-01 15:58:27,052 [INFO] core.navigation.centering_controller: [CENTERING] KIRMIZI_UCGEN 16/200 dx=-3px dy=+7px d=0.1m ex=-0.0047 ey=+0.0146 (tol +/-0.010) alt_err=+3.32m -> fwd=-0.15 right=+0.00 down=+1.66 m/s
QGC port check failed, reporting UNKNOWN: (pid=80390)
2026-09-01 15:58:27,653 [INFO] core.navigation.centering_controller: [CENTERING] KIRMIZI_UCGEN 21/200 dx=-19px dy=+24px d=0.4m ex=-0.0297 ey=+0.0500 (tol +/-0.010) alt_err=+2.41m -> fwd=-0.15 right=-0.15 down=+1.21 m/s
2026-09-01 15:58:28,240 [INFO] core.navigation.centering_controller: [CENTERING] KIRMIZI_UCGEN 26/200 dx=-4px dy=+9px d=0.1m ex=-0.0063 ey=+0.0187 (tol +/-0.010) alt_err=+1.71m -> fwd=-0.15 right=+0.00 down=+0.85 m/s
2026-09-01 15:58:28,720 [INFO] gz_system.main_gz: Dashboard paint loop: 0.0 FPS (main thread)
2026-09-01 15:58:28,824 [INFO] core.detection.vision_runtime: [VISION] detect() calisiyor -- bu karede 1 tespit: ['KIRMIZI_UCGEN']
2026-09-01 15:58:28,826 [INFO] core.navigation.centering_controller: [CENTERING] KIRMIZI_UCGEN 31/200 dx=+22px dy=-11px d=0.3m ex=+0.0344 ey=-0.0229 (tol +/-0.010) alt_err=+1.23m -> fwd=+0.15 right=+0.15 down=+0.62 m/s
2026-09-01 15:58:29,414 [INFO] core.navigation.centering_controller: [CENTERING] KIRMIZI_UCGEN 36/200 dx=+8px dy=-18px d=0.2m ex=+0.0125 ey=-0.0375 (tol +/-0.010) alt_err=+0.90m -> fwd=+0.15 right=+0.15 down=+0.45 m/s
QGC port check failed, reporting UNKNOWN: (pid=80390)
2026-09-01 15:58:30,013 [INFO] core.navigation.centering_controller: [CENTERING] KIRMIZI_UCGEN 41/200 dx=-16px dy=-5px d=0.2m ex=-0.0250 ey=-0.0104 (tol +/-0.010) alt_err=+0.64m -> fwd=+0.15 right=-0.15 down=+0.32 m/s
2026-09-01 15:58:30,599 [INFO] core.navigation.centering_controller: [CENTERING] KIRMIZI_UCGEN 46/200 dx=-20px dy=+23px d=0.3m ex=-0.0312 ey=+0.0479 (tol +/-0.010) alt_err=+0.46m -> fwd=-0.15 right=-0.15 down=+0.23 m/s
2026-09-01 15:58:31,185 [INFO] core.navigation.centering_controller: [CENTERING] KIRMIZI_UCGEN 51/200 dx=-5px dy=+17px d=0.2m ex=-0.0078 ey=+0.0354 (tol +/-0.010) alt_err=+0.34m -> fwd=-0.15 right=+0.00 down=+0.17 m/s
QGC port check failed, reporting UNKNOWN: (pid=80390)
2026-09-01 15:58:31,766 [INFO] core.navigation.centering_controller: [CENTERING] KIRMIZI_UCGEN 56/200 dx=+21px dy=+4px d=0.2m ex=+0.0328 ey=+0.0083 (tol +/-0.010) alt_err=+0.27m -> fwd=+0.00 right=+0.15 down=+0.13 m/s
2026-09-01 15:58:31,882 [INFO] core.detection.vision_runtime: [VISION] detect() calisiyor -- bu karede 1 tespit: ['KIRMIZI_UCGEN']
2026-09-01 15:58:32,351 [INFO] core.navigation.centering_controller: [CENTERING] KIRMIZI_UCGEN 61/200 dx=+15px dy=-27px d=0.3m ex=+0.0234 ey=-0.0563 (tol +/-0.010) alt_err=+0.21m -> fwd=+0.15 right=+0.15 down=+0.11 m/s
2026-09-01 15:58:32,933 [INFO] core.navigation.centering_controller: [CENTERING] KIRMIZI_UCGEN 66/200 dx=+3px dy=-13px d=0.1m ex=+0.0047 ey=-0.0271 (tol +/-0.010) alt_err=+0.17m -> fwd=+0.15 right=+0.00 down=+0.08 m/s
QGC port check failed, reporting UNKNOWN: (pid=80390)
2026-09-01 15:58:33,512 [INFO] core.navigation.centering_controller: [CENTERING] KIRMIZI_UCGEN 71/200 dx=-21px dy=+0px d=0.2m ex=-0.0328 ey=+0.0000 (tol +/-0.010) alt_err=+0.13m -> fwd=+0.00 right=-0.15 down=+0.06 m/s
2026-09-01 15:58:33,722 [INFO] gz_system.main_gz: Dashboard paint loop: 0.0 FPS (main thread)
2026-09-01 15:58:34,093 [INFO] core.navigation.centering_controller: [CENTERING] KIRMIZI_UCGEN 76/200 dx=-7px dy=+27px d=0.3m ex=-0.0109 ey=+0.0563 (tol +/-0.010) alt_err=+0.10m -> fwd=-0.15 right=-0.15 down=+0.05 m/s
2026-09-01 15:58:34,678 [INFO] core.navigation.centering_controller: [CENTERING] KIRMIZI_UCGEN 81/200 dx=+23px dy=+9px d=0.2m ex=+0.0359 ey=+0.0187 (tol +/-0.010) alt_err=+0.08m -> fwd=-0.15 right=+0.15 down=+0.04 m/s
2026-09-01 15:58:34,906 [INFO] core.detection.vision_runtime: [VISION] detect() calisiyor -- bu karede 1 tespit: ['KIRMIZI_UCGEN']
2026-09-01 15:58:35,258 [INFO] core.navigation.centering_controller: [CENTERING] KIRMIZI_UCGEN 86/200 dx=+16px dy=-14px d=0.2m ex=+0.0250 ey=-0.0292 (tol +/-0.010) alt_err=+0.06m -> fwd=+0.15 right=+0.15 down=+0.03 m/s
QGC port check failed, reporting UNKNOWN: (pid=78659)
2026-09-01 15:58:35,842 [INFO] core.navigation.centering_controller: [CENTERING] KIRMIZI_UCGEN 91/200 dx=-7px dy=-23px d=0.2m ex=-0.0109 ey=-0.0479 (tol +/-0.010) alt_err=+0.04m -> fwd=+0.15 right=-0.15 down=+0.02 m/s
2026-09-01 15:58:36,424 [INFO] core.navigation.centering_controller: [CENTERING] KIRMIZI_UCGEN 96/200 dx=-25px dy=-8px d=0.2m ex=-0.0391 ey=-0.0167 (tol +/-0.010) alt_err=+0.03m -> fwd=+0.15 right=-0.15 down=+0.01 m/s
2026-09-01 15:58:36,998 [INFO] core.navigation.centering_controller: [CENTERING] KIRMIZI_UCGEN 101/200 dx=-7px dy=+8px d=0.1m ex=-0.0109 ey=+0.0167 (tol +/-0.010) alt_err=+0.02m -> fwd=-0.15 right=-0.15 down=+0.01 m/s
QGC port check failed, reporting UNKNOWN: (pid=78659)
2026-09-01 15:58:37,578 [INFO] core.navigation.centering_controller: [CENTERING] KIRMIZI_UCGEN 106/200 dx=+14px dy=+26px d=0.3m ex=+0.0219 ey=+0.0542 (tol +/-0.010) alt_err=+0.00m -> fwd=-0.15 right=+0.15 down=+0.00 m/s
2026-09-01 15:58:37,925 [INFO] core.detection.vision_runtime: [VISION] detect() calisiyor -- bu karede 1 tespit: ['KIRMIZI_UCGEN']
2026-09-01 15:58:38,167 [INFO] core.navigation.centering_controller: [CENTERING] KIRMIZI_UCGEN 111/200 dx=+16px dy=+8px d=0.2m ex=+0.0250 ey=+0.0167 (tol +/-0.010) alt_err=-0.00m -> fwd=-0.15 right=+0.15 down=-0.00 m/s
2026-09-01 15:58:38,511 [INFO] core.navigation.centering_controller: Merkezleme tamamlandi. (attempt 114/200, dx=+5px dy=+0px ex=+0.0078 ey=+0.0000 alt_err=-0.01m)
2026-09-01 15:58:38,513 [INFO] core.navigation.centering_controller: KIRMIZI_UCGEN hedefine merkezleniyor (irtifa hedefi: 0.45m, irtifa bandi +/-0.05m)...
2026-09-01 15:58:38,514 [INFO] core.navigation.centering_controller: [CENTERING] KIRMIZI_UCGEN 1/200 dx=+5px dy=+0px d=0.0m ex=+0.0078 ey=+0.0000 (tol +/-0.010) alt_err=+4.54m -> fwd=+0.00 right=+0.00 down=+0.15 m/s
2026-09-01 15:58:38,728 [INFO] gz_system.main_gz: Dashboard paint loop: 0.0 FPS (main thread)
2026-09-01 15:58:39,095 [INFO] core.navigation.centering_controller: [CENTERING] KIRMIZI_UCGEN 6/200 dx=-22px dy=-28px d=0.3m ex=-0.0344 ey=-0.0583 (tol +/-0.010) alt_err=+4.38m -> fwd=+0.15 right=-0.15 down=+0.90 m/s
QGC port check failed, reporting UNKNOWN: (pid=78659)
2026-09-01 15:58:39,681 [INFO] core.navigation.centering_controller: [CENTERING] KIRMIZI_UCGEN 11/200 dx=-18px dy=-15px d=0.2m ex=-0.0281 ey=-0.0312 (tol +/-0.010) alt_err=+3.87m -> fwd=+0.15 right=-0.15 down=+1.65 m/s
2026-09-01 15:58:40,260 [INFO] core.navigation.centering_controller: [CENTERING] KIRMIZI_UCGEN 16/200 dx=-3px dy=+2px d=0.0m ex=-0.0047 ey=+0.0042 (tol +/-0.010) alt_err=+2.95m -> fwd=+0.00 right=+0.00 down=+1.47 m/s
2026-09-01 15:58:40,846 [INFO] core.navigation.centering_controller: [CENTERING] KIRMIZI_UCGEN 21/200 dx=+38px dy=+37px d=0.2m ex=+0.0594 ey=+0.0771 (tol +/-0.010) alt_err=+2.09m -> fwd=-0.12 right=+0.15 down=+1.05 m/s
2026-09-01 15:58:40,960 [INFO] core.detection.vision_runtime: [VISION] detect() calisiyor -- bu karede 1 tespit: ['KIRMIZI_UCGEN']
2026-09-01 15:58:41,431 [INFO] core.navigation.centering_controller: [CENTERING] KIRMIZI_UCGEN 26/200 dx=+29px dy=+58px d=0.2m ex=+0.0453 ey=+0.1198 (tol +/-0.010) alt_err=+1.49m -> fwd=-0.18 right=+0.11 down=+0.74 m/s
QGC port check failed, reporting UNKNOWN: (pid=78659)
2026-09-01 15:58:42,018 [INFO] core.navigation.centering_controller: [CENTERING] KIRMIZI_UCGEN 31/200 dx=+6px dy=+60px d=0.2m ex=+0.0086 ey=+0.1240 (tol +/-0.010) alt_err=+1.06m -> fwd=-0.19 right=+0.00 down=+0.53 m/s
2026-09-01 15:58:42,597 [INFO] core.navigation.centering_controller: [CENTERING] KIRMIZI_UCGEN 36/200 dx=-34px dy=+24px d=0.1m ex=-0.0539 ey=+0.0490 (tol +/-0.010) alt_err=+0.80m -> fwd=-0.07 right=-0.08 down=+0.40 m/s
2026-09-01 15:58:43,180 [INFO] core.navigation.centering_controller: [CENTERING] KIRMIZI_UCGEN 41/200 dx=-29px dy=-21px d=0.1m ex=-0.0453 ey=-0.0437 (tol +/-0.010) alt_err=+0.57m -> fwd=+0.07 right=-0.07 down=+0.29 m/s
QGC port check failed, reporting UNKNOWN: (pid=78659)
2026-09-01 15:58:43,742 [INFO] gz_system.main_gz: Dashboard paint loop: 0.0 FPS (main thread)
2026-09-01 15:58:43,770 [INFO] core.navigation.centering_controller: [CENTERING] KIRMIZI_UCGEN 46/200 dx=-6px dy=-36px d=0.1m ex=-0.0094 ey=-0.0750 (tol +/-0.010) alt_err=+0.42m -> fwd=+0.11 right=+0.00 down=+0.21 m/s
2026-09-01 15:58:44,003 [INFO] core.detection.vision_runtime: [VISION] detect() calisiyor -- bu karede 1 tespit: ['KIRMIZI_UCGEN']
2026-09-01 15:58:44,361 [INFO] core.navigation.centering_controller: [CENTERING] KIRMIZI_UCGEN 51/200 dx=+19px dy=-0px d=0.0m ex=+0.0297 ey=-0.0010 (tol +/-0.010) alt_err=+0.32m -> fwd=+0.00 right=+0.05 down=+0.16 m/s
2026-09-01 15:58:44,953 [INFO] core.navigation.centering_controller: [CENTERING] KIRMIZI_UCGEN 56/200 dx=+16px dy=+32px d=0.0m ex=+0.0242 ey=+0.0677 (tol +/-0.010) alt_err=+0.23m -> fwd=-0.10 right=+0.04 down=+0.12 m/s
QGC port check failed, reporting UNKNOWN: (pid=78659)
2026-09-01 15:58:45,551 [INFO] core.navigation.centering_controller: [CENTERING] KIRMIZI_UCGEN 61/200 dx=-7px dy=-4px d=0.0m ex=-0.0109 ey=-0.0073 (tol +/-0.010) alt_err=+0.17m -> fwd=+0.00 right=-0.04 down=+0.08 m/s
2026-09-01 15:58:46,140 [INFO] core.navigation.centering_controller: [CENTERING] KIRMIZI_UCGEN 66/200 dx=-16px dy=-66px d=0.1m ex=-0.0250 ey=-0.1375 (tol +/-0.010) alt_err=+0.13m -> fwd=+0.21 right=-0.04 down=+0.06 m/s
2026-09-01 15:58:46,728 [INFO] core.navigation.centering_controller: [CENTERING] KIRMIZI_UCGEN 71/200 dx=+23px dy=-16px d=0.0m ex=+0.0359 ey=-0.0323 (tol +/-0.010) alt_err=+0.10m -> fwd=+0.05 right=+0.05 down=+0.05 m/s
2026-09-01 15:58:47,080 [INFO] core.detection.vision_runtime: [VISION] detect() calisiyor -- bu karede 1 tespit: ['KIRMIZI_UCGEN']
2026-09-01 15:58:47,316 [INFO] core.navigation.centering_controller: [CENTERING] KIRMIZI_UCGEN 76/200 dx=+48px dy=+62px d=0.1m ex=+0.0750 ey=+0.1292 (tol +/-0.010) alt_err=+0.07m -> fwd=-0.19 right=+0.11 down=+0.04 m/s
QGC port check failed, reporting UNKNOWN: (pid=78659)
2026-09-01 15:58:47,909 [INFO] core.navigation.centering_controller: [CENTERING] KIRMIZI_UCGEN 81/200 dx=+2px dy=+36px d=0.0m ex=+0.0031 ey=+0.0760 (tol +/-0.010) alt_err=+0.05m -> fwd=-0.11 right=+0.00 down=+0.02 m/s
2026-09-01 15:58:48,500 [INFO] core.navigation.centering_controller: [CENTERING] KIRMIZI_UCGEN 86/200 dx=-45px dy=-9px d=0.0m ex=-0.0703 ey=-0.0187 (tol +/-0.010) alt_err=+0.02m -> fwd=+0.03 right=-0.11 down=+0.01 m/s
2026-09-01 15:58:48,743 [INFO] gz_system.main_gz: Dashboard paint loop: 0.0 FPS (main thread)
2026-09-01 15:58:49,085 [INFO] core.navigation.centering_controller: [CENTERING] KIRMIZI_UCGEN 91/200 dx=-6px dy=-26px d=0.0m ex=-0.0094 ey=-0.0542 (tol +/-0.010) alt_err=+0.01m -> fwd=+0.08 right=+0.00 down=+0.00 m/s
QGC port check failed, reporting UNKNOWN: (pid=78659)
2026-09-01 15:58:49,684 [INFO] core.navigation.centering_controller: [CENTERING] KIRMIZI_UCGEN 96/200 dx=+55px dy=-10px d=0.0m ex=+0.0859 ey=-0.0198 (tol +/-0.010) alt_err=+0.01m -> fwd=+0.03 right=+0.13 down=+0.01 m/s
2026-09-01 15:58:50,150 [INFO] core.detection.vision_runtime: [VISION] detect() calisiyor -- bu karede 1 tespit: ['KIRMIZI_UCGEN']
2026-09-01 15:58:50,276 [INFO] core.navigation.centering_controller: [CENTERING] KIRMIZI_UCGEN 101/200 dx=+6px dy=+0px d=0.0m ex=+0.0102 ey=+0.0000 (tol +/-0.010) alt_err=+0.01m -> fwd=+0.00 right=+0.03 down=+0.00 m/s
2026-09-01 15:58:50,866 [INFO] core.navigation.centering_controller: [CENTERING] KIRMIZI_UCGEN 106/200 dx=-86px dy=+0px d=0.1m ex=-0.1336 ey=+0.0000 (tol +/-0.010) alt_err=+0.00m -> fwd=+0.00 right=-0.20 down=+0.00 m/s
2026-09-01 15:58:51,461 [INFO] core.navigation.centering_controller: [CENTERING] KIRMIZI_UCGEN 111/200 dx=-44px dy=+0px d=0.0m ex=-0.0680 ey=+0.0000 (tol +/-0.010) alt_err=+0.01m -> fwd=+0.00 right=-0.10 down=+0.00 m/s
QGC port check failed, reporting UNKNOWN: (pid=78659)
2026-09-01 15:58:52,047 [INFO] core.navigation.centering_controller: [CENTERING] KIRMIZI_UCGEN 116/200 dx=+90px dy=+0px d=0.1m ex=+0.1398 ey=+0.0000 (tol +/-0.010) alt_err=+0.00m -> fwd=+0.00 right=+0.21 down=+0.00 m/s
2026-09-01 15:58:52,640 [INFO] core.navigation.centering_controller: [CENTERING] KIRMIZI_UCGEN 121/200 dx=+84px dy=+0px d=0.1m ex=+0.1320 ey=+0.0000 (tol +/-0.010) alt_err=-0.00m -> fwd=+0.00 right=+0.20 down=-0.00 m/s
2026-09-01 15:58:53,226 [INFO] core.detection.vision_runtime: [VISION] detect() calisiyor -- bu karede 1 tespit: ['KIRMIZI_UCGEN']
2026-09-01 15:58:53,231 [INFO] core.navigation.centering_controller: [CENTERING] KIRMIZI_UCGEN 126/200 dx=-62px dy=+0px d=0.1m ex=-0.0977 ey=+0.0000 (tol +/-0.010) alt_err=-0.01m -> fwd=+0.00 right=-0.15 down=-0.00 m/s
QGC port check failed, reporting UNKNOWN: (pid=78659)
2026-09-01 15:58:53,757 [INFO] gz_system.main_gz: Dashboard paint loop: 0.0 FPS (main thread)
2026-09-01 15:58:53,824 [INFO] core.navigation.centering_controller: [CENTERING] KIRMIZI_UCGEN 131/200 dx=-122px dy=+0px d=0.1m ex=-0.1898 ey=+0.0000 (tol +/-0.010) alt_err=-0.00m -> fwd=+0.00 right=-0.28 down=-0.00 m/s
2026-09-01 15:58:54,414 [INFO] core.navigation.centering_controller: [CENTERING] KIRMIZI_UCGEN 136/200 dx=-24px dy=+0px d=0.0m ex=-0.0383 ey=+0.0000 (tol +/-0.010) alt_err=+0.00m -> fwd=+0.00 right=-0.06 down=+0.00 m/s
2026-09-01 15:58:55,006 [INFO] core.navigation.centering_controller: [CENTERING] KIRMIZI_UCGEN 141/200 dx=+118px dy=+0px d=0.1m ex=+0.1836 ey=+0.0000 (tol +/-0.010) alt_err=+0.00m -> fwd=+0.00 right=+0.28 down=+0.00 m/s
QGC port check failed, reporting UNKNOWN: (pid=78659)
2026-09-01 15:58:55,592 [INFO] core.navigation.centering_controller: [CENTERING] KIRMIZI_UCGEN 146/200 dx=+88px dy=+0px d=0.1m ex=+0.1367 ey=+0.0000 (tol +/-0.010) alt_err=+0.01m -> fwd=+0.00 right=+0.21 down=+0.00 m/s
2026-09-01 15:58:56,189 [INFO] core.navigation.centering_controller: [CENTERING] KIRMIZI_UCGEN 151/200 dx=-107px dy=+0px d=0.1m ex=-0.1672 ey=+0.0000 (tol +/-0.010) alt_err=+0.01m -> fwd=+0.00 right=-0.25 down=+0.00 m/s
2026-09-01 15:58:56,305 [INFO] core.detection.vision_runtime: [VISION] detect() calisiyor -- bu karede 1 tespit: ['KIRMIZI_UCGEN']
2026-09-01 15:58:56,780 [INFO] core.navigation.centering_controller: [CENTERING] KIRMIZI_UCGEN 156/200 dx=-124px dy=+0px d=0.1m ex=-0.1945 ey=+0.0000 (tol +/-0.010) alt_err=+0.00m -> fwd=+0.00 right=-0.29 down=+0.00 m/s
2026-09-01 15:58:57,367 [INFO] core.navigation.centering_controller: [CENTERING] KIRMIZI_UCGEN 161/200 dx=+38px dy=-5px d=0.0m ex=+0.0586 ey=-0.0104 (tol +/-0.010) alt_err=-0.00m -> fwd=+0.02 right=+0.09 down=-0.00 m/s
QGC port check failed, reporting UNKNOWN: (pid=78659)
2026-09-01 15:58:57,980 [INFO] core.navigation.centering_controller: [CENTERING] KIRMIZI_UCGEN 166/200 dx=+132px dy=-4px d=0.1m ex=+0.2055 ey=-0.0094 (tol +/-0.010) alt_err=+0.01m -> fwd=+0.00 right=+0.31 down=+0.00 m/s
2026-09-01 15:58:58,586 [INFO] core.navigation.centering_controller: [CENTERING] KIRMIZI_UCGEN 171/200 dx=+58px dy=+0px d=0.0m ex=+0.0906 ey=+0.0000 (tol +/-0.010) alt_err=+0.00m -> fwd=+0.00 right=+0.14 down=+0.00 m/s
2026-09-01 15:58:58,788 [INFO] gz_system.main_gz: Dashboard paint loop: 0.0 FPS (main thread)
2026-09-01 15:58:59,184 [INFO] core.navigation.centering_controller: [CENTERING] KIRMIZI_UCGEN 176/200 dx=-110px dy=+0px d=0.1m ex=-0.1719 ey=+0.0000 (tol +/-0.010) alt_err=-0.00m -> fwd=+0.00 right=-0.26 down=-0.00 m/s
2026-09-01 15:58:59,420 [INFO] core.detection.vision_runtime: [VISION] detect() calisiyor -- bu karede 1 tespit: ['KIRMIZI_UCGEN']
QGC port check failed, reporting UNKNOWN: (pid=78659)
2026-09-01 15:58:59,775 [INFO] core.navigation.centering_controller: [CENTERING] KIRMIZI_UCGEN 181/200 dx=-89px dy=+0px d=0.1m ex=-0.1391 ey=+0.0000 (tol +/-0.010) alt_err=-0.01m -> fwd=+0.00 right=-0.21 down=-0.00 m/s
2026-09-01 15:59:00,128 [INFO] core.navigation.centering_controller: Merkezleme tamamlandi. (attempt 184/200, dx=+2px dy=+0px ex=+0.0039 ey=+0.0000 alt_err=-0.01m)
2026-09-01 15:59:00,130 [INFO] core.navigation.centering_controller: [AIM_OFFSET_APPLIED] KIRMIZI_UCGEN: montaj (ileri=0.00, sag=-0.04) m, yon=-3.6 deg -> tutma noktasi (47.3985143, 8.5462343) olarak otelendi (kuzey +0.00, dogu +0.03 m).
QGC port check failed, reporting UNKNOWN: (pid=78659)
2026-09-01 15:59:02,498 [INFO] core.detection.vision_runtime: [VISION] detect() calisiyor -- bu karede 1 tespit: ['KIRMIZI_UCGEN']
QGC port check failed, reporting UNKNOWN: (pid=78659)
2026-09-01 15:59:03,811 [INFO] gz_system.main_gz: Dashboard paint loop: 0.0 FPS (main thread)
QGC port check failed, reporting UNKNOWN: (pid=78659)
2026-09-01 15:59:05,610 [INFO] core.detection.vision_runtime: [VISION] detect() calisiyor -- bu karede 1 tespit: ['KIRMIZI_UCGEN']
QGC port check failed, reporting UNKNOWN: (pid=78659)
2026-09-01 15:59:08,207 [INFO] core.navigation.centering_controller: [MOUNT_TRANSLATE_DONE] KIRMIZI_UCGEN: kalan 6.9 cm, sure 8.08 s (SURE DOLDU).
2026-09-01 15:59:08,207 [WARNING] core.navigation.centering_controller: [LOW_ALT_OPEN_LOOP_DESCENT] KIRMIZI_UCGEN: goruntu 0.45m'de kayboldu -- dondurulmus kestirime (47.3985143, 8.5462343, offset=0.2cm @ 0.44m) gore 0.45m'ye alcalmaya devam.
2026-09-01 15:59:08,207 [INFO] core.navigation.centering_controller: [LOW_ALT_OPEN_LOOP_DESCENT] KIRMIZI_UCGEN: 0.454m'ye ulasildi (hedef 0.45m).
2026-09-01 15:59:08,208 [INFO] core.navigation.centering_controller: 0.1m ileri hareket ediliyor (0.3 m/s, 0.3s)...
2026-09-01 15:59:08,565 [INFO] core.mission.payload_release: [RELEASE_OFFSET] KIRMIZI_UCGEN: {'shape_type': 'KIRMIZI_UCGEN', 'altitude_m': 0.452, 'target_visible': True, 'best_known_offset_cm': 14.92, 'best_known_offset_alt_m': 0.454, 'dx_cm': -4.03, 'dy_cm': -13.48, 'offset_cm': 14.07}
2026-09-01 15:59:08,566 [INFO] core.mission.payload_release: [MOUNT_VECTOR_MEASURED] KIRMIZI_UCGEN: {'world_dx': -0.0346, 'world_dy': -0.0005, 'gazebo_yaw_deg': 93.48, 'body_forward_m': 0.0016, 'body_right_m': -0.0345} (uygulanan: (0.0, -0.035))
2026-09-01 15:59:08,567 [INFO] gz_system.gz_payload_actuator: Gazebo DetachableJoint tetikleniyor: /payload/detach/blue
I0901 15:59:08.568159 14081711 fork_posix.cc:71] Other threads are currently calling into gRPC, skipping fork() handlers
I0901 15:59:08.665465 14081711 fork_posix.cc:71] Other threads are currently calling into gRPC, skipping fork() handlers
2026-09-01 15:59:08,694 [INFO] core.detection.vision_runtime: [VISION] detect() calisiyor -- bu karede 1 tespit: ['KIRMIZI_UCGEN']
I0901 15:59:08.696506 14081711 fork_posix.cc:71] Other threads are currently calling into gRPC, skipping fork() handlers
I0901 15:59:08.752289 14081711 fork_posix.cc:71] Other threads are currently calling into gRPC, skipping fork() handlers
I0901 15:59:08.808575 14081711 fork_posix.cc:71] Other threads are currently calling into gRPC, skipping fork() handlers
2026-09-01 15:59:08,852 [INFO] gz_system.main_gz: Dashboard paint loop: 0.0 FPS (main thread)
QGC port check failed, reporting UNKNOWN: (pid=78659)
2026-09-01 15:59:09,964 [INFO] gz_system.gz_payload_actuator: Yuk ayrildi (blue), gecikme 1.275 s.
2026-09-01 15:59:09,964 [INFO] core.mission.payload_release: [PAYLOAD_RELEASED] PAYLOAD 3 RELEASED @0.45m
QGC port check failed, reporting UNKNOWN: (pid=78659)
2026-09-01 15:59:11,700 [INFO] core.detection.vision_runtime: [VISION] detect() calisiyor -- bu karede 2 tespit: ['KIRMIZI_UCGEN', 'MAVI_DIKDORTGEN']
2026-09-01 15:59:11,966 [INFO] core.mission.payload_release: [PAYLOAD_FINAL_POSE] KIRMIZI_UCGEN: x=5.325 y=60.390 z=0.041 merkeze 2107.4 cm egim 0.0 deg (HEDEF DISINDA)
2026-09-01 15:59:11,966 [INFO] core.mission.payload_release: Doğrulama işareti aranıyor: MAVI_DIKDORTGEN
2026-09-01 15:59:11,966 [INFO] core.mission.payload_release: Yük bırakma DOĞRULANDI: MAVI_DIKDORTGEN tespit edildi.
2026-09-01 15:59:11,966 [INFO] core.navigation.centering_controller: 1.5m irtifasina tirmaniliyor (goruntuden bagimsiz)...
QGC port check failed, reporting UNKNOWN: (pid=78659)
2026-09-01 15:59:13,870 [INFO] gz_system.main_gz: Dashboard paint loop: 0.0 FPS (main thread)
2026-09-01 15:59:14,106 [INFO] core.mission.gorev2_orchestrator: Gorev 2 tamamlandi (Payload Mission 1 + 2 basariyla calisti).
2026-09-01 15:59:14,106 [INFO] core.mission.master_fsm: Görev 2 akışı bitti, doğrudan Görev 3'e geçiliyor...
2026-09-01 15:59:14,106 [INFO] core.mission.gorev3_pickup: Görev 3 Faz 1 (Alma) Başlatıldı.
2026-09-01 15:59:14,106 [INFO] core.mission.gorev3_pickup: Mavi Altıgen konumuna 1.5m irtifada gidiliyor: 47.3987233, 8.5461186
2026-09-01 15:59:14,106 [INFO] core.navigation.centering_controller: Kayitli GPS konumuna gidiliyor: lat=47.3987233, lon=8.5461186, alt=1.5m
2026-09-01 15:59:14,732 [INFO] core.detection.vision_runtime: [VISION] detect() calisiyor -- bu karede 2 tespit: ['KIRMIZI_UCGEN', 'MAVI_DIKDORTGEN']
QGC port check failed, reporting UNKNOWN: (pid=78659)
QGC port check failed, reporting UNKNOWN: (pid=78659)
2026-09-01 15:59:17,732 [INFO] core.detection.vision_runtime: [VISION] detect() calisiyor -- bu karede 0 tespit: []
2026-09-01 15:59:18,556 [INFO] core.mission.gorev3_pickup: Kırmızı Dikdörtgenin uzun kenarına dik hizalanılıyor: -5.9 -> -1.2 derece
2026-09-01 15:59:18,884 [INFO] gz_system.main_gz: Dashboard paint loop: 0.0 FPS (main thread)
QGC port check failed, reporting UNKNOWN: (pid=78659)
2026-09-01 15:59:20,652 [INFO] core.mission.gorev3_pickup: 1.2m irtifada (gorus dostu) hedefe ortalanıyor...
2026-09-01 15:59:20,652 [INFO] core.navigation.centering_controller: KIRMIZI_DIKDORTGEN hedefine merkezleniyor (irtifa hedefi: 1.2m, irtifa bandi +/-0.30m)...
2026-09-01 15:59:20,654 [INFO] core.navigation.centering_controller: [CENTERING] KIRMIZI_DIKDORTGEN 1/200 dx=-40px dy=+16px d=0.1m ex=-0.0625 ey=+0.0333 (tol +/-0.010) alt_err=+0.37m -> fwd=-0.07 right=-0.09 down=+0.15 m/s
2026-09-01 15:59:20,771 [INFO] core.detection.vision_runtime: [VISION] detect() calisiyor -- bu karede 2 tespit: ['MAVI_ALTIGEN', 'KIRMIZI_DIKDORTGEN']
2026-09-01 15:59:21,240 [INFO] core.navigation.centering_controller: [CENTERING] KIRMIZI_DIKDORTGEN 6/200 dx=-49px dy=+6px d=0.1m ex=-0.0766 ey=+0.0125 (tol +/-0.010) alt_err=+0.29m -> fwd=-0.07 right=-0.11 down=+0.15 m/s
QGC port check failed, reporting UNKNOWN: (pid=78659)
2026-09-01 15:59:21,827 [INFO] core.navigation.centering_controller: [CENTERING] KIRMIZI_DIKDORTGEN 11/200 dx=-40px dy=-69px d=0.2m ex=-0.0625 ey=-0.1437 (tol +/-0.010) alt_err=+0.20m -> fwd=+0.22 right=-0.09 down=+0.10 m/s
2026-09-01 15:59:22,412 [INFO] core.navigation.centering_controller: [CENTERING] KIRMIZI_DIKDORTGEN 16/200 dx=-28px dy=-131px d=0.3m ex=-0.0437 ey=-0.2729 (tol +/-0.010) alt_err=+0.14m -> fwd=+0.41 right=-0.08 down=+0.07 m/s
2026-09-01 15:59:23,001 [INFO] core.navigation.centering_controller: [CENTERING] KIRMIZI_DIKDORTGEN 21/200 dx=-20px dy=-135px d=0.3m ex=-0.0312 ey=-0.2812 (tol +/-0.010) alt_err=+0.10m -> fwd=+0.42 right=-0.08 down=+0.05 m/s
2026-09-01 15:59:23,587 [INFO] core.navigation.centering_controller: [CENTERING] KIRMIZI_DIKDORTGEN 26/200 dx=-11px dy=-95px d=0.2m ex=-0.0172 ey=-0.1979 (tol +/-0.010) alt_err=+0.07m -> fwd=+0.30 right=-0.08 down=+0.04 m/s
QGC port check failed, reporting UNKNOWN: (pid=78659)
2026-09-01 15:59:23,819 [INFO] core.detection.vision_runtime: [VISION] detect() calisiyor -- bu karede 2 tespit: ['MAVI_ALTIGEN', 'KIRMIZI_DIKDORTGEN']
2026-09-01 15:59:23,905 [INFO] gz_system.main_gz: Dashboard paint loop: 0.0 FPS (main thread)
2026-09-01 15:59:24,173 [INFO] core.navigation.centering_controller: [CENTERING] KIRMIZI_DIKDORTGEN 31/200 dx=-3px dy=-65px d=0.1m ex=-0.0047 ey=-0.1354 (tol +/-0.010) alt_err=+0.04m -> fwd=+0.20 right=+0.00 down=+0.02 m/s
2026-09-01 15:59:24,758 [INFO] core.navigation.centering_controller: [CENTERING] KIRMIZI_DIKDORTGEN 36/200 dx=+0px dy=-63px d=0.1m ex=+0.0000 ey=-0.1313 (tol +/-0.010) alt_err=+0.03m -> fwd=+0.20 right=+0.00 down=+0.02 m/s
2026-09-01 15:59:25,343 [INFO] core.navigation.centering_controller: [CENTERING] KIRMIZI_DIKDORTGEN 41/200 dx=-15px dy=-71px d=0.2m ex=-0.0234 ey=-0.1479 (tol +/-0.010) alt_err=+0.03m -> fwd=+0.22 right=-0.07 down=+0.01 m/s
QGC port check failed, reporting UNKNOWN: (pid=78659)
2026-09-01 15:59:25,926 [INFO] core.navigation.centering_controller: [CENTERING] KIRMIZI_DIKDORTGEN 46/200 dx=-23px dy=-70px d=0.2m ex=-0.0359 ey=-0.1458 (tol +/-0.010) alt_err=+0.02m -> fwd=+0.22 right=-0.07 down=+0.01 m/s
2026-09-01 15:59:26,515 [INFO] core.navigation.centering_controller: [CENTERING] KIRMIZI_DIKDORTGEN 51/200 dx=-17px dy=-54px d=0.1m ex=-0.0266 ey=-0.1125 (tol +/-0.010) alt_err=+0.01m -> fwd=+0.17 right=-0.07 down=+0.01 m/s
2026-09-01 15:59:26,864 [INFO] core.detection.vision_runtime: [VISION] detect() calisiyor -- bu karede 2 tespit: ['MAVI_ALTIGEN', 'KIRMIZI_DIKDORTGEN']
2026-09-01 15:59:27,100 [INFO] core.navigation.centering_controller: [CENTERING] KIRMIZI_DIKDORTGEN 56/200 dx=-9px dy=-38px d=0.1m ex=-0.0141 ey=-0.0792 (tol +/-0.010) alt_err=+0.01m -> fwd=+0.12 right=-0.07 down=+0.01 m/s
QGC port check failed, reporting UNKNOWN: (pid=78659)
2026-09-01 15:59:27,685 [INFO] core.navigation.centering_controller: [CENTERING] KIRMIZI_DIKDORTGEN 61/200 dx=+4px dy=-33px d=0.1m ex=+0.0063 ey=-0.0688 (tol +/-0.010) alt_err=+0.01m -> fwd=+0.10 right=+0.00 down=+0.00 m/s
2026-09-01 15:59:28,277 [INFO] core.navigation.centering_controller: [CENTERING] KIRMIZI_DIKDORTGEN 66/200 dx=+1px dy=-35px d=0.1m ex=+0.0016 ey=-0.0729 (tol +/-0.010) alt_err=+0.01m -> fwd=+0.11 right=+0.00 down=+0.00 m/s
2026-09-01 15:59:28,862 [INFO] core.navigation.centering_controller: [CENTERING] KIRMIZI_DIKDORTGEN 71/200 dx=-4px dy=-29px d=0.1m ex=-0.0063 ey=-0.0604 (tol +/-0.010) alt_err=+0.01m -> fwd=+0.09 right=+0.00 down=+0.00 m/s
2026-09-01 15:59:28,940 [INFO] gz_system.main_gz: Dashboard paint loop: 0.0 FPS (main thread)
2026-09-01 15:59:29,448 [INFO] core.navigation.centering_controller: [CENTERING] KIRMIZI_DIKDORTGEN 76/200 dx=-9px dy=-20px d=0.0m ex=-0.0141 ey=-0.0417 (tol +/-0.010) alt_err=+0.01m -> fwd=+0.06 right=-0.07 down=+0.00 m/s
QGC port check failed, reporting UNKNOWN: (pid=78659)
2026-09-01 15:59:29,915 [INFO] core.detection.vision_runtime: [VISION] detect() calisiyor -- bu karede 2 tespit: ['MAVI_ALTIGEN', 'KIRMIZI_DIKDORTGEN']
2026-09-01 15:59:30,035 [INFO] core.navigation.centering_controller: [CENTERING] KIRMIZI_DIKDORTGEN 81/200 dx=-9px dy=-14px d=0.0m ex=-0.0141 ey=-0.0292 (tol +/-0.010) alt_err=+0.01m -> fwd=+0.05 right=-0.07 down=+0.00 m/s
2026-09-01 15:59:30,617 [INFO] core.navigation.centering_controller: [CENTERING] KIRMIZI_DIKDORTGEN 86/200 dx=+14px dy=-13px d=0.0m ex=+0.0219 ey=-0.0271 (tol +/-0.010) alt_err=+0.01m -> fwd=+0.05 right=+0.07 down=+0.00 m/s
2026-09-01 15:59:31,203 [INFO] core.navigation.centering_controller: [CENTERING] KIRMIZI_DIKDORTGEN 91/200 dx=+13px dy=-9px d=0.0m ex=+0.0203 ey=-0.0187 (tol +/-0.010) alt_err=-0.00m -> fwd=+0.05 right=+0.07 down=-0.00 m/s
QGC port check failed, reporting UNKNOWN: (pid=78659)
2026-09-01 15:59:31,800 [INFO] core.navigation.centering_controller: [CENTERING] KIRMIZI_DIKDORTGEN 96/200 dx=-16px dy=-3px d=0.0m ex=-0.0250 ey=-0.0063 (tol +/-0.010) alt_err=-0.01m -> fwd=+0.00 right=-0.07 down=-0.00 m/s
2026-09-01 15:59:32,388 [INFO] core.navigation.centering_controller: [CENTERING] KIRMIZI_DIKDORTGEN 101/200 dx=-23px dy=+5px d=0.1m ex=-0.0359 ey=+0.0104 (tol +/-0.010) alt_err=+0.00m -> fwd=-0.05 right=-0.07 down=+0.00 m/s
2026-09-01 15:59:32,976 [INFO] core.detection.vision_runtime: [VISION] detect() calisiyor -- bu karede 2 tespit: ['MAVI_ALTIGEN', 'KIRMIZI_DIKDORTGEN']
2026-09-01 15:59:32,979 [INFO] core.navigation.centering_controller: [CENTERING] KIRMIZI_DIKDORTGEN 106/200 dx=-6px dy=-6px d=0.0m ex=-0.0094 ey=-0.0125 (tol +/-0.010) alt_err=+0.01m -> fwd=+0.05 right=+0.00 down=+0.01 m/s
2026-09-01 15:59:33,566 [INFO] core.navigation.centering_controller: [CENTERING] KIRMIZI_DIKDORTGEN 111/200 dx=+16px dy=-24px d=0.1m ex=+0.0250 ey=-0.0500 (tol +/-0.010) alt_err=+0.02m -> fwd=+0.08 right=+0.07 down=+0.01 m/s
QGC port check failed, reporting UNKNOWN: (pid=78659)
2026-09-01 15:59:33,943 [INFO] gz_system.main_gz: Dashboard paint loop: 0.0 FPS (main thread)
2026-09-01 15:59:34,154 [INFO] core.navigation.centering_controller: [CENTERING] KIRMIZI_DIKDORTGEN 116/200 dx=+9px dy=-16px d=0.0m ex=+0.0141 ey=-0.0333 (tol +/-0.010) alt_err=+0.02m -> fwd=+0.05 right=+0.07 down=+0.01 m/s
2026-09-01 15:59:34,743 [INFO] core.navigation.centering_controller: [CENTERING] KIRMIZI_DIKDORTGEN 121/200 dx=-20px dy=+0px d=0.0m ex=-0.0312 ey=+0.0000 (tol +/-0.010) alt_err=+0.00m -> fwd=+0.00 right=-0.07 down=+0.00 m/s
2026-09-01 15:59:35,339 [INFO] core.navigation.centering_controller: [CENTERING] KIRMIZI_DIKDORTGEN 126/200 dx=-17px dy=+14px d=0.0m ex=-0.0266 ey=+0.0292 (tol +/-0.010) alt_err=-0.01m -> fwd=-0.05 right=-0.07 down=-0.01 m/s
QGC port check failed, reporting UNKNOWN: (pid=78659)
2026-09-01 15:59:35,917 [INFO] core.navigation.centering_controller: Merkezleme tamamlandi. (attempt 131/200, dx=-1px dy=+0px ex=-0.0016 ey=+0.0000 alt_err=-0.02m)
2026-09-01 15:59:36,037 [INFO] core.detection.vision_runtime: [VISION] detect() calisiyor -- bu karede 2 tespit: ['MAVI_ALTIGEN', 'KIRMIZI_DIKDORTGEN']
2026-09-01 15:59:36,153 [INFO] core.mission.gorev3_pickup: Kanca hedefin uzerine getiriliyor (govde +0.175m ileri)...
QGC port check failed, reporting UNKNOWN: (pid=78659)
2026-09-01 15:59:38,959 [INFO] gz_system.main_gz: Dashboard paint loop: 0.0 FPS (main thread)
2026-09-01 15:59:39,086 [INFO] core.detection.vision_runtime: [VISION] detect() calisiyor -- bu karede 2 tespit: ['MAVI_ALTIGEN', 'KIRMIZI_DIKDORTGEN']
QGC port check failed, reporting UNKNOWN: (pid=78659)
2026-09-01 15:59:40,260 [INFO] core.mission.gorev3_pickup: 0.9m hizalama irtifasina dikey iniliyor...
QGC port check failed, reporting UNKNOWN: (pid=78659)
2026-09-01 15:59:42,157 [INFO] core.detection.vision_runtime: [VISION] detect() calisiyor -- bu karede 2 tespit: ['MAVI_ALTIGEN', 'KIRMIZI_DIKDORTGEN']
QGC port check failed, reporting UNKNOWN: (pid=78659)
2026-09-01 15:59:43,965 [INFO] gz_system.main_gz: Dashboard paint loop: 0.0 FPS (main thread)
2026-09-01 15:59:45,234 [INFO] core.detection.vision_runtime: [VISION] detect() calisiyor -- bu karede 2 tespit: ['MAVI_ALTIGEN', 'KIRMIZI_DIKDORTGEN']
2026-09-01 15:59:45,351 [INFO] core.mission.gorev3_pickup: [HIZA_KALIBRASYON] goruntu=3.5 cm  gercek=3.9 cm  irtifa=0.98 m
2026-09-01 15:59:45,352 [INFO] core.mission.gorev3_pickup: [GORUNTU] kanca yukun ortasinda: sapma 3.5 cm (tol 5 cm).
QGC port check failed, reporting UNKNOWN: (pid=78659)
2026-09-01 15:59:47,381 [INFO] core.mission.visual_alignment: [GORSEL_HIZA_TANI] it=1 alt_m=0.988 focal_px=539.94 depth_img_m=0.983 depth_tel_m=0.968 depth_used_m=0.983 depth_src=image u=644.0 v=558.0 radius_px=12.77 long_px=79.0 conf=1.0 method=payload-topface-deshadow yaw_deg=-1.17 body_fwd_m=-0.057 body_right_m=0.0073 hook_off_n=-0.0901 hook_off_e=0.0022 err_raw_m=0.0338 truth_lateral_m=0.042
2026-09-01 15:59:47,512 [INFO] core.mission.visual_alignment: [GORSEL_HIZA_TANI] it=2 alt_m=0.987 focal_px=539.94 depth_img_m=0.983 depth_tel_m=0.967 depth_used_m=0.983 depth_src=image u=642.0 v=558.0 radius_px=12.77 long_px=79.0 conf=1.0 method=payload-topface-deshadow yaw_deg=-1.17 body_fwd_m=-0.057 body_right_m=0.0036 hook_off_n=-0.0899 hook_off_e=0.0024 err_raw_m=0.0331 truth_lateral_m=0.0417
2026-09-01 15:59:47,649 [INFO] core.mission.visual_alignment: [GORSEL_HIZA_TANI] it=3 alt_m=0.985 focal_px=539.94 depth_img_m=0.9584 depth_tel_m=0.965 depth_used_m=0.9584 depth_src=image u=640.0 v=557.0 radius_px=13.1 long_px=81.0 conf=0.997 method=payload-topface-deshadow yaw_deg=-1.17 body_fwd_m=-0.0517 body_right_m=0.0 hook_off_n=-0.0899 hook_off_e=0.0025 err_raw_m=0.0383 truth_lateral_m=0.042
QGC port check failed, reporting UNKNOWN: (pid=78659)
2026-09-01 15:59:48,321 [INFO] core.detection.vision_runtime: [VISION] detect() calisiyor -- bu karede 2 tespit: ['MAVI_ALTIGEN', 'KIRMIZI_DIKDORTGEN']
2026-09-01 15:59:48,918 [INFO] core.mission.visual_alignment: [GORSEL_HIZA_TANI] it=4 alt_m=0.971 focal_px=539.94 depth_img_m=0.983 depth_tel_m=0.951 depth_used_m=0.983 depth_src=image u=639.0 v=558.0 radius_px=12.77 long_px=79.0 conf=1.0 method=payload-topface-deshadow yaw_deg=-1.19 body_fwd_m=-0.057 body_right_m=-0.0018 hook_off_n=-0.09 hook_off_e=0.0021 err_raw_m=0.0331 truth_lateral_m=0.0399
2026-09-01 15:59:48,970 [INFO] gz_system.main_gz: Dashboard paint loop: 0.0 FPS (main thread)
QGC port check failed, reporting UNKNOWN: (pid=78659)
2026-09-01 15:59:50,219 [INFO] core.mission.visual_alignment: [GORSEL_HIZA_TANI] it=5 alt_m=0.986 focal_px=539.94 depth_img_m=0.983 depth_tel_m=0.966 depth_used_m=0.983 depth_src=image u=635.0 v=563.0 radius_px=12.77 long_px=79.0 conf=1.0 method=payload-topface-deshadow yaw_deg=-1.17 body_fwd_m=-0.0661 body_right_m=-0.0091 hook_off_n=-0.0899 hook_off_e=0.0023 err_raw_m=0.0257 truth_lateral_m=0.0307
2026-09-01 15:59:51,399 [INFO] core.detection.vision_runtime: [VISION] detect() calisiyor -- bu karede 2 tespit: ['MAVI_ALTIGEN', 'KIRMIZI_DIKDORTGEN']
2026-09-01 15:59:51,529 [INFO] core.mission.visual_alignment: [GORSEL_HIZA_TANI] it=6 alt_m=0.974 focal_px=539.94 depth_img_m=0.9705 depth_tel_m=0.954 depth_used_m=0.9705 depth_src=image u=639.5 v=574.5 radius_px=12.93 long_px=80.0 conf=0.99 method=payload-topface-deshadow yaw_deg=-1.19 body_fwd_m=-0.0849 body_right_m=-0.0009 hook_off_n=-0.0898 hook_off_e=0.0023 err_raw_m=0.0051 truth_lateral_m=0.0118
2026-09-01 15:59:51,529 [INFO] core.mission.visual_alignment: [GORSEL_HIZA] yakinsadi: 14.5 mm, 6 iterasyon, 6 tespit, 0.060 m hareket
2026-09-01 15:59:51,529 [INFO] core.mission.gorev3_pickup: [GORSEL_HIZA] converged: son hata=14.5 mm, 6 iterasyon, 6 tespit, 0.060 m hareket
2026-09-01 15:59:51,529 [INFO] core.mission.gorev3_pickup: [GORSEL_HIZA] yuva GORUNTUDEN olculdu: NED=(108.887, -3.543)
2026-09-01 15:59:51,529 [INFO] core.mission.gorev3_pickup: Vinc salinacak (hedef irtifa 0.30 m icin) -- ARAC HALA 0.97 m'de, kanca serbest asili kalacak.
2026-09-01 15:59:51,529 [INFO] gz_system.gz_payload_actuator: [HOOK] vinc salimi: 0.330 m  (irtifa=0.300 m, guverte=0.070, zincir ofseti=0.060, pay=0.040)
2026-09-01 15:59:51,529 [INFO] gz_system.gz_payload_actuator: [HOOK] vinc -> 0.33 m
I0901 15:59:51.530160 14081711 fork_posix.cc:71] Other threads are currently calling into gRPC, skipping fork() handlers
QGC port check failed, reporting UNKNOWN: (pid=78659)
QGC port check failed, reporting UNKNOWN: (pid=78659)
2026-09-01 15:59:53,992 [INFO] gz_system.main_gz: Dashboard paint loop: 0.0 FPS (main thread)
2026-09-01 15:59:54,521 [INFO] core.detection.vision_runtime: [VISION] detect() calisiyor -- bu karede 1 tespit: ['KIRMIZI_DIKDORTGEN']
QGC port check failed, reporting UNKNOWN: (pid=78659)
2026-09-01 15:59:56,576 [INFO] core.mission.gorev3_pickup: [SON_DUZELTME] 1/6 yanal 21.7 mm -> (kuzey -0.001, dogu +0.011)  | kanca_ofset=(-0.0900, +0.0030) arac_ned=(108.9794, -3.5680) kanca_mutlak=(108.8894, -3.5650)
2026-09-01 15:59:57,566 [INFO] core.detection.vision_runtime: [VISION] detect() calisiyor -- bu karede 1 tespit: ['KIRMIZI_DIKDORTGEN']
QGC port check failed, reporting UNKNOWN: (pid=78659)
2026-09-01 15:59:59,003 [INFO] gz_system.main_gz: Dashboard paint loop: 0.0 FPS (main thread)
2026-09-01 15:59:59,612 [INFO] core.mission.gorev3_pickup: [SON_DUZELTME] 2/6 yanal 23.5 mm -> (kuzey -0.001, dogu +0.012)  | kanca_ofset=(-0.0896, +0.0026) arac_ned=(108.9781, -3.5695) kanca_mutlak=(108.8885, -3.5669)
QGC port check failed, reporting UNKNOWN: (pid=78659)
2026-09-01 16:00:00,631 [INFO] core.detection.vision_runtime: [VISION] detect() calisiyor -- bu karede 1 tespit: ['KIRMIZI_DIKDORTGEN']
QGC port check failed, reporting UNKNOWN: (pid=78659)
2026-09-01 16:00:02,160 [INFO] core.mission.gorev3_pickup: [SON_DUZELTME] 3/6 yanal 18.7 mm -> (kuzey -0.006, dogu -0.007)  | kanca_ofset=(-0.0889, +0.0031) arac_ned=(108.9872, -3.5316) kanca_mutlak=(108.8984, -3.5285)
2026-09-01 16:00:03,687 [INFO] core.detection.vision_runtime: [VISION] detect() calisiyor -- bu karede 1 tespit: ['KIRMIZI_DIKDORTGEN']
QGC port check failed, reporting UNKNOWN: (pid=78659)
2026-09-01 16:00:04,023 [INFO] gz_system.main_gz: Dashboard paint loop: 0.0 FPS (main thread)
2026-09-01 16:00:04,741 [INFO] core.mission.gorev3_pickup: [SON_DUZELTME] 4/6 yanal 22.6 mm -> (kuzey -0.010, dogu -0.004)  | kanca_ofset=(-0.0896, +0.0023) arac_ned=(108.9974, -3.5368) kanca_mutlak=(108.9078, -3.5345)
QGC port check failed, reporting UNKNOWN: (pid=78659)
2026-09-01 16:00:06,750 [INFO] core.detection.vision_runtime: [VISION] detect() calisiyor -- bu karede 1 tespit: ['KIRMIZI_DIKDORTGEN']
2026-09-01 16:00:07,332 [INFO] core.mission.gorev3_pickup: [SON_DUZELTME] 5/6 yanal 19.9 mm -> (kuzey -0.003, dogu -0.009)  | kanca_ofset=(-0.0904, +0.0028) arac_ned=(108.9839, -3.5274) kanca_mutlak=(108.8935, -3.5246)
QGC port check failed, reporting UNKNOWN: (pid=78659)
2026-09-01 16:00:09,034 [INFO] gz_system.main_gz: Dashboard paint loop: 0.0 FPS (main thread)
2026-09-01 16:00:09,789 [INFO] core.detection.vision_runtime: [VISION] detect() calisiyor -- bu karede 1 tespit: ['KIRMIZI_DIKDORTGEN']
QGC port check failed, reporting UNKNOWN: (pid=78659)
2026-09-01 16:00:09,907 [INFO] core.mission.gorev3_pickup: [SON_DUZELTME] 6/6 yanal 24.6 mm -> (kuzey +0.007, dogu +0.010)  | kanca_ofset=(-0.0902, +0.0010) arac_ned=(108.9631, -3.5646) kanca_mutlak=(108.8730, -3.5637)
QGC port check failed, reporting UNKNOWN: (pid=78659)
2026-09-01 16:00:12,474 [WARNING] core.mission.gorev3_pickup: [SON_DUZELTME] butce doldu; son yanal 24.6 mm
2026-09-01 16:00:12,474 [INFO] core.mission.gorev3_pickup: [KANCA_DENGE] INIS ONCESI irtifa=0.977 m kanca_ofset=(-0.0898, +0.0031)
2026-09-01 16:00:12,474 [INFO] core.mission.gorev3_pickup: Hizalandi -- 0.30 m alma irtifasina SAF DIKEY iniliyor (yanal hareket yok).
2026-09-01 16:00:12,474 [INFO] core.mission.gorev3_pickup: [KANCA_IZ] t=0.00 alt=0.977 off_n=-0.0898 off_e=+0.0031 nose_z=+0.6510
2026-09-01 16:00:12,592 [INFO] core.mission.gorev3_pickup: [KANCA_IZ] t=0.12 alt=0.976 off_n=-0.0901 off_e=+0.0035 nose_z=+0.6452
2026-09-01 16:00:12,706 [INFO] core.mission.gorev3_pickup: [KANCA_IZ] t=0.23 alt=0.922 off_n=-0.0901 off_e=+0.0035 nose_z=+0.6141
2026-09-01 16:00:12,826 [INFO] core.detection.vision_runtime: [VISION] detect() calisiyor -- bu karede 1 tespit: ['KIRMIZI_DIKDORTGEN']
2026-09-01 16:00:12,827 [INFO] core.mission.gorev3_pickup: [KANCA_IZ] t=0.35 alt=0.868 off_n=-0.0902 off_e=+0.0029 nose_z=+0.5535
2026-09-01 16:00:12,942 [INFO] core.mission.gorev3_pickup: [KANCA_IZ] t=0.47 alt=0.805 off_n=-0.0907 off_e=+0.0021 nose_z=+0.4943
2026-09-01 16:00:13,059 [INFO] core.mission.gorev3_pickup: [KANCA_IZ] t=0.58 alt=0.750 off_n=-0.0912 off_e=+0.0018 nose_z=+0.4373
2026-09-01 16:00:13,177 [INFO] core.mission.gorev3_pickup: [KANCA_IZ] t=0.70 alt=0.697 off_n=-0.0916 off_e=+0.0021 nose_z=+0.3908
2026-09-01 16:00:13,292 [INFO] core.mission.gorev3_pickup: [KANCA_IZ] t=0.82 alt=0.655 off_n=-0.0915 off_e=+0.0026 nose_z=+0.3511
2026-09-01 16:00:13,410 [INFO] core.mission.gorev3_pickup: [KANCA_IZ] t=0.94 alt=0.617 off_n=-0.0910 off_e=+0.0031 nose_z=+0.3166
2026-09-01 16:00:13,527 [INFO] core.mission.gorev3_pickup: [KANCA_IZ] t=1.05 alt=0.562 off_n=-0.0902 off_e=+0.0033 nose_z=+0.2870
2026-09-01 16:00:13,644 [INFO] core.mission.gorev3_pickup: [KANCA_IZ] t=1.17 alt=0.543 off_n=-0.0896 off_e=+0.0031 nose_z=+0.2622
2026-09-01 16:00:13,759 [INFO] core.mission.gorev3_pickup: [KANCA_IZ] t=1.28 alt=0.525 off_n=-0.0894 off_e=+0.0027 nose_z=+0.2425
QGC port check failed, reporting UNKNOWN: (pid=78659)
2026-09-01 16:00:13,875 [INFO] core.mission.gorev3_pickup: [KANCA_IZ] t=1.40 alt=0.512 off_n=-0.0894 off_e=+0.0025 nose_z=+0.2255
2026-09-01 16:00:13,990 [INFO] core.mission.gorev3_pickup: [KANCA_IZ] t=1.52 alt=0.500 off_n=-0.0897 off_e=+0.0024 nose_z=+0.2100
2026-09-01 16:00:14,064 [INFO] gz_system.main_gz: Dashboard paint loop: 0.0 FPS (main thread)
2026-09-01 16:00:14,104 [INFO] core.mission.gorev3_pickup: [KANCA_IZ] t=1.63 alt=0.491 off_n=-0.0899 off_e=+0.0025 nose_z=+0.1958
2026-09-01 16:00:14,220 [INFO] core.mission.gorev3_pickup: [KANCA_IZ] t=1.75 alt=0.472 off_n=-0.0898 off_e=+0.0025 nose_z=+0.1831
2026-09-01 16:00:14,338 [INFO] core.mission.gorev3_pickup: [KANCA_IZ] t=1.86 alt=0.463 off_n=-0.0897 off_e=+0.0024 nose_z=+0.1718
2026-09-01 16:00:14,455 [INFO] core.mission.gorev3_pickup: [KANCA_IZ] t=1.98 alt=0.454 off_n=-0.0896 off_e=+0.0024 nose_z=+0.1623
2026-09-01 16:00:14,570 [INFO] core.mission.gorev3_pickup: [KANCA_IZ] t=2.10 alt=0.446 off_n=-0.0897 off_e=+0.0025 nose_z=+0.1540
2026-09-01 16:00:14,687 [INFO] core.mission.gorev3_pickup: [KANCA_IZ] t=2.21 alt=0.440 off_n=-0.0898 off_e=+0.0024 nose_z=+0.1465
2026-09-01 16:00:14,804 [INFO] core.mission.gorev3_pickup: [KANCA_IZ] t=2.33 alt=0.435 off_n=-0.0897 off_e=+0.0021 nose_z=+0.1411
2026-09-01 16:00:14,918 [INFO] core.mission.gorev3_pickup: [KANCA_IZ] t=2.44 alt=0.426 off_n=-0.0895 off_e=+0.0017 nose_z=+0.1352
2026-09-01 16:00:15,035 [INFO] core.mission.gorev3_pickup: [KANCA_IZ] t=2.56 alt=0.423 off_n=-0.0892 off_e=+0.0013 nose_z=+0.1303
2026-09-01 16:00:15,153 [INFO] core.mission.gorev3_pickup: [KANCA_IZ] t=2.68 alt=0.421 off_n=-0.0891 off_e=+0.0014 nose_z=+0.1259
2026-09-01 16:00:15,267 [INFO] core.mission.gorev3_pickup: [KANCA_IZ] t=2.79 alt=0.419 off_n=-0.0893 off_e=+0.0019 nose_z=+0.1219
2026-09-01 16:00:15,383 [INFO] core.mission.gorev3_pickup: [KANCA_IZ] t=2.91 alt=0.416 off_n=-0.0896 off_e=+0.0025 nose_z=+0.1182
2026-09-01 16:00:15,497 [INFO] core.mission.gorev3_pickup: [KANCA_IZ] t=3.02 alt=0.414 off_n=-0.0899 off_e=+0.0029 nose_z=+0.1148
2026-09-01 16:00:15,613 [INFO] core.mission.gorev3_pickup: [KANCA_IZ] t=3.14 alt=0.411 off_n=-0.0900 off_e=+0.0030 nose_z=+0.1116
2026-09-01 16:00:15,730 [INFO] core.mission.gorev3_pickup: [KANCA_IZ] t=3.26 alt=0.408 off_n=-0.0901 off_e=+0.0028 nose_z=+0.1087
QGC port check failed, reporting UNKNOWN: (pid=78659)
2026-09-01 16:00:15,847 [INFO] core.detection.vision_runtime: [VISION] detect() calisiyor -- bu karede 1 tespit: ['KIRMIZI_DIKDORTGEN']
2026-09-01 16:00:15,848 [INFO] core.mission.gorev3_pickup: [KANCA_IZ] t=3.37 alt=0.406 off_n=-0.0901 off_e=+0.0024 nose_z=+0.1060
2026-09-01 16:00:15,966 [INFO] core.mission.gorev3_pickup: [KANCA_IZ] t=3.49 alt=0.405 off_n=-0.0902 off_e=+0.0022 nose_z=+0.1036
2026-09-01 16:00:16,084 [INFO] core.mission.gorev3_pickup: [KANCA_IZ] t=3.61 alt=0.403 off_n=-0.0902 off_e=+0.0022 nose_z=+0.1012
2026-09-01 16:00:16,202 [INFO] core.mission.gorev3_pickup: [KANCA_IZ] t=3.73 alt=0.401 off_n=-0.0901 off_e=+0.0025 nose_z=+0.0991
2026-09-01 16:00:16,319 [INFO] core.mission.gorev3_pickup: [KANCA_IZ] t=3.84 alt=0.399 off_n=-0.0901 off_e=+0.0031 nose_z=+0.0971
2026-09-01 16:00:16,434 [INFO] core.mission.gorev3_pickup: [KANCA_IZ] t=3.96 alt=0.395 off_n=-0.0903 off_e=+0.0038 nose_z=+0.0956
2026-09-01 16:00:16,555 [INFO] core.mission.gorev3_pickup: [KANCA_IZ] t=4.08 alt=0.393 off_n=-0.0906 off_e=+0.0043 nose_z=+0.0943
2026-09-01 16:00:16,669 [INFO] core.mission.gorev3_pickup: [KANCA_IZ] t=4.19 alt=0.392 off_n=-0.0910 off_e=+0.0043 nose_z=+0.0932
2026-09-01 16:00:16,786 [INFO] core.mission.gorev3_pickup: [KANCA_IZ] t=4.31 alt=0.391 off_n=-0.0913 off_e=+0.0040 nose_z=+0.0924
2026-09-01 16:00:16,905 [INFO] core.mission.gorev3_pickup: [KANCA_IZ] t=4.43 alt=0.390 off_n=-0.0914 off_e=+0.0035 nose_z=+0.0916
2026-09-01 16:00:17,021 [INFO] core.mission.gorev3_pickup: [KANCA_IZ] t=4.55 alt=0.389 off_n=-0.0915 off_e=+0.0029 nose_z=+0.0908
2026-09-01 16:00:17,136 [INFO] core.mission.gorev3_pickup: [KANCA_IZ] t=4.66 alt=0.389 off_n=-0.0913 off_e=+0.0027 nose_z=+0.0902
2026-09-01 16:00:17,253 [INFO] core.mission.gorev3_pickup: [KANCA_IZ] t=4.78 alt=0.389 off_n=-0.0909 off_e=+0.0027 nose_z=+0.0895
2026-09-01 16:00:17,367 [INFO] core.mission.gorev3_pickup: [KANCA_IZ] t=4.89 alt=0.389 off_n=-0.0904 off_e=+0.0028 nose_z=+0.0887
2026-09-01 16:00:17,484 [INFO] core.mission.gorev3_pickup: [KANCA_IZ] t=5.01 alt=0.390 off_n=-0.0900 off_e=+0.0029 nose_z=+0.0878
2026-09-01 16:00:17,600 [INFO] core.mission.gorev3_pickup: [KANCA_IZ] t=5.13 alt=0.391 off_n=-0.0899 off_e=+0.0028 nose_z=+0.0867
2026-09-01 16:00:17,716 [INFO] core.mission.gorev3_pickup: [KANCA_IZ] t=5.24 alt=0.391 off_n=-0.0898 off_e=+0.0023 nose_z=+0.0856
2026-09-01 16:00:17,831 [INFO] core.mission.gorev3_pickup: [KANCA_IZ] t=5.36 alt=0.391 off_n=-0.0897 off_e=+0.0018 nose_z=+0.0843
QGC port check failed, reporting UNKNOWN: (pid=78659)
2026-09-01 16:00:17,949 [INFO] core.mission.gorev3_pickup: [KANCA_IZ] t=5.47 alt=0.391 off_n=-0.0897 off_e=+0.0015 nose_z=+0.0831
2026-09-01 16:00:18,064 [INFO] core.mission.gorev3_pickup: [KANCA_IZ] t=5.59 alt=0.391 off_n=-0.0895 off_e=+0.0015 nose_z=+0.0817
2026-09-01 16:00:18,178 [INFO] core.mission.gorev3_pickup: [KANCA_IZ] t=5.70 alt=0.390 off_n=-0.0893 off_e=+0.0018 nose_z=+0.0804
2026-09-01 16:00:18,293 [INFO] core.mission.gorev3_pickup: [KANCA_IZ] t=5.82 alt=0.389 off_n=-0.0890 off_e=+0.0019 nose_z=+0.0794
2026-09-01 16:00:18,407 [INFO] core.mission.gorev3_pickup: [KANCA_IZ] t=5.93 alt=0.388 off_n=-0.0889 off_e=+0.0018 nose_z=+0.0783
2026-09-01 16:00:18,521 [INFO] core.mission.gorev3_pickup: [KANCA_IZ] t=6.05 alt=0.387 off_n=-0.0892 off_e=+0.0017 nose_z=+0.0775
2026-09-01 16:00:18,521 [INFO] core.mission.gorev3_pickup: Yük alma mekanizması aktifleşiyor...
2026-09-01 16:00:18,521 [INFO] core.mission.gorev3_pickup: [KANCA_DENGE] INIS SONRASI irtifa=0.387 m kanca_ofset=(-0.0892, +0.0017)  ->  DEGISIM=(+0.6, -1.4) mm  |1.5 mm|
2026-09-01 16:00:18,522 [INFO] gz_system.gz_payload_actuator: [HOOK] alma denemesi 1/3
2026-09-01 16:00:18,522 [INFO] gz_system.gz_payload_actuator: [HOOK] vinc salimi: 0.350 m  (irtifa=0.387 m, guverte=0.070, zincir ofseti=0.060, pay=0.040)
2026-09-01 16:00:18,522 [WARNING] gz_system.gz_payload_actuator: [HOOK] VINC DOYUMU: hesaplanan salim 0.400 m, fiziksel sinir 0.350 m -- 50.0 mm KIRPILDI. Bu irtifada (0.387 m) MARGIN=0.040 ETKISIZ: bu irtifanin uzerinde formulun ciktisi ne olursa olsun salim 0.350 m'de kaliyor. MARGIN'in etkili oldugu ust irtifa siniri 0.320 m. (Fiziksel erisim tavani AYRI bir sayi ve CHAIN_OFFSET'e bagli; o sabit su an tartismali -- SDF geometrisi 0.04236, kayitli kalibrasyon 0.060 diyor -- bu yuzden burada kasten yazilmiyor.)
2026-09-01 16:00:18,522 [INFO] gz_system.gz_payload_actuator: [HOOK] vinc -> 0.35 m
I0901 16:00:18.523009 14081711 fork_posix.cc:71] Other threads are currently calling into gRPC, skipping fork() handlers
2026-09-01 16:00:18,640 [INFO] core.mission.gorev3_pickup: [KANCA_IZ] t=6.17 alt=0.387 off_n=-0.0897 off_e=+0.0017 nose_z=+0.0767
2026-09-01 16:00:18,759 [INFO] core.mission.gorev3_pickup: [KANCA_IZ] t=6.28 alt=0.387 off_n=-0.0904 off_e=+0.0020 nose_z=+0.0758
2026-09-01 16:00:18,883 [INFO] core.detection.vision_runtime: [VISION] detect() calisiyor -- bu karede 1 tespit: ['KIRMIZI_DIKDORTGEN']
2026-09-01 16:00:18,883 [INFO] core.mission.gorev3_pickup: [KANCA_IZ] t=6.41 alt=0.387 off_n=-0.0906 off_e=+0.0000 nose_z=+0.0755
2026-09-01 16:00:19,007 [INFO] core.mission.gorev3_pickup: [KANCA_IZ] t=6.53 alt=0.388 off_n=-0.0912 off_e=-0.0029 nose_z=+0.0756
2026-09-01 16:00:19,096 [INFO] gz_system.main_gz: Dashboard paint loop: 0.0 FPS (main thread)
2026-09-01 16:00:19,126 [INFO] core.mission.gorev3_pickup: [KANCA_IZ] t=6.65 alt=0.391 off_n=-0.0927 off_e=-0.0057 nose_z=+0.0756
2026-09-01 16:00:19,244 [INFO] core.mission.gorev3_pickup: [KANCA_IZ] t=6.77 alt=0.393 off_n=-0.0944 off_e=-0.0073 nose_z=+0.0756
2026-09-01 16:00:19,363 [INFO] core.mission.gorev3_pickup: [KANCA_IZ] t=6.89 alt=0.394 off_n=-0.0969 off_e=-0.0084 nose_z=+0.0756
2026-09-01 16:00:19,478 [INFO] core.mission.gorev3_pickup: [KANCA_IZ] t=7.00 alt=0.394 off_n=-0.0995 off_e=-0.0087 nose_z=+0.0756
2026-09-01 16:00:19,574 [INFO] gz_system.gz_payload_actuator: [HOOK] APPROACHING  lat=  27.8mm ins=   +0.5mm tilt= 10.5deg v=  infm/s age=0.00s  [lateral(27.8mm>10.2mm), rel_speed(inf>0.05m/s)]
2026-09-01 16:00:19,598 [INFO] core.mission.gorev3_pickup: [KANCA_IZ] t=7.12 alt=0.395 off_n=-0.1022 off_e=-0.0082 nose_z=+0.0754
2026-09-01 16:00:19,717 [INFO] core.mission.gorev3_pickup: [KANCA_IZ] t=7.24 alt=0.395 off_n=-0.1042 off_e=-0.0059 nose_z=+0.0745
2026-09-01 16:00:19,834 [INFO] core.mission.gorev3_pickup: [KANCA_IZ] t=7.36 alt=0.398 off_n=-0.1068 off_e=-0.0043 nose_z=+0.0743
QGC port check failed, reporting UNKNOWN: (pid=78659)
2026-09-01 16:00:19,951 [INFO] core.mission.gorev3_pickup: [KANCA_IZ] t=7.48 alt=0.397 off_n=-0.1084 off_e=-0.0018 nose_z=+0.0740
2026-09-01 16:00:20,066 [INFO] core.mission.gorev3_pickup: [KANCA_IZ] t=7.59 alt=0.395 off_n=-0.1093 off_e=+0.0013 nose_z=+0.0740
2026-09-01 16:00:20,183 [INFO] core.mission.gorev3_pickup: [KANCA_IZ] t=7.71 alt=0.393 off_n=-0.1093 off_e=+0.0046 nose_z=+0.0740
2026-09-01 16:00:20,298 [INFO] core.mission.gorev3_pickup: [KANCA_IZ] t=7.82 alt=0.391 off_n=-0.1088 off_e=+0.0075 nose_z=+0.0740
2026-09-01 16:00:20,414 [INFO] core.mission.gorev3_pickup: [KANCA_IZ] t=7.94 alt=0.389 off_n=-0.1078 off_e=+0.0111 nose_z=+0.0741
2026-09-01 16:00:20,532 [INFO] core.mission.gorev3_pickup: [KANCA_IZ] t=8.06 alt=0.385 off_n=-0.1063 off_e=+0.0148 nose_z=+0.0741
2026-09-01 16:00:20,585 [INFO] gz_system.gz_payload_actuator: [HOOK] APPROACHING  lat=  29.6mm ins=   +1.9mm tilt= 23.1deg v=0.006m/s age=0.01s  [lateral(29.6mm>10.2mm), tilt(23.1deg>15.0deg)]
2026-09-01 16:00:20,652 [INFO] core.mission.gorev3_pickup: [KANCA_IZ] t=8.18 alt=0.384 off_n=-0.1045 off_e=+0.0182 nose_z=+0.0742
2026-09-01 16:00:20,772 [INFO] core.mission.gorev3_pickup: [KANCA_IZ] t=8.30 alt=0.383 off_n=-0.1026 off_e=+0.0218 nose_z=+0.0738
2026-09-01 16:00:20,895 [INFO] core.mission.gorev3_pickup: [KANCA_IZ] t=8.42 alt=0.382 off_n=-0.1007 off_e=+0.0253 nose_z=+0.0740
2026-09-01 16:00:21,011 [INFO] core.mission.gorev3_pickup: [KANCA_IZ] t=8.54 alt=0.382 off_n=-0.0990 off_e=+0.0284 nose_z=+0.0742
2026-09-01 16:00:21,133 [INFO] core.mission.gorev3_pickup: [KANCA_IZ] t=8.66 alt=0.382 off_n=-0.0975 off_e=+0.0312 nose_z=+0.0744
2026-09-01 16:00:21,250 [INFO] core.mission.gorev3_pickup: [KANCA_IZ] t=8.78 alt=0.381 off_n=-0.0961 off_e=+0.0342 nose_z=+0.0745
2026-09-01 16:00:21,369 [INFO] core.mission.gorev3_pickup: [KANCA_IZ] t=8.89 alt=0.381 off_n=-0.0949 off_e=+0.0372 nose_z=+0.0747
2026-09-01 16:00:21,487 [INFO] core.mission.gorev3_pickup: [KANCA_IZ] t=9.01 alt=0.382 off_n=-0.0942 off_e=+0.0404 nose_z=+0.0745
2026-09-01 16:00:21,604 [INFO] core.mission.gorev3_pickup: [KANCA_IZ] t=9.13 alt=0.383 off_n=-0.0941 off_e=+0.0434 nose_z=+0.0747
2026-09-01 16:00:21,605 [INFO] gz_system.gz_payload_actuator: [HOOK] APPROACHING  lat=  30.3mm ins=   +1.2mm tilt= 11.1deg v=0.015m/s age=0.03s  [lateral(30.3mm>10.2mm)]
2026-09-01 16:00:21,723 [INFO] core.mission.gorev3_pickup: [KANCA_IZ] t=9.25 alt=0.383 off_n=-0.0946 off_e=+0.0463 nose_z=+0.0749
2026-09-01 16:00:21,841 [INFO] core.mission.gorev3_pickup: [KANCA_IZ] t=9.37 alt=0.383 off_n=-0.0958 off_e=+0.0494 nose_z=+0.0752
QGC port check failed, reporting UNKNOWN: (pid=78659)
2026-09-01 16:00:21,956 [INFO] core.detection.vision_runtime: [VISION] detect() calisiyor -- bu karede 1 tespit: ['KIRMIZI_DIKDORTGEN']
2026-09-01 16:00:21,958 [INFO] core.mission.gorev3_pickup: [KANCA_IZ] t=9.48 alt=0.382 off_n=-0.0975 off_e=+0.0522 nose_z=+0.0754
2026-09-01 16:00:22,074 [INFO] core.mission.gorev3_pickup: [KANCA_IZ] t=9.60 alt=0.382 off_n=-0.0996 off_e=+0.0548 nose_z=+0.0756
2026-09-01 16:00:22,191 [INFO] core.mission.gorev3_pickup: [KANCA_IZ] t=9.72 alt=0.381 off_n=-0.1016 off_e=+0.0568 nose_z=+0.0757
2026-09-01 16:00:22,309 [INFO] core.mission.gorev3_pickup: [KANCA_IZ] t=9.83 alt=0.381 off_n=-0.1041 off_e=+0.0589 nose_z=+0.0759
2026-09-01 16:00:22,427 [INFO] core.mission.gorev3_pickup: [KANCA_IZ] t=9.95 alt=0.382 off_n=-0.1069 off_e=+0.0608 nose_z=+0.0762
2026-09-01 16:00:22,542 [INFO] core.mission.gorev3_pickup: [KANCA_IZ] t=10.07 alt=0.383 off_n=-0.1093 off_e=+0.0621 nose_z=+0.0764
2026-09-01 16:00:22,659 [INFO] core.mission.gorev3_pickup: [KANCA_IZ] t=10.18 alt=0.384 off_n=-0.1114 off_e=+0.0629 nose_z=+0.0764
2026-09-01 16:00:22,660 [INFO] gz_system.gz_payload_actuator: [HOOK] APPROACHING  lat=  30.3mm ins=   -0.5mm tilt=  3.7deg v=0.012m/s age=0.03s  [lateral(30.3mm>10.2mm)]
2026-09-01 16:00:22,773 [INFO] core.mission.gorev3_pickup: [KANCA_IZ] t=10.30 alt=0.386 off_n=-0.1134 off_e=+0.0633 nose_z=+0.0766
2026-09-01 16:00:22,889 [INFO] core.mission.gorev3_pickup: [KANCA_IZ] t=10.41 alt=0.386 off_n=-0.1149 off_e=+0.0633 nose_z=+0.0768
2026-09-01 16:00:23,003 [INFO] core.mission.gorev3_pickup: [KANCA_IZ] t=10.53 alt=0.387 off_n=-0.1159 off_e=+0.0629 nose_z=+0.0768
2026-09-01 16:00:23,121 [INFO] core.mission.gorev3_pickup: [KANCA_IZ] t=10.65 alt=0.388 off_n=-0.1167 off_e=+0.0622 nose_z=+0.0768
2026-09-01 16:00:23,237 [INFO] core.mission.gorev3_pickup: [KANCA_IZ] t=10.76 alt=0.388 off_n=-0.1174 off_e=+0.0614 nose_z=+0.0768
2026-09-01 16:00:23,352 [INFO] core.mission.gorev3_pickup: [KANCA_IZ] t=10.88 alt=0.388 off_n=-0.1177 off_e=+0.0601 nose_z=+0.0767
2026-09-01 16:00:23,467 [INFO] core.mission.gorev3_pickup: [KANCA_IZ] t=10.99 alt=0.388 off_n=-0.1178 off_e=+0.0588 nose_z=+0.0766
2026-09-01 16:00:23,583 [INFO] core.mission.gorev3_pickup: [KANCA_IZ] t=11.11 alt=0.387 off_n=-0.1175 off_e=+0.0573 nose_z=+0.0764
2026-09-01 16:00:23,699 [INFO] core.mission.gorev3_pickup: [KANCA_IZ] t=11.22 alt=0.387 off_n=-0.1167 off_e=+0.0553 nose_z=+0.0762
2026-09-01 16:00:23,700 [INFO] gz_system.gz_payload_actuator: [HOOK] APPROACHING  lat=  30.3mm ins=   -0.2mm tilt=  1.0deg v=0.013m/s age=0.02s  [lateral(30.3mm>10.2mm)]
2026-09-01 16:00:23,814 [INFO] core.mission.gorev3_pickup: [KANCA_IZ] t=11.34 alt=0.387 off_n=-0.1156 off_e=+0.0531 nose_z=+0.0760
QGC port check failed, reporting UNKNOWN: (pid=78659)
2026-09-01 16:00:23,931 [INFO] core.mission.gorev3_pickup: [KANCA_IZ] t=11.46 alt=0.387 off_n=-0.1139 off_e=+0.0506 nose_z=+0.0755
2026-09-01 16:00:24,048 [INFO] core.mission.gorev3_pickup: [KANCA_IZ] t=11.57 alt=0.387 off_n=-0.1116 off_e=+0.0478 nose_z=+0.0754
2026-09-01 16:00:24,106 [INFO] gz_system.main_gz: Dashboard paint loop: 0.0 FPS (main thread)
2026-09-01 16:00:24,166 [INFO] core.mission.gorev3_pickup: [KANCA_IZ] t=11.69 alt=0.386 off_n=-0.1094 off_e=+0.0455 nose_z=+0.0753
2026-09-01 16:00:24,281 [INFO] core.mission.gorev3_pickup: [KANCA_IZ] t=11.81 alt=0.386 off_n=-0.1062 off_e=+0.0426 nose_z=+0.0752
2026-09-01 16:00:24,395 [INFO] core.mission.gorev3_pickup: [KANCA_IZ] t=11.92 alt=0.385 off_n=-0.1035 off_e=+0.0405 nose_z=+0.0752
2026-09-01 16:00:24,511 [INFO] core.mission.gorev3_pickup: [KANCA_IZ] t=12.04 alt=0.385 off_n=-0.1012 off_e=+0.0391 nose_z=+0.0751
2026-09-01 16:00:24,626 [INFO] core.mission.gorev3_pickup: [KANCA_IZ] t=12.15 alt=0.385 off_n=-0.0986 off_e=+0.0377 nose_z=+0.0748
2026-09-01 16:00:24,748 [INFO] core.mission.gorev3_pickup: [KANCA_IZ] t=12.27 alt=0.385 off_n=-0.0962 off_e=+0.0366 nose_z=+0.0747
2026-09-01 16:00:24,748 [INFO] gz_system.gz_payload_actuator: [HOOK] APPROACHING  lat=  30.4mm ins=   +1.2mm tilt= 11.0deg v=0.007m/s age=0.03s  [lateral(30.4mm>10.2mm)]
2026-09-01 16:00:24,864 [INFO] core.mission.gorev3_pickup: [KANCA_IZ] t=12.39 alt=0.385 off_n=-0.0938 off_e=+0.0355 nose_z=+0.0747
2026-09-01 16:00:24,980 [INFO] core.detection.vision_runtime: [VISION] detect() calisiyor -- bu karede 1 tespit: ['KIRMIZI_DIKDORTGEN']
2026-09-01 16:00:24,980 [INFO] core.mission.gorev3_pickup: [KANCA_IZ] t=12.51 alt=0.386 off_n=-0.0917 off_e=+0.0344 nose_z=+0.0747
2026-09-01 16:00:25,098 [INFO] core.mission.gorev3_pickup: [KANCA_IZ] t=12.62 alt=0.387 off_n=-0.0899 off_e=+0.0333 nose_z=+0.0747
2026-09-01 16:00:25,212 [INFO] core.mission.gorev3_pickup: [KANCA_IZ] t=12.74 alt=0.388 off_n=-0.0884 off_e=+0.0320 nose_z=+0.0746
2026-09-01 16:00:25,328 [INFO] core.mission.gorev3_pickup: [KANCA_IZ] t=12.85 alt=0.387 off_n=-0.0873 off_e=+0.0304 nose_z=+0.0746
2026-09-01 16:00:25,448 [INFO] core.mission.gorev3_pickup: [KANCA_IZ] t=12.97 alt=0.386 off_n=-0.0865 off_e=+0.0287 nose_z=+0.0740
2026-09-01 16:00:25,563 [INFO] core.mission.gorev3_pickup: [KANCA_IZ] t=13.09 alt=0.383 off_n=-0.0861 off_e=+0.0263 nose_z=+0.0740
2026-09-01 16:00:25,685 [INFO] core.mission.gorev3_pickup: [KANCA_IZ] t=13.21 alt=0.380 off_n=-0.0861 off_e=+0.0235 nose_z=+0.0740
2026-09-01 16:00:25,802 [INFO] core.mission.gorev3_pickup: [KANCA_IZ] t=13.33 alt=0.378 off_n=-0.0865 off_e=+0.0204 nose_z=+0.0740
2026-09-01 16:00:25,802 [INFO] gz_system.gz_payload_actuator: [HOOK] APPROACHING  lat=  30.4mm ins=   +2.0mm tilt= 19.8deg v=0.010m/s age=0.03s  [lateral(30.4mm>10.2mm), tilt(19.8deg>15.0deg)]
QGC port check failed, reporting UNKNOWN: (pid=78659)
2026-09-01 16:00:25,921 [INFO] core.mission.gorev3_pickup: [KANCA_IZ] t=13.45 alt=0.375 off_n=-0.0871 off_e=+0.0169 nose_z=+0.0739
2026-09-01 16:00:26,040 [INFO] core.mission.gorev3_pickup: [KANCA_IZ] t=13.57 alt=0.372 off_n=-0.0879 off_e=+0.0134 nose_z=+0.0739
2026-09-01 16:00:26,159 [INFO] core.mission.gorev3_pickup: [KANCA_IZ] t=13.68 alt=0.372 off_n=-0.0887 off_e=+0.0098 nose_z=+0.0739
2026-09-01 16:00:26,273 [INFO] core.mission.gorev3_pickup: [KANCA_IZ] t=13.80 alt=0.371 off_n=-0.0895 off_e=+0.0054 nose_z=+0.0739
2026-09-01 16:00:26,391 [INFO] core.mission.gorev3_pickup: [KANCA_IZ] t=13.92 alt=0.371 off_n=-0.0901 off_e=+0.0018 nose_z=+0.0739
2026-09-01 16:00:26,506 [INFO] core.mission.gorev3_pickup: [KANCA_IZ] t=14.03 alt=0.371 off_n=-0.0906 off_e=-0.0015 nose_z=+0.0736
2026-09-01 16:00:26,621 [INFO] core.mission.gorev3_pickup: [KANCA_IZ] t=14.15 alt=0.370 off_n=-0.0912 off_e=-0.0043 nose_z=+0.0737
2026-09-01 16:00:26,737 [INFO] core.mission.gorev3_pickup: [KANCA_IZ] t=14.26 alt=0.370 off_n=-0.0920 off_e=-0.0071 nose_z=+0.0738
2026-09-01 16:00:26,855 [INFO] core.mission.gorev3_pickup: [KANCA_IZ] t=14.38 alt=0.370 off_n=-0.0930 off_e=-0.0093 nose_z=+0.0739
2026-09-01 16:00:26,856 [INFO] gz_system.gz_payload_actuator: [HOOK] APPROACHING  lat=  30.6mm ins=   +2.1mm tilt= 20.3deg v=0.007m/s age=0.03s  [lateral(30.6mm>10.2mm), tilt(20.3deg>15.0deg)]
2026-09-01 16:00:26,972 [INFO] core.mission.gorev3_pickup: [KANCA_IZ] t=14.50 alt=0.370 off_n=-0.0940 off_e=-0.0110 nose_z=+0.0740
2026-09-01 16:00:27,088 [INFO] core.mission.gorev3_pickup: [KANCA_IZ] t=14.61 alt=0.370 off_n=-0.0951 off_e=-0.0123 nose_z=+0.0742
2026-09-01 16:00:27,206 [INFO] core.mission.gorev3_pickup: [KANCA_IZ] t=14.73 alt=0.371 off_n=-0.0960 off_e=-0.0129 nose_z=+0.0743
2026-09-01 16:00:27,322 [INFO] core.mission.gorev3_pickup: [KANCA_IZ] t=14.85 alt=0.374 off_n=-0.0970 off_e=-0.0130 nose_z=+0.0745
2026-09-01 16:00:27,437 [INFO] core.mission.gorev3_pickup: [KANCA_IZ] t=14.96 alt=0.375 off_n=-0.0978 off_e=-0.0122 nose_z=+0.0745
2026-09-01 16:00:27,553 [INFO] core.mission.gorev3_pickup: [KANCA_IZ] t=15.08 alt=0.376 off_n=-0.0983 off_e=-0.0113 nose_z=+0.0746
2026-09-01 16:00:27,671 [INFO] core.mission.gorev3_pickup: [KANCA_IZ] t=15.20 alt=0.377 off_n=-0.0987 off_e=-0.0097 nose_z=+0.0748
2026-09-01 16:00:27,786 [INFO] core.mission.gorev3_pickup: [KANCA_IZ] t=15.31 alt=0.379 off_n=-0.0988 off_e=-0.0080 nose_z=+0.0750
QGC port check failed, reporting UNKNOWN: (pid=78659)
2026-09-01 16:00:27,903 [INFO] core.mission.gorev3_pickup: [KANCA_IZ] t=15.43 alt=0.380 off_n=-0.0986 off_e=-0.0062 nose_z=+0.0751
2026-09-01 16:00:27,904 [INFO] gz_system.gz_payload_actuator: [HOOK] APPROACHING  lat=  31.1mm ins=   +0.9mm tilt=  8.9deg v=0.009m/s age=0.02s  [lateral(31.1mm>10.2mm)]
2026-09-01 16:00:28,019 [INFO] core.detection.vision_runtime: [VISION] detect() calisiyor -- bu karede 1 tespit: ['KIRMIZI_DIKDORTGEN']
2026-09-01 16:00:28,019 [INFO] core.mission.gorev3_pickup: [KANCA_IZ] t=15.54 alt=0.381 off_n=-0.0981 off_e=-0.0040 nose_z=+0.0750
2026-09-01 16:00:28,133 [INFO] core.mission.gorev3_pickup: [KANCA_IZ] t=15.66 alt=0.382 off_n=-0.0972 off_e=-0.0017 nose_z=+0.0751
2026-09-01 16:00:28,251 [INFO] core.mission.gorev3_pickup: [KANCA_IZ] t=15.78 alt=0.382 off_n=-0.0963 off_e=+0.0002 nose_z=+0.0752
2026-09-01 16:00:28,367 [INFO] core.mission.gorev3_pickup: [KANCA_IZ] t=15.89 alt=0.382 off_n=-0.0951 off_e=+0.0024 nose_z=+0.0753
2026-09-01 16:00:28,482 [INFO] core.mission.gorev3_pickup: [KANCA_IZ] t=16.01 alt=0.382 off_n=-0.0937 off_e=+0.0045 nose_z=+0.0752
2026-09-01 16:00:28,603 [INFO] core.mission.gorev3_pickup: [KANCA_IZ] t=16.13 alt=0.382 off_n=-0.0921 off_e=+0.0061 nose_z=+0.0753
2026-09-01 16:00:28,720 [INFO] core.mission.gorev3_pickup: [KANCA_IZ] t=16.25 alt=0.382 off_n=-0.0903 off_e=+0.0077 nose_z=+0.0754
2026-09-01 16:00:28,838 [INFO] core.mission.gorev3_pickup: [KANCA_IZ] t=16.36 alt=0.383 off_n=-0.0885 off_e=+0.0091 nose_z=+0.0755
2026-09-01 16:00:28,957 [INFO] core.mission.gorev3_pickup: [KANCA_IZ] t=16.48 alt=0.383 off_n=-0.0870 off_e=+0.0107 nose_z=+0.0754
2026-09-01 16:00:28,957 [INFO] gz_system.gz_payload_actuator: [HOOK] APPROACHING  lat=  31.3mm ins=   +0.6mm tilt=  4.7deg v=0.004m/s age=0.04s  [lateral(31.3mm>10.2mm)]
2026-09-01 16:00:29,071 [INFO] core.mission.gorev3_pickup: [KANCA_IZ] t=16.60 alt=0.382 off_n=-0.0860 off_e=+0.0124 nose_z=+0.0755
2026-09-01 16:00:29,129 [INFO] gz_system.main_gz: Dashboard paint loop: 0.0 FPS (main thread)
2026-09-01 16:00:29,189 [INFO] core.mission.gorev3_pickup: [KANCA_IZ] t=16.71 alt=0.382 off_n=-0.0856 off_e=+0.0141 nose_z=+0.0755
2026-09-01 16:00:29,306 [INFO] core.mission.gorev3_pickup: [KANCA_IZ] t=16.83 alt=0.381 off_n=-0.0858 off_e=+0.0161 nose_z=+0.0754
2026-09-01 16:00:29,422 [INFO] core.mission.gorev3_pickup: [KANCA_IZ] t=16.95 alt=0.380 off_n=-0.0866 off_e=+0.0181 nose_z=+0.0756
2026-09-01 16:00:29,537 [INFO] core.mission.gorev3_pickup: [KANCA_IZ] t=17.06 alt=0.379 off_n=-0.0880 off_e=+0.0203 nose_z=+0.0757
2026-09-01 16:00:29,654 [INFO] core.mission.gorev3_pickup: [KANCA_IZ] t=17.18 alt=0.380 off_n=-0.0898 off_e=+0.0226 nose_z=+0.0759
2026-09-01 16:00:29,774 [INFO] core.mission.gorev3_pickup: [KANCA_IZ] t=17.30 alt=0.381 off_n=-0.0918 off_e=+0.0251 nose_z=+0.0759
QGC port check failed, reporting UNKNOWN: (pid=78659)
2026-09-01 16:00:29,892 [INFO] core.mission.gorev3_pickup: [KANCA_IZ] t=17.42 alt=0.382 off_n=-0.0938 off_e=+0.0275 nose_z=+0.0761
2026-09-01 16:00:30,007 [INFO] core.mission.gorev3_pickup: [KANCA_IZ] t=17.53 alt=0.384 off_n=-0.0958 off_e=+0.0300 nose_z=+0.0762
2026-09-01 16:00:30,008 [INFO] gz_system.gz_payload_actuator: [HOOK] APPROACHING  lat=  31.4mm ins=   -0.3mm tilt=  1.7deg v=0.006m/s age=0.03s  [lateral(31.4mm>10.2mm)]
2026-09-01 16:00:30,125 [INFO] core.mission.gorev3_pickup: [KANCA_IZ] t=17.65 alt=0.387 off_n=-0.0979 off_e=+0.0329 nose_z=+0.0763
2026-09-01 16:00:30,245 [INFO] core.mission.gorev3_pickup: [KANCA_IZ] t=17.77 alt=0.387 off_n=-0.0995 off_e=+0.0349 nose_z=+0.0764
2026-09-01 16:00:30,359 [INFO] core.mission.gorev3_pickup: [KANCA_IZ] t=17.88 alt=0.387 off_n=-0.1014 off_e=+0.0374 nose_z=+0.0764
2026-09-01 16:00:30,474 [INFO] core.mission.gorev3_pickup: [KANCA_IZ] t=18.00 alt=0.387 off_n=-0.1030 off_e=+0.0393 nose_z=+0.0765
2026-09-01 16:00:30,593 [INFO] core.mission.gorev3_pickup: [KANCA_IZ] t=18.12 alt=0.386 off_n=-0.1045 off_e=+0.0407 nose_z=+0.0765
2026-09-01 16:00:30,712 [INFO] core.mission.gorev3_pickup: [KANCA_IZ] t=18.24 alt=0.385 off_n=-0.1060 off_e=+0.0419 nose_z=+0.0765
2026-09-01 16:00:30,831 [INFO] core.mission.gorev3_pickup: [KANCA_IZ] t=18.36 alt=0.383 off_n=-0.1077 off_e=+0.0426 nose_z=+0.0766
2026-09-01 16:00:30,946 [INFO] core.mission.gorev3_pickup: [KANCA_IZ] t=18.47 alt=0.383 off_n=-0.1094 off_e=+0.0429 nose_z=+0.0766
2026-09-01 16:00:31,065 [INFO] core.detection.vision_runtime: [VISION] detect() calisiyor -- bu karede 1 tespit: ['KIRMIZI_DIKDORTGEN']
2026-09-01 16:00:31,065 [INFO] core.mission.gorev3_pickup: [KANCA_IZ] t=18.59 alt=0.383 off_n=-0.1115 off_e=+0.0428 nose_z=+0.0766
2026-09-01 16:00:31,065 [INFO] gz_system.gz_payload_actuator: [HOOK] APPROACHING  lat=  31.3mm ins=   -0.6mm tilt=  3.0deg v=0.003m/s age=0.02s  [lateral(31.3mm>10.2mm)]
2026-09-01 16:00:31,181 [INFO] core.mission.gorev3_pickup: [KANCA_IZ] t=18.71 alt=0.383 off_n=-0.1132 off_e=+0.0424 nose_z=+0.0767
2026-09-01 16:00:31,296 [INFO] core.mission.gorev3_pickup: [KANCA_IZ] t=18.82 alt=0.384 off_n=-0.1146 off_e=+0.0418 nose_z=+0.0766
2026-09-01 16:00:31,416 [INFO] core.mission.gorev3_pickup: [KANCA_IZ] t=18.94 alt=0.385 off_n=-0.1161 off_e=+0.0408 nose_z=+0.0766
2026-09-01 16:00:31,533 [INFO] core.mission.gorev3_pickup: [KANCA_IZ] t=19.06 alt=0.387 off_n=-0.1171 off_e=+0.0399 nose_z=+0.0763
2026-09-01 16:00:31,584 [INFO] gz_system.gz_payload_actuator: [KANCA_DENGE] oturma penceresi ortalama kanca_ofset=(-0.0999, +0.0259)  (206 ornek)
2026-09-01 16:00:31,584 [WARNING] gz_system.gz_payload_actuator: [HOOK] OTURMADI (12.0 s). En iyi ESZAMANLI ornek: lat=  30.1mm ins=   +1.3mm tilt= 14.7deg v=0.015m/s age=0.03s (1 kapi ihlali). CAPTURE_CANDIDATE ornegi: 0/206. Kapi retleri: lateral=206, tilt=64, rel_speed=4. Sinirlar: yanal<=10.2 mm, dwell 0.30 s.
2026-09-01 16:00:31,584 [WARNING] gz_system.gz_payload_actuator: [HOOK] oturma dogrulanmadi (12.0s) -- /hook/attach YAYINLANMADI, vinc cekiliyor, tekrar denenecek
2026-09-01 16:00:31,584 [INFO] gz_system.gz_payload_actuator: [HOOK] vinc -> 0.00 m
I0901 16:00:31.585033 14081711 fork_posix.cc:71] Other threads are currently calling into gRPC, skipping fork() handlers
2026-09-01 16:00:31,656 [INFO] core.mission.gorev3_pickup: [KANCA_IZ] t=19.18 alt=0.388 off_n=-0.1178 off_e=+0.0389 nose_z=+0.0762
2026-09-01 16:00:31,774 [INFO] core.mission.gorev3_pickup: [KANCA_IZ] t=19.30 alt=0.389 off_n=-0.1183 off_e=+0.0380 nose_z=+0.0761
QGC port check failed, reporting UNKNOWN: (pid=78659)
2026-09-01 16:00:31,889 [INFO] core.mission.gorev3_pickup: [KANCA_IZ] t=19.41 alt=0.389 off_n=-0.1187 off_e=+0.0367 nose_z=+0.0759
2026-09-01 16:00:32,011 [INFO] core.mission.gorev3_pickup: [KANCA_IZ] t=19.54 alt=0.389 off_n=-0.1189 off_e=+0.0354 nose_z=+0.0758
2026-09-01 16:00:32,126 [INFO] core.mission.gorev3_pickup: [KANCA_IZ] t=19.65 alt=0.387 off_n=-0.1190 off_e=+0.0338 nose_z=+0.0754
2026-09-01 16:00:32,243 [INFO] core.mission.gorev3_pickup: [KANCA_IZ] t=19.77 alt=0.386 off_n=-0.1189 off_e=+0.0323 nose_z=+0.0754
2026-09-01 16:00:32,363 [INFO] core.mission.gorev3_pickup: [KANCA_IZ] t=19.89 alt=0.384 off_n=-0.1185 off_e=+0.0308 nose_z=+0.0753
2026-09-01 16:00:32,480 [INFO] core.mission.gorev3_pickup: [KANCA_IZ] t=20.01 alt=0.384 off_n=-0.1179 off_e=+0.0295 nose_z=+0.0752
2026-09-01 16:00:32,601 [INFO] core.mission.gorev3_pickup: [KANCA_IZ] t=20.13 alt=0.383 off_n=-0.1171 off_e=+0.0285 nose_z=+0.0751
2026-09-01 16:00:32,719 [INFO] core.mission.gorev3_pickup: [KANCA_IZ] t=20.24 alt=0.382 off_n=-0.1045 off_e=+0.0129 nose_z=+0.1287
2026-09-01 16:00:32,833 [INFO] core.mission.gorev3_pickup: [KANCA_IZ] t=20.36 alt=0.380 off_n=-0.0646 off_e=-0.0112 nose_z=+0.2249
2026-09-01 16:00:32,953 [INFO] core.mission.gorev3_pickup: [KANCA_IZ] t=20.48 alt=0.379 off_n=-0.0687 off_e=-0.0655 nose_z=+0.2857
2026-09-01 16:00:33,069 [INFO] core.mission.gorev3_pickup: [KANCA_IZ] t=20.59 alt=0.379 off_n=-0.0805 off_e=-0.0826 nose_z=+0.3562
2026-09-01 16:00:33,189 [INFO] core.mission.gorev3_pickup: [KANCA_IZ] t=20.71 alt=0.378 off_n=-0.0845 off_e=-0.0538 nose_z=+0.4009
2026-09-01 16:00:33,306 [INFO] core.mission.gorev3_pickup: [KANCA_IZ] t=20.83 alt=0.377 off_n=-0.0817 off_e=-0.0125 nose_z=+0.4164
2026-09-01 16:00:33,421 [INFO] core.mission.gorev3_pickup: [KANCA_IZ] t=20.95 alt=0.375 off_n=-0.0757 off_e=+0.0175 nose_z=+0.4161
2026-09-01 16:00:33,539 [INFO] core.mission.gorev3_pickup: [KANCA_IZ] t=21.06 alt=0.374 off_n=-0.0731 off_e=+0.0217 nose_z=+0.4120
2026-09-01 16:00:33,654 [INFO] core.mission.gorev3_pickup: [KANCA_IZ] t=21.18 alt=0.372 off_n=-0.0761 off_e=+0.0025 nose_z=+0.4043
2026-09-01 16:00:33,655 [INFO] core.mission.gorev3_pickup: [YENIDEN_HIZA] deneme 2 oncesi, kanca havada -- duzeltme yeniden kosuluyor
2026-09-01 16:00:33,655 [INFO] core.mission.gorev3_pickup: [SON_DUZELTME] 1/6 yanal 35.4 mm -> (kuzey -0.011, dogu +0.014)  | kanca_ofset=(-0.0761, +0.0025) arac_ned=(108.9842, -3.5743) kanca_mutlak=(108.9081, -3.5718)
2026-09-01 16:00:33,768 [INFO] core.mission.gorev3_pickup: [KANCA_IZ] t=21.29 alt=0.371 off_n=-0.0818 off_e=-0.0166 nose_z=+0.4016
QGC port check failed, reporting UNKNOWN: (pid=78659)
2026-09-01 16:00:33,887 [INFO] core.mission.gorev3_pickup: [KANCA_IZ] t=21.41 alt=0.370 off_n=-0.0889 off_e=-0.0291 nose_z=+0.4006
2026-09-01 16:00:34,003 [INFO] core.mission.gorev3_pickup: [KANCA_IZ] t=21.53 alt=0.369 off_n=-0.0926 off_e=-0.0245 nose_z=+0.3988
2026-09-01 16:00:34,126 [INFO] core.detection.vision_runtime: [VISION] detect() calisiyor -- bu karede 1 tespit: ['KIRMIZI_DIKDORTGEN']
2026-09-01 16:00:34,126 [INFO] core.mission.gorev3_pickup: [KANCA_IZ] t=21.65 alt=0.368 off_n=-0.0922 off_e=-0.0088 nose_z=+0.3970
2026-09-01 16:00:34,154 [INFO] gz_system.main_gz: Dashboard paint loop: 0.0 FPS (main thread)
2026-09-01 16:00:34,242 [INFO] core.mission.gorev3_pickup: [KANCA_IZ] t=21.77 alt=0.368 off_n=-0.0884 off_e=+0.0105 nose_z=+0.3967
2026-09-01 16:00:34,356 [INFO] core.mission.gorev3_pickup: [KANCA_IZ] t=21.88 alt=0.370 off_n=-0.0857 off_e=+0.0165 nose_z=+0.3971
2026-09-01 16:00:34,473 [INFO] core.mission.gorev3_pickup: [KANCA_IZ] t=22.00 alt=0.371 off_n=-0.0848 off_e=+0.0112 nose_z=+0.3969
2026-09-01 16:00:34,588 [INFO] core.mission.gorev3_pickup: [KANCA_IZ] t=22.11 alt=0.372 off_n=-0.0867 off_e=-0.0001 nose_z=+0.3967
2026-09-01 16:00:34,706 [INFO] core.mission.gorev3_pickup: [KANCA_IZ] t=22.23 alt=0.372 off_n=-0.0896 off_e=-0.0091 nose_z=+0.3969
2026-09-01 16:00:34,823 [INFO] core.mission.gorev3_pickup: [KANCA_IZ] t=22.35 alt=0.372 off_n=-0.0919 off_e=-0.0110 nose_z=+0.3969
2026-09-01 16:00:34,939 [INFO] core.mission.gorev3_pickup: [KANCA_IZ] t=22.46 alt=0.372 off_n=-0.0923 off_e=-0.0055 nose_z=+0.3967
2026-09-01 16:00:35,064 [INFO] core.mission.gorev3_pickup: [KANCA_IZ] t=22.59 alt=0.372 off_n=-0.0909 off_e=+0.0034 nose_z=+0.3967
2026-09-01 16:00:35,180 [INFO] core.mission.gorev3_pickup: [KANCA_IZ] t=22.71 alt=0.373 off_n=-0.0886 off_e=+0.0102 nose_z=+0.3971
2026-09-01 16:00:35,302 [INFO] core.mission.gorev3_pickup: [KANCA_IZ] t=22.83 alt=0.374 off_n=-0.0876 off_e=+0.0099 nose_z=+0.3972
2026-09-01 16:00:35,417 [INFO] core.mission.gorev3_pickup: [KANCA_IZ] t=22.94 alt=0.375 off_n=-0.0879 off_e=+0.0052 nose_z=+0.3971
2026-09-01 16:00:35,536 [INFO] core.mission.gorev3_pickup: [KANCA_IZ] t=23.06 alt=0.376 off_n=-0.0895 off_e=-0.0015 nose_z=+0.3970
2026-09-01 16:00:35,652 [INFO] core.mission.gorev3_pickup: [KANCA_IZ] t=23.18 alt=0.376 off_n=-0.0909 off_e=-0.0042 nose_z=+0.3968
2026-09-01 16:00:35,771 [INFO] core.mission.gorev3_pickup: [KANCA_IZ] t=23.30 alt=0.376 off_n=-0.0913 off_e=-0.0030 nose_z=+0.3966
QGC port check failed, reporting UNKNOWN: (pid=78659)
2026-09-01 16:00:35,888 [INFO] core.mission.gorev3_pickup: [KANCA_IZ] t=23.41 alt=0.376 off_n=-0.0907 off_e=+0.0020 nose_z=+0.3963
2026-09-01 16:00:36,000 [INFO] core.mission.gorev3_pickup: [KANCA_IZ] t=23.53 alt=0.376 off_n=-0.0896 off_e=+0.0059 nose_z=+0.3961
2026-09-01 16:00:36,120 [INFO] core.mission.gorev3_pickup: [KANCA_IZ] t=23.65 alt=0.377 off_n=-0.0889 off_e=+0.0071 nose_z=+0.3959
2026-09-01 16:00:36,238 [INFO] core.mission.gorev3_pickup: [KANCA_IZ] t=23.76 alt=0.375 off_n=-0.0888 off_e=+0.0055 nose_z=+0.3955
2026-09-01 16:00:36,354 [INFO] core.mission.gorev3_pickup: [KANCA_IZ] t=23.88 alt=0.374 off_n=-0.0894 off_e=+0.0022 nose_z=+0.3953
2026-09-01 16:00:36,479 [INFO] core.mission.gorev3_pickup: [KANCA_IZ] t=24.00 alt=0.374 off_n=-0.0901 off_e=-0.0003 nose_z=+0.3952
2026-09-01 16:00:36,593 [INFO] core.mission.gorev3_pickup: [KANCA_IZ] t=24.12 alt=0.374 off_n=-0.0906 off_e=-0.0007 nose_z=+0.3953
2026-09-01 16:00:36,712 [INFO] core.mission.gorev3_pickup: [KANCA_IZ] t=24.24 alt=0.374 off_n=-0.0906 off_e=+0.0010 nose_z=+0.3954
2026-09-01 16:00:36,739 [INFO] core.mission.gorev3_pickup: [SON_DUZELTME] 2/6 yanal 23.4 mm -> (kuzey +0.005, dogu +0.011)  | kanca_ofset=(-0.0904, +0.0022) arac_ned=(108.9679, -3.5670) kanca_mutlak=(108.8775, -3.5648)
2026-09-01 16:00:36,828 [INFO] core.mission.gorev3_pickup: [KANCA_IZ] t=24.35 alt=0.374 off_n=-0.0901 off_e=+0.0034 nose_z=+0.3955
2026-09-01 16:00:36,943 [INFO] core.mission.gorev3_pickup: [KANCA_IZ] t=24.47 alt=0.373 off_n=-0.0897 off_e=+0.0049 nose_z=+0.3957
2026-09-01 16:00:37,061 [INFO] core.mission.gorev3_pickup: [KANCA_IZ] t=24.59 alt=0.373 off_n=-0.0895 off_e=+0.0048 nose_z=+0.3959
2026-09-01 16:00:37,174 [INFO] core.detection.vision_runtime: [VISION] detect() calisiyor -- bu karede 1 tespit: ['KIRMIZI_DIKDORTGEN']
2026-09-01 16:00:37,175 [INFO] core.mission.gorev3_pickup: [KANCA_IZ] t=24.70 alt=0.373 off_n=-0.0897 off_e=+0.0034 nose_z=+0.3963
2026-09-01 16:00:37,291 [INFO] core.mission.gorev3_pickup: [KANCA_IZ] t=24.82 alt=0.374 off_n=-0.0900 off_e=+0.0018 nose_z=+0.3966
2026-09-01 16:00:37,409 [INFO] core.mission.gorev3_pickup: [KANCA_IZ] t=24.93 alt=0.375 off_n=-0.0902 off_e=+0.0009 nose_z=+0.3970
2026-09-01 16:00:37,523 [INFO] core.mission.gorev3_pickup: [KANCA_IZ] t=25.05 alt=0.376 off_n=-0.0903 off_e=+0.0014 nose_z=+0.3973
2026-09-01 16:00:37,645 [INFO] core.mission.gorev3_pickup: [KANCA_IZ] t=25.17 alt=0.378 off_n=-0.0901 off_e=+0.0026 nose_z=+0.3974
2026-09-01 16:00:37,760 [INFO] core.mission.gorev3_pickup: [KANCA_IZ] t=25.29 alt=0.377 off_n=-0.0899 off_e=+0.0037 nose_z=+0.3974
2026-09-01 16:00:37,876 [INFO] core.mission.gorev3_pickup: [KANCA_IZ] t=25.40 alt=0.377 off_n=-0.0899 off_e=+0.0040 nose_z=+0.3974
QGC port check failed, reporting UNKNOWN: (pid=78659)
2026-09-01 16:00:37,995 [INFO] core.mission.gorev3_pickup: [KANCA_IZ] t=25.52 alt=0.376 off_n=-0.0899 off_e=+0.0035 nose_z=+0.3976
2026-09-01 16:00:38,112 [INFO] core.mission.gorev3_pickup: [KANCA_IZ] t=25.64 alt=0.376 off_n=-0.0900 off_e=+0.0025 nose_z=+0.3978
2026-09-01 16:00:38,228 [INFO] core.mission.gorev3_pickup: [KANCA_IZ] t=25.75 alt=0.376 off_n=-0.0901 off_e=+0.0019 nose_z=+0.3981
2026-09-01 16:00:38,344 [INFO] core.mission.gorev3_pickup: [KANCA_IZ] t=25.87 alt=0.375 off_n=-0.0900 off_e=+0.0018 nose_z=+0.3985
2026-09-01 16:00:38,459 [INFO] core.mission.gorev3_pickup: [KANCA_IZ] t=25.98 alt=0.375 off_n=-0.0900 off_e=+0.0023 nose_z=+0.3990
2026-09-01 16:00:38,575 [INFO] core.mission.gorev3_pickup: [KANCA_IZ] t=26.10 alt=0.374 off_n=-0.0900 off_e=+0.0030 nose_z=+0.3996
2026-09-01 16:00:38,693 [INFO] core.mission.gorev3_pickup: [KANCA_IZ] t=26.22 alt=0.374 off_n=-0.0900 off_e=+0.0034 nose_z=+0.4001
2026-09-01 16:00:38,809 [INFO] core.mission.gorev3_pickup: [KANCA_IZ] t=26.33 alt=0.374 off_n=-0.0900 off_e=+0.0034 nose_z=+0.4009
2026-09-01 16:00:38,925 [INFO] core.mission.gorev3_pickup: [KANCA_IZ] t=26.45 alt=0.374 off_n=-0.0900 off_e=+0.0030 nose_z=+0.4016
2026-09-01 16:00:39,039 [INFO] core.mission.gorev3_pickup: [KANCA_IZ] t=26.56 alt=0.373 off_n=-0.0900 off_e=+0.0026 nose_z=+0.4024
2026-09-01 16:00:39,157 [INFO] core.mission.gorev3_pickup: [KANCA_IZ] t=26.68 alt=0.374 off_n=-0.0899 off_e=+0.0023 nose_z=+0.4031
2026-09-01 16:00:39,179 [INFO] gz_system.main_gz: Dashboard paint loop: 0.0 FPS (main thread)
2026-09-01 16:00:39,274 [INFO] core.mission.gorev3_pickup: [KANCA_IZ] t=26.80 alt=0.375 off_n=-0.0899 off_e=+0.0024 nose_z=+0.4038
2026-09-01 16:00:39,274 [INFO] core.mission.gorev3_pickup: [SON_DUZELTME] 3/6 yanal 22.5 mm -> (kuzey +0.006, dogu +0.010)  | kanca_ofset=(-0.0899, +0.0024) arac_ned=(108.9650, -3.5649) kanca_mutlak=(108.8751, -3.5625)
2026-09-01 16:00:39,391 [INFO] core.mission.gorev3_pickup: [KANCA_IZ] t=26.92 alt=0.375 off_n=-0.0899 off_e=+0.0028 nose_z=+0.4044
2026-09-01 16:00:39,506 [INFO] core.mission.gorev3_pickup: [KANCA_IZ] t=27.03 alt=0.374 off_n=-0.0900 off_e=+0.0031 nose_z=+0.4049
2026-09-01 16:00:39,624 [INFO] core.mission.gorev3_pickup: [KANCA_IZ] t=27.15 alt=0.373 off_n=-0.0899 off_e=+0.0032 nose_z=+0.4056
2026-09-01 16:00:39,741 [INFO] core.mission.gorev3_pickup: [KANCA_IZ] t=27.27 alt=0.372 off_n=-0.0898 off_e=+0.0029 nose_z=+0.4064
2026-09-01 16:00:39,857 [INFO] core.mission.gorev3_pickup: [KANCA_IZ] t=27.38 alt=0.372 off_n=-0.0897 off_e=+0.0026 nose_z=+0.4073
QGC port check failed, reporting UNKNOWN: (pid=78659)
2026-09-01 16:00:39,974 [INFO] core.mission.gorev3_pickup: [KANCA_IZ] t=27.50 alt=0.372 off_n=-0.0898 off_e=+0.0024 nose_z=+0.4082
2026-09-01 16:00:40,091 [INFO] core.mission.gorev3_pickup: [KANCA_IZ] t=27.62 alt=0.373 off_n=-0.0899 off_e=+0.0025 nose_z=+0.4091
2026-09-01 16:00:40,206 [INFO] core.detection.vision_runtime: [VISION] detect() calisiyor -- bu karede 1 tespit: ['KIRMIZI_DIKDORTGEN']
2026-09-01 16:00:40,207 [INFO] core.mission.gorev3_pickup: [KANCA_IZ] t=27.73 alt=0.374 off_n=-0.0900 off_e=+0.0028 nose_z=+0.4098
2026-09-01 16:00:40,326 [INFO] core.mission.gorev3_pickup: [KANCA_IZ] t=27.85 alt=0.375 off_n=-0.0901 off_e=+0.0030 nose_z=+0.4104
2026-09-01 16:00:40,443 [INFO] core.mission.gorev3_pickup: [KANCA_IZ] t=27.97 alt=0.377 off_n=-0.0901 off_e=+0.0030 nose_z=+0.4107
2026-09-01 16:00:40,558 [INFO] core.mission.gorev3_pickup: [KANCA_IZ] t=28.08 alt=0.379 off_n=-0.0900 off_e=+0.0029 nose_z=+0.4108
2026-09-01 16:00:40,673 [INFO] core.mission.gorev3_pickup: [KANCA_IZ] t=28.20 alt=0.380 off_n=-0.0899 off_e=+0.0026 nose_z=+0.4106
2026-09-01 16:00:40,791 [INFO] core.mission.gorev3_pickup: [KANCA_IZ] t=28.32 alt=0.381 off_n=-0.0898 off_e=+0.0025 nose_z=+0.4103
2026-09-01 16:00:40,909 [INFO] core.mission.gorev3_pickup: [KANCA_IZ] t=28.43 alt=0.382 off_n=-0.0898 off_e=+0.0025 nose_z=+0.4096
2026-09-01 16:00:41,024 [INFO] core.mission.gorev3_pickup: [KANCA_IZ] t=28.55 alt=0.382 off_n=-0.0899 off_e=+0.0026 nose_z=+0.4089
2026-09-01 16:00:41,141 [INFO] core.mission.gorev3_pickup: [KANCA_IZ] t=28.67 alt=0.383 off_n=-0.0900 off_e=+0.0028 nose_z=+0.4080
2026-09-01 16:00:41,257 [INFO] core.mission.gorev3_pickup: [KANCA_IZ] t=28.78 alt=0.384 off_n=-0.0900 off_e=+0.0029 nose_z=+0.4072
2026-09-01 16:00:41,373 [INFO] core.mission.gorev3_pickup: [KANCA_IZ] t=28.90 alt=0.384 off_n=-0.0900 off_e=+0.0028 nose_z=+0.4062
2026-09-01 16:00:41,491 [INFO] core.mission.gorev3_pickup: [KANCA_IZ] t=29.02 alt=0.384 off_n=-0.0900 off_e=+0.0027 nose_z=+0.4053
2026-09-01 16:00:41,606 [INFO] core.mission.gorev3_pickup: [KANCA_IZ] t=29.13 alt=0.384 off_n=-0.0900 off_e=+0.0025 nose_z=+0.4043
2026-09-01 16:00:41,723 [INFO] core.mission.gorev3_pickup: [KANCA_IZ] t=29.25 alt=0.385 off_n=-0.0899 off_e=+0.0025 nose_z=+0.4033
2026-09-01 16:00:41,838 [INFO] core.mission.gorev3_pickup: [KANCA_IZ] t=29.36 alt=0.385 off_n=-0.0899 off_e=+0.0025 nose_z=+0.4022
2026-09-01 16:00:41,838 [INFO] core.mission.gorev3_pickup: [SON_DUZELTME] 4/6 yanal 11.2 mm -> (kuzey +0.004, dogu -0.003)  | kanca_ofset=(-0.0899, +0.0025) arac_ned=(108.9680, -3.5391) kanca_mutlak=(108.8781, -3.5366)
QGC port check failed, reporting UNKNOWN: (pid=78659)
2026-09-01 16:00:41,953 [INFO] core.mission.gorev3_pickup: [KANCA_IZ] t=29.48 alt=0.385 off_n=-0.0900 off_e=+0.0027 nose_z=+0.4011
2026-09-01 16:00:42,068 [INFO] core.mission.gorev3_pickup: [KANCA_IZ] t=29.59 alt=0.385 off_n=-0.0901 off_e=+0.0030 nose_z=+0.4001
2026-09-01 16:00:42,184 [INFO] core.mission.gorev3_pickup: [KANCA_IZ] t=29.71 alt=0.385 off_n=-0.0900 off_e=+0.0030 nose_z=+0.3991
2026-09-01 16:00:42,302 [INFO] core.mission.gorev3_pickup: [KANCA_IZ] t=29.83 alt=0.385 off_n=-0.0899 off_e=+0.0027 nose_z=+0.3981
2026-09-01 16:00:42,418 [INFO] core.mission.gorev3_pickup: [KANCA_IZ] t=29.94 alt=0.388 off_n=-0.0898 off_e=+0.0024 nose_z=+0.3970
2026-09-01 16:00:42,532 [INFO] core.mission.gorev3_pickup: [KANCA_IZ] t=30.06 alt=0.388 off_n=-0.0898 off_e=+0.0023 nose_z=+0.3958
2026-09-01 16:00:42,648 [INFO] core.mission.gorev3_pickup: [KANCA_IZ] t=30.17 alt=0.389 off_n=-0.0899 off_e=+0.0024 nose_z=+0.3942
2026-09-01 16:00:42,765 [INFO] core.mission.gorev3_pickup: [KANCA_IZ] t=30.29 alt=0.389 off_n=-0.0899 off_e=+0.0026 nose_z=+0.3925
2026-09-01 16:00:42,880 [INFO] core.mission.gorev3_pickup: [KANCA_IZ] t=30.40 alt=0.389 off_n=-0.0899 off_e=+0.0029 nose_z=+0.3907
2026-09-01 16:00:42,994 [INFO] core.mission.gorev3_pickup: [KANCA_IZ] t=30.52 alt=0.389 off_n=-0.0900 off_e=+0.0030 nose_z=+0.3887
2026-09-01 16:00:43,112 [INFO] core.mission.gorev3_pickup: [KANCA_IZ] t=30.64 alt=0.386 off_n=-0.0900 off_e=+0.0028 nose_z=+0.3867
2026-09-01 16:00:43,225 [INFO] core.detection.vision_runtime: [VISION] detect() calisiyor -- bu karede 1 tespit: ['KIRMIZI_DIKDORTGEN']
2026-09-01 16:00:43,226 [INFO] core.mission.gorev3_pickup: [KANCA_IZ] t=30.75 alt=0.385 off_n=-0.0899 off_e=+0.0026 nose_z=+0.3851
2026-09-01 16:00:43,339 [INFO] core.mission.gorev3_pickup: [KANCA_IZ] t=30.86 alt=0.383 off_n=-0.0898 off_e=+0.0024 nose_z=+0.3835
2026-09-01 16:00:43,461 [INFO] core.mission.gorev3_pickup: [KANCA_IZ] t=30.99 alt=0.381 off_n=-0.0898 off_e=+0.0023 nose_z=+0.3822
2026-09-01 16:00:43,579 [INFO] core.mission.gorev3_pickup: [KANCA_IZ] t=31.10 alt=0.380 off_n=-0.0899 off_e=+0.0024 nose_z=+0.3811
2026-09-01 16:00:43,697 [INFO] core.mission.gorev3_pickup: [KANCA_IZ] t=31.22 alt=0.379 off_n=-0.0899 off_e=+0.0027 nose_z=+0.3805
2026-09-01 16:00:43,812 [INFO] core.mission.gorev3_pickup: [KANCA_IZ] t=31.34 alt=0.378 off_n=-0.0899 off_e=+0.0029 nose_z=+0.3802
QGC port check failed, reporting UNKNOWN: (pid=78659)
2026-09-01 16:00:43,931 [INFO] core.mission.gorev3_pickup: [KANCA_IZ] t=31.46 alt=0.377 off_n=-0.0899 off_e=+0.0029 nose_z=+0.3801
2026-09-01 16:00:44,045 [INFO] core.mission.gorev3_pickup: [KANCA_IZ] t=31.57 alt=0.377 off_n=-0.0901 off_e=+0.0027 nose_z=+0.3801
2026-09-01 16:00:44,159 [INFO] core.mission.gorev3_pickup: [KANCA_IZ] t=31.68 alt=0.378 off_n=-0.0901 off_e=+0.0025 nose_z=+0.3801
2026-09-01 16:00:44,186 [INFO] gz_system.main_gz: Dashboard paint loop: 0.0 FPS (main thread)
2026-09-01 16:00:44,279 [INFO] core.mission.gorev3_pickup: [KANCA_IZ] t=31.80 alt=0.378 off_n=-0.0900 off_e=+0.0024 nose_z=+0.3801
2026-09-01 16:00:44,395 [INFO] core.mission.gorev3_pickup: [KANCA_IZ] t=31.92 alt=0.380 off_n=-0.0900 off_e=+0.0025 nose_z=+0.3799
2026-09-01 16:00:44,396 [INFO] core.mission.gorev3_pickup: [SON_DUZELTME] 5/6 yanal 6.5 mm -- hedefin icinde.
2026-09-01 16:00:44,396 [INFO] core.mission.gorev3_pickup: [YENIDEN_HIZA] deneme 2 icin yeni yanal: 6.5 mm
2026-09-01 16:00:44,396 [INFO] gz_system.gz_payload_actuator: [HOOK] alma denemesi 2/3
2026-09-01 16:00:44,396 [INFO] gz_system.gz_payload_actuator: [HOOK] vinc salimi: 0.350 m  (irtifa=0.387 m, guverte=0.070, zincir ofseti=0.060, pay=0.040)
2026-09-01 16:00:44,396 [WARNING] gz_system.gz_payload_actuator: [HOOK] VINC DOYUMU: hesaplanan salim 0.400 m, fiziksel sinir 0.350 m -- 50.0 mm KIRPILDI. Bu irtifada (0.387 m) MARGIN=0.040 ETKISIZ: bu irtifanin uzerinde formulun ciktisi ne olursa olsun salim 0.350 m'de kaliyor. MARGIN'in etkili oldugu ust irtifa siniri 0.320 m. (Fiziksel erisim tavani AYRI bir sayi ve CHAIN_OFFSET'e bagli; o sabit su an tartismali -- SDF geometrisi 0.04236, kayitli kalibrasyon 0.060 diyor -- bu yuzden burada kasten yazilmiyor.)
2026-09-01 16:00:44,396 [INFO] gz_system.gz_payload_actuator: [HOOK] vinc -> 0.35 m
I0901 16:00:44.397102 14081711 fork_posix.cc:71] Other threads are currently calling into gRPC, skipping fork() handlers
2026-09-01 16:00:44,519 [INFO] core.mission.gorev3_pickup: [KANCA_IZ] t=32.04 alt=0.383 off_n=-0.0899 off_e=+0.0027 nose_z=+0.3795
2026-09-01 16:00:44,635 [INFO] core.mission.gorev3_pickup: [KANCA_IZ] t=32.16 alt=0.385 off_n=-0.0898 off_e=+0.0030 nose_z=+0.3788
2026-09-01 16:00:44,750 [INFO] core.mission.gorev3_pickup: [KANCA_IZ] t=32.28 alt=0.387 off_n=-0.0898 off_e=+0.0030 nose_z=+0.3777
2026-09-01 16:00:44,869 [INFO] core.mission.gorev3_pickup: [KANCA_IZ] t=32.39 alt=0.387 off_n=-0.0899 off_e=+0.0029 nose_z=+0.3765
2026-09-01 16:00:44,984 [INFO] core.mission.gorev3_pickup: [KANCA_IZ] t=32.51 alt=0.388 off_n=-0.0901 off_e=+0.0026 nose_z=+0.3746
2026-09-01 16:00:45,102 [INFO] core.mission.gorev3_pickup: [KANCA_IZ] t=32.63 alt=0.387 off_n=-0.0901 off_e=+0.0024 nose_z=+0.3728
2026-09-01 16:00:45,217 [INFO] core.mission.gorev3_pickup: [KANCA_IZ] t=32.74 alt=0.386 off_n=-0.0901 off_e=+0.0023 nose_z=+0.3709
2026-09-01 16:00:45,331 [INFO] core.mission.gorev3_pickup: [KANCA_IZ] t=32.86 alt=0.386 off_n=-0.0900 off_e=+0.0025 nose_z=+0.3690
2026-09-01 16:00:45,445 [INFO] core.mission.gorev3_pickup: [KANCA_IZ] t=32.97 alt=0.384 off_n=-0.0899 off_e=+0.0028 nose_z=+0.3672
2026-09-01 16:00:45,465 [INFO] gz_system.gz_payload_actuator: [HOOK] APPROACHING  lat=  24.9mm ins= -290.9mm tilt=  0.0deg v=  infm/s age=0.02s  [lateral(24.9mm>10.2mm), too_high(-290.9mm<-4.0mm), rel_speed(inf>0.05m/s)]
2026-09-01 16:00:45,557 [INFO] core.mission.gorev3_pickup: [KANCA_IZ] t=33.08 alt=0.383 off_n=-0.0896 off_e=+0.0031 nose_z=+0.3261
2026-09-01 16:00:45,671 [INFO] core.mission.gorev3_pickup: [KANCA_IZ] t=33.20 alt=0.382 off_n=-0.0901 off_e=+0.0031 nose_z=+0.2772
2026-09-01 16:00:45,786 [INFO] core.mission.gorev3_pickup: [KANCA_IZ] t=33.31 alt=0.381 off_n=-0.0910 off_e=+0.0027 nose_z=+0.2097
2026-09-01 16:00:45,898 [INFO] core.mission.gorev3_pickup: [KANCA_IZ] t=33.42 alt=0.379 off_n=-0.0913 off_e=+0.0023 nose_z=+0.1606
QGC port check failed, reporting UNKNOWN: (pid=78659)
2026-09-01 16:00:46,015 [INFO] core.mission.gorev3_pickup: [KANCA_IZ] t=33.54 alt=0.378 off_n=-0.0910 off_e=+0.0018 nose_z=+0.1016
2026-09-01 16:00:46,131 [INFO] core.mission.gorev3_pickup: [KANCA_IZ] t=33.66 alt=0.380 off_n=-0.0879 off_e=+0.0011 nose_z=+0.0761
2026-09-01 16:00:46,244 [INFO] core.detection.vision_runtime: [VISION] detect() calisiyor -- bu karede 0 tespit: []
2026-09-01 16:00:46,244 [INFO] core.mission.gorev3_pickup: [KANCA_IZ] t=33.77 alt=0.390 off_n=-0.0857 off_e=-0.0001 nose_z=+0.0760
2026-09-01 16:00:46,364 [INFO] core.mission.gorev3_pickup: [KANCA_IZ] t=33.89 alt=0.403 off_n=-0.0899 off_e=-0.0013 nose_z=+0.0760
2026-09-01 16:00:46,478 [INFO] core.mission.gorev3_pickup: [KANCA_IZ] t=34.00 alt=0.411 off_n=-0.0986 off_e=-0.0024 nose_z=+0.0760
2026-09-01 16:00:46,479 [INFO] gz_system.gz_payload_actuator: [HOOK] APPROACHING  lat=  26.7mm ins=   -0.0mm tilt=  0.1deg v=0.002m/s age=0.03s  [lateral(26.7mm>10.2mm)]
2026-09-01 16:00:46,591 [INFO] core.mission.gorev3_pickup: [KANCA_IZ] t=34.12 alt=0.417 off_n=-0.1106 off_e=-0.0037 nose_z=+0.0760
2026-09-01 16:00:46,705 [INFO] core.mission.gorev3_pickup: [KANCA_IZ] t=34.23 alt=0.419 off_n=-0.1195 off_e=-0.0048 nose_z=+0.0761
2026-09-01 16:00:46,822 [INFO] core.mission.gorev3_pickup: [KANCA_IZ] t=34.35 alt=0.419 off_n=-0.1282 off_e=-0.0062 nose_z=+0.0761
2026-09-01 16:00:46,935 [INFO] core.mission.gorev3_pickup: [KANCA_IZ] t=34.46 alt=0.414 off_n=-0.1340 off_e=-0.0078 nose_z=+0.0762
2026-09-01 16:00:47,049 [INFO] core.mission.gorev3_pickup: [KANCA_IZ] t=34.57 alt=0.410 off_n=-0.1359 off_e=-0.0096 nose_z=+0.0765
2026-09-01 16:00:47,166 [INFO] core.mission.gorev3_pickup: [KANCA_IZ] t=34.69 alt=0.406 off_n=-0.1343 off_e=-0.0112 nose_z=+0.0770
2026-09-01 16:00:47,282 [INFO] core.mission.gorev3_pickup: [KANCA_IZ] t=34.81 alt=0.402 off_n=-0.1297 off_e=-0.0126 nose_z=+0.0776
2026-09-01 16:00:47,396 [INFO] core.mission.gorev3_pickup: [KANCA_IZ] t=34.92 alt=0.399 off_n=-0.1226 off_e=-0.0137 nose_z=+0.0782
2026-09-01 16:00:47,512 [INFO] core.mission.gorev3_pickup: [KANCA_IZ] t=35.04 alt=0.396 off_n=-0.1139 off_e=-0.0146 nose_z=+0.0789
2026-09-01 16:00:47,512 [INFO] gz_system.gz_payload_actuator: [HOOK] APPROACHING  lat=  25.8mm ins=   -2.9mm tilt= 28.4deg v=0.071m/s age=0.03s  [lateral(25.8mm>10.2mm), tilt(28.4deg>15.0deg), rel_speed(0.071>0.05m/s)]
2026-09-01 16:00:47,624 [INFO] core.mission.gorev3_pickup: [KANCA_IZ] t=35.15 alt=0.390 off_n=-0.1037 off_e=-0.0153 nose_z=+0.0790
2026-09-01 16:00:47,737 [INFO] core.mission.gorev3_pickup: [KANCA_IZ] t=35.26 alt=0.387 off_n=-0.0927 off_e=-0.0162 nose_z=+0.0796
2026-09-01 16:00:47,852 [INFO] core.mission.gorev3_pickup: [KANCA_IZ] t=35.38 alt=0.385 off_n=-0.0814 off_e=-0.0172 nose_z=+0.0801
QGC port check failed, reporting UNKNOWN: (pid=78659)
2026-09-01 16:00:47,970 [INFO] core.mission.gorev3_pickup: [KANCA_IZ] t=35.50 alt=0.383 off_n=-0.0700 off_e=-0.0185 nose_z=+0.0805
2026-09-01 16:00:48,087 [INFO] core.mission.gorev3_pickup: [KANCA_IZ] t=35.61 alt=0.382 off_n=-0.0592 off_e=-0.0199 nose_z=+0.0808
2026-09-01 16:00:48,204 [INFO] core.mission.gorev3_pickup: [KANCA_IZ] t=35.73 alt=0.380 off_n=-0.0509 off_e=-0.0213 nose_z=+0.0810
2026-09-01 16:00:48,323 [INFO] core.mission.gorev3_pickup: [KANCA_IZ] t=35.85 alt=0.376 off_n=-0.0422 off_e=-0.0230 nose_z=+0.0811
2026-09-01 16:00:48,438 [INFO] core.mission.gorev3_pickup: [KANCA_IZ] t=35.96 alt=0.374 off_n=-0.0337 off_e=-0.0250 nose_z=+0.0813
2026-09-01 16:00:48,552 [INFO] core.mission.gorev3_pickup: [KANCA_IZ] t=36.08 alt=0.372 off_n=-0.0275 off_e=-0.0270 nose_z=+0.0813
2026-09-01 16:00:48,553 [INFO] gz_system.gz_payload_actuator: [HOOK] APPROACHING  lat=  22.4mm ins=   -5.3mm tilt= 69.6deg v=0.018m/s age=0.02s  [lateral(22.4mm>10.2mm), too_high(-5.3mm<-4.0mm), tilt(69.6deg>15.0deg)]
2026-09-01 16:00:48,670 [INFO] core.mission.gorev3_pickup: [KANCA_IZ] t=36.19 alt=0.371 off_n=-0.0226 off_e=-0.0289 nose_z=+0.0814
2026-09-01 16:00:48,784 [INFO] core.mission.gorev3_pickup: [KANCA_IZ] t=36.31 alt=0.370 off_n=-0.0193 off_e=-0.0306 nose_z=+0.0814
2026-09-01 16:00:48,898 [INFO] core.mission.gorev3_pickup: [KANCA_IZ] t=36.42 alt=0.369 off_n=-0.0165 off_e=-0.0325 nose_z=+0.0814
2026-09-01 16:00:49,015 [INFO] core.mission.gorev3_pickup: [KANCA_IZ] t=36.54 alt=0.367 off_n=-0.0147 off_e=-0.0344 nose_z=+0.0814
2026-09-01 16:00:49,132 [INFO] core.mission.gorev3_pickup: [KANCA_IZ] t=36.66 alt=0.365 off_n=-0.0138 off_e=-0.0366 nose_z=+0.0814
2026-09-01 16:00:49,205 [INFO] gz_system.main_gz: Dashboard paint loop: 0.0 FPS (main thread)
2026-09-01 16:00:49,245 [INFO] core.detection.vision_runtime: [VISION] detect() calisiyor -- bu karede 1 tespit: ['KIRMIZI_DIKDORTGEN']
2026-09-01 16:00:49,245 [INFO] core.mission.gorev3_pickup: [KANCA_IZ] t=36.77 alt=0.365 off_n=-0.0139 off_e=-0.0382 nose_z=+0.0814
2026-09-01 16:00:49,366 [INFO] core.mission.gorev3_pickup: [KANCA_IZ] t=36.89 alt=0.365 off_n=-0.0147 off_e=-0.0400 nose_z=+0.0814
2026-09-01 16:00:49,483 [INFO] core.mission.gorev3_pickup: [KANCA_IZ] t=37.01 alt=0.366 off_n=-0.0160 off_e=-0.0417 nose_z=+0.0814
2026-09-01 16:00:49,597 [INFO] core.mission.gorev3_pickup: [KANCA_IZ] t=37.12 alt=0.366 off_n=-0.0177 off_e=-0.0432 nose_z=+0.0814
2026-09-01 16:00:49,597 [INFO] gz_system.gz_payload_actuator: [HOOK] APPROACHING  lat=  22.1mm ins=   -5.4mm tilt= 72.6deg v=0.003m/s age=0.03s  [lateral(22.1mm>10.2mm), too_high(-5.4mm<-4.0mm), tilt(72.6deg>15.0deg)]
2026-09-01 16:00:49,715 [INFO] core.mission.gorev3_pickup: [KANCA_IZ] t=37.24 alt=0.367 off_n=-0.0194 off_e=-0.0443 nose_z=+0.0813
2026-09-01 16:00:49,831 [INFO] core.mission.gorev3_pickup: [KANCA_IZ] t=37.36 alt=0.367 off_n=-0.0212 off_e=-0.0449 nose_z=+0.0813
QGC port check failed, reporting UNKNOWN: (pid=78659)
2026-09-01 16:00:49,949 [INFO] core.mission.gorev3_pickup: [KANCA_IZ] t=37.47 alt=0.368 off_n=-0.0227 off_e=-0.0451 nose_z=+0.0813
2026-09-01 16:00:50,065 [INFO] core.mission.gorev3_pickup: [KANCA_IZ] t=37.59 alt=0.368 off_n=-0.0241 off_e=-0.0447 nose_z=+0.0813
2026-09-01 16:00:50,183 [INFO] core.mission.gorev3_pickup: [KANCA_IZ] t=37.71 alt=0.368 off_n=-0.0252 off_e=-0.0437 nose_z=+0.0813
2026-09-01 16:00:50,298 [INFO] core.mission.gorev3_pickup: [KANCA_IZ] t=37.82 alt=0.367 off_n=-0.0259 off_e=-0.0424 nose_z=+0.0813
2026-09-01 16:00:50,414 [INFO] core.mission.gorev3_pickup: [KANCA_IZ] t=37.94 alt=0.367 off_n=-0.0266 off_e=-0.0410 nose_z=+0.0813
2026-09-01 16:00:50,531 [INFO] core.mission.gorev3_pickup: [KANCA_IZ] t=38.06 alt=0.365 off_n=-0.0275 off_e=-0.0394 nose_z=+0.0813
2026-09-01 16:00:50,648 [INFO] core.mission.gorev3_pickup: [KANCA_IZ] t=38.17 alt=0.364 off_n=-0.0286 off_e=-0.0379 nose_z=+0.0813
2026-09-01 16:00:50,649 [INFO] gz_system.gz_payload_actuator: [HOOK] APPROACHING  lat=  22.3mm ins=   -5.3mm tilt= 70.3deg v=0.004m/s age=0.03s  [lateral(22.3mm>10.2mm), too_high(-5.3mm<-4.0mm), tilt(70.3deg>15.0deg)]
2026-09-01 16:00:50,763 [INFO] core.mission.gorev3_pickup: [KANCA_IZ] t=38.29 alt=0.363 off_n=-0.0304 off_e=-0.0363 nose_z=+0.0813
2026-09-01 16:00:50,881 [INFO] core.mission.gorev3_pickup: [KANCA_IZ] t=38.41 alt=0.362 off_n=-0.0327 off_e=-0.0348 nose_z=+0.0812
2026-09-01 16:00:50,996 [INFO] core.mission.gorev3_pickup: [KANCA_IZ] t=38.52 alt=0.362 off_n=-0.0357 off_e=-0.0333 nose_z=+0.0812
2026-09-01 16:00:51,112 [INFO] core.mission.gorev3_pickup: [KANCA_IZ] t=38.64 alt=0.364 off_n=-0.0390 off_e=-0.0318 nose_z=+0.0811
2026-09-01 16:00:51,231 [INFO] core.mission.gorev3_pickup: [KANCA_IZ] t=38.76 alt=0.364 off_n=-0.0432 off_e=-0.0301 nose_z=+0.0810
2026-09-01 16:00:51,348 [INFO] core.mission.gorev3_pickup: [KANCA_IZ] t=38.87 alt=0.365 off_n=-0.0475 off_e=-0.0284 nose_z=+0.0810
2026-09-01 16:00:51,466 [INFO] core.mission.gorev3_pickup: [KANCA_IZ] t=38.99 alt=0.365 off_n=-0.0520 off_e=-0.0263 nose_z=+0.0809
2026-09-01 16:00:51,581 [INFO] core.mission.gorev3_pickup: [KANCA_IZ] t=39.11 alt=0.365 off_n=-0.0565 off_e=-0.0242 nose_z=+0.0808
2026-09-01 16:00:51,698 [INFO] core.mission.gorev3_pickup: [KANCA_IZ] t=39.22 alt=0.365 off_n=-0.0610 off_e=-0.0217 nose_z=+0.0807
2026-09-01 16:00:51,699 [INFO] gz_system.gz_payload_actuator: [HOOK] APPROACHING  lat=  23.2mm ins=   -4.7mm tilt= 58.7deg v=0.017m/s age=0.03s  [lateral(23.2mm>10.2mm), too_high(-4.7mm<-4.0mm), tilt(58.7deg>15.0deg)]
2026-09-01 16:00:51,814 [INFO] core.mission.gorev3_pickup: [KANCA_IZ] t=39.34 alt=0.365 off_n=-0.0650 off_e=-0.0193 nose_z=+0.0806
2026-09-01 16:00:51,930 [INFO] core.mission.gorev3_pickup: [KANCA_IZ] t=39.46 alt=0.364 off_n=-0.0687 off_e=-0.0166 nose_z=+0.0805
QGC port check failed, reporting UNKNOWN: (pid=78659)
2026-09-01 16:00:52,045 [INFO] core.mission.gorev3_pickup: [KANCA_IZ] t=39.57 alt=0.364 off_n=-0.0714 off_e=-0.0144 nose_z=+0.0805
2026-09-01 16:00:52,168 [INFO] core.mission.gorev3_pickup: [KANCA_IZ] t=39.69 alt=0.363 off_n=-0.0733 off_e=-0.0123 nose_z=+0.0804
2026-09-01 16:00:52,285 [INFO] core.detection.vision_runtime: [VISION] detect() calisiyor -- bu karede 1 tespit: ['KIRMIZI_DIKDORTGEN']
2026-09-01 16:00:52,285 [INFO] core.mission.gorev3_pickup: [KANCA_IZ] t=39.81 alt=0.362 off_n=-0.0742 off_e=-0.0104 nose_z=+0.0803
2026-09-01 16:00:52,402 [INFO] core.mission.gorev3_pickup: [KANCA_IZ] t=39.93 alt=0.362 off_n=-0.0741 off_e=-0.0087 nose_z=+0.0803
2026-09-01 16:00:52,519 [INFO] core.mission.gorev3_pickup: [KANCA_IZ] t=40.04 alt=0.363 off_n=-0.0729 off_e=-0.0075 nose_z=+0.0802
2026-09-01 16:00:52,634 [INFO] core.mission.gorev3_pickup: [KANCA_IZ] t=40.16 alt=0.364 off_n=-0.0707 off_e=-0.0068 nose_z=+0.0802
2026-09-01 16:00:52,756 [INFO] core.mission.gorev3_pickup: [KANCA_IZ] t=40.28 alt=0.365 off_n=-0.0678 off_e=-0.0063 nose_z=+0.0802
2026-09-01 16:00:52,757 [INFO] gz_system.gz_payload_actuator: [HOOK] APPROACHING  lat=  23.9mm ins=   -4.2mm tilt= 49.3deg v=0.002m/s age=0.03s  [lateral(23.9mm>10.2mm), too_high(-4.2mm<-4.0mm), tilt(49.3deg>15.0deg)]
2026-09-01 16:00:52,871 [INFO] core.mission.gorev3_pickup: [KANCA_IZ] t=40.40 alt=0.367 off_n=-0.0645 off_e=-0.0063 nose_z=+0.0802
2026-09-01 16:00:52,988 [INFO] core.mission.gorev3_pickup: [KANCA_IZ] t=40.51 alt=0.368 off_n=-0.0611 off_e=-0.0068 nose_z=+0.0801
2026-09-01 16:00:53,108 [INFO] core.mission.gorev3_pickup: [KANCA_IZ] t=40.63 alt=0.369 off_n=-0.0576 off_e=-0.0077 nose_z=+0.0801
2026-09-01 16:00:53,223 [INFO] core.mission.gorev3_pickup: [KANCA_IZ] t=40.75 alt=0.369 off_n=-0.0542 off_e=-0.0091 nose_z=+0.0802
2026-09-01 16:00:53,340 [INFO] core.mission.gorev3_pickup: [KANCA_IZ] t=40.86 alt=0.365 off_n=-0.0512 off_e=-0.0107 nose_z=+0.0802
2026-09-01 16:00:53,456 [INFO] core.mission.gorev3_pickup: [KANCA_IZ] t=40.98 alt=0.363 off_n=-0.0476 off_e=-0.0129 nose_z=+0.0802
2026-09-01 16:00:53,571 [INFO] core.mission.gorev3_pickup: [KANCA_IZ] t=41.10 alt=0.361 off_n=-0.0437 off_e=-0.0153 nose_z=+0.0801
2026-09-01 16:00:53,689 [INFO] core.mission.gorev3_pickup: [KANCA_IZ] t=41.21 alt=0.360 off_n=-0.0398 off_e=-0.0180 nose_z=+0.0801
2026-09-01 16:00:53,804 [INFO] core.mission.gorev3_pickup: [KANCA_IZ] t=41.33 alt=0.359 off_n=-0.0361 off_e=-0.0207 nose_z=+0.0800
2026-09-01 16:00:53,804 [INFO] gz_system.gz_payload_actuator: [HOOK] APPROACHING  lat=  24.0mm ins=   -4.0mm tilt= 47.7deg v=0.009m/s age=0.02s  [lateral(24.0mm>10.2mm), too_high(-4.0mm<-4.0mm), tilt(47.7deg>15.0deg)]
2026-09-01 16:00:53,919 [INFO] core.mission.gorev3_pickup: [KANCA_IZ] t=41.44 alt=0.358 off_n=-0.0327 off_e=-0.0234 nose_z=+0.0796
QGC port check failed, reporting UNKNOWN: (pid=78659)
2026-09-01 16:00:54,035 [INFO] core.mission.gorev3_pickup: [KANCA_IZ] t=41.56 alt=0.359 off_n=-0.0297 off_e=-0.0259 nose_z=+0.0795
2026-09-01 16:00:54,148 [INFO] core.mission.gorev3_pickup: [KANCA_IZ] t=41.67 alt=0.360 off_n=-0.0271 off_e=-0.0282 nose_z=+0.0794
2026-09-01 16:00:54,213 [INFO] gz_system.main_gz: Dashboard paint loop: 0.0 FPS (main thread)
2026-09-01 16:00:54,268 [INFO] core.mission.gorev3_pickup: [KANCA_IZ] t=41.79 alt=0.362 off_n=-0.0252 off_e=-0.0298 nose_z=+0.0794
2026-09-01 16:00:54,381 [INFO] core.mission.gorev3_pickup: [KANCA_IZ] t=41.91 alt=0.364 off_n=-0.0231 off_e=-0.0313 nose_z=+0.0792
2026-09-01 16:00:54,495 [INFO] core.mission.gorev3_pickup: [KANCA_IZ] t=42.02 alt=0.365 off_n=-0.0219 off_e=-0.0318 nose_z=+0.0792
2026-09-01 16:00:54,617 [INFO] core.mission.gorev3_pickup: [KANCA_IZ] t=42.14 alt=0.367 off_n=-0.0210 off_e=-0.0318 nose_z=+0.0790
2026-09-01 16:00:54,729 [INFO] core.mission.gorev3_pickup: [KANCA_IZ] t=42.25 alt=0.368 off_n=-0.0204 off_e=-0.0310 nose_z=+0.0789
2026-09-01 16:00:54,843 [INFO] core.mission.gorev3_pickup: [KANCA_IZ] t=42.37 alt=0.373 off_n=-0.0201 off_e=-0.0297 nose_z=+0.0788
2026-09-01 16:00:54,843 [INFO] gz_system.gz_payload_actuator: [HOOK] APPROACHING  lat=  24.6mm ins=   -2.8mm tilt= 32.4deg v=0.015m/s age=0.02s  [lateral(24.6mm>10.2mm), tilt(32.4deg>15.0deg)]
2026-09-01 16:00:54,957 [INFO] core.mission.gorev3_pickup: [KANCA_IZ] t=42.48 alt=0.375 off_n=-0.0199 off_e=-0.0280 nose_z=+0.0787
2026-09-01 16:00:55,072 [INFO] core.mission.gorev3_pickup: [KANCA_IZ] t=42.60 alt=0.377 off_n=-0.0200 off_e=-0.0259 nose_z=+0.0786
2026-09-01 16:00:55,186 [INFO] core.mission.gorev3_pickup: [KANCA_IZ] t=42.71 alt=0.379 off_n=-0.0201 off_e=-0.0237 nose_z=+0.0785
2026-09-01 16:00:55,302 [INFO] core.detection.vision_runtime: [VISION] detect() calisiyor -- bu karede 1 tespit: ['KIRMIZI_UCGEN']
2026-09-01 16:00:55,303 [INFO] core.mission.gorev3_pickup: [KANCA_IZ] t=42.83 alt=0.380 off_n=-0.0202 off_e=-0.0207 nose_z=+0.0785
2026-09-01 16:00:55,415 [INFO] core.mission.gorev3_pickup: [KANCA_IZ] t=42.94 alt=0.382 off_n=-0.0202 off_e=-0.0172 nose_z=+0.0785
2026-09-01 16:00:55,529 [INFO] core.mission.gorev3_pickup: [KANCA_IZ] t=43.05 alt=0.384 off_n=-0.0205 off_e=-0.0133 nose_z=+0.0783
2026-09-01 16:00:55,645 [INFO] core.mission.gorev3_pickup: [KANCA_IZ] t=43.17 alt=0.385 off_n=-0.0206 off_e=-0.0090 nose_z=+0.0783
2026-09-01 16:00:55,760 [INFO] core.mission.gorev3_pickup: [KANCA_IZ] t=43.28 alt=0.386 off_n=-0.0207 off_e=-0.0040 nose_z=+0.0784
2026-09-01 16:00:55,875 [INFO] core.mission.gorev3_pickup: [KANCA_IZ] t=43.40 alt=0.385 off_n=-0.0207 off_e=+0.0003 nose_z=+0.0785
2026-09-01 16:00:55,876 [INFO] gz_system.gz_payload_actuator: [HOOK] APPROACHING  lat=  24.3mm ins=   -2.5mm tilt= 30.8deg v=0.002m/s age=0.04s  [lateral(24.3mm>10.2mm), tilt(30.8deg>15.0deg)]
QGC port check failed, reporting UNKNOWN: (pid=78659)
2026-09-01 16:00:55,990 [INFO] core.mission.gorev3_pickup: [KANCA_IZ] t=43.52 alt=0.385 off_n=-0.0205 off_e=+0.0059 nose_z=+0.0788
2026-09-01 16:00:56,104 [INFO] core.mission.gorev3_pickup: [KANCA_IZ] t=43.63 alt=0.384 off_n=-0.0204 off_e=+0.0115 nose_z=+0.0792
2026-09-01 16:00:56,218 [INFO] core.mission.gorev3_pickup: [KANCA_IZ] t=43.74 alt=0.383 off_n=-0.0202 off_e=+0.0167 nose_z=+0.0796
2026-09-01 16:00:56,331 [INFO] core.mission.gorev3_pickup: [KANCA_IZ] t=43.86 alt=0.382 off_n=-0.0202 off_e=+0.0213 nose_z=+0.0800
2026-09-01 16:00:56,444 [INFO] core.mission.gorev3_pickup: [KANCA_IZ] t=43.97 alt=0.381 off_n=-0.0204 off_e=+0.0250 nose_z=+0.0804
2026-09-01 16:00:56,558 [INFO] core.mission.gorev3_pickup: [KANCA_IZ] t=44.08 alt=0.382 off_n=-0.0209 off_e=+0.0275 nose_z=+0.0806
2026-09-01 16:00:56,671 [INFO] core.mission.gorev3_pickup: [KANCA_IZ] t=44.20 alt=0.382 off_n=-0.0221 off_e=+0.0295 nose_z=+0.0808
2026-09-01 16:00:56,784 [INFO] core.mission.gorev3_pickup: [KANCA_IZ] t=44.31 alt=0.382 off_n=-0.0235 off_e=+0.0300 nose_z=+0.0809
2026-09-01 16:00:56,898 [INFO] core.mission.gorev3_pickup: [KANCA_IZ] t=44.42 alt=0.383 off_n=-0.0252 off_e=+0.0296 nose_z=+0.0806
2026-09-01 16:00:56,898 [INFO] gz_system.gz_payload_actuator: [HOOK] APPROACHING  lat=  24.0mm ins=   -4.7mm tilt= 32.3deg v=0.002m/s age=0.03s  [lateral(24.0mm>10.2mm), too_high(-4.7mm<-4.0mm), tilt(32.3deg>15.0deg)]
2026-09-01 16:00:57,010 [INFO] core.mission.gorev3_pickup: [KANCA_IZ] t=44.53 alt=0.382 off_n=-0.0276 off_e=+0.0283 nose_z=+0.0806
2026-09-01 16:00:57,123 [INFO] core.mission.gorev3_pickup: [KANCA_IZ] t=44.65 alt=0.382 off_n=-0.0303 off_e=+0.0263 nose_z=+0.0804
2026-09-01 16:00:57,238 [INFO] core.mission.gorev3_pickup: [KANCA_IZ] t=44.76 alt=0.382 off_n=-0.0332 off_e=+0.0240 nose_z=+0.0801
2026-09-01 16:00:57,353 [INFO] core.mission.gorev3_pickup: [KANCA_IZ] t=44.88 alt=0.382 off_n=-0.0363 off_e=+0.0215 nose_z=+0.0797
2026-09-01 16:00:57,468 [INFO] core.mission.gorev3_pickup: [KANCA_IZ] t=44.99 alt=0.382 off_n=-0.0396 off_e=+0.0191 nose_z=+0.0793
2026-09-01 16:00:57,469 [INFO] gz_system.gz_payload_actuator: [KANCA_DENGE] oturma penceresi ortalama kanca_ofset=(-0.0497, -0.0148)  (208 ornek)
2026-09-01 16:00:57,469 [WARNING] gz_system.gz_payload_actuator: [HOOK] OTURMADI (12.0 s). En iyi ESZAMANLI ornek: lat=  26.7mm ins=   -0.0mm tilt=  0.1deg v=0.000m/s age=0.00s (1 kapi ihlali). CAPTURE_CANDIDATE ornegi: 0/208. Kapi retleri: lateral=208, tilt=175, too_high=131, rel_speed=27. Sinirlar: yanal<=10.2 mm, dwell 0.30 s.
2026-09-01 16:00:57,469 [WARNING] gz_system.gz_payload_actuator: [HOOK] oturma dogrulanmadi (12.0s) -- /hook/attach YAYINLANMADI, vinc cekiliyor, tekrar denenecek
2026-09-01 16:00:57,469 [INFO] gz_system.gz_payload_actuator: [HOOK] vinc -> 0.00 m
I0901 16:00:57.469882 14081711 fork_posix.cc:71] Other threads are currently calling into gRPC, skipping fork() handlers
QGC port check failed, reporting UNKNOWN: (pid=78659)
2026-09-01 16:00:58,406 [INFO] core.detection.vision_runtime: [VISION] detect() calisiyor -- bu karede 1 tespit: ['KIRMIZI_UCGEN']
2026-09-01 16:00:59,230 [INFO] gz_system.main_gz: Dashboard paint loop: 0.0 FPS (main thread)
2026-09-01 16:00:59,532 [INFO] core.mission.gorev3_pickup: [YENIDEN_HIZA] deneme 3 oncesi, kanca havada -- duzeltme yeniden kosuluyor
2026-09-01 16:00:59,533 [INFO] core.mission.gorev3_pickup: [SON_DUZELTME] 1/6 yanal 47.5 mm -> (kuzey -0.017, dogu -0.017)  | kanca_ofset=(-0.0625, +0.0323) arac_ned=(108.9832, -3.5422) kanca_mutlak=(108.9208, -3.5099)
QGC port check failed, reporting UNKNOWN: (pid=78659)
2026-09-01 16:01:01,446 [INFO] core.detection.vision_runtime: [VISION] detect() calisiyor -- bu karede 1 tespit: ['KIRMIZI_DIKDORTGEN']
QGC port check failed, reporting UNKNOWN: (pid=78659)
2026-09-01 16:01:02,399 [INFO] core.mission.gorev3_pickup: [SON_DUZELTME] 2/6 yanal 30.9 mm -> (kuzey +0.014, dogu +0.007)  | kanca_ofset=(-0.0903, -0.0014) arac_ned=(108.9497, -3.5558) kanca_mutlak=(108.8594, -3.5572)
QGC port check failed, reporting UNKNOWN: (pid=78659)
2026-09-01 16:01:04,244 [INFO] gz_system.main_gz: Dashboard paint loop: 0.0 FPS (main thread)
2026-09-01 16:01:04,470 [INFO] core.detection.vision_runtime: [VISION] detect() calisiyor -- bu karede 1 tespit: ['KIRMIZI_DIKDORTGEN']
2026-09-01 16:01:04,939 [INFO] core.mission.gorev3_pickup: [SON_DUZELTME] 3/6 yanal 7.7 mm -- hedefin icinde.
2026-09-01 16:01:04,940 [INFO] core.mission.gorev3_pickup: [YENIDEN_HIZA] deneme 3 icin yeni yanal: 7.7 mm
2026-09-01 16:01:04,940 [INFO] gz_system.gz_payload_actuator: [HOOK] alma denemesi 3/3
2026-09-01 16:01:04,940 [INFO] gz_system.gz_payload_actuator: [HOOK] vinc salimi: 0.350 m  (irtifa=0.387 m, guverte=0.070, zincir ofseti=0.060, pay=0.040)
2026-09-01 16:01:04,940 [WARNING] gz_system.gz_payload_actuator: [HOOK] VINC DOYUMU: hesaplanan salim 0.400 m, fiziksel sinir 0.350 m -- 50.0 mm KIRPILDI. Bu irtifada (0.387 m) MARGIN=0.040 ETKISIZ: bu irtifanin uzerinde formulun ciktisi ne olursa olsun salim 0.350 m'de kaliyor. MARGIN'in etkili oldugu ust irtifa siniri 0.320 m. (Fiziksel erisim tavani AYRI bir sayi ve CHAIN_OFFSET'e bagli; o sabit su an tartismali -- SDF geometrisi 0.04236, kayitli kalibrasyon 0.060 diyor -- bu yuzden burada kasten yazilmiyor.)
2026-09-01 16:01:04,940 [INFO] gz_system.gz_payload_actuator: [HOOK] vinc -> 0.35 m
I0901 16:01:04.941292 14081711 fork_posix.cc:71] Other threads are currently calling into gRPC, skipping fork() handlers
QGC port check failed, reporting UNKNOWN: (pid=78659)
2026-09-01 16:01:05,969 [INFO] gz_system.gz_payload_actuator: [HOOK] APPROACHING  lat=  19.3mm ins= -322.1mm tilt=  0.2deg v=  infm/s age=0.00s  [lateral(19.3mm>10.2mm), too_high(-322.1mm<-4.0mm), rel_speed(inf>0.05m/s)]
2026-09-01 16:01:06,988 [INFO] gz_system.gz_payload_actuator: [HOOK] APPROACHING  lat=  19.4mm ins=   +0.1mm tilt=  2.5deg v=0.016m/s age=0.01s  [lateral(19.4mm>10.2mm)]
2026-09-01 16:01:07,521 [INFO] core.detection.vision_runtime: [VISION] detect() calisiyor -- bu karede 1 tespit: ['KIRMIZI_UCGEN']
QGC port check failed, reporting UNKNOWN: (pid=78659)
2026-09-01 16:01:08,038 [INFO] gz_system.gz_payload_actuator: [HOOK] APPROACHING  lat=  19.4mm ins=   -0.1mm tilt= 17.3deg v=0.008m/s age=0.01s  [lateral(19.4mm>10.2mm), tilt(17.3deg>15.0deg)]
2026-09-01 16:01:09,071 [INFO] gz_system.gz_payload_actuator: [HOOK] APPROACHING  lat=  19.4mm ins=   -0.1mm tilt= 27.7deg v=0.008m/s age=0.03s  [lateral(19.4mm>10.2mm), tilt(27.7deg>15.0deg)]
2026-09-01 16:01:09,265 [INFO] gz_system.main_gz: Dashboard paint loop: 0.0 FPS (main thread)
QGC port check failed, reporting UNKNOWN: (pid=78659)
2026-09-01 16:01:10,085 [INFO] gz_system.gz_payload_actuator: [HOOK] APPROACHING  lat=  19.5mm ins=   -0.1mm tilt= 32.2deg v=0.006m/s age=0.01s  [lateral(19.5mm>10.2mm), tilt(32.2deg>15.0deg)]
2026-09-01 16:01:10,630 [INFO] core.detection.vision_runtime: [VISION] detect() calisiyor -- bu karede 1 tespit: ['KIRMIZI_UCGEN']
2026-09-01 16:01:11,108 [INFO] gz_system.gz_payload_actuator: [HOOK] APPROACHING  lat=  19.5mm ins=   -0.1mm tilt= 40.2deg v=0.007m/s age=0.03s  [lateral(19.5mm>10.2mm), tilt(40.2deg>15.0deg)]
QGC port check failed, reporting UNKNOWN: (pid=78659)
2026-09-01 16:01:12,166 [INFO] gz_system.gz_payload_actuator: [HOOK] APPROACHING  lat=  19.4mm ins=   -0.1mm tilt= 43.5deg v=0.007m/s age=0.03s  [lateral(19.4mm>10.2mm), tilt(43.5deg>15.0deg)]
2026-09-01 16:01:13,214 [INFO] gz_system.gz_payload_actuator: [HOOK] APPROACHING  lat=  19.3mm ins=   -0.0mm tilt= 50.5deg v=0.003m/s age=0.03s  [lateral(19.3mm>10.2mm), tilt(50.5deg>15.0deg)]
2026-09-01 16:01:13,681 [INFO] core.detection.vision_runtime: [VISION] detect() calisiyor -- bu karede 1 tespit: ['KIRMIZI_DIKDORTGEN']
QGC port check failed, reporting UNKNOWN: (pid=78659)
2026-09-01 16:01:14,261 [INFO] gz_system.gz_payload_actuator: [HOOK] APPROACHING  lat=  16.5mm ins=   +2.9mm tilt= 50.1deg v=0.014m/s age=0.02s  [lateral(16.5mm>10.2mm), tilt(50.1deg>15.0deg)]
2026-09-01 16:01:14,307 [INFO] gz_system.main_gz: Dashboard paint loop: 0.0 FPS (main thread)
2026-09-01 16:01:15,307 [INFO] gz_system.gz_payload_actuator: [HOOK] APPROACHING  lat=  12.4mm ins=   +7.4mm tilt= 54.6deg v=0.005m/s age=0.02s  [lateral(12.4mm>10.2mm), tilt(54.6deg>15.0deg)]
QGC port check failed, reporting UNKNOWN: (pid=78659)
2026-09-01 16:01:16,353 [INFO] gz_system.gz_payload_actuator: [HOOK] APPROACHING  lat=  12.1mm ins=   +7.2mm tilt= 50.2deg v=0.018m/s age=0.03s  [lateral(12.1mm>10.2mm), tilt(50.2deg>15.0deg)]
2026-09-01 16:01:16,700 [INFO] core.detection.vision_runtime: [VISION] detect() calisiyor -- bu karede 1 tespit: ['KIRMIZI_DIKDORTGEN']
2026-09-01 16:01:17,402 [INFO] gz_system.gz_payload_actuator: [HOOK] APPROACHING  lat=  11.3mm ins=   +7.9mm tilt= 37.0deg v=0.022m/s age=0.02s  [lateral(11.3mm>10.2mm), tilt(37.0deg>15.0deg)]
2026-09-01 16:01:17,989 [INFO] gz_system.gz_payload_actuator: [KANCA_DENGE] oturma penceresi ortalama kanca_ofset=(-0.0887, -0.0239)  (205 ornek)
2026-09-01 16:01:17,989 [WARNING] gz_system.gz_payload_actuator: [HOOK] OTURMADI (12.0 s). En iyi ESZAMANLI ornek: lat=  19.4mm ins=   -0.1mm tilt= 14.9deg v=0.010m/s age=0.01s (1 kapi ihlali). CAPTURE_CANDIDATE ornegi: 0/205. Kapi retleri: lateral=205, tilt=174, rel_speed=15, too_high=14. Sinirlar: yanal<=10.2 mm, dwell 0.30 s.
2026-09-01 16:01:17,989 [WARNING] gz_system.gz_payload_actuator: [HOOK] oturma dogrulanmadi (12.0s) -- /hook/attach YAYINLANMADI, vinc cekiliyor, tekrar denenecek
2026-09-01 16:01:17,989 [INFO] gz_system.gz_payload_actuator: [HOOK] vinc -> 0.00 m
I0901 16:01:17.990229 14081711 fork_posix.cc:71] Other threads are currently calling into gRPC, skipping fork() handlers
QGC port check failed, reporting UNKNOWN: (pid=78659)
2026-09-01 16:01:19,342 [INFO] gz_system.main_gz: Dashboard paint loop: 0.0 FPS (main thread)
2026-09-01 16:01:19,740 [INFO] core.detection.vision_runtime: [VISION] detect() calisiyor -- bu karede 1 tespit: ['KIRMIZI_DIKDORTGEN']
QGC port check failed, reporting UNKNOWN: (pid=78659)
2026-09-01 16:01:20,021 [INFO] gz_system.gz_payload_actuator: [HOOK] son deneme (3/3) -- yeniden hizalama atlandi, arkasindan deneme gelmeyecek
2026-09-01 16:01:20,021 [ERROR] gz_system.gz_payload_actuator: [HOOK] 3 denemede yuk OTURMADI -- hicbir /hook/attach yayinlanmadi.
2026-09-01 16:01:20,021 [INFO] gz_system.gz_payload_actuator: [HOOK] vinc -> 0.00 m
I0901 16:01:20.022328 14081711 fork_posix.cc:71] Other threads are currently calling into gRPC, skipping fork() handlers
2026-09-01 16:01:21,081 [ERROR] core.mission.gorev3_pickup: Yük alma mekanizması yükü alamadı -- Görev 3 Faz 1 başarısız.
2026-09-01 16:01:21,082 [ERROR] core.mission.gorev3_orchestrator: GOREV 3 FAZ 1 (ALMA) BASARISIZ
2026-09-01 16:01:21,082 [WARNING] core.mission.master_fsm: GOREV 2 TAMAMLANDI ANCAK GOREV 3 BASARISIZ - yalnizca Gorev 2 puani gecerli olabilir
2026-09-01 16:01:21,082 [INFO] core.mission.master_fsm: RETURNING_TO_START_FINISH (dist=109.0 m) -- hedef (47.3977460, 8.5461639) @ 15.0m, sebep: gorev3_failed
2026-09-01 16:01:21,082 [INFO] core.navigation.centering_controller: Kayitli GPS konumuna gidiliyor: lat=47.397746, lon=8.5461639, alt=15.0m
QGC port check failed, reporting UNKNOWN: (pid=78659)
2026-09-01 16:01:22,781 [INFO] core.detection.vision_runtime: [VISION] detect() calisiyor -- bu karede 0 tespit: []
QGC port check failed, reporting UNKNOWN: (pid=78659)
2026-09-01 16:01:24,371 [INFO] gz_system.main_gz: Dashboard paint loop: 0.0 FPS (main thread)
2026-09-01 16:01:25,862 [INFO] core.detection.vision_runtime: [VISION] detect() calisiyor -- bu karede 2 tespit: ['KIRMIZI_UCGEN', 'MAVI_DIKDORTGEN']
QGC port check failed, reporting UNKNOWN: (pid=78659)
QGC port check failed, reporting UNKNOWN: (pid=78659)
2026-09-01 16:01:28,950 [INFO] core.detection.vision_runtime: [VISION] detect() calisiyor -- bu karede 0 tespit: []
2026-09-01 16:01:29,385 [INFO] gz_system.main_gz: Dashboard paint loop: 0.0 FPS (main thread)
QGC port check failed, reporting UNKNOWN: (pid=78659)
QGC port check failed, reporting UNKNOWN: (pid=78659)
2026-09-01 16:01:32,047 [INFO] core.detection.vision_runtime: [VISION] detect() calisiyor -- bu karede 0 tespit: []
QGC port check failed, reporting UNKNOWN: (pid=78659)
2026-09-01 16:01:34,404 [INFO] gz_system.main_gz: Dashboard paint loop: 0.0 FPS (main thread)
2026-09-01 16:01:34,808 [INFO] core.mission.master_fsm: Baslangic/bitis noktasina ulasildi -- checkpoint'e uzaklik 0.7 m. Inis baslatiliyor.
2026-09-01 16:01:34,808 [INFO] core.mission.master_fsm: Son iniş gerçekleştiriliyor...
2026-09-01 16:01:34,808 [INFO] mavsdk_common.mavsdk_backend_base: İniş yapılıyor...
2026-09-01 16:01:34,840 [INFO] core.detection.detection_publisher: [DETECTION_PUB] yayin kapatiliyor (gonderilen=3758, atlanan=0).
2026-09-01 16:01:34,840 [INFO] core.detection.vision_runtime: [VISION] pipeline durduruldu.
[CAMERA_CLIENT] Stopping client...
[CAMERA_CLIENT] Shutdown complete.
I0901 16:01:34.867201 14081713 fork_posix.cc:71] Other threads are currently calling into gRPC, skipping fork() handlers
[CAMERA_SERVICE_MANAGER] Stopping (PID: 79905)...
I0901 16:01:34.876412 14081713 fork_posix.cc:71] Other threads are currently calling into gRPC, skipping fork() handlers
I0901 16:01:34.883125 14081713 fork_posix.cc:71] Other threads are currently calling into gRPC, skipping fork() handlers
[CAMERA_SERVICE_MANAGER] Stopped.
