2026-09-01 09:24:51,612 [INFO] gz_system.main_gz: gz-transport env: GZ_PARTITION=kursad40 GZ_IP=127.0.0.1
2026-09-01 09:24:51,614 [INFO] gz_system.gz_camera_source: Gazebo kamera servisi kontrol ediliyor (topic=/world/default/model/x500_mono_cam_down_0/link/camera_link/sensor/camera/image)...
[CAMERA_SERVICE_MANAGER] Starting camera_service.py (topic=/world/default/model/x500_mono_cam_down_0/link/camera_link/sensor/camera/image, zmq=tcp://127.0.0.1:5555)...
[CAMERA_SERVICE_MANAGER] gz-transport env for child: GZ_PARTITION=kursad40 GZ_IP=127.0.0.1
QGC port check failed, reporting UNKNOWN: (pid=27647)
[CAMERA_SERVICE_MANAGER] Started (PID: 31535).
[CAMERA_CLIENT] Connecting to ZMQ publisher at tcp://127.0.0.1:5555...2026-09-01 09:24:52,627 [INFO] gz_system.gz_camera_source: Gazebo kamera istemcisi baslatildi.

[CAMERA_CLIENT] Connected. Waiting for frames...
2026-09-01 09:24:52,630 [INFO] gz_system.gz_pose_monitor: Gazebo poz izleyicisi basladi: /world/default/dynamic_pose/info
2026-09-01 09:24:52,630 [INFO] core.detection.detection_publisher: [DETECTION_PUB] tespit yayini acik: tcp://127.0.0.1:5556
2026-09-01 09:24:52,631 [INFO] core.detection.vision_runtime: [VISION] pipeline basladi (mission omru boyunca calisir).
2026-09-01 09:24:52,631 [INFO] core.mission.master_fsm: MASTER MISSION CONTROLLER BASLATILDI
2026-09-01 09:24:52,631 [WARNING] core.detection.vision_runtime: Frame grab loop hatasi (art arda 1. hata, mission etkilenmez): Gazebo kameradan kare okunamadi. Henuz kare alinmadi veya baglanti koptu.
2026-09-01 09:24:52,631 [WARNING] core.detection.vision_runtime: [VISION] detect() basarisiz (art arda 1. hata, mission etkilenmez): Gazebo kameradan kare okunamadi. Henuz kare alinmadi veya baglanti koptu.
2026-09-01 09:24:52,631 [INFO] core.mission.gorev2_orchestrator: GOREV 2 BASLIYOR
2026-09-01 09:24:52,631 [INFO] mavsdk_common.mavsdk_backend_base: Drone'a bağlanılıyor: udp://:14540
Connection using udp:// is deprecated, please use udpin:// or udpout:// (cli_arg.cpp:28)
2026-09-01 09:24:53,479 [INFO] mavsdk_common.mavsdk_backend_base: Drone bağlantısı bekleniyor...
2026-09-01 09:24:53,479 [INFO] mavsdk_common.mavsdk_backend_base: Drone bağlandı!
2026-09-01 09:24:53,495 [INFO] mavsdk_common.mavsdk_backend_base: [TELEMETRY] position rate 10.0 Hz istendi.
2026-09-01 09:24:53,518 [INFO] mavsdk_common.mavsdk_backend_base: [TELEMETRY] position_velocity_ned rate 10.0 Hz istendi.
2026-09-01 09:24:53,535 [INFO] mavsdk_common.mavsdk_backend_base: [TELEMETRY] attitude_euler rate 10.0 Hz istendi.
QGC port check failed, reporting UNKNOWN: (pid=27647)
2026-09-01 09:24:54,292 [INFO] mavsdk_common.mavsdk_backend_base: Drone arm ediliyor...
2026-09-01 09:24:54,323 [INFO] mavsdk_common.mavsdk_backend_base: Kalkış yapılıyor (Hedef: 15.0m)...
QGC port check failed, reporting UNKNOWN: (pid=27647)
2026-09-01 09:24:55,692 [INFO] core.detection.vision_runtime: [VISION] detect() calisiyor -- bu karede 0 tespit: []
2026-09-01 09:24:56,630 [INFO] gz_system.main_gz: Dashboard paint loop: 0.0 FPS (main thread)
QGC port check failed, reporting UNKNOWN: (pid=27647)
2026-09-01 09:24:58,721 [INFO] core.detection.vision_runtime: [VISION] detect() calisiyor -- bu karede 0 tespit: []
QGC port check failed, reporting UNKNOWN: (pid=27647)
QGC port check failed, reporting UNKNOWN: (pid=27647)
2026-09-01 09:25:01,646 [INFO] gz_system.main_gz: Dashboard paint loop: 0.0 FPS (main thread)
2026-09-01 09:25:01,746 [INFO] core.detection.vision_runtime: [VISION] detect() calisiyor -- bu karede 0 tespit: []
QGC port check failed, reporting UNKNOWN: (pid=27647)
2026-09-01 09:25:04,773 [INFO] core.detection.vision_runtime: [VISION] detect() calisiyor -- bu karede 0 tespit: []
QGC port check failed, reporting UNKNOWN: (pid=27647)
2026-09-01 09:25:06,670 [INFO] gz_system.main_gz: Dashboard paint loop: 0.0 FPS (main thread)
QGC port check failed, reporting UNKNOWN: (pid=27647)
2026-09-01 09:25:07,798 [INFO] core.detection.vision_runtime: [VISION] detect() calisiyor -- bu karede 0 tespit: []
QGC port check failed, reporting UNKNOWN: (pid=27647)
2026-09-01 09:25:10,821 [INFO] core.detection.vision_runtime: [VISION] detect() calisiyor -- bu karede 0 tespit: []
2026-09-01 09:25:10,878 [INFO] core.mission.gorev2_orchestrator: Start Checkpoint kaydedildi: (47.3977459, 8.5461637, 14.211000442504883)
2026-09-01 09:25:10,911 [INFO] core.mission.gorev2_orchestrator: [ROUTE_REJOIN] rota ekseni tespit edildi: sabit=lon (lat_span=0.001258, lon_span=0.000000).
2026-09-01 09:25:10,938 [INFO] core.mission.gorev2_orchestrator: [MISSION_START] Rota dogrulandi (3 item): 0:NAV_TAKEOFF, 1:NAV_WAYPOINT, 2:NAV_WAYPOINT
2026-09-01 09:25:10,938 [INFO] core.mission.gorev2_orchestrator: [MISSION_START] Baslangic indeksi: 1
2026-09-01 09:25:10,938 [INFO] core.mission.gorev2_orchestrator: [MISSION_START] 3.0s stabilizasyon bekleniyor...
QGC port check failed, reporting UNKNOWN: (pid=27647)
2026-09-01 09:25:11,706 [INFO] gz_system.main_gz: Dashboard paint loop: 0.0 FPS (main thread)
QGC port check failed, reporting UNKNOWN: (pid=27647)
2026-09-01 09:25:13,851 [INFO] core.detection.vision_runtime: [VISION] detect() calisiyor -- bu karede 0 tespit: []
2026-09-01 09:25:14,408 [INFO] core.mission.gorev2_orchestrator: [MISSION_START] PX4 mevcut gorev ogesi 1 olarak ayarlandi (seq0 NAV_TAKEOFF atlandi -- kalkis zaten yapildi).
2026-09-01 09:25:14,408 [INFO] core.mission.gorev2_orchestrator: [MISSION_START] Yuklu gorev baslatiliyor...
Received ack for not-existing command: 176! Ignoring... (mavlink_command_sender.cpp:304)
2026-09-01 09:25:15,423 [INFO] core.mission.gorev2_orchestrator: [MISSION_START] PX4 MISSION moduna gecti -- arama fazi basliyor.
QGC port check failed, reporting UNKNOWN: (pid=27647)
2026-09-01 09:25:16,715 [INFO] gz_system.main_gz: Dashboard paint loop: 0.0 FPS (main thread)
2026-09-01 09:25:16,878 [INFO] core.detection.vision_runtime: [VISION] detect() calisiyor -- bu karede 0 tespit: []
QGC port check failed, reporting UNKNOWN: (pid=27647)
QGC port check failed, reporting UNKNOWN: (pid=27647)
2026-09-01 09:25:19,904 [INFO] core.detection.vision_runtime: [VISION] detect() calisiyor -- bu karede 0 tespit: []
QGC port check failed, reporting UNKNOWN: (pid=27647)
2026-09-01 09:25:21,739 [INFO] gz_system.main_gz: Dashboard paint loop: 0.0 FPS (main thread)
2026-09-01 09:25:22,517 [INFO] core.navigation.centering_controller: Mission modu durduruluyor, Offboard'a geciliyor...
2026-09-01 09:25:22,517 [INFO] mavsdk_common.mavsdk_backend_base: Mission'dan Offboard'a geçiş yapılıyor...
Received ack for not-existing command: 176! Ignoring... (mavlink_command_sender.cpp:304)
2026-09-01 09:25:22,535 [INFO] mavsdk_common.mavsdk_backend_base: Offboard başlatılıyor...
Received ack for not-existing command: 176! Ignoring... (mavlink_command_sender.cpp:304)
2026-09-01 09:25:22,953 [INFO] core.detection.vision_runtime: [VISION] detect() calisiyor -- bu karede 0 tespit: []
2026-09-01 09:25:23,344 [INFO] core.mission.gorev2_orchestrator: KIRMIZI_UCGEN kucuk bir hedef -- merkezleme icin 8.0 m'ye alcaliniyor.
2026-09-01 09:25:23,344 [INFO] core.navigation.centering_controller: KIRMIZI_UCGEN hedefine merkezleniyor (irtifa hedefi: 8.0m, irtifa bandi +/-0.30m)...
2026-09-01 09:25:23,346 [INFO] core.detection.camera_intrinsics: [CAMERA] intrinsics: hfov=1.7400 rad (99.7 deg) 1280x960 -> f=539.9 px (kaynak: ../../../Tools/simulation/gz/models/mono_cam/model.sdf)
2026-09-01 09:25:23,347 [INFO] core.navigation.centering_controller: [CENTERING] KIRMIZI_UCGEN 1/200 dx=-407px dy=+86px d=11.7m ex=-0.6359 ey=+0.1792 (tol +/-0.010) alt_err=+7.12m -> fwd=-0.15 right=-0.15 down=+0.15 m/s
QGC port check failed, reporting UNKNOWN: (pid=27647)
2026-09-01 09:25:23,852 [INFO] core.navigation.centering_controller: [CENTERING] KIRMIZI_UCGEN 6/200 dx=-470px dy=-49px d=13.1m ex=-0.7344 ey=-0.1021 (tol +/-0.010) alt_err=+6.97m -> fwd=+0.15 right=-0.90 down=+0.90 m/s
2026-09-01 09:25:24,381 [INFO] core.navigation.centering_controller: [CENTERING] KIRMIZI_UCGEN 11/200 dx=-579px dy=-156px d=15.9m ex=-0.9047 ey=-0.3250 (tol +/-0.010) alt_err=+6.34m -> fwd=+0.49 right=-1.36 down=+1.65 m/s
2026-09-01 09:25:24,929 [INFO] core.navigation.centering_controller: [CENTERING] KIRMIZI_UCGEN 16/200 dx=-518px dy=-168px d=13.6m ex=-0.8094 ey=-0.3500 (tol +/-0.010) alt_err=+5.53m -> fwd=+0.52 right=-1.21 down=+2.40 m/s
2026-09-01 09:25:25,477 [INFO] core.navigation.centering_controller: [CENTERING] KIRMIZI_UCGEN 21/200 dx=-451px dy=-139px d=11.2m ex=-0.7047 ey=-0.2896 (tol +/-0.010) alt_err=+4.76m -> fwd=+0.43 right=-1.06 down=+2.38 m/s
QGC port check failed, reporting UNKNOWN: (pid=27647)
2026-09-01 09:25:26,027 [INFO] core.detection.vision_runtime: [VISION] detect() calisiyor -- bu karede 1 tespit: ['KIRMIZI_UCGEN']
2026-09-01 09:25:26,028 [INFO] core.navigation.centering_controller: [CENTERING] KIRMIZI_UCGEN 26/200 dx=-456px dy=-133px d=10.4m ex=-0.7125 ey=-0.2771 (tol +/-0.010) alt_err=+3.84m -> fwd=+0.42 right=-1.07 down=+1.92 m/s
2026-09-01 09:25:26,578 [INFO] core.navigation.centering_controller: [CENTERING] KIRMIZI_UCGEN 31/200 dx=-474px dy=-136px d=10.1m ex=-0.7406 ey=-0.2833 (tol +/-0.010) alt_err=+3.08m -> fwd=+0.42 right=-1.11 down=+1.54 m/s
2026-09-01 09:25:26,750 [INFO] gz_system.main_gz: Dashboard paint loop: 0.0 FPS (main thread)
2026-09-01 09:25:27,127 [INFO] core.navigation.centering_controller: [CENTERING] KIRMIZI_UCGEN 36/200 dx=-478px dy=-138px d=9.4m ex=-0.7469 ey=-0.2875 (tol +/-0.010) alt_err=+2.20m -> fwd=+0.43 right=-1.12 down=+1.10 m/s
QGC port check failed, reporting UNKNOWN: (pid=27647)
2026-09-01 09:25:27,677 [INFO] core.navigation.centering_controller: [CENTERING] KIRMIZI_UCGEN 41/200 dx=-469px dy=-134px d=8.7m ex=-0.7328 ey=-0.2792 (tol +/-0.010) alt_err=+1.66m -> fwd=+0.42 right=-1.10 down=+0.83 m/s
2026-09-01 09:25:28,227 [INFO] core.navigation.centering_controller: [CENTERING] KIRMIZI_UCGEN 46/200 dx=-448px dy=-130px d=7.9m ex=-0.7000 ey=-0.2708 (tol +/-0.010) alt_err=+1.19m -> fwd=+0.41 right=-1.05 down=+0.59 m/s
2026-09-01 09:25:28,775 [INFO] core.navigation.centering_controller: [CENTERING] KIRMIZI_UCGEN 51/200 dx=-421px dy=-121px d=7.2m ex=-0.6578 ey=-0.2521 (tol +/-0.010) alt_err=+0.90m -> fwd=+0.38 right=-0.99 down=+0.45 m/s
2026-09-01 09:25:29,106 [INFO] core.detection.vision_runtime: [VISION] detect() calisiyor -- bu karede 1 tespit: ['KIRMIZI_UCGEN']
2026-09-01 09:25:29,329 [INFO] core.navigation.centering_controller: [CENTERING] KIRMIZI_UCGEN 56/200 dx=-388px dy=-113px d=6.5m ex=-0.6062 ey=-0.2354 (tol +/-0.010) alt_err=+0.66m -> fwd=+0.35 right=-0.91 down=+0.33 m/s
QGC port check failed, reporting UNKNOWN: (pid=27647)
2026-09-01 09:25:29,879 [INFO] core.navigation.centering_controller: [CENTERING] KIRMIZI_UCGEN 61/200 dx=-363px dy=-107px d=6.0m ex=-0.5672 ey=-0.2229 (tol +/-0.010) alt_err=+0.51m -> fwd=+0.33 right=-0.85 down=+0.26 m/s
2026-09-01 09:25:30,429 [INFO] core.navigation.centering_controller: [CENTERING] KIRMIZI_UCGEN 66/200 dx=-334px dy=-102px d=5.4m ex=-0.5219 ey=-0.2125 (tol +/-0.010) alt_err=+0.37m -> fwd=+0.32 right=-0.78 down=+0.18 m/s
2026-09-01 09:25:30,979 [INFO] core.navigation.centering_controller: [CENTERING] KIRMIZI_UCGEN 71/200 dx=-303px dy=-94px d=4.9m ex=-0.4734 ey=-0.1958 (tol +/-0.010) alt_err=+0.28m -> fwd=+0.29 right=-0.71 down=+0.14 m/s
2026-09-01 09:25:31,530 [INFO] core.navigation.centering_controller: [CENTERING] KIRMIZI_UCGEN 76/200 dx=-278px dy=-85px d=4.4m ex=-0.4344 ey=-0.1771 (tol +/-0.010) alt_err=+0.20m -> fwd=+0.27 right=-0.65 down=+0.10 m/s
QGC port check failed, reporting UNKNOWN: (pid=27647)
2026-09-01 09:25:31,758 [INFO] gz_system.main_gz: Dashboard paint loop: 0.0 FPS (main thread)
2026-09-01 09:25:32,082 [INFO] core.navigation.centering_controller: [CENTERING] KIRMIZI_UCGEN 81/200 dx=-253px dy=-79px d=4.0m ex=-0.3953 ey=-0.1646 (tol +/-0.010) alt_err=+0.14m -> fwd=+0.25 right=-0.59 down=+0.07 m/s
2026-09-01 09:25:32,190 [INFO] core.detection.vision_runtime: [VISION] detect() calisiyor -- bu karede 1 tespit: ['KIRMIZI_UCGEN']
2026-09-01 09:25:32,631 [INFO] core.navigation.centering_controller: [CENTERING] KIRMIZI_UCGEN 86/200 dx=-228px dy=-73px d=3.6m ex=-0.3563 ey=-0.1521 (tol +/-0.010) alt_err=+0.12m -> fwd=+0.23 right=-0.53 down=+0.06 m/s
2026-09-01 09:25:33,182 [INFO] core.navigation.centering_controller: [CENTERING] KIRMIZI_UCGEN 91/200 dx=-207px dy=-69px d=3.3m ex=-0.3234 ey=-0.1437 (tol +/-0.010) alt_err=+0.09m -> fwd=+0.22 right=-0.49 down=+0.05 m/s
QGC port check failed, reporting UNKNOWN: (pid=27647)
2026-09-01 09:25:33,730 [INFO] core.navigation.centering_controller: [CENTERING] KIRMIZI_UCGEN 96/200 dx=-189px dy=-63px d=3.0m ex=-0.2953 ey=-0.1313 (tol +/-0.010) alt_err=+0.07m -> fwd=+0.20 right=-0.44 down=+0.04 m/s
2026-09-01 09:25:34,279 [INFO] core.navigation.centering_controller: [CENTERING] KIRMIZI_UCGEN 101/200 dx=-172px dy=-59px d=2.7m ex=-0.2687 ey=-0.1229 (tol +/-0.010) alt_err=+0.05m -> fwd=+0.18 right=-0.40 down=+0.03 m/s
2026-09-01 09:25:34,832 [INFO] core.navigation.centering_controller: [CENTERING] KIRMIZI_UCGEN 106/200 dx=-154px dy=-53px d=2.4m ex=-0.2406 ey=-0.1104 (tol +/-0.010) alt_err=+0.03m -> fwd=+0.17 right=-0.36 down=+0.02 m/s
2026-09-01 09:25:35,272 [INFO] core.detection.vision_runtime: [VISION] detect() calisiyor -- bu karede 1 tespit: ['KIRMIZI_UCGEN']
2026-09-01 09:25:35,383 [INFO] core.navigation.centering_controller: [CENTERING] KIRMIZI_UCGEN 111/200 dx=-140px dy=-47px d=2.2m ex=-0.2188 ey=-0.0979 (tol +/-0.010) alt_err=+0.01m -> fwd=+0.15 right=-0.33 down=+0.01 m/s
QGC port check failed, reporting UNKNOWN: (pid=27647)
2026-09-01 09:25:35,933 [INFO] core.navigation.centering_controller: [CENTERING] KIRMIZI_UCGEN 116/200 dx=-128px dy=-44px d=2.0m ex=-0.2000 ey=-0.0917 (tol +/-0.010) alt_err=-0.00m -> fwd=+0.15 right=-0.30 down=-0.00 m/s
2026-09-01 09:25:36,485 [INFO] core.navigation.centering_controller: [CENTERING] KIRMIZI_UCGEN 121/200 dx=-118px dy=-40px d=1.8m ex=-0.1844 ey=-0.0833 (tol +/-0.010) alt_err=-0.00m -> fwd=+0.15 right=-0.28 down=-0.00 m/s
2026-09-01 09:25:36,773 [INFO] gz_system.main_gz: Dashboard paint loop: 0.0 FPS (main thread)
2026-09-01 09:25:37,033 [INFO] core.navigation.centering_controller: [CENTERING] KIRMIZI_UCGEN 126/200 dx=-108px dy=-36px d=1.7m ex=-0.1688 ey=-0.0750 (tol +/-0.010) alt_err=-0.00m -> fwd=+0.15 right=-0.25 down=-0.00 m/s
2026-09-01 09:25:37,582 [INFO] core.navigation.centering_controller: [CENTERING] KIRMIZI_UCGEN 131/200 dx=-99px dy=-32px d=1.5m ex=-0.1547 ey=-0.0667 (tol +/-0.010) alt_err=-0.01m -> fwd=+0.15 right=-0.23 down=-0.00 m/s
QGC port check failed, reporting UNKNOWN: (pid=27647)
2026-09-01 09:25:38,134 [INFO] core.navigation.centering_controller: [CENTERING] KIRMIZI_UCGEN 136/200 dx=-93px dy=-26px d=1.4m ex=-0.1453 ey=-0.0542 (tol +/-0.010) alt_err=-0.01m -> fwd=+0.15 right=-0.22 down=-0.00 m/s
2026-09-01 09:25:38,351 [INFO] core.detection.vision_runtime: [VISION] detect() calisiyor -- bu karede 1 tespit: ['KIRMIZI_UCGEN']
2026-09-01 09:25:38,683 [INFO] core.navigation.centering_controller: [CENTERING] KIRMIZI_UCGEN 141/200 dx=-83px dy=-21px d=1.3m ex=-0.1297 ey=-0.0437 (tol +/-0.010) alt_err=-0.01m -> fwd=+0.15 right=-0.19 down=-0.01 m/s
2026-09-01 09:25:39,236 [INFO] core.navigation.centering_controller: [CENTERING] KIRMIZI_UCGEN 146/200 dx=-76px dy=-17px d=1.2m ex=-0.1187 ey=-0.0354 (tol +/-0.010) alt_err=-0.01m -> fwd=+0.15 right=-0.18 down=-0.01 m/s
QGC port check failed, reporting UNKNOWN: (pid=27647)
2026-09-01 09:25:39,785 [INFO] core.navigation.centering_controller: [CENTERING] KIRMIZI_UCGEN 151/200 dx=-69px dy=-11px d=1.0m ex=-0.1078 ey=-0.0229 (tol +/-0.010) alt_err=-0.02m -> fwd=+0.15 right=-0.16 down=-0.01 m/s
2026-09-01 09:25:40,335 [INFO] core.navigation.centering_controller: [CENTERING] KIRMIZI_UCGEN 156/200 dx=-64px dy=-7px d=1.0m ex=-0.1000 ey=-0.0146 (tol +/-0.010) alt_err=-0.02m -> fwd=+0.15 right=-0.15 down=-0.01 m/s
2026-09-01 09:25:40,884 [INFO] core.navigation.centering_controller: [CENTERING] KIRMIZI_UCGEN 161/200 dx=-59px dy=+10px d=0.9m ex=-0.0922 ey=+0.0208 (tol +/-0.010) alt_err=-0.02m -> fwd=-0.15 right=-0.15 down=-0.01 m/s
2026-09-01 09:25:41,431 [INFO] core.detection.vision_runtime: [VISION] detect() calisiyor -- bu karede 1 tespit: ['KIRMIZI_UCGEN']
2026-09-01 09:25:41,432 [INFO] core.navigation.centering_controller: [CENTERING] KIRMIZI_UCGEN 166/200 dx=-54px dy=+18px d=0.8m ex=-0.0844 ey=+0.0375 (tol +/-0.010) alt_err=-0.01m -> fwd=-0.15 right=-0.15 down=-0.01 m/s
QGC port check failed, reporting UNKNOWN: (pid=27647)
2026-09-01 09:25:41,791 [INFO] gz_system.main_gz: Dashboard paint loop: 0.0 FPS (main thread)
2026-09-01 09:25:41,982 [INFO] core.navigation.centering_controller: [CENTERING] KIRMIZI_UCGEN 171/200 dx=-49px dy=+4px d=0.7m ex=-0.0766 ey=+0.0083 (tol +/-0.010) alt_err=-0.02m -> fwd=+0.00 right=-0.15 down=-0.01 m/s
2026-09-01 09:25:42,534 [INFO] core.navigation.centering_controller: [CENTERING] KIRMIZI_UCGEN 176/200 dx=-46px dy=-24px d=0.8m ex=-0.0719 ey=-0.0500 (tol +/-0.010) alt_err=-0.03m -> fwd=+0.15 right=-0.15 down=-0.01 m/s
2026-09-01 09:25:43,088 [INFO] core.navigation.centering_controller: [CENTERING] KIRMIZI_UCGEN 181/200 dx=-39px dy=-13px d=0.6m ex=-0.0609 ey=-0.0271 (tol +/-0.010) alt_err=-0.02m -> fwd=+0.15 right=-0.15 down=-0.01 m/s
2026-09-01 09:25:43,635 [INFO] core.navigation.centering_controller: [CENTERING] KIRMIZI_UCGEN 186/200 dx=-33px dy=-2px d=0.5m ex=-0.0516 ey=-0.0042 (tol +/-0.010) alt_err=-0.02m -> fwd=+0.00 right=-0.15 down=-0.01 m/s
QGC port check failed, reporting UNKNOWN: (pid=27647)
2026-09-01 09:25:44,184 [INFO] core.navigation.centering_controller: [CENTERING] KIRMIZI_UCGEN 191/200 dx=-28px dy=+21px d=0.5m ex=-0.0437 ey=+0.0437 (tol +/-0.010) alt_err=-0.01m -> fwd=-0.15 right=-0.15 down=-0.00 m/s
2026-09-01 09:25:44,513 [INFO] core.detection.vision_runtime: [VISION] detect() calisiyor -- bu karede 1 tespit: ['KIRMIZI_UCGEN']
2026-09-01 09:25:44,734 [INFO] core.navigation.centering_controller: [CENTERING] KIRMIZI_UCGEN 196/200 dx=-20px dy=+7px d=0.3m ex=-0.0312 ey=+0.0146 (tol +/-0.010) alt_err=-0.00m -> fwd=-0.15 right=-0.15 down=-0.00 m/s
2026-09-01 09:25:45,284 [ERROR] core.navigation.centering_controller: Merkezleme zaman asimina ugradi! (200 deneme / 20.0s butcesi doldu)
2026-09-01 09:25:45,284 [WARNING] core.mission.gorev2_orchestrator: [RETRY_IN_PLACE] KIRMIZI_UCGEN 1/3 merkezlenemedi -- 5s yerinde beklenip tekrar denenecek (hedef goruniyor, d=0.73m).
QGC port check failed, reporting UNKNOWN: (pid=27647)
2026-09-01 09:25:46,811 [INFO] gz_system.main_gz: Dashboard paint loop: 0.0 FPS (main thread)
2026-09-01 09:25:47,592 [INFO] core.detection.vision_runtime: [VISION] detect() calisiyor -- bu karede 1 tespit: ['KIRMIZI_UCGEN']
QGC port check failed, reporting UNKNOWN: (pid=27647)
QGC port check failed, reporting UNKNOWN: (pid=27647)
2026-09-01 09:25:50,332 [INFO] core.navigation.centering_controller: KIRMIZI_UCGEN hedefine merkezleniyor (irtifa hedefi: 8.0m, irtifa bandi +/-0.30m)...
2026-09-01 09:25:50,333 [INFO] core.navigation.centering_controller: [CENTERING] KIRMIZI_UCGEN 1/150 dx=-8px dy=-7px d=0.2m ex=-0.0125 ey=-0.0146 (tol +/-0.010) alt_err=-0.10m -> fwd=+0.15 right=-0.15 down=-0.05 m/s
2026-09-01 09:25:50,661 [INFO] core.detection.vision_runtime: [VISION] detect() calisiyor -- bu karede 1 tespit: ['KIRMIZI_UCGEN']
2026-09-01 09:25:50,882 [INFO] core.navigation.centering_controller: [CENTERING] KIRMIZI_UCGEN 6/150 dx=-20px dy=-17px d=0.4m ex=-0.0312 ey=-0.0354 (tol +/-0.010) alt_err=-0.08m -> fwd=+0.15 right=-0.15 down=-0.04 m/s
2026-09-01 09:25:51,431 [INFO] core.navigation.centering_controller: [CENTERING] KIRMIZI_UCGEN 11/150 dx=-9px dy=-6px d=0.2m ex=-0.0141 ey=-0.0125 (tol +/-0.010) alt_err=-0.06m -> fwd=+0.15 right=-0.15 down=-0.03 m/s
QGC port check failed, reporting UNKNOWN: (pid=27647)
2026-09-01 09:25:51,759 [INFO] core.navigation.centering_controller: Merkezleme tamamlandi. (attempt 14/150, dx=-6px dy=+0px ex=-0.0094 ey=+0.0000 alt_err=-0.04m)
2026-09-01 09:25:51,819 [INFO] gz_system.main_gz: Dashboard paint loop: 0.0 FPS (main thread)
QGC port check failed, reporting UNKNOWN: (pid=27647)
2026-09-01 09:25:53,753 [INFO] core.detection.vision_runtime: [VISION] detect() calisiyor -- bu karede 1 tespit: ['KIRMIZI_UCGEN']
2026-09-01 09:25:54,852 [INFO] core.mission.gorev2_orchestrator: [POST_LOCK_DRIFT] KIRMIZI_UCGEN 3s: peak=21.9px final=11.4px (60.81cm / 31.62cm), 28 ornek, 0 kayip
2026-09-01 09:25:54,852 [INFO] core.navigation.centering_controller: 2.0 saniye hover yapiliyor (Konum dogrulama)...
QGC port check failed, reporting UNKNOWN: (pid=27647)
2026-09-01 09:25:56,823 [INFO] gz_system.main_gz: Dashboard paint loop: 0.0 FPS (main thread)
2026-09-01 09:25:56,838 [INFO] core.detection.vision_runtime: [VISION] detect() calisiyor -- bu karede 1 tespit: ['KIRMIZI_UCGEN']
2026-09-01 09:25:56,948 [INFO] core.position_log.position_store: Konum basariyla kaydedildi: KIRMIZI_UCGEN (ilk)
2026-09-01 09:25:56,949 [INFO] core.mission.gorev2_orchestrator: Kirmizi Ucgen ortalandi ama payload 1 henuz birakilmadi -- interlock geregi yerinde birakma atlaniyor; toplu birakmada dogru sirada yapilacak.
2026-09-01 09:25:56,949 [INFO] core.mission.gorev2_orchestrator: [ROUTE_REJOIN] rota hattina donuluyor (sabit eksen=lon): hedef lat=47.3981136 lon=8.5461640 (mevcut lat=47.3981136 lon=8.5460067).
2026-09-01 09:25:56,949 [INFO] core.navigation.centering_controller: Kayitli GPS konumuna gidiliyor: lat=47.398113599999995, lon=8.546164, alt=15.0m
QGC port check failed, reporting UNKNOWN: (pid=27647)
QGC port check failed, reporting UNKNOWN: (pid=27647)
2026-09-01 09:25:59,903 [INFO] core.detection.vision_runtime: [VISION] detect() calisiyor -- bu karede 0 tespit: []
QGC port check failed, reporting UNKNOWN: (pid=27647)
2026-09-01 09:26:01,840 [INFO] gz_system.main_gz: Dashboard paint loop: 0.0 FPS (main thread)
2026-09-01 09:26:01,870 [INFO] mavsdk_common.mavsdk_backend_base: Offboard durduruluyor...
Received ack for not-existing command: 176! Ignoring... (mavlink_command_sender.cpp:304)
2026-09-01 09:26:02,755 [INFO] core.mission.gorev2_orchestrator: [MISSION_RESUME] rota 2. ogeden devam ettiriliyor.
Received ack for not-existing command: 176! Ignoring... (mavlink_command_sender.cpp:304)
2026-09-01 09:26:02,972 [INFO] core.detection.vision_runtime: [VISION] detect() calisiyor -- bu karede 1 tespit: ['KIRMIZI_UCGEN']
QGC port check failed, reporting UNKNOWN: (pid=27647)
QGC port check failed, reporting UNKNOWN: (pid=27647)
2026-09-01 09:26:06,049 [INFO] core.detection.vision_runtime: [VISION] detect() calisiyor -- bu karede 1 tespit: ['KIRMIZI_UCGEN']
2026-09-01 09:26:06,865 [INFO] gz_system.main_gz: Dashboard paint loop: 0.0 FPS (main thread)
QGC port check failed, reporting UNKNOWN: (pid=27647)
2026-09-01 09:26:09,103 [INFO] core.detection.vision_runtime: [VISION] detect() calisiyor -- bu karede 0 tespit: []
QGC port check failed, reporting UNKNOWN: (pid=27647)
QGC port check failed, reporting UNKNOWN: (pid=27647)
2026-09-01 09:26:11,890 [INFO] gz_system.main_gz: Dashboard paint loop: 0.0 FPS (main thread)
2026-09-01 09:26:12,134 [INFO] core.detection.vision_runtime: [VISION] detect() calisiyor -- bu karede 0 tespit: []
QGC port check failed, reporting UNKNOWN: (pid=27647)
2026-09-01 09:26:15,167 [INFO] core.detection.vision_runtime: [VISION] detect() calisiyor -- bu karede 0 tespit: []
QGC port check failed, reporting UNKNOWN: (pid=27647)
2026-09-01 09:26:16,917 [INFO] gz_system.main_gz: Dashboard paint loop: 0.0 FPS (main thread)
2026-09-01 09:26:17,020 [INFO] core.navigation.centering_controller: Mission modu durduruluyor, Offboard'a geciliyor...
2026-09-01 09:26:17,020 [INFO] mavsdk_common.mavsdk_backend_base: Mission'dan Offboard'a geçiş yapılıyor...
Received ack for not-existing command: 176! Ignoring... (mavlink_command_sender.cpp:304)
2026-09-01 09:26:17,032 [INFO] mavsdk_common.mavsdk_backend_base: Offboard başlatılıyor...
Received ack for not-existing command: 176! Ignoring... (mavlink_command_sender.cpp:304)
2026-09-01 09:26:17,448 [INFO] core.navigation.centering_controller: MAVI_ALTIGEN hedefine merkezleniyor (irtifa hedefi: 15.0m, irtifa bandi +/-0.30m)...
2026-09-01 09:26:17,448 [WARNING] core.navigation.centering_controller: [CENTERING] MAVI_ALTIGEN 1/150 hedef kayboldu (feed canli, hedef bu karede yok)
QGC port check failed, reporting UNKNOWN: (pid=27647)
2026-09-01 09:26:17,954 [INFO] core.navigation.centering_controller: [CENTERING] MAVI_ALTIGEN 6/150 dx=-343px dy=+44px d=9.7m ex=-0.5359 ey=+0.0917 (tol +/-0.010) alt_err=+0.07m -> fwd=-0.15 right=-0.30 down=+0.03 m/s
2026-09-01 09:26:18,244 [INFO] core.detection.vision_runtime: [VISION] detect() calisiyor -- bu karede 3 tespit: ['MAVI_ALTIGEN', 'KIRMIZI_DIKDORTGEN', 'MAVI_DIKDORTGEN']
2026-09-01 09:26:18,467 [INFO] core.navigation.centering_controller: [CENTERING] MAVI_ALTIGEN 11/150 dx=-419px dy=-93px d=11.9m ex=-0.6547 ey=-0.1938 (tol +/-0.010) alt_err=-0.00m -> fwd=+0.29 right=-0.98 down=-0.00 m/s
2026-09-01 09:26:19,022 [INFO] core.navigation.centering_controller: [CENTERING] MAVI_ALTIGEN 16/150 dx=-421px dy=-171px d=12.6m ex=-0.6578 ey=-0.3563 (tol +/-0.010) alt_err=-0.02m -> fwd=+0.53 right=-0.99 down=-0.01 m/s
2026-09-01 09:26:19,578 [INFO] core.navigation.centering_controller: [CENTERING] MAVI_ALTIGEN 21/150 dx=-337px dy=-141px d=10.1m ex=-0.5266 ey=-0.2938 (tol +/-0.010) alt_err=-0.01m -> fwd=+0.44 right=-0.79 down=-0.00 m/s
QGC port check failed, reporting UNKNOWN: (pid=27647)
2026-09-01 09:26:20,134 [INFO] core.navigation.centering_controller: [CENTERING] MAVI_ALTIGEN 26/150 dx=-307px dy=-114px d=9.1m ex=-0.4797 ey=-0.2375 (tol +/-0.010) alt_err=-0.00m -> fwd=+0.36 right=-0.72 down=-0.00 m/s
2026-09-01 09:26:20,694 [INFO] core.navigation.centering_controller: [CENTERING] MAVI_ALTIGEN 31/150 dx=-299px dy=-111px d=8.9m ex=-0.4672 ey=-0.2313 (tol +/-0.010) alt_err=-0.01m -> fwd=+0.35 right=-0.70 down=-0.00 m/s
2026-09-01 09:26:21,251 [INFO] core.detection.vision_runtime: [VISION] detect() calisiyor -- bu karede 3 tespit: ['MAVI_ALTIGEN', 'KIRMIZI_DIKDORTGEN', 'MAVI_DIKDORTGEN']
2026-09-01 09:26:21,252 [INFO] core.navigation.centering_controller: [CENTERING] MAVI_ALTIGEN 36/150 dx=-286px dy=-114px d=8.5m ex=-0.4469 ey=-0.2375 (tol +/-0.010) alt_err=-0.02m -> fwd=+0.36 right=-0.67 down=-0.01 m/s
QGC port check failed, reporting UNKNOWN: (pid=27647)
2026-09-01 09:26:21,807 [INFO] core.navigation.centering_controller: [CENTERING] MAVI_ALTIGEN 41/150 dx=-269px dy=-110px d=8.1m ex=-0.4203 ey=-0.2292 (tol +/-0.010) alt_err=-0.01m -> fwd=+0.34 right=-0.63 down=-0.01 m/s
2026-09-01 09:26:21,927 [INFO] gz_system.main_gz: Dashboard paint loop: 0.0 FPS (main thread)
2026-09-01 09:26:22,362 [INFO] core.navigation.centering_controller: [CENTERING] MAVI_ALTIGEN 46/150 dx=-257px dy=-106px d=7.7m ex=-0.4016 ey=-0.2208 (tol +/-0.010) alt_err=+0.00m -> fwd=+0.33 right=-0.60 down=+0.00 m/s
2026-09-01 09:26:22,918 [INFO] core.navigation.centering_controller: [CENTERING] MAVI_ALTIGEN 51/150 dx=-246px dy=-103px d=7.4m ex=-0.3844 ey=-0.2146 (tol +/-0.010) alt_err=+0.00m -> fwd=+0.32 right=-0.58 down=+0.00 m/s
2026-09-01 09:26:23,473 [INFO] core.navigation.centering_controller: [CENTERING] MAVI_ALTIGEN 56/150 dx=-232px dy=-99px d=7.0m ex=-0.3625 ey=-0.2062 (tol +/-0.010) alt_err=-0.00m -> fwd=+0.31 right=-0.54 down=-0.00 m/s
QGC port check failed, reporting UNKNOWN: (pid=27647)
2026-09-01 09:26:24,027 [INFO] core.navigation.centering_controller: [CENTERING] MAVI_ALTIGEN 61/150 dx=-220px dy=-96px d=6.7m ex=-0.3438 ey=-0.2000 (tol +/-0.010) alt_err=-0.01m -> fwd=+0.30 right=-0.52 down=-0.00 m/s
2026-09-01 09:26:24,361 [INFO] core.detection.vision_runtime: [VISION] detect() calisiyor -- bu karede 3 tespit: ['MAVI_ALTIGEN', 'KIRMIZI_DIKDORTGEN', 'MAVI_DIKDORTGEN']
2026-09-01 09:26:24,584 [INFO] core.navigation.centering_controller: [CENTERING] MAVI_ALTIGEN 66/150 dx=-207px dy=-94px d=6.3m ex=-0.3234 ey=-0.1958 (tol +/-0.010) alt_err=-0.01m -> fwd=+0.29 right=-0.49 down=-0.00 m/s
2026-09-01 09:26:25,142 [INFO] core.navigation.centering_controller: [CENTERING] MAVI_ALTIGEN 71/150 dx=-195px dy=-92px d=6.0m ex=-0.3047 ey=-0.1917 (tol +/-0.010) alt_err=-0.01m -> fwd=+0.29 right=-0.46 down=-0.00 m/s
2026-09-01 09:26:25,700 [INFO] core.navigation.centering_controller: [CENTERING] MAVI_ALTIGEN 76/150 dx=-185px dy=-88px d=5.7m ex=-0.2891 ey=-0.1833 (tol +/-0.010) alt_err=-0.00m -> fwd=+0.27 right=-0.43 down=-0.00 m/s
QGC port check failed, reporting UNKNOWN: (pid=27647)
2026-09-01 09:26:26,255 [INFO] core.navigation.centering_controller: [CENTERING] MAVI_ALTIGEN 81/150 dx=-174px dy=-83px d=5.4m ex=-0.2719 ey=-0.1729 (tol +/-0.010) alt_err=-0.01m -> fwd=+0.26 right=-0.41 down=-0.00 m/s
2026-09-01 09:26:26,812 [INFO] core.navigation.centering_controller: [CENTERING] MAVI_ALTIGEN 86/150 dx=-165px dy=-80px d=5.1m ex=-0.2578 ey=-0.1667 (tol +/-0.010) alt_err=-0.01m -> fwd=+0.25 right=-0.39 down=-0.01 m/s
2026-09-01 09:26:26,951 [INFO] gz_system.main_gz: Dashboard paint loop: 0.0 FPS (main thread)
2026-09-01 09:26:27,366 [INFO] core.detection.vision_runtime: [VISION] detect() calisiyor -- bu karede 3 tespit: ['MAVI_ALTIGEN', 'KIRMIZI_DIKDORTGEN', 'MAVI_DIKDORTGEN']
2026-09-01 09:26:27,367 [INFO] core.navigation.centering_controller: [CENTERING] MAVI_ALTIGEN 91/150 dx=-157px dy=-78px d=4.9m ex=-0.2453 ey=-0.1625 (tol +/-0.010) alt_err=-0.02m -> fwd=+0.24 right=-0.37 down=-0.01 m/s
QGC port check failed, reporting UNKNOWN: (pid=27647)
2026-09-01 09:26:27,920 [INFO] core.navigation.centering_controller: [CENTERING] MAVI_ALTIGEN 96/150 dx=-149px dy=-73px d=4.6m ex=-0.2328 ey=-0.1521 (tol +/-0.010) alt_err=-0.02m -> fwd=+0.23 right=-0.35 down=-0.01 m/s
2026-09-01 09:26:28,474 [INFO] core.navigation.centering_controller: [CENTERING] MAVI_ALTIGEN 101/150 dx=-141px dy=-69px d=4.4m ex=-0.2203 ey=-0.1437 (tol +/-0.010) alt_err=-0.02m -> fwd=+0.22 right=-0.33 down=-0.01 m/s
2026-09-01 09:26:29,028 [INFO] core.navigation.centering_controller: [CENTERING] MAVI_ALTIGEN 106/150 dx=-134px dy=-66px d=4.1m ex=-0.2094 ey=-0.1375 (tol +/-0.010) alt_err=-0.02m -> fwd=+0.21 right=-0.31 down=-0.01 m/s
2026-09-01 09:26:29,585 [INFO] core.navigation.centering_controller: [CENTERING] MAVI_ALTIGEN 111/150 dx=-129px dy=-62px d=4.0m ex=-0.2016 ey=-0.1292 (tol +/-0.010) alt_err=-0.01m -> fwd=+0.19 right=-0.30 down=-0.01 m/s
QGC port check failed, reporting UNKNOWN: (pid=27647)
2026-09-01 09:26:30,144 [INFO] core.navigation.centering_controller: [CENTERING] MAVI_ALTIGEN 116/150 dx=-122px dy=-58px d=3.7m ex=-0.1906 ey=-0.1208 (tol +/-0.010) alt_err=-0.01m -> fwd=+0.18 right=-0.29 down=-0.01 m/s
2026-09-01 09:26:30,478 [INFO] core.detection.vision_runtime: [VISION] detect() calisiyor -- bu karede 3 tespit: ['MAVI_ALTIGEN', 'KIRMIZI_DIKDORTGEN', 'MAVI_DIKDORTGEN']
2026-09-01 09:26:30,702 [INFO] core.navigation.centering_controller: [CENTERING] MAVI_ALTIGEN 121/150 dx=-117px dy=-54px d=3.6m ex=-0.1828 ey=-0.1125 (tol +/-0.010) alt_err=-0.01m -> fwd=+0.17 right=-0.27 down=-0.00 m/s
2026-09-01 09:26:31,257 [INFO] core.navigation.centering_controller: [CENTERING] MAVI_ALTIGEN 126/150 dx=-112px dy=-51px d=3.4m ex=-0.1750 ey=-0.1062 (tol +/-0.010) alt_err=-0.01m -> fwd=+0.16 right=-0.26 down=-0.00 m/s
QGC port check failed, reporting UNKNOWN: (pid=27647)
2026-09-01 09:26:31,812 [INFO] core.navigation.centering_controller: [CENTERING] MAVI_ALTIGEN 131/150 dx=-106px dy=-49px d=3.2m ex=-0.1656 ey=-0.1021 (tol +/-0.010) alt_err=-0.01m -> fwd=+0.15 right=-0.25 down=-0.01 m/s
2026-09-01 09:26:31,980 [INFO] gz_system.main_gz: Dashboard paint loop: 0.0 FPS (main thread)
2026-09-01 09:26:32,366 [INFO] core.navigation.centering_controller: [CENTERING] MAVI_ALTIGEN 136/150 dx=-100px dy=-44px d=3.0m ex=-0.1562 ey=-0.0917 (tol +/-0.010) alt_err=-0.01m -> fwd=+0.15 right=-0.23 down=-0.00 m/s
2026-09-01 09:26:32,922 [INFO] core.navigation.centering_controller: [CENTERING] MAVI_ALTIGEN 141/150 dx=-95px dy=-42px d=2.9m ex=-0.1484 ey=-0.0875 (tol +/-0.010) alt_err=-0.01m -> fwd=+0.15 right=-0.22 down=-0.01 m/s
2026-09-01 09:26:33,478 [INFO] core.navigation.centering_controller: [CENTERING] MAVI_ALTIGEN 146/150 dx=-91px dy=-40px d=2.8m ex=-0.1422 ey=-0.0833 (tol +/-0.010) alt_err=-0.01m -> fwd=+0.15 right=-0.21 down=-0.01 m/s
2026-09-01 09:26:33,588 [INFO] core.detection.vision_runtime: [VISION] detect() calisiyor -- bu karede 3 tespit: ['MAVI_ALTIGEN', 'KIRMIZI_DIKDORTGEN', 'MAVI_DIKDORTGEN']
QGC port check failed, reporting UNKNOWN: (pid=27647)
2026-09-01 09:26:34,031 [ERROR] core.navigation.centering_controller: Merkezleme zaman asimina ugradi! (150 deneme / 15.0s butcesi doldu)
2026-09-01 09:26:34,031 [WARNING] core.mission.gorev2_orchestrator: [RETRY_IN_PLACE] MAVI_ALTIGEN 1/3 merkezlenemedi -- 5s yerinde beklenip tekrar denenecek (hedef goruniyor, d=2.62m).
QGC port check failed, reporting UNKNOWN: (pid=27647)
2026-09-01 09:26:36,693 [INFO] core.detection.vision_runtime: [VISION] detect() calisiyor -- bu karede 3 tespit: ['MAVI_ALTIGEN', 'KIRMIZI_DIKDORTGEN', 'MAVI_DIKDORTGEN']
2026-09-01 09:26:36,987 [INFO] gz_system.main_gz: Dashboard paint loop: 0.0 FPS (main thread)
QGC port check failed, reporting UNKNOWN: (pid=27647)
2026-09-01 09:26:39,138 [INFO] core.navigation.centering_controller: MAVI_ALTIGEN hedefine merkezleniyor (irtifa hedefi: 15.0m, irtifa bandi +/-0.30m)...
2026-09-01 09:26:39,140 [INFO] core.navigation.centering_controller: [CENTERING] MAVI_ALTIGEN 1/150 dx=-85px dy=-34px d=2.5m ex=-0.1328 ey=-0.0708 (tol +/-0.010) alt_err=+0.03m -> fwd=+0.15 right=-0.15 down=+0.02 m/s
2026-09-01 09:26:39,693 [INFO] core.navigation.centering_controller: [CENTERING] MAVI_ALTIGEN 6/150 dx=-104px dy=-45px d=3.2m ex=-0.1625 ey=-0.0938 (tol +/-0.010) alt_err=+0.03m -> fwd=+0.15 right=-0.24 down=+0.01 m/s
QGC port check failed, reporting UNKNOWN: (pid=27647)
2026-09-01 09:26:39,804 [INFO] core.detection.vision_runtime: [VISION] detect() calisiyor -- bu karede 3 tespit: ['MAVI_ALTIGEN', 'KIRMIZI_DIKDORTGEN', 'MAVI_DIKDORTGEN']
2026-09-01 09:26:40,249 [INFO] core.navigation.centering_controller: [CENTERING] MAVI_ALTIGEN 11/150 dx=-90px dy=-37px d=2.7m ex=-0.1406 ey=-0.0771 (tol +/-0.010) alt_err=+0.01m -> fwd=+0.15 right=-0.21 down=+0.00 m/s
2026-09-01 09:26:40,803 [INFO] core.navigation.centering_controller: [CENTERING] MAVI_ALTIGEN 16/150 dx=-78px dy=-32px d=2.3m ex=-0.1219 ey=-0.0667 (tol +/-0.010) alt_err=+0.00m -> fwd=+0.15 right=-0.18 down=+0.00 m/s
2026-09-01 09:26:41,361 [INFO] core.navigation.centering_controller: [CENTERING] MAVI_ALTIGEN 21/150 dx=-74px dy=-28px d=2.2m ex=-0.1156 ey=-0.0583 (tol +/-0.010) alt_err=-0.00m -> fwd=+0.15 right=-0.17 down=-0.00 m/s
QGC port check failed, reporting UNKNOWN: (pid=27647)
2026-09-01 09:26:41,918 [INFO] core.navigation.centering_controller: [CENTERING] MAVI_ALTIGEN 26/150 dx=-72px dy=-26px d=2.1m ex=-0.1125 ey=-0.0542 (tol +/-0.010) alt_err=-0.00m -> fwd=+0.15 right=-0.17 down=-0.00 m/s
2026-09-01 09:26:41,999 [INFO] gz_system.main_gz: Dashboard paint loop: 0.0 FPS (main thread)
2026-09-01 09:26:42,473 [INFO] core.navigation.centering_controller: [CENTERING] MAVI_ALTIGEN 31/150 dx=-69px dy=-23px d=2.0m ex=-0.1078 ey=-0.0479 (tol +/-0.010) alt_err=-0.00m -> fwd=+0.15 right=-0.16 down=-0.00 m/s
2026-09-01 09:26:42,916 [INFO] core.detection.vision_runtime: [VISION] detect() calisiyor -- bu karede 3 tespit: ['MAVI_ALTIGEN', 'KIRMIZI_DIKDORTGEN', 'MAVI_DIKDORTGEN']
2026-09-01 09:26:43,028 [INFO] core.navigation.centering_controller: [CENTERING] MAVI_ALTIGEN 36/150 dx=-65px dy=-20px d=1.9m ex=-0.1016 ey=-0.0417 (tol +/-0.010) alt_err=-0.01m -> fwd=+0.15 right=-0.15 down=-0.00 m/s
2026-09-01 09:26:43,582 [INFO] core.navigation.centering_controller: [CENTERING] MAVI_ALTIGEN 41/150 dx=-62px dy=-18px d=1.8m ex=-0.0969 ey=-0.0375 (tol +/-0.010) alt_err=-0.01m -> fwd=+0.15 right=-0.15 down=-0.01 m/s
QGC port check failed, reporting UNKNOWN: (pid=27647)
2026-09-01 09:26:44,140 [INFO] core.navigation.centering_controller: [CENTERING] MAVI_ALTIGEN 46/150 dx=-59px dy=-14px d=1.7m ex=-0.0922 ey=-0.0292 (tol +/-0.010) alt_err=-0.01m -> fwd=+0.15 right=-0.15 down=-0.00 m/s
2026-09-01 09:26:44,693 [INFO] core.navigation.centering_controller: [CENTERING] MAVI_ALTIGEN 51/150 dx=-56px dy=-10px d=1.6m ex=-0.0875 ey=-0.0208 (tol +/-0.010) alt_err=-0.01m -> fwd=+0.15 right=-0.15 down=-0.00 m/s
2026-09-01 09:26:45,242 [INFO] core.navigation.centering_controller: [CENTERING] MAVI_ALTIGEN 56/150 dx=-54px dy=-8px d=1.5m ex=-0.0844 ey=-0.0167 (tol +/-0.010) alt_err=-0.01m -> fwd=+0.15 right=-0.15 down=-0.00 m/s
QGC port check failed, reporting UNKNOWN: (pid=27647)
2026-09-01 09:26:45,793 [INFO] core.navigation.centering_controller: [CENTERING] MAVI_ALTIGEN 61/150 dx=-52px dy=-4px d=1.4m ex=-0.0813 ey=-0.0083 (tol +/-0.010) alt_err=-0.02m -> fwd=+0.00 right=-0.15 down=-0.01 m/s
2026-09-01 09:26:46,013 [INFO] core.detection.vision_runtime: [VISION] detect() calisiyor -- bu karede 2 tespit: ['MAVI_ALTIGEN', 'MAVI_DIKDORTGEN']
2026-09-01 09:26:46,347 [INFO] core.navigation.centering_controller: [CENTERING] MAVI_ALTIGEN 66/150 dx=-48px dy=+16px d=1.4m ex=-0.0750 ey=+0.0333 (tol +/-0.010) alt_err=-0.03m -> fwd=-0.15 right=-0.15 down=-0.01 m/s
2026-09-01 09:26:46,896 [INFO] core.navigation.centering_controller: [CENTERING] MAVI_ALTIGEN 71/150 dx=-44px dy=+11px d=1.3m ex=-0.0688 ey=+0.0229 (tol +/-0.010) alt_err=-0.02m -> fwd=-0.15 right=-0.15 down=-0.01 m/s
2026-09-01 09:26:46,999 [INFO] gz_system.main_gz: Dashboard paint loop: 0.0 FPS (main thread)
2026-09-01 09:26:47,445 [INFO] core.navigation.centering_controller: [CENTERING] MAVI_ALTIGEN 76/150 dx=-42px dy=-5px d=1.2m ex=-0.0656 ey=-0.0104 (tol +/-0.010) alt_err=-0.01m -> fwd=+0.15 right=-0.15 down=-0.00 m/s
QGC port check failed, reporting UNKNOWN: (pid=27647)
2026-09-01 09:26:47,993 [INFO] core.navigation.centering_controller: [CENTERING] MAVI_ALTIGEN 81/150 dx=-40px dy=-19px d=1.2m ex=-0.0625 ey=-0.0396 (tol +/-0.010) alt_err=-0.01m -> fwd=+0.15 right=-0.15 down=-0.00 m/s
2026-09-01 09:26:48,542 [INFO] core.navigation.centering_controller: [CENTERING] MAVI_ALTIGEN 86/150 dx=-37px dy=-5px d=1.0m ex=-0.0578 ey=-0.0104 (tol +/-0.010) alt_err=-0.01m -> fwd=+0.15 right=-0.15 down=-0.00 m/s
2026-09-01 09:26:49,089 [INFO] core.detection.vision_runtime: [VISION] detect() calisiyor -- bu karede 2 tespit: ['MAVI_ALTIGEN', 'MAVI_DIKDORTGEN']
2026-09-01 09:26:49,090 [INFO] core.navigation.centering_controller: [CENTERING] MAVI_ALTIGEN 91/150 dx=-33px dy=+17px d=1.0m ex=-0.0516 ey=+0.0354 (tol +/-0.010) alt_err=-0.00m -> fwd=-0.15 right=-0.15 down=-0.00 m/s
2026-09-01 09:26:49,637 [INFO] core.navigation.centering_controller: [CENTERING] MAVI_ALTIGEN 96/150 dx=-30px dy=+13px d=0.9m ex=-0.0469 ey=+0.0271 (tol +/-0.010) alt_err=-0.01m -> fwd=-0.15 right=-0.15 down=-0.00 m/s
QGC port check failed, reporting UNKNOWN: (pid=27647)
2026-09-01 09:26:50,188 [INFO] core.navigation.centering_controller: [CENTERING] MAVI_ALTIGEN 101/150 dx=-28px dy=+1px d=0.8m ex=-0.0437 ey=+0.0021 (tol +/-0.010) alt_err=-0.01m -> fwd=+0.00 right=-0.15 down=-0.00 m/s
2026-09-01 09:26:50,737 [INFO] core.navigation.centering_controller: [CENTERING] MAVI_ALTIGEN 106/150 dx=-25px dy=-19px d=0.9m ex=-0.0391 ey=-0.0396 (tol +/-0.010) alt_err=-0.01m -> fwd=+0.15 right=-0.15 down=-0.00 m/s
2026-09-01 09:26:51,286 [INFO] core.navigation.centering_controller: [CENTERING] MAVI_ALTIGEN 111/150 dx=-23px dy=-8px d=0.7m ex=-0.0359 ey=-0.0167 (tol +/-0.010) alt_err=-0.02m -> fwd=+0.15 right=-0.15 down=-0.01 m/s
QGC port check failed, reporting UNKNOWN: (pid=27647)
2026-09-01 09:26:51,835 [INFO] core.navigation.centering_controller: [CENTERING] MAVI_ALTIGEN 116/150 dx=-19px dy=+7px d=0.6m ex=-0.0297 ey=+0.0146 (tol +/-0.010) alt_err=-0.03m -> fwd=-0.15 right=-0.15 down=-0.01 m/s
2026-09-01 09:26:52,027 [INFO] gz_system.main_gz: Dashboard paint loop: 0.0 FPS (main thread)
2026-09-01 09:26:52,161 [INFO] core.detection.vision_runtime: [VISION] detect() calisiyor -- bu karede 2 tespit: ['MAVI_ALTIGEN', 'MAVI_DIKDORTGEN']
2026-09-01 09:26:52,382 [INFO] core.navigation.centering_controller: [CENTERING] MAVI_ALTIGEN 121/150 dx=-16px dy=+20px d=0.7m ex=-0.0250 ey=+0.0417 (tol +/-0.010) alt_err=-0.02m -> fwd=-0.15 right=-0.15 down=-0.01 m/s
2026-09-01 09:26:52,931 [INFO] core.navigation.centering_controller: [CENTERING] MAVI_ALTIGEN 126/150 dx=-14px dy=+5px d=0.4m ex=-0.0219 ey=+0.0104 (tol +/-0.010) alt_err=-0.01m -> fwd=-0.15 right=-0.15 down=-0.01 m/s
2026-09-01 09:26:53,484 [INFO] core.navigation.centering_controller: [CENTERING] MAVI_ALTIGEN 131/150 dx=-10px dy=-19px d=0.6m ex=-0.0156 ey=-0.0396 (tol +/-0.010) alt_err=-0.01m -> fwd=+0.15 right=-0.15 down=-0.01 m/s
QGC port check failed, reporting UNKNOWN: (pid=27647)
2026-09-01 09:26:54,034 [INFO] core.navigation.centering_controller: [CENTERING] MAVI_ALTIGEN 136/150 dx=-7px dy=-15px d=0.5m ex=-0.0109 ey=-0.0312 (tol +/-0.010) alt_err=-0.01m -> fwd=+0.15 right=-0.15 down=-0.01 m/s
2026-09-01 09:26:54,582 [INFO] core.navigation.centering_controller: [CENTERING] MAVI_ALTIGEN 141/150 dx=+8px dy=-3px d=0.2m ex=+0.0125 ey=-0.0063 (tol +/-0.010) alt_err=-0.02m -> fwd=+0.00 right=+0.15 down=-0.01 m/s
2026-09-01 09:26:55,132 [INFO] core.navigation.centering_controller: [CENTERING] MAVI_ALTIGEN 146/150 dx=+13px dy=+21px d=0.7m ex=+0.0203 ey=+0.0437 (tol +/-0.010) alt_err=-0.02m -> fwd=-0.15 right=+0.15 down=-0.01 m/s
2026-09-01 09:26:55,241 [INFO] core.detection.vision_runtime: [VISION] detect() calisiyor -- bu karede 2 tespit: ['MAVI_ALTIGEN', 'MAVI_DIKDORTGEN']
2026-09-01 09:26:55,681 [ERROR] core.navigation.centering_controller: Merkezleme zaman asimina ugradi! (150 deneme / 15.0s butcesi doldu)
2026-09-01 09:26:55,682 [WARNING] core.mission.gorev2_orchestrator: [RETRY_IN_PLACE] MAVI_ALTIGEN 2/3 merkezlenemedi -- 5s yerinde beklenip tekrar denenecek (hedef goruniyor, d=0.35m).
QGC port check failed, reporting UNKNOWN: (pid=27647)
2026-09-01 09:26:57,051 [INFO] gz_system.main_gz: Dashboard paint loop: 0.0 FPS (main thread)
QGC port check failed, reporting UNKNOWN: (pid=27647)
2026-09-01 09:26:58,315 [INFO] core.detection.vision_runtime: [VISION] detect() calisiyor -- bu karede 2 tespit: ['MAVI_ALTIGEN', 'MAVI_DIKDORTGEN']
QGC port check failed, reporting UNKNOWN: (pid=27647)
2026-09-01 09:27:00,731 [INFO] core.navigation.centering_controller: MAVI_ALTIGEN hedefine merkezleniyor (irtifa hedefi: 15.0m, irtifa bandi +/-0.30m)...
2026-09-01 09:27:00,732 [INFO] core.navigation.centering_controller: [CENTERING] MAVI_ALTIGEN 1/150 dx=-10px dy=+0px d=0.3m ex=-0.0156 ey=+0.0000 (tol +/-0.010) alt_err=-0.03m -> fwd=+0.00 right=-0.15 down=-0.02 m/s
2026-09-01 09:27:01,281 [INFO] core.navigation.centering_controller: [CENTERING] MAVI_ALTIGEN 6/150 dx=-21px dy=+1px d=0.6m ex=-0.0328 ey=+0.0021 (tol +/-0.010) alt_err=-0.02m -> fwd=+0.00 right=-0.15 down=-0.01 m/s
2026-09-01 09:27:01,391 [INFO] core.detection.vision_runtime: [VISION] detect() calisiyor -- bu karede 2 tespit: ['MAVI_ALTIGEN', 'MAVI_DIKDORTGEN']
QGC port check failed, reporting UNKNOWN: (pid=27647)
2026-09-01 09:27:01,830 [INFO] core.navigation.centering_controller: [CENTERING] MAVI_ALTIGEN 11/150 dx=-12px dy=+0px d=0.3m ex=-0.0187 ey=+0.0000 (tol +/-0.010) alt_err=-0.01m -> fwd=+0.00 right=-0.15 down=-0.01 m/s
2026-09-01 09:27:02,060 [INFO] gz_system.main_gz: Dashboard paint loop: 0.0 FPS (main thread)
2026-09-01 09:27:02,382 [INFO] core.navigation.centering_controller: [CENTERING] MAVI_ALTIGEN 16/150 dx=-7px dy=+0px d=0.2m ex=-0.0109 ey=+0.0000 (tol +/-0.010) alt_err=-0.01m -> fwd=+0.00 right=-0.15 down=-0.00 m/s
2026-09-01 09:27:02,601 [INFO] core.navigation.centering_controller: Merkezleme tamamlandi. (attempt 18/150, dx=-5px dy=+1px ex=-0.0078 ey=+0.0021 alt_err=-0.01m)
QGC port check failed, reporting UNKNOWN: (pid=27647)
2026-09-01 09:27:04,465 [INFO] core.detection.vision_runtime: [VISION] detect() calisiyor -- bu karede 2 tespit: ['MAVI_ALTIGEN', 'MAVI_DIKDORTGEN']
2026-09-01 09:27:05,672 [INFO] core.mission.gorev2_orchestrator: [POST_LOCK_DRIFT] MAVI_ALTIGEN 3s: peak=15.0px final=6.1px (41.49cm / 16.83cm), 28 ornek, 0 kayip
2026-09-01 09:27:05,673 [INFO] core.navigation.centering_controller: 2.0 saniye hover yapiliyor (Konum dogrulama)...
QGC port check failed, reporting UNKNOWN: (pid=27647)
2026-09-01 09:27:07,061 [INFO] gz_system.main_gz: Dashboard paint loop: 0.0 FPS (main thread)
2026-09-01 09:27:07,539 [INFO] core.detection.vision_runtime: [VISION] detect() calisiyor -- bu karede 2 tespit: ['MAVI_ALTIGEN', 'MAVI_DIKDORTGEN']
2026-09-01 09:27:07,759 [INFO] core.position_log.position_store: Konum basariyla kaydedildi: MAVI_ALTIGEN (ikinci)
2026-09-01 09:27:07,759 [INFO] core.mission.gorev2_orchestrator: Mavi Altigen ortalandi -- KIRMIZI yuk hemen birakiliyor.
2026-09-01 09:27:07,759 [INFO] core.mission.gorev2_fsm: PAYLOAD MISSION 1 basliyor (Mavi Altigen / RED payload)
2026-09-01 09:27:07,759 [INFO] core.navigation.centering_controller: Kayitli GPS konumuna gidiliyor: lat=47.3987516, lon=8.5460278, alt=15.0m
2026-09-01 09:27:07,759 [INFO] core.mission.payload_release: Yük bırakma başlatılıyor: MAVI_ALTIGEN
2026-09-01 09:27:07,759 [INFO] core.navigation.centering_controller: MAVI_ALTIGEN hedefine merkezleniyor (irtifa hedefi: 10.0m, irtifa bandi +/-0.30m)...
2026-09-01 09:27:07,761 [INFO] core.navigation.centering_controller: [CENTERING] MAVI_ALTIGEN 1/200 dx=+1px dy=-1px d=0.0m ex=+0.0016 ey=-0.0021 (tol +/-0.010) alt_err=+4.98m -> fwd=+0.00 right=+0.00 down=+0.15 m/s
QGC port check failed, reporting UNKNOWN: (pid=27647)
2026-09-01 09:27:08,307 [INFO] core.navigation.centering_controller: [CENTERING] MAVI_ALTIGEN 6/200 dx=+2px dy=+0px d=0.1m ex=+0.0031 ey=+0.0000 (tol +/-0.010) alt_err=+4.87m -> fwd=+0.00 right=+0.00 down=+0.90 m/s
2026-09-01 09:27:08,857 [INFO] core.navigation.centering_controller: [CENTERING] MAVI_ALTIGEN 11/200 dx=+1px dy=+0px d=0.0m ex=+0.0016 ey=+0.0000 (tol +/-0.010) alt_err=+4.39m -> fwd=+0.00 right=+0.00 down=+1.65 m/s
2026-09-01 09:27:09,413 [INFO] core.navigation.centering_controller: [CENTERING] MAVI_ALTIGEN 16/200 dx=+0px dy=+0px d=0.0m ex=+0.0000 ey=+0.0000 (tol +/-0.010) alt_err=+3.46m -> fwd=+0.00 right=+0.00 down=+1.73 m/s
QGC port check failed, reporting UNKNOWN: (pid=27647)
2026-09-01 09:27:09,963 [INFO] core.navigation.centering_controller: [CENTERING] MAVI_ALTIGEN 21/200 dx=+0px dy=+1px d=0.0m ex=+0.0000 ey=+0.0021 (tol +/-0.010) alt_err=+2.69m -> fwd=+0.00 right=+0.00 down=+1.35 m/s
2026-09-01 09:27:10,511 [INFO] core.navigation.centering_controller: [CENTERING] MAVI_ALTIGEN 26/200 dx=+1px dy=+2px d=0.0m ex=+0.0016 ey=+0.0042 (tol +/-0.010) alt_err=+1.89m -> fwd=+0.00 right=+0.00 down=+0.95 m/s
2026-09-01 09:27:10,619 [INFO] core.detection.vision_runtime: [VISION] detect() calisiyor -- bu karede 2 tespit: ['MAVI_ALTIGEN', 'MAVI_DIKDORTGEN']
2026-09-01 09:27:11,059 [INFO] core.navigation.centering_controller: [CENTERING] MAVI_ALTIGEN 31/200 dx=+1px dy=+3px d=0.1m ex=+0.0016 ey=+0.0063 (tol +/-0.010) alt_err=+1.44m -> fwd=+0.00 right=+0.00 down=+0.72 m/s
2026-09-01 09:27:11,608 [INFO] core.navigation.centering_controller: [CENTERING] MAVI_ALTIGEN 36/200 dx=+1px dy=+3px d=0.1m ex=+0.0016 ey=+0.0063 (tol +/-0.010) alt_err=+1.04m -> fwd=+0.00 right=+0.00 down=+0.52 m/s
QGC port check failed, reporting UNKNOWN: (pid=27647)
2026-09-01 09:27:12,095 [INFO] gz_system.main_gz: Dashboard paint loop: 0.0 FPS (main thread)
2026-09-01 09:27:12,154 [INFO] core.navigation.centering_controller: [CENTERING] MAVI_ALTIGEN 41/200 dx=+1px dy=+4px d=0.1m ex=+0.0016 ey=+0.0083 (tol +/-0.010) alt_err=+0.80m -> fwd=+0.00 right=+0.00 down=+0.40 m/s
2026-09-01 09:27:12,703 [INFO] core.navigation.centering_controller: [CENTERING] MAVI_ALTIGEN 46/200 dx=+1px dy=+3px d=0.1m ex=+0.0016 ey=+0.0063 (tol +/-0.010) alt_err=+0.57m -> fwd=+0.00 right=+0.00 down=+0.29 m/s
2026-09-01 09:27:13,254 [INFO] core.navigation.centering_controller: [CENTERING] MAVI_ALTIGEN 51/200 dx=+2px dy=+13px d=0.3m ex=+0.0031 ey=+0.0271 (tol +/-0.010) alt_err=+0.44m -> fwd=-0.15 right=+0.00 down=+0.22 m/s
2026-09-01 09:27:13,692 [INFO] core.detection.vision_runtime: [VISION] detect() calisiyor -- bu karede 2 tespit: ['MAVI_ALTIGEN', 'MAVI_DIKDORTGEN']
2026-09-01 09:27:13,803 [INFO] core.navigation.centering_controller: [CENTERING] MAVI_ALTIGEN 56/200 dx=+2px dy=+7px d=0.1m ex=+0.0031 ey=+0.0146 (tol +/-0.010) alt_err=+0.32m -> fwd=-0.15 right=+0.00 down=+0.16 m/s
QGC port check failed, reporting UNKNOWN: (pid=27647)
2026-09-01 09:27:14,024 [INFO] core.navigation.centering_controller: Merkezleme tamamlandi. (attempt 58/200, dx=+2px dy=+1px ex=+0.0031 ey=+0.0021 alt_err=+0.29m)
2026-09-01 09:27:14,025 [INFO] core.navigation.centering_controller: MAVI_ALTIGEN hedefine merkezleniyor (irtifa hedefi: 5.0m, irtifa bandi +/-0.30m)...
2026-09-01 09:27:14,025 [INFO] core.navigation.centering_controller: [CENTERING] MAVI_ALTIGEN 1/200 dx=+2px dy=+1px d=0.0m ex=+0.0031 ey=+0.0021 (tol +/-0.010) alt_err=+5.29m -> fwd=+0.00 right=+0.00 down=+0.15 m/s
2026-09-01 09:27:14,578 [INFO] core.navigation.centering_controller: [CENTERING] MAVI_ALTIGEN 6/200 dx=+4px dy=-23px d=0.4m ex=+0.0063 ey=-0.0479 (tol +/-0.010) alt_err=+5.17m -> fwd=+0.15 right=+0.00 down=+0.90 m/s
2026-09-01 09:27:15,126 [INFO] core.navigation.centering_controller: [CENTERING] MAVI_ALTIGEN 11/200 dx=+5px dy=-13px d=0.2m ex=+0.0078 ey=-0.0271 (tol +/-0.010) alt_err=+4.58m -> fwd=+0.15 right=+0.00 down=+1.65 m/s
2026-09-01 09:27:15,676 [INFO] core.navigation.centering_controller: [CENTERING] MAVI_ALTIGEN 16/200 dx=+4px dy=-4px d=0.1m ex=+0.0063 ey=-0.0083 (tol +/-0.010) alt_err=+3.79m -> fwd=+0.00 right=+0.00 down=+1.90 m/s
QGC port check failed, reporting UNKNOWN: (pid=27647)
2026-09-01 09:27:16,228 [INFO] core.navigation.centering_controller: [CENTERING] MAVI_ALTIGEN 21/200 dx=+3px dy=+18px d=0.3m ex=+0.0047 ey=+0.0375 (tol +/-0.010) alt_err=+2.88m -> fwd=-0.15 right=+0.00 down=+1.44 m/s
2026-09-01 09:27:16,777 [INFO] core.detection.vision_runtime: [VISION] detect() calisiyor -- bu karede 2 tespit: ['MAVI_ALTIGEN', 'MAVI_DIKDORTGEN']
2026-09-01 09:27:16,778 [INFO] core.navigation.centering_controller: [CENTERING] MAVI_ALTIGEN 26/200 dx=+4px dy=+14px d=0.2m ex=+0.0063 ey=+0.0292 (tol +/-0.010) alt_err=+2.17m -> fwd=-0.15 right=+0.00 down=+1.09 m/s
2026-09-01 09:27:17,135 [INFO] gz_system.main_gz: Dashboard paint loop: 0.0 FPS (main thread)
2026-09-01 09:27:17,331 [INFO] core.navigation.centering_controller: [CENTERING] MAVI_ALTIGEN 31/200 dx=+5px dy=-1px d=0.1m ex=+0.0078 ey=-0.0021 (tol +/-0.010) alt_err=+1.55m -> fwd=+0.00 right=+0.00 down=+0.78 m/s
QGC port check failed, reporting UNKNOWN: (pid=31899)
2026-09-01 09:27:17,882 [INFO] core.navigation.centering_controller: [CENTERING] MAVI_ALTIGEN 36/200 dx=+6px dy=-25px d=0.3m ex=+0.0094 ey=-0.0521 (tol +/-0.010) alt_err=+1.18m -> fwd=+0.15 right=+0.00 down=+0.59 m/s
2026-09-01 09:27:18,434 [INFO] core.navigation.centering_controller: [CENTERING] MAVI_ALTIGEN 41/200 dx=+8px dy=-10px d=0.1m ex=+0.0125 ey=-0.0208 (tol +/-0.010) alt_err=+0.84m -> fwd=+0.15 right=+0.15 down=+0.42 m/s
2026-09-01 09:27:18,982 [INFO] core.navigation.centering_controller: [CENTERING] MAVI_ALTIGEN 46/200 dx=+19px dy=+11px d=0.2m ex=+0.0297 ey=+0.0229 (tol +/-0.010) alt_err=+0.65m -> fwd=-0.15 right=+0.15 down=+0.33 m/s
2026-09-01 09:27:19,525 [INFO] core.navigation.centering_controller: [CENTERING] MAVI_ALTIGEN 51/200 dx=+7px dy=+23px d=0.2m ex=+0.0109 ey=+0.0479 (tol +/-0.010) alt_err=+0.48m -> fwd=-0.15 right=+0.15 down=+0.24 m/s
QGC port check failed, reporting UNKNOWN: (pid=31899)
2026-09-01 09:27:19,849 [INFO] core.detection.vision_runtime: [VISION] detect() calisiyor -- bu karede 1 tespit: ['MAVI_ALTIGEN']
2026-09-01 09:27:20,068 [INFO] core.navigation.centering_controller: [CENTERING] MAVI_ALTIGEN 56/200 dx=-16px dy=+7px d=0.2m ex=-0.0250 ey=+0.0146 (tol +/-0.010) alt_err=+0.37m -> fwd=-0.15 right=-0.15 down=+0.19 m/s
2026-09-01 09:27:20,616 [INFO] core.navigation.centering_controller: [CENTERING] MAVI_ALTIGEN 61/200 dx=-14px dy=-22px d=0.3m ex=-0.0219 ey=-0.0458 (tol +/-0.010) alt_err=+0.27m -> fwd=+0.15 right=-0.15 down=+0.14 m/s
2026-09-01 09:27:21,156 [INFO] core.navigation.centering_controller: [CENTERING] MAVI_ALTIGEN 66/200 dx=+11px dy=-20px d=0.2m ex=+0.0172 ey=-0.0417 (tol +/-0.010) alt_err=+0.21m -> fwd=+0.15 right=+0.15 down=+0.11 m/s
2026-09-01 09:27:21,699 [INFO] core.navigation.centering_controller: [CENTERING] MAVI_ALTIGEN 71/200 dx=+22px dy=-5px d=0.2m ex=+0.0344 ey=-0.0104 (tol +/-0.010) alt_err=+0.16m -> fwd=+0.15 right=+0.15 down=+0.08 m/s
QGC port check failed, reporting UNKNOWN: (pid=31899)
2026-09-01 09:27:22,167 [INFO] gz_system.main_gz: Dashboard paint loop: 0.0 FPS (main thread)
2026-09-01 09:27:22,241 [INFO] core.navigation.centering_controller: [CENTERING] MAVI_ALTIGEN 76/200 dx=+6px dy=+20px d=0.2m ex=+0.0094 ey=+0.0417 (tol +/-0.010) alt_err=+0.12m -> fwd=-0.15 right=+0.00 down=+0.06 m/s
2026-09-01 09:27:22,785 [INFO] core.navigation.centering_controller: [CENTERING] MAVI_ALTIGEN 81/200 dx=-20px dy=+20px d=0.3m ex=-0.0312 ey=+0.0417 (tol +/-0.010) alt_err=+0.10m -> fwd=-0.15 right=-0.15 down=+0.05 m/s
2026-09-01 09:27:22,895 [INFO] core.detection.vision_runtime: [VISION] detect() calisiyor -- bu karede 1 tespit: ['MAVI_ALTIGEN']
2026-09-01 09:27:23,332 [INFO] core.navigation.centering_controller: [CENTERING] MAVI_ALTIGEN 86/200 dx=-14px dy=+5px d=0.1m ex=-0.0219 ey=+0.0104 (tol +/-0.010) alt_err=+0.07m -> fwd=-0.15 right=-0.15 down=+0.03 m/s
2026-09-01 09:27:23,548 [INFO] core.navigation.centering_controller: Merkezleme tamamlandi. (attempt 88/200, dx=-6px dy=-1px ex=-0.0094 ey=-0.0021 alt_err=+0.06m)
2026-09-01 09:27:23,550 [INFO] core.navigation.centering_controller: MAVI_ALTIGEN hedefine merkezleniyor (irtifa hedefi: 0.45m, irtifa bandi +/-0.05m)...
2026-09-01 09:27:23,551 [INFO] core.navigation.centering_controller: [CENTERING] MAVI_ALTIGEN 1/200 dx=-6px dy=-1px d=0.1m ex=-0.0094 ey=-0.0021 (tol +/-0.010) alt_err=+4.61m -> fwd=+0.00 right=+0.00 down=+0.15 m/s
QGC port check failed, reporting UNKNOWN: (pid=31899)
2026-09-01 09:27:24,095 [INFO] core.navigation.centering_controller: [CENTERING] MAVI_ALTIGEN 6/200 dx=+20px dy=-28px d=0.3m ex=+0.0312 ey=-0.0583 (tol +/-0.010) alt_err=+4.51m -> fwd=+0.15 right=+0.15 down=+0.90 m/s
2026-09-01 09:27:24,639 [INFO] core.navigation.centering_controller: [CENTERING] MAVI_ALTIGEN 11/200 dx=+18px dy=-16px d=0.2m ex=+0.0281 ey=-0.0333 (tol +/-0.010) alt_err=+3.93m -> fwd=+0.15 right=+0.15 down=+1.65 m/s
2026-09-01 09:27:25,183 [INFO] core.navigation.centering_controller: [CENTERING] MAVI_ALTIGEN 16/200 dx=-1px dy=-3px d=0.0m ex=-0.0016 ey=-0.0063 (tol +/-0.010) alt_err=+3.16m -> fwd=+0.00 right=+0.00 down=+1.58 m/s
2026-09-01 09:27:25,727 [INFO] core.navigation.centering_controller: [CENTERING] MAVI_ALTIGEN 21/200 dx=-37px dy=+29px d=0.2m ex=-0.0578 ey=+0.0604 (tol +/-0.010) alt_err=+2.27m -> fwd=-0.12 right=-0.15 down=+1.13 m/s
QGC port check failed, reporting UNKNOWN: (pid=31899)
2026-09-01 09:27:25,944 [INFO] core.detection.vision_runtime: [VISION] detect() calisiyor -- bu karede 1 tespit: ['MAVI_ALTIGEN']
2026-09-01 09:27:26,271 [INFO] core.navigation.centering_controller: [CENTERING] MAVI_ALTIGEN 26/200 dx=-21px dy=+17px d=0.1m ex=-0.0328 ey=+0.0354 (tol +/-0.010) alt_err=+1.71m -> fwd=-0.10 right=-0.13 down=+0.85 m/s
2026-09-01 09:27:26,816 [INFO] core.navigation.centering_controller: [CENTERING] MAVI_ALTIGEN 31/200 dx=+0px dy=-3px d=0.0m ex=+0.0008 ey=-0.0063 (tol +/-0.010) alt_err=+1.21m -> fwd=+0.00 right=+0.00 down=+0.61 m/s
2026-09-01 09:27:27,179 [INFO] gz_system.main_gz: Dashboard paint loop: 0.0 FPS (main thread)
2026-09-01 09:27:27,364 [INFO] core.navigation.centering_controller: [CENTERING] MAVI_ALTIGEN 36/200 dx=+33px dy=-32px d=0.1m ex=+0.0516 ey=-0.0656 (tol +/-0.010) alt_err=+0.93m -> fwd=+0.10 right=+0.08 down=+0.46 m/s
QGC port check failed, reporting UNKNOWN: (pid=31899)
2026-09-01 09:27:27,908 [INFO] core.navigation.centering_controller: [CENTERING] MAVI_ALTIGEN 41/200 dx=+14px dy=-22px d=0.1m ex=+0.0227 ey=-0.0458 (tol +/-0.010) alt_err=+0.66m -> fwd=+0.07 right=+0.07 down=+0.33 m/s
2026-09-01 09:27:28,451 [INFO] core.navigation.centering_controller: [CENTERING] MAVI_ALTIGEN 46/200 dx=-16px dy=+12px d=0.0m ex=-0.0250 ey=+0.0260 (tol +/-0.010) alt_err=+0.52m -> fwd=-0.04 right=-0.06 down=+0.26 m/s
2026-09-01 09:27:28,998 [INFO] core.detection.vision_runtime: [VISION] detect() calisiyor -- bu karede 1 tespit: ['MAVI_ALTIGEN']
2026-09-01 09:27:28,999 [INFO] core.navigation.centering_controller: [CENTERING] MAVI_ALTIGEN 51/200 dx=-30px dy=+5px d=0.0m ex=-0.0469 ey=+0.0104 (tol +/-0.010) alt_err=+0.41m -> fwd=-0.04 right=-0.07 down=+0.20 m/s
2026-09-01 09:27:29,541 [INFO] core.navigation.centering_controller: [CENTERING] MAVI_ALTIGEN 56/200 dx=+0px dy=+0px d=0.0m ex=+0.0000 ey=+0.0000 (tol +/-0.010) alt_err=+0.30m -> fwd=+0.00 right=+0.00 down=+0.15 m/s
QGC port check failed, reporting UNKNOWN: (pid=31899)
2026-09-01 09:27:30,086 [INFO] core.navigation.centering_controller: [CENTERING] MAVI_ALTIGEN 61/200 dx=+0px dy=+0px d=0.0m ex=+0.0000 ey=+0.0000 (tol +/-0.010) alt_err=+0.24m -> fwd=+0.00 right=+0.00 down=+0.12 m/s
2026-09-01 09:27:30,628 [INFO] core.navigation.centering_controller: [CENTERING] MAVI_ALTIGEN 66/200 dx=+0px dy=+0px d=0.0m ex=+0.0000 ey=+0.0000 (tol +/-0.010) alt_err=+0.18m -> fwd=+0.00 right=+0.00 down=+0.09 m/s
2026-09-01 09:27:30,844 [WARNING] core.navigation.centering_controller: [LOW_ALT_OPEN_LOOP_DESCENT] MAVI_ALTIGEN: goruntu 0.62m'de kayboldu -- dondurulmus kestirime (47.3987524, 8.5460283, offset=0.0cm @ 0.62m) gore 0.45m'ye alcalmaya devam.
2026-09-01 09:27:31,820 [INFO] core.navigation.centering_controller: [LOW_ALT_OPEN_LOOP_DESCENT] MAVI_ALTIGEN: 0.500m'ye ulasildi (hedef 0.45m).
2026-09-01 09:27:31,820 [INFO] core.navigation.centering_controller: [AIM_OFFSET_APPLIED] MAVI_ALTIGEN: montaj (ileri=0.00, sag=0.04) m, yon=3.4 deg -> tutma noktasi (47.3987524, 8.5460278) olarak otelendi (kuzey +0.00, dogu -0.03 m).
QGC port check failed, reporting UNKNOWN: (pid=31899)
2026-09-01 09:27:32,037 [INFO] core.detection.vision_runtime: [VISION] detect() calisiyor -- bu karede 0 tespit: []
2026-09-01 09:27:32,147 [INFO] core.navigation.centering_controller: [MOUNT_TRANSLATE_DONE] MAVI_ALTIGEN: kalan 4.9 cm, sure 0.33 s (yakinsadi).
2026-09-01 09:27:32,147 [WARNING] core.navigation.centering_controller: [LOW_ALT_OPEN_LOOP_DESCENT] MAVI_ALTIGEN: goruntu 0.48m'de kayboldu -- dondurulmus kestirime (47.3987524, 8.5460278, offset=0.0cm @ 0.62m) gore 0.45m'ye alcalmaya devam.
2026-09-01 09:27:32,147 [INFO] core.navigation.centering_controller: [LOW_ALT_OPEN_LOOP_DESCENT] MAVI_ALTIGEN: 0.482m'ye ulasildi (hedef 0.45m).
2026-09-01 09:27:32,147 [INFO] core.navigation.centering_controller: 0.1m ileri hareket ediliyor (0.3 m/s, 0.3s)...
2026-09-01 09:27:32,180 [INFO] gz_system.main_gz: Dashboard paint loop: 0.0 FPS (main thread)
2026-09-01 09:27:32,581 [INFO] core.mission.payload_release: [RELEASE_OFFSET] MAVI_ALTIGEN: {'shape_type': 'MAVI_ALTIGEN', 'altitude_m': 0.489, 'target_visible': False, 'best_known_offset_cm': 9.17, 'best_known_offset_alt_m': 5.057}
2026-09-01 09:27:32,581 [INFO] core.mission.payload_release: [MOUNT_VECTOR_MEASURED] MAVI_ALTIGEN: {'world_dx': 0.0353, 'world_dy': 0.0013, 'gazebo_yaw_deg': 90.39, 'body_forward_m': 0.0011, 'body_right_m': 0.0353} (uygulanan: (0.0, 0.035))
2026-09-01 09:27:32,581 [INFO] gz_system.gz_payload_actuator: Gazebo DetachableJoint tetikleniyor: /payload/detach/red
I0901 09:27:32.582033 13372419 fork_posix.cc:71] Other threads are currently calling into gRPC, skipping fork() handlers
I0901 09:27:32.639278 13372419 fork_posix.cc:71] Other threads are currently calling into gRPC, skipping fork() handlers
I0901 09:27:32.691362 13372419 fork_posix.cc:71] Other threads are currently calling into gRPC, skipping fork() handlers
I0901 09:27:32.739803 13372419 fork_posix.cc:71] Other threads are currently calling into gRPC, skipping fork() handlers
I0901 09:27:32.789173 13372419 fork_posix.cc:71] Other threads are currently calling into gRPC, skipping fork() handlers
2026-09-01 09:27:33,709 [INFO] gz_system.gz_payload_actuator: Yuk ayrildi (red), gecikme 1.090 s.
2026-09-01 09:27:33,710 [INFO] core.mission.payload_release: [PAYLOAD_RELEASED] PAYLOAD 1 RELEASED @0.49m
QGC port check failed, reporting UNKNOWN: (pid=31899)
2026-09-01 09:27:35,098 [INFO] core.detection.vision_runtime: [VISION] detect() calisiyor -- bu karede 1 tespit: ['KIRMIZI_DIKDORTGEN']
2026-09-01 09:27:35,712 [INFO] core.mission.payload_release: [PAYLOAD_FINAL_POSE] MAVI_ALTIGEN: x=-10.214 y=86.973 z=0.041 merkeze 7269.4 cm egim 0.0 deg (HEDEF DISINDA)
2026-09-01 09:27:35,712 [INFO] core.mission.payload_release: Doğrulama işareti aranıyor: KIRMIZI_DIKDORTGEN
2026-09-01 09:27:35,712 [INFO] core.mission.payload_release: Yük bırakma DOĞRULANDI: KIRMIZI_DIKDORTGEN tespit edildi.
2026-09-01 09:27:35,712 [INFO] core.navigation.centering_controller: 15.0m irtifasina tirmaniliyor (goruntuden bagimsiz)...
QGC port check failed, reporting UNKNOWN: (pid=31899)
2026-09-01 09:27:37,184 [INFO] gz_system.main_gz: Dashboard paint loop: 0.0 FPS (main thread)
QGC port check failed, reporting UNKNOWN: (pid=31899)
2026-09-01 09:27:38,160 [INFO] core.detection.vision_runtime: [VISION] detect() calisiyor -- bu karede 1 tespit: ['MAVI_ALTIGEN']
QGC port check failed, reporting UNKNOWN: (pid=31899)
2026-09-01 09:27:41,241 [INFO] core.detection.vision_runtime: [VISION] detect() calisiyor -- bu karede 2 tespit: ['MAVI_ALTIGEN', 'MAVI_DIKDORTGEN']
QGC port check failed, reporting UNKNOWN: (pid=31899)
2026-09-01 09:27:42,189 [INFO] gz_system.main_gz: Dashboard paint loop: 0.0 FPS (main thread)
QGC port check failed, reporting UNKNOWN: (pid=31899)
2026-09-01 09:27:44,324 [INFO] core.detection.vision_runtime: [VISION] detect() calisiyor -- bu karede 2 tespit: ['MAVI_ALTIGEN', 'MAVI_DIKDORTGEN']
2026-09-01 09:27:45,201 [INFO] core.mission.gorev2_orchestrator: SEARCH COMPLETE: MAVI_ALTIGEN ve KIRMIZI_UCGEN ikisi de kaydedildi. Mission kalici olarak sona erdi, Offboard tek yetkili.
2026-09-01 09:27:45,309 [INFO] core.mission.gorev2_orchestrator: Bir veya iki yuk hala birakilmamis -- toplu birakma calistiriliyor.
2026-09-01 09:27:45,309 [INFO] core.mission.gorev2_fsm: PAYLOAD MISSION 1 basliyor (Mavi Altigen / RED payload)
2026-09-01 09:27:45,309 [INFO] core.navigation.centering_controller: Kayitli GPS konumuna gidiliyor: lat=47.3987516, lon=8.5460278, alt=15.0m
2026-09-01 09:27:45,309 [INFO] core.mission.payload_release: Yük bırakma başlatılıyor: MAVI_ALTIGEN
2026-09-01 09:27:45,309 [INFO] core.navigation.centering_controller: MAVI_ALTIGEN hedefine merkezleniyor (irtifa hedefi: 10.0m, irtifa bandi +/-0.30m)...
2026-09-01 09:27:45,310 [INFO] core.navigation.centering_controller: [CENTERING] MAVI_ALTIGEN 1/200 dx=+2px dy=+5px d=0.1m ex=+0.0031 ey=+0.0104 (tol +/-0.010) alt_err=+4.72m -> fwd=-0.15 right=+0.00 down=+0.15 m/s
QGC port check failed, reporting UNKNOWN: (pid=31899)
2026-09-01 09:27:45,880 [INFO] core.navigation.centering_controller: [CENTERING] MAVI_ALTIGEN 6/200 dx=+2px dy=+15px d=0.4m ex=+0.0031 ey=+0.0312 (tol +/-0.010) alt_err=+4.59m -> fwd=-0.15 right=+0.00 down=+0.90 m/s
2026-09-01 09:27:46,432 [INFO] core.navigation.centering_controller: [CENTERING] MAVI_ALTIGEN 11/200 dx=+2px dy=+9px d=0.2m ex=+0.0031 ey=+0.0187 (tol +/-0.010) alt_err=+4.09m -> fwd=-0.15 right=+0.00 down=+1.65 m/s
2026-09-01 09:27:46,986 [INFO] core.navigation.centering_controller: [CENTERING] MAVI_ALTIGEN 16/200 dx=+2px dy=+2px d=0.1m ex=+0.0031 ey=+0.0042 (tol +/-0.010) alt_err=+3.14m -> fwd=+0.00 right=+0.00 down=+1.57 m/s
2026-09-01 09:27:47,216 [INFO] gz_system.main_gz: Dashboard paint loop: 0.0 FPS (main thread)
2026-09-01 09:27:47,424 [INFO] core.detection.vision_runtime: [VISION] detect() calisiyor -- bu karede 2 tespit: ['MAVI_ALTIGEN', 'MAVI_DIKDORTGEN']
2026-09-01 09:27:47,535 [INFO] core.navigation.centering_controller: [CENTERING] MAVI_ALTIGEN 21/200 dx=+3px dy=-21px d=0.5m ex=+0.0047 ey=-0.0437 (tol +/-0.010) alt_err=+2.38m -> fwd=+0.15 right=+0.00 down=+1.19 m/s
QGC port check failed, reporting UNKNOWN: (pid=31899)
2026-09-01 09:27:48,089 [INFO] core.navigation.centering_controller: [CENTERING] MAVI_ALTIGEN 26/200 dx=+3px dy=-8px d=0.2m ex=+0.0047 ey=-0.0167 (tol +/-0.010) alt_err=+1.68m -> fwd=+0.15 right=+0.00 down=+0.84 m/s
2026-09-01 09:27:48,640 [INFO] core.navigation.centering_controller: [CENTERING] MAVI_ALTIGEN 31/200 dx=+5px dy=+13px d=0.3m ex=+0.0078 ey=+0.0271 (tol +/-0.010) alt_err=+1.28m -> fwd=-0.15 right=+0.00 down=+0.64 m/s
2026-09-01 09:27:49,191 [INFO] core.navigation.centering_controller: [CENTERING] MAVI_ALTIGEN 36/200 dx=+5px dy=+18px d=0.4m ex=+0.0078 ey=+0.0375 (tol +/-0.010) alt_err=+0.92m -> fwd=-0.15 right=+0.00 down=+0.46 m/s
2026-09-01 09:27:49,741 [INFO] core.navigation.centering_controller: [CENTERING] MAVI_ALTIGEN 41/200 dx=+5px dy=+6px d=0.2m ex=+0.0078 ey=+0.0125 (tol +/-0.010) alt_err=+0.70m -> fwd=-0.15 right=+0.00 down=+0.35 m/s
QGC port check failed, reporting UNKNOWN: (pid=31899)
2026-09-01 09:27:50,293 [INFO] core.navigation.centering_controller: [CENTERING] MAVI_ALTIGEN 46/200 dx=+5px dy=-11px d=0.2m ex=+0.0078 ey=-0.0229 (tol +/-0.010) alt_err=+0.51m -> fwd=+0.15 right=+0.00 down=+0.25 m/s
2026-09-01 09:27:50,511 [INFO] core.detection.vision_runtime: [VISION] detect() calisiyor -- bu karede 2 tespit: ['MAVI_ALTIGEN', 'MAVI_DIKDORTGEN']
2026-09-01 09:27:50,841 [INFO] core.navigation.centering_controller: [CENTERING] MAVI_ALTIGEN 51/200 dx=+5px dy=-12px d=0.3m ex=+0.0078 ey=-0.0250 (tol +/-0.010) alt_err=+0.40m -> fwd=+0.15 right=+0.00 down=+0.20 m/s
2026-09-01 09:27:51,389 [INFO] core.navigation.centering_controller: [CENTERING] MAVI_ALTIGEN 56/200 dx=+5px dy=+6px d=0.1m ex=+0.0078 ey=+0.0125 (tol +/-0.010) alt_err=+0.29m -> fwd=-0.15 right=+0.00 down=+0.15 m/s
QGC port check failed, reporting UNKNOWN: (pid=31899)
2026-09-01 09:27:51,938 [INFO] core.navigation.centering_controller: [CENTERING] MAVI_ALTIGEN 61/200 dx=+6px dy=+22px d=0.4m ex=+0.0094 ey=+0.0458 (tol +/-0.010) alt_err=+0.23m -> fwd=-0.15 right=+0.00 down=+0.11 m/s
2026-09-01 09:27:52,256 [INFO] gz_system.main_gz: Dashboard paint loop: 0.0 FPS (main thread)
2026-09-01 09:27:52,488 [INFO] core.navigation.centering_controller: [CENTERING] MAVI_ALTIGEN 66/200 dx=+6px dy=+9px d=0.2m ex=+0.0094 ey=+0.0187 (tol +/-0.010) alt_err=+0.16m -> fwd=-0.15 right=+0.00 down=+0.08 m/s
2026-09-01 09:27:52,817 [INFO] core.navigation.centering_controller: Merkezleme tamamlandi. (attempt 69/200, dx=+5px dy=+4px ex=+0.0078 ey=+0.0083 alt_err=+0.14m)
2026-09-01 09:27:52,818 [INFO] core.navigation.centering_controller: MAVI_ALTIGEN hedefine merkezleniyor (irtifa hedefi: 5.0m, irtifa bandi +/-0.30m)...
2026-09-01 09:27:52,819 [INFO] core.navigation.centering_controller: [CENTERING] MAVI_ALTIGEN 1/200 dx=+5px dy=+4px d=0.1m ex=+0.0078 ey=+0.0083 (tol +/-0.010) alt_err=+5.14m -> fwd=+0.00 right=+0.00 down=+0.15 m/s
2026-09-01 09:27:53,385 [INFO] core.navigation.centering_controller: [CENTERING] MAVI_ALTIGEN 6/200 dx=+5px dy=-23px d=0.4m ex=+0.0078 ey=-0.0479 (tol +/-0.010) alt_err=+4.99m -> fwd=+0.15 right=+0.00 down=+0.90 m/s
2026-09-01 09:27:53,602 [INFO] core.detection.vision_runtime: [VISION] detect() calisiyor -- bu karede 2 tespit: ['MAVI_ALTIGEN', 'MAVI_DIKDORTGEN']
QGC port check failed, reporting UNKNOWN: (pid=31899)
2026-09-01 09:27:53,940 [INFO] core.navigation.centering_controller: [CENTERING] MAVI_ALTIGEN 11/200 dx=+4px dy=-13px d=0.2m ex=+0.0063 ey=-0.0271 (tol +/-0.010) alt_err=+4.48m -> fwd=+0.15 right=+0.00 down=+1.65 m/s
2026-09-01 09:27:54,492 [INFO] core.navigation.centering_controller: [CENTERING] MAVI_ALTIGEN 16/200 dx=+3px dy=-2px d=0.1m ex=+0.0047 ey=-0.0042 (tol +/-0.010) alt_err=+3.55m -> fwd=+0.00 right=+0.00 down=+1.78 m/s
2026-09-01 09:27:55,052 [INFO] core.navigation.centering_controller: [CENTERING] MAVI_ALTIGEN 21/200 dx=+5px dy=+20px d=0.3m ex=+0.0078 ey=+0.0417 (tol +/-0.010) alt_err=+2.80m -> fwd=-0.15 right=+0.00 down=+1.40 m/s
2026-09-01 09:27:55,605 [INFO] core.navigation.centering_controller: [CENTERING] MAVI_ALTIGEN 26/200 dx=+6px dy=+12px d=0.2m ex=+0.0094 ey=+0.0250 (tol +/-0.010) alt_err=+1.98m -> fwd=-0.15 right=+0.00 down=+0.99 m/s
QGC port check failed, reporting UNKNOWN: (pid=31899)
2026-09-01 09:27:56,157 [INFO] core.navigation.centering_controller: [CENTERING] MAVI_ALTIGEN 31/200 dx=+6px dy=+2px d=0.1m ex=+0.0094 ey=+0.0042 (tol +/-0.010) alt_err=+1.50m -> fwd=+0.00 right=+0.00 down=+0.75 m/s
2026-09-01 09:27:56,710 [INFO] core.detection.vision_runtime: [VISION] detect() calisiyor -- bu karede 2 tespit: ['MAVI_ALTIGEN', 'MAVI_DIKDORTGEN']
2026-09-01 09:27:56,711 [INFO] core.navigation.centering_controller: [CENTERING] MAVI_ALTIGEN 36/200 dx=+6px dy=-25px d=0.3m ex=+0.0094 ey=-0.0521 (tol +/-0.010) alt_err=+1.07m -> fwd=+0.15 right=+0.00 down=+0.54 m/s
2026-09-01 09:27:57,259 [INFO] gz_system.main_gz: Dashboard paint loop: 0.0 FPS (main thread)
2026-09-01 09:27:57,260 [INFO] core.navigation.centering_controller: [CENTERING] MAVI_ALTIGEN 41/200 dx=+5px dy=-11px d=0.1m ex=+0.0078 ey=-0.0229 (tol +/-0.010) alt_err=+0.82m -> fwd=+0.15 right=+0.00 down=+0.41 m/s
2026-09-01 09:27:57,804 [INFO] core.navigation.centering_controller: [CENTERING] MAVI_ALTIGEN 46/200 dx=+6px dy=+12px d=0.1m ex=+0.0094 ey=+0.0250 (tol +/-0.010) alt_err=+0.61m -> fwd=-0.15 right=+0.00 down=+0.30 m/s
QGC port check failed, reporting UNKNOWN: (pid=31899)
2026-09-01 09:27:58,347 [INFO] core.navigation.centering_controller: [CENTERING] MAVI_ALTIGEN 51/200 dx=+8px dy=+20px d=0.2m ex=+0.0125 ey=+0.0417 (tol +/-0.010) alt_err=+0.47m -> fwd=-0.15 right=+0.15 down=+0.24 m/s
2026-09-01 09:27:58,893 [INFO] core.navigation.centering_controller: [CENTERING] MAVI_ALTIGEN 56/200 dx=+17px dy=+4px d=0.2m ex=+0.0266 ey=+0.0083 (tol +/-0.010) alt_err=+0.34m -> fwd=+0.00 right=+0.15 down=+0.17 m/s
2026-09-01 09:27:59,437 [INFO] core.navigation.centering_controller: [CENTERING] MAVI_ALTIGEN 61/200 dx=+4px dy=-24px d=0.2m ex=+0.0063 ey=-0.0500 (tol +/-0.010) alt_err=+0.26m -> fwd=+0.15 right=+0.00 down=+0.13 m/s
2026-09-01 09:27:59,763 [INFO] core.detection.vision_runtime: [VISION] detect() calisiyor -- bu karede 1 tespit: ['MAVI_ALTIGEN']
QGC port check failed, reporting UNKNOWN: (pid=31899)
2026-09-01 09:27:59,981 [INFO] core.navigation.centering_controller: [CENTERING] MAVI_ALTIGEN 66/200 dx=-23px dy=-13px d=0.3m ex=-0.0359 ey=-0.0271 (tol +/-0.010) alt_err=+0.19m -> fwd=+0.15 right=-0.15 down=+0.10 m/s
2026-09-01 09:28:00,522 [INFO] core.navigation.centering_controller: [CENTERING] MAVI_ALTIGEN 71/200 dx=-7px dy=+5px d=0.1m ex=-0.0109 ey=+0.0104 (tol +/-0.010) alt_err=+0.15m -> fwd=-0.15 right=-0.15 down=+0.08 m/s
2026-09-01 09:28:01,067 [INFO] core.navigation.centering_controller: [CENTERING] MAVI_ALTIGEN 76/200 dx=+17px dy=+22px d=0.3m ex=+0.0266 ey=+0.0458 (tol +/-0.010) alt_err=+0.10m -> fwd=-0.15 right=+0.15 down=+0.05 m/s
2026-09-01 09:28:01,609 [INFO] core.navigation.centering_controller: [CENTERING] MAVI_ALTIGEN 81/200 dx=+20px dy=+5px d=0.2m ex=+0.0312 ey=+0.0104 (tol +/-0.010) alt_err=+0.08m -> fwd=-0.15 right=+0.15 down=+0.04 m/s
QGC port check failed, reporting UNKNOWN: (pid=31899)
2026-09-01 09:28:02,149 [INFO] core.navigation.centering_controller: [CENTERING] MAVI_ALTIGEN 86/200 dx=+5px dy=-23px d=0.2m ex=+0.0078 ey=-0.0479 (tol +/-0.010) alt_err=+0.07m -> fwd=+0.15 right=+0.00 down=+0.03 m/s
2026-09-01 09:28:02,264 [INFO] gz_system.main_gz: Dashboard paint loop: 0.0 FPS (main thread)
2026-09-01 09:28:02,692 [INFO] core.navigation.centering_controller: [CENTERING] MAVI_ALTIGEN 91/200 dx=-21px dy=-18px d=0.3m ex=-0.0328 ey=-0.0375 (tol +/-0.010) alt_err=+0.04m -> fwd=+0.15 right=-0.15 down=+0.02 m/s
2026-09-01 09:28:02,800 [INFO] core.detection.vision_runtime: [VISION] detect() calisiyor -- bu karede 1 tespit: ['MAVI_ALTIGEN']
2026-09-01 09:28:03,236 [INFO] core.navigation.centering_controller: [CENTERING] MAVI_ALTIGEN 96/200 dx=-15px dy=-3px d=0.1m ex=-0.0234 ey=-0.0063 (tol +/-0.010) alt_err=+0.03m -> fwd=+0.00 right=-0.15 down=+0.01 m/s
2026-09-01 09:28:03,779 [INFO] core.navigation.centering_controller: [CENTERING] MAVI_ALTIGEN 101/200 dx=+4px dy=+24px d=0.2m ex=+0.0063 ey=+0.0500 (tol +/-0.010) alt_err=+0.02m -> fwd=-0.15 right=+0.00 down=+0.01 m/s
QGC port check failed, reporting UNKNOWN: (pid=31899)
2026-09-01 09:28:04,324 [INFO] core.navigation.centering_controller: [CENTERING] MAVI_ALTIGEN 106/200 dx=+25px dy=+10px d=0.2m ex=+0.0391 ey=+0.0208 (tol +/-0.010) alt_err=+0.01m -> fwd=-0.15 right=+0.15 down=+0.00 m/s
2026-09-01 09:28:04,869 [INFO] core.navigation.centering_controller: [CENTERING] MAVI_ALTIGEN 111/200 dx=+8px dy=-9px d=0.1m ex=+0.0125 ey=-0.0187 (tol +/-0.010) alt_err=+0.01m -> fwd=+0.15 right=+0.15 down=+0.00 m/s
2026-09-01 09:28:05,416 [INFO] core.navigation.centering_controller: [CENTERING] MAVI_ALTIGEN 116/200 dx=-14px dy=-24px d=0.3m ex=-0.0219 ey=-0.0500 (tol +/-0.010) alt_err=+0.01m -> fwd=+0.15 right=-0.15 down=+0.00 m/s
2026-09-01 09:28:05,852 [INFO] core.detection.vision_runtime: [VISION] detect() calisiyor -- bu karede 1 tespit: ['MAVI_ALTIGEN']
QGC port check failed, reporting UNKNOWN: (pid=31899)
2026-09-01 09:28:05,962 [INFO] core.navigation.centering_controller: [CENTERING] MAVI_ALTIGEN 121/200 dx=-18px dy=-11px d=0.2m ex=-0.0281 ey=-0.0229 (tol +/-0.010) alt_err=+0.01m -> fwd=+0.15 right=-0.15 down=+0.00 m/s
2026-09-01 09:28:06,286 [INFO] core.navigation.centering_controller: Merkezleme tamamlandi. (attempt 124/200, dx=-6px dy=-3px ex=-0.0094 ey=-0.0063 alt_err=+0.01m)
2026-09-01 09:28:06,287 [INFO] core.navigation.centering_controller: MAVI_ALTIGEN hedefine merkezleniyor (irtifa hedefi: 0.45m, irtifa bandi +/-0.05m)...
2026-09-01 09:28:06,287 [INFO] core.navigation.centering_controller: [CENTERING] MAVI_ALTIGEN 1/200 dx=-6px dy=-3px d=0.1m ex=-0.0094 ey=-0.0063 (tol +/-0.010) alt_err=+4.56m -> fwd=+0.00 right=+0.00 down=+0.15 m/s
2026-09-01 09:28:06,832 [INFO] core.navigation.centering_controller: [CENTERING] MAVI_ALTIGEN 6/200 dx=+25px dy=+26px d=0.3m ex=+0.0391 ey=+0.0542 (tol +/-0.010) alt_err=+4.46m -> fwd=-0.15 right=+0.15 down=+0.90 m/s
2026-09-01 09:28:07,298 [INFO] gz_system.main_gz: Dashboard paint loop: 0.0 FPS (main thread)
2026-09-01 09:28:07,375 [INFO] core.navigation.centering_controller: [CENTERING] MAVI_ALTIGEN 11/200 dx=+22px dy=+18px d=0.2m ex=+0.0344 ey=+0.0375 (tol +/-0.010) alt_err=+3.85m -> fwd=-0.15 right=+0.15 down=+1.65 m/s
QGC port check failed, reporting UNKNOWN: (pid=31899)
2026-09-01 09:28:07,918 [INFO] core.navigation.centering_controller: [CENTERING] MAVI_ALTIGEN 16/200 dx=+7px dy=+6px d=0.1m ex=+0.0109 ey=+0.0125 (tol +/-0.010) alt_err=+3.05m -> fwd=-0.15 right=+0.15 down=+1.53 m/s
2026-09-01 09:28:08,461 [INFO] core.navigation.centering_controller: [CENTERING] MAVI_ALTIGEN 21/200 dx=-25px dy=-26px d=0.2m ex=-0.0391 ey=-0.0542 (tol +/-0.010) alt_err=+2.31m -> fwd=+0.12 right=-0.15 down=+1.15 m/s
2026-09-01 09:28:08,894 [INFO] core.detection.vision_runtime: [VISION] detect() calisiyor -- bu karede 1 tespit: ['MAVI_ALTIGEN']
2026-09-01 09:28:09,004 [INFO] core.navigation.centering_controller: [CENTERING] MAVI_ALTIGEN 26/200 dx=-20px dy=-24px d=0.1m ex=-0.0312 ey=-0.0500 (tol +/-0.010) alt_err=+1.64m -> fwd=+0.09 right=-0.12 down=+0.82 m/s
2026-09-01 09:28:09,561 [INFO] core.navigation.centering_controller: [CENTERING] MAVI_ALTIGEN 31/200 dx=+15px dy=-8px d=0.1m ex=+0.0234 ey=-0.0167 (tol +/-0.010) alt_err=+1.24m -> fwd=+0.08 right=+0.10 down=+0.62 m/s
QGC port check failed, reporting UNKNOWN: (pid=31899)
2026-09-01 09:28:10,112 [INFO] core.navigation.centering_controller: [CENTERING] MAVI_ALTIGEN 36/200 dx=+28px dy=+18px d=0.1m ex=+0.0445 ey=+0.0385 (tol +/-0.010) alt_err=+0.89m -> fwd=-0.06 right=+0.08 down=+0.44 m/s
2026-09-01 09:28:10,665 [INFO] core.navigation.centering_controller: [CENTERING] MAVI_ALTIGEN 41/200 dx=+6px dy=+19px d=0.0m ex=+0.0094 ey=+0.0396 (tol +/-0.010) alt_err=+0.67m -> fwd=-0.06 right=+0.00 down=+0.34 m/s
2026-09-01 09:28:11,216 [INFO] core.navigation.centering_controller: [CENTERING] MAVI_ALTIGEN 46/200 dx=-19px dy=-0px d=0.0m ex=-0.0297 ey=-0.0010 (tol +/-0.010) alt_err=+0.48m -> fwd=+0.00 right=-0.06 down=+0.24 m/s
2026-09-01 09:28:11,769 [INFO] core.navigation.centering_controller: [CENTERING] MAVI_ALTIGEN 51/200 dx=-26px dy=+0px d=0.0m ex=-0.0406 ey=+0.0000 (tol +/-0.010) alt_err=+0.36m -> fwd=+0.00 right=-0.06 down=+0.18 m/s
QGC port check failed, reporting UNKNOWN: (pid=31899)
2026-09-01 09:28:11,990 [INFO] core.detection.vision_runtime: [VISION] detect() calisiyor -- bu karede 2 tespit: ['MAVI_ALTIGEN', 'KIRMIZI_DIKDORTGEN']
2026-09-01 09:28:12,322 [INFO] core.navigation.centering_controller: [CENTERING] MAVI_ALTIGEN 56/200 dx=+0px dy=+0px d=0.0m ex=+0.0000 ey=+0.0000 (tol +/-0.010) alt_err=+0.28m -> fwd=+0.00 right=+0.00 down=+0.14 m/s
2026-09-01 09:28:12,337 [INFO] gz_system.main_gz: Dashboard paint loop: 0.0 FPS (main thread)
2026-09-01 09:28:12,872 [INFO] core.navigation.centering_controller: [CENTERING] MAVI_ALTIGEN 61/200 dx=+0px dy=+0px d=0.0m ex=+0.0000 ey=+0.0000 (tol +/-0.010) alt_err=+0.22m -> fwd=+0.00 right=+0.00 down=+0.11 m/s
2026-09-01 09:28:13,424 [INFO] core.navigation.centering_controller: [CENTERING] MAVI_ALTIGEN 66/200 dx=+0px dy=+0px d=0.0m ex=+0.0000 ey=+0.0000 (tol +/-0.010) alt_err=+0.19m -> fwd=+0.00 right=+0.00 down=+0.09 m/s
2026-09-01 09:28:13,533 [WARNING] core.navigation.centering_controller: [LOW_ALT_OPEN_LOOP_DESCENT] MAVI_ALTIGEN: goruntu 0.64m'de kayboldu -- dondurulmus kestirime (47.3987519, 8.5460282, offset=0.0cm @ 0.64m) gore 0.45m'ye alcalmaya devam.
QGC port check failed, reporting UNKNOWN: (pid=31899)
2026-09-01 09:28:14,852 [INFO] core.navigation.centering_controller: [LOW_ALT_OPEN_LOOP_DESCENT] MAVI_ALTIGEN: 0.493m'ye ulasildi (hedef 0.45m).
2026-09-01 09:28:14,852 [INFO] core.navigation.centering_controller: [AIM_OFFSET_APPLIED] MAVI_ALTIGEN: montaj (ileri=0.00, sag=0.04) m, yon=2.0 deg -> tutma noktasi (47.3987519, 8.5460278) olarak otelendi (kuzey +0.00, dogu -0.03 m).
2026-09-01 09:28:15,072 [INFO] core.detection.vision_runtime: [VISION] detect() calisiyor -- bu karede 1 tespit: ['KIRMIZI_DIKDORTGEN']
2026-09-01 09:28:15,183 [INFO] core.navigation.centering_controller: [MOUNT_TRANSLATE_DONE] MAVI_ALTIGEN: kalan 5.0 cm, sure 0.33 s (yakinsadi).
2026-09-01 09:28:15,183 [WARNING] core.navigation.centering_controller: [LOW_ALT_OPEN_LOOP_DESCENT] MAVI_ALTIGEN: goruntu 0.46m'de kayboldu -- dondurulmus kestirime (47.3987519, 8.5460278, offset=0.0cm @ 0.64m) gore 0.45m'ye alcalmaya devam.
2026-09-01 09:28:15,183 [INFO] core.navigation.centering_controller: [LOW_ALT_OPEN_LOOP_DESCENT] MAVI_ALTIGEN: 0.463m'ye ulasildi (hedef 0.45m).
2026-09-01 09:28:15,183 [INFO] core.navigation.centering_controller: 0.1m ileri hareket ediliyor (0.3 m/s, 0.3s)...
2026-09-01 09:28:15,620 [INFO] core.mission.payload_release: [RELEASE_OFFSET] MAVI_ALTIGEN: {'shape_type': 'MAVI_ALTIGEN', 'altitude_m': 0.463, 'target_visible': False, 'best_known_offset_cm': 9.48, 'best_known_offset_alt_m': 5.007}
2026-09-01 09:28:15,620 [INFO] core.mission.payload_release: [MOUNT_VECTOR_MEASURED] MAVI_ALTIGEN: {'world_dx': 0.0569, 'world_dy': 0.13, 'gazebo_yaw_deg': 90.99, 'body_forward_m': 0.129, 'body_right_m': 0.0591} (uygulanan: (0.0, 0.035))
2026-09-01 09:28:15,621 [INFO] gz_system.gz_payload_actuator: Gazebo DetachableJoint tetikleniyor: /payload/detach/red
I0901 09:28:15.621783 13372419 fork_posix.cc:71] Other threads are currently calling into gRPC, skipping fork() handlers
I0901 09:28:15.676683 13372419 fork_posix.cc:71] Other threads are currently calling into gRPC, skipping fork() handlers
I0901 09:28:15.732839 13372419 fork_posix.cc:71] Other threads are currently calling into gRPC, skipping fork() handlers
I0901 09:28:15.775983 13372419 fork_posix.cc:71] Other threads are currently calling into gRPC, skipping fork() handlers
I0901 09:28:15.826999 13372419 fork_posix.cc:71] Other threads are currently calling into gRPC, skipping fork() handlers
QGC port check failed, reporting UNKNOWN: (pid=31899)
2026-09-01 09:28:16,748 [INFO] gz_system.gz_payload_actuator: Yuk ayrildi (red), gecikme 0.000 s.
2026-09-01 09:28:16,749 [INFO] core.mission.payload_release: [PAYLOAD_RELEASED] PAYLOAD 2 RELEASED @0.46m
2026-09-01 09:28:17,346 [INFO] gz_system.main_gz: Dashboard paint loop: 0.0 FPS (main thread)
QGC port check failed, reporting UNKNOWN: (pid=27647)
2026-09-01 09:28:18,147 [INFO] core.detection.vision_runtime: [VISION] detect() calisiyor -- bu karede 1 tespit: ['KIRMIZI_DIKDORTGEN']
2026-09-01 09:28:18,750 [INFO] core.mission.payload_release: [PAYLOAD_FINAL_POSE] MAVI_ALTIGEN: x=-10.214 y=86.973 z=0.041 merkeze 7269.4 cm egim 0.0 deg (HEDEF DISINDA)
2026-09-01 09:28:18,750 [INFO] core.mission.payload_release: Doğrulama işareti aranıyor: KIRMIZI_DIKDORTGEN
2026-09-01 09:28:18,750 [INFO] core.mission.payload_release: Yük bırakma DOĞRULANDI: KIRMIZI_DIKDORTGEN tespit edildi.
2026-09-01 09:28:18,750 [INFO] core.navigation.centering_controller: 15.0m irtifasina tirmaniliyor (goruntuden bagimsiz)...
QGC port check failed, reporting UNKNOWN: (pid=27647)
2026-09-01 09:28:21,225 [INFO] core.detection.vision_runtime: [VISION] detect() calisiyor -- bu karede 1 tespit: ['MAVI_ALTIGEN']
QGC port check failed, reporting UNKNOWN: (pid=27647)
2026-09-01 09:28:22,374 [INFO] gz_system.main_gz: Dashboard paint loop: 0.0 FPS (main thread)
QGC port check failed, reporting UNKNOWN: (pid=27647)
2026-09-01 09:28:24,311 [INFO] core.detection.vision_runtime: [VISION] detect() calisiyor -- bu karede 2 tespit: ['MAVI_ALTIGEN', 'MAVI_DIKDORTGEN']
QGC port check failed, reporting UNKNOWN: (pid=27647)
2026-09-01 09:28:27,376 [INFO] gz_system.main_gz: Dashboard paint loop: 0.0 FPS (main thread)
2026-09-01 09:28:27,391 [INFO] core.detection.vision_runtime: [VISION] detect() calisiyor -- bu karede 2 tespit: ['MAVI_ALTIGEN', 'MAVI_DIKDORTGEN']
QGC port check failed, reporting UNKNOWN: (pid=27647)
2026-09-01 09:28:28,386 [INFO] core.mission.gorev2_fsm: PAYLOAD MISSION 2 basliyor (Kirmizi Ucgen / BLUE payload)
2026-09-01 09:28:28,386 [INFO] core.navigation.centering_controller: Kayitli GPS konumuna gidiliyor: lat=47.398113599999995, lon=8.5460067, alt=15.0m
QGC port check failed, reporting UNKNOWN: (pid=27647)
2026-09-01 09:28:30,494 [INFO] core.detection.vision_runtime: [VISION] detect() calisiyor -- bu karede 3 tespit: ['MAVI_ALTIGEN', 'KIRMIZI_DIKDORTGEN', 'MAVI_DIKDORTGEN']
QGC port check failed, reporting UNKNOWN: (pid=27647)
2026-09-01 09:28:32,385 [INFO] gz_system.main_gz: Dashboard paint loop: 0.0 FPS (main thread)
2026-09-01 09:28:33,540 [INFO] core.detection.vision_runtime: [VISION] detect() calisiyor -- bu karede 0 tespit: []
QGC port check failed, reporting UNKNOWN: (pid=32093)
QGC port check failed, reporting UNKNOWN: (pid=27647)
2026-09-01 09:28:36,599 [INFO] core.detection.vision_runtime: [VISION] detect() calisiyor -- bu karede 1 tespit: ['KIRMIZI_UCGEN']
2026-09-01 09:28:36,599 [INFO] core.mission.payload_release: Yük bırakma başlatılıyor: KIRMIZI_UCGEN
2026-09-01 09:28:36,599 [INFO] core.navigation.centering_controller: KIRMIZI_UCGEN hedefine merkezleniyor (irtifa hedefi: 10.0m, irtifa bandi +/-0.30m)...
2026-09-01 09:28:36,600 [INFO] core.navigation.centering_controller: [CENTERING] KIRMIZI_UCGEN 1/200 dx=+37px dy=-223px d=6.3m ex=+0.0578 ey=-0.4646 (tol +/-0.010) alt_err=+5.04m -> fwd=+0.15 right=+0.15 down=+0.15 m/s
2026-09-01 09:28:37,151 [INFO] core.navigation.centering_controller: [CENTERING] KIRMIZI_UCGEN 6/200 dx=+19px dy=-65px d=1.9m ex=+0.0297 ey=-0.1354 (tol +/-0.010) alt_err=+4.92m -> fwd=+0.20 right=+0.15 down=+0.90 m/s
2026-09-01 09:28:37,401 [INFO] gz_system.main_gz: Dashboard paint loop: 0.0 FPS (main thread)
2026-09-01 09:28:37,699 [INFO] core.navigation.centering_controller: [CENTERING] KIRMIZI_UCGEN 11/200 dx=+16px dy=-45px d=1.3m ex=+0.0250 ey=-0.0938 (tol +/-0.010) alt_err=+4.43m -> fwd=+0.15 right=+0.15 down=+1.65 m/s
QGC port check failed, reporting UNKNOWN: (pid=27647)
2026-09-01 09:28:38,249 [INFO] core.navigation.centering_controller: [CENTERING] KIRMIZI_UCGEN 16/200 dx=+12px dy=-49px d=1.3m ex=+0.0187 ey=-0.1021 (tol +/-0.010) alt_err=+3.47m -> fwd=+0.15 right=+0.15 down=+1.74 m/s
2026-09-01 09:28:38,801 [INFO] core.navigation.centering_controller: [CENTERING] KIRMIZI_UCGEN 21/200 dx=+6px dy=-50px d=1.2m ex=+0.0094 ey=-0.1042 (tol +/-0.010) alt_err=+2.67m -> fwd=+0.16 right=+0.00 down=+1.33 m/s
2026-09-01 09:28:39,353 [INFO] core.navigation.centering_controller: [CENTERING] KIRMIZI_UCGEN 26/200 dx=-7px dy=-42px d=0.9m ex=-0.0109 ey=-0.0875 (tol +/-0.010) alt_err=+1.86m -> fwd=+0.15 right=-0.15 down=+0.93 m/s
2026-09-01 09:28:39,681 [INFO] core.detection.vision_runtime: [VISION] detect() calisiyor -- bu karede 1 tespit: ['KIRMIZI_UCGEN']
2026-09-01 09:28:39,903 [INFO] core.navigation.centering_controller: [CENTERING] KIRMIZI_UCGEN 31/200 dx=-10px dy=-32px d=0.7m ex=-0.0156 ey=-0.0667 (tol +/-0.010) alt_err=+1.39m -> fwd=+0.15 right=-0.15 down=+0.69 m/s
QGC port check failed, reporting UNKNOWN: (pid=27647)
2026-09-01 09:28:40,453 [INFO] core.navigation.centering_controller: [CENTERING] KIRMIZI_UCGEN 36/200 dx=+7px dy=-20px d=0.4m ex=+0.0109 ey=-0.0417 (tol +/-0.010) alt_err=+0.97m -> fwd=+0.15 right=+0.15 down=+0.48 m/s
2026-09-01 09:28:41,003 [INFO] core.navigation.centering_controller: [CENTERING] KIRMIZI_UCGEN 41/200 dx=+13px dy=-5px d=0.3m ex=+0.0203 ey=-0.0104 (tol +/-0.010) alt_err=+0.73m -> fwd=+0.15 right=+0.15 down=+0.37 m/s
2026-09-01 09:28:41,554 [INFO] core.navigation.centering_controller: [CENTERING] KIRMIZI_UCGEN 46/200 dx=-7px dy=+28px d=0.6m ex=-0.0109 ey=+0.0583 (tol +/-0.010) alt_err=+0.52m -> fwd=-0.15 right=-0.15 down=+0.26 m/s
QGC port check failed, reporting UNKNOWN: (pid=27647)
2026-09-01 09:28:42,109 [INFO] core.navigation.centering_controller: [CENTERING] KIRMIZI_UCGEN 51/200 dx=-24px dy=+34px d=0.8m ex=-0.0375 ey=+0.0708 (tol +/-0.010) alt_err=+0.39m -> fwd=-0.15 right=-0.15 down=+0.20 m/s
2026-09-01 09:28:42,418 [INFO] gz_system.main_gz: Dashboard paint loop: 0.0 FPS (main thread)
2026-09-01 09:28:42,660 [INFO] core.navigation.centering_controller: [CENTERING] KIRMIZI_UCGEN 56/200 dx=-12px dy=+34px d=0.7m ex=-0.0187 ey=+0.0708 (tol +/-0.010) alt_err=+0.28m -> fwd=-0.15 right=-0.15 down=+0.14 m/s
2026-09-01 09:28:42,768 [INFO] core.detection.vision_runtime: [VISION] detect() calisiyor -- bu karede 1 tespit: ['KIRMIZI_UCGEN']
2026-09-01 09:28:43,210 [INFO] core.navigation.centering_controller: [CENTERING] KIRMIZI_UCGEN 61/200 dx=-7px dy=+38px d=0.7m ex=-0.0109 ey=+0.0792 (tol +/-0.010) alt_err=+0.21m -> fwd=-0.15 right=-0.15 down=+0.10 m/s
2026-09-01 09:28:43,761 [INFO] core.navigation.centering_controller: [CENTERING] KIRMIZI_UCGEN 66/200 dx=+8px dy=+42px d=0.8m ex=+0.0125 ey=+0.0875 (tol +/-0.010) alt_err=+0.15m -> fwd=-0.15 right=+0.15 down=+0.07 m/s
QGC port check failed, reporting UNKNOWN: (pid=27647)
2026-09-01 09:28:44,315 [INFO] core.navigation.centering_controller: [CENTERING] KIRMIZI_UCGEN 71/200 dx=+14px dy=+45px d=0.9m ex=+0.0219 ey=+0.0938 (tol +/-0.010) alt_err=+0.10m -> fwd=-0.15 right=+0.15 down=+0.05 m/s
2026-09-01 09:28:44,863 [INFO] core.navigation.centering_controller: [CENTERING] KIRMIZI_UCGEN 76/200 dx=-5px dy=+49px d=0.9m ex=-0.0078 ey=+0.1021 (tol +/-0.010) alt_err=+0.08m -> fwd=-0.15 right=+0.00 down=+0.04 m/s
2026-09-01 09:28:45,311 [INFO] core.navigation.centering_controller: [CENTERING] KIRMIZI_UCGEN 81/200 dx=-23px dy=+51px d=1.0m ex=-0.0359 ey=+0.1062 (tol +/-0.010) alt_err=+0.06m -> fwd=-0.16 right=-0.15 down=+0.03 m/s
2026-09-01 09:28:45,861 [INFO] core.detection.vision_runtime: [VISION] detect() calisiyor -- bu karede 1 tespit: ['KIRMIZI_UCGEN']
2026-09-01 09:28:45,862 [INFO] core.navigation.centering_controller: [CENTERING] KIRMIZI_UCGEN 86/200 dx=-10px dy=+51px d=1.0m ex=-0.0156 ey=+0.1062 (tol +/-0.010) alt_err=+0.05m -> fwd=-0.16 right=-0.15 down=+0.03 m/s
2026-09-01 09:28:46,414 [INFO] core.navigation.centering_controller: [CENTERING] KIRMIZI_UCGEN 91/200 dx=+10px dy=+51px d=1.0m ex=+0.0156 ey=+0.1062 (tol +/-0.010) alt_err=+0.03m -> fwd=-0.16 right=+0.15 down=+0.02 m/s
QGC port check failed, reporting UNKNOWN: (pid=27647)
2026-09-01 09:28:46,962 [INFO] core.navigation.centering_controller: [CENTERING] KIRMIZI_UCGEN 96/200 dx=+16px dy=+47px d=0.9m ex=+0.0250 ey=+0.0979 (tol +/-0.010) alt_err=+0.02m -> fwd=-0.15 right=+0.15 down=+0.01 m/s
2026-09-01 09:28:47,433 [INFO] gz_system.main_gz: Dashboard paint loop: 0.0 FPS (main thread)
2026-09-01 09:28:47,515 [INFO] core.navigation.centering_controller: [CENTERING] KIRMIZI_UCGEN 101/200 dx=-5px dy=+45px d=0.8m ex=-0.0078 ey=+0.0938 (tol +/-0.010) alt_err=+0.01m -> fwd=-0.15 right=+0.00 down=+0.00 m/s
2026-09-01 09:28:48,064 [INFO] core.navigation.centering_controller: [CENTERING] KIRMIZI_UCGEN 106/200 dx=-22px dy=+43px d=0.9m ex=-0.0344 ey=+0.0896 (tol +/-0.010) alt_err=+0.01m -> fwd=-0.15 right=-0.15 down=+0.00 m/s
2026-09-01 09:28:48,614 [INFO] core.navigation.centering_controller: [CENTERING] KIRMIZI_UCGEN 111/200 dx=-7px dy=+41px d=0.8m ex=-0.0109 ey=+0.0854 (tol +/-0.010) alt_err=+0.01m -> fwd=-0.15 right=-0.15 down=+0.01 m/s
QGC port check failed, reporting UNKNOWN: (pid=27647)
2026-09-01 09:28:48,941 [INFO] core.detection.vision_runtime: [VISION] detect() calisiyor -- bu karede 1 tespit: ['KIRMIZI_UCGEN']
2026-09-01 09:28:49,163 [INFO] core.navigation.centering_controller: [CENTERING] KIRMIZI_UCGEN 116/200 dx=+9px dy=+39px d=0.7m ex=+0.0141 ey=+0.0813 (tol +/-0.010) alt_err=-0.00m -> fwd=-0.15 right=+0.15 down=-0.00 m/s
2026-09-01 09:28:49,711 [INFO] core.navigation.centering_controller: [CENTERING] KIRMIZI_UCGEN 121/200 dx=+18px dy=+36px d=0.7m ex=+0.0281 ey=+0.0750 (tol +/-0.010) alt_err=-0.00m -> fwd=-0.15 right=+0.15 down=-0.00 m/s
2026-09-01 09:28:50,260 [INFO] core.navigation.centering_controller: [CENTERING] KIRMIZI_UCGEN 126/200 dx=+5px dy=+33px d=0.6m ex=+0.0078 ey=+0.0688 (tol +/-0.010) alt_err=-0.00m -> fwd=-0.15 right=+0.00 down=-0.00 m/s
2026-09-01 09:28:50,811 [INFO] core.navigation.centering_controller: [CENTERING] KIRMIZI_UCGEN 131/200 dx=-22px dy=+29px d=0.7m ex=-0.0344 ey=+0.0604 (tol +/-0.010) alt_err=-0.01m -> fwd=-0.15 right=-0.15 down=-0.00 m/s
QGC port check failed, reporting UNKNOWN: (pid=27647)
2026-09-01 09:28:51,361 [INFO] core.navigation.centering_controller: [CENTERING] KIRMIZI_UCGEN 136/200 dx=-8px dy=+27px d=0.5m ex=-0.0125 ey=+0.0563 (tol +/-0.010) alt_err=-0.00m -> fwd=-0.15 right=-0.15 down=-0.00 m/s
2026-09-01 09:28:51,910 [INFO] core.navigation.centering_controller: [CENTERING] KIRMIZI_UCGEN 141/200 dx=+12px dy=+23px d=0.5m ex=+0.0187 ey=+0.0479 (tol +/-0.010) alt_err=+0.01m -> fwd=-0.15 right=+0.15 down=+0.00 m/s
2026-09-01 09:28:52,021 [INFO] core.detection.vision_runtime: [VISION] detect() calisiyor -- bu karede 1 tespit: ['KIRMIZI_UCGEN']
2026-09-01 09:28:52,451 [INFO] gz_system.main_gz: Dashboard paint loop: 0.0 FPS (main thread)
2026-09-01 09:28:52,463 [INFO] core.navigation.centering_controller: [CENTERING] KIRMIZI_UCGEN 146/200 dx=+14px dy=+19px d=0.4m ex=+0.0219 ey=+0.0396 (tol +/-0.010) alt_err=+0.01m -> fwd=-0.15 right=+0.15 down=+0.01 m/s
QGC port check failed, reporting UNKNOWN: (pid=27647)
2026-09-01 09:28:53,012 [INFO] core.navigation.centering_controller: [CENTERING] KIRMIZI_UCGEN 151/200 dx=+2px dy=+15px d=0.3m ex=+0.0031 ey=+0.0312 (tol +/-0.010) alt_err=+0.00m -> fwd=-0.15 right=+0.00 down=+0.00 m/s
2026-09-01 09:28:53,561 [INFO] core.navigation.centering_controller: [CENTERING] KIRMIZI_UCGEN 156/200 dx=-23px dy=+11px d=0.5m ex=-0.0359 ey=+0.0229 (tol +/-0.010) alt_err=+0.00m -> fwd=-0.15 right=-0.15 down=+0.00 m/s
2026-09-01 09:28:54,114 [INFO] core.navigation.centering_controller: [CENTERING] KIRMIZI_UCGEN 161/200 dx=-10px dy=+7px d=0.2m ex=-0.0156 ey=+0.0146 (tol +/-0.010) alt_err=+0.00m -> fwd=-0.15 right=-0.15 down=+0.00 m/s
2026-09-01 09:28:54,333 [INFO] core.navigation.centering_controller: Merkezleme tamamlandi. (attempt 163/200, dx=-5px dy=+4px ex=-0.0078 ey=+0.0083 alt_err=+0.00m)
2026-09-01 09:28:54,335 [INFO] core.navigation.centering_controller: KIRMIZI_UCGEN hedefine merkezleniyor (irtifa hedefi: 5.0m, irtifa bandi +/-0.30m)...
2026-09-01 09:28:54,336 [INFO] core.navigation.centering_controller: [CENTERING] KIRMIZI_UCGEN 1/200 dx=-5px dy=+4px d=0.1m ex=-0.0078 ey=+0.0083 (tol +/-0.010) alt_err=+5.00m -> fwd=+0.00 right=+0.00 down=+0.15 m/s
QGC port check failed, reporting UNKNOWN: (pid=27647)
2026-09-01 09:28:54,887 [INFO] core.navigation.centering_controller: [CENTERING] KIRMIZI_UCGEN 6/200 dx=+20px dy=-17px d=0.5m ex=+0.0312 ey=-0.0354 (tol +/-0.010) alt_err=+4.89m -> fwd=+0.15 right=+0.15 down=+0.90 m/s
2026-09-01 09:28:55,105 [INFO] core.detection.vision_runtime: [VISION] detect() calisiyor -- bu karede 1 tespit: ['KIRMIZI_UCGEN']
2026-09-01 09:28:55,437 [INFO] core.navigation.centering_controller: [CENTERING] KIRMIZI_UCGEN 11/200 dx=+15px dy=-13px d=0.3m ex=+0.0234 ey=-0.0271 (tol +/-0.010) alt_err=+4.29m -> fwd=+0.15 right=+0.15 down=+1.65 m/s
2026-09-01 09:28:55,987 [INFO] core.navigation.centering_controller: [CENTERING] KIRMIZI_UCGEN 16/200 dx=+3px dy=-1px d=0.0m ex=+0.0047 ey=-0.0021 (tol +/-0.010) alt_err=+3.52m -> fwd=+0.00 right=+0.00 down=+1.76 m/s
2026-09-01 09:28:56,538 [INFO] core.navigation.centering_controller: [CENTERING] KIRMIZI_UCGEN 21/200 dx=-20px dy=+25px d=0.5m ex=-0.0312 ey=+0.0521 (tol +/-0.010) alt_err=+2.61m -> fwd=-0.15 right=-0.15 down=+1.30 m/s
QGC port check failed, reporting UNKNOWN: (pid=27647)
2026-09-01 09:28:57,089 [INFO] core.navigation.centering_controller: [CENTERING] KIRMIZI_UCGEN 26/200 dx=-10px dy=+11px d=0.2m ex=-0.0156 ey=+0.0229 (tol +/-0.010) alt_err=+1.96m -> fwd=-0.15 right=-0.15 down=+0.98 m/s
2026-09-01 09:28:57,466 [INFO] gz_system.main_gz: Dashboard paint loop: 0.0 FPS (main thread)
2026-09-01 09:28:57,641 [INFO] core.navigation.centering_controller: [CENTERING] KIRMIZI_UCGEN 31/200 dx=+11px dy=-6px d=0.1m ex=+0.0172 ey=-0.0125 (tol +/-0.010) alt_err=+1.39m -> fwd=+0.15 right=+0.15 down=+0.70 m/s
2026-09-01 09:28:58,189 [INFO] core.detection.vision_runtime: [VISION] detect() calisiyor -- bu karede 1 tespit: ['KIRMIZI_UCGEN']
2026-09-01 09:28:58,190 [INFO] core.navigation.centering_controller: [CENTERING] KIRMIZI_UCGEN 36/200 dx=+21px dy=-19px d=0.3m ex=+0.0328 ey=-0.0396 (tol +/-0.010) alt_err=+1.06m -> fwd=+0.15 right=+0.15 down=+0.53 m/s
2026-09-01 09:28:58,742 [INFO] core.navigation.centering_controller: [CENTERING] KIRMIZI_UCGEN 41/200 dx=+6px dy=-3px d=0.1m ex=+0.0094 ey=-0.0063 (tol +/-0.010) alt_err=+0.77m -> fwd=+0.00 right=+0.00 down=+0.38 m/s
QGC port check failed, reporting UNKNOWN: (pid=27647)
2026-09-01 09:28:59,295 [INFO] core.navigation.centering_controller: [CENTERING] KIRMIZI_UCGEN 46/200 dx=-18px dy=+25px d=0.3m ex=-0.0281 ey=+0.0521 (tol +/-0.010) alt_err=+0.60m -> fwd=-0.15 right=-0.15 down=+0.30 m/s
2026-09-01 09:28:59,846 [INFO] core.navigation.centering_controller: [CENTERING] KIRMIZI_UCGEN 51/200 dx=-9px dy=+15px d=0.2m ex=-0.0141 ey=+0.0312 (tol +/-0.010) alt_err=+0.45m -> fwd=-0.15 right=-0.15 down=+0.22 m/s
2026-09-01 09:29:00,394 [INFO] core.navigation.centering_controller: [CENTERING] KIRMIZI_UCGEN 56/200 dx=+17px dy=+3px d=0.2m ex=+0.0266 ey=+0.0063 (tol +/-0.010) alt_err=+0.34m -> fwd=+0.00 right=+0.15 down=+0.17 m/s
QGC port check failed, reporting UNKNOWN: (pid=27647)
2026-09-01 09:29:00,946 [INFO] core.navigation.centering_controller: [CENTERING] KIRMIZI_UCGEN 61/200 dx=+18px dy=-25px d=0.3m ex=+0.0281 ey=-0.0521 (tol +/-0.010) alt_err=+0.25m -> fwd=+0.15 right=+0.15 down=+0.13 m/s
2026-09-01 09:29:01,276 [INFO] core.detection.vision_runtime: [VISION] detect() calisiyor -- bu karede 1 tespit: ['KIRMIZI_UCGEN']
2026-09-01 09:29:01,498 [INFO] core.navigation.centering_controller: [CENTERING] KIRMIZI_UCGEN 66/200 dx=+4px dy=-12px d=0.1m ex=+0.0063 ey=-0.0250 (tol +/-0.010) alt_err=+0.20m -> fwd=+0.15 right=+0.00 down=+0.10 m/s
2026-09-01 09:29:02,049 [INFO] core.navigation.centering_controller: [CENTERING] KIRMIZI_UCGEN 71/200 dx=-20px dy=+9px d=0.2m ex=-0.0312 ey=+0.0187 (tol +/-0.010) alt_err=+0.16m -> fwd=-0.15 right=-0.15 down=+0.08 m/s
2026-09-01 09:29:02,489 [INFO] gz_system.main_gz: Dashboard paint loop: 0.0 FPS (main thread)
2026-09-01 09:29:02,602 [INFO] core.navigation.centering_controller: [CENTERING] KIRMIZI_UCGEN 76/200 dx=-15px dy=+25px d=0.3m ex=-0.0234 ey=+0.0521 (tol +/-0.010) alt_err=+0.14m -> fwd=-0.15 right=-0.15 down=+0.07 m/s
QGC port check failed, reporting UNKNOWN: (pid=27647)
2026-09-01 09:29:03,152 [INFO] core.navigation.centering_controller: [CENTERING] KIRMIZI_UCGEN 81/200 dx=-3px dy=+10px d=0.1m ex=-0.0047 ey=+0.0208 (tol +/-0.010) alt_err=+0.11m -> fwd=-0.15 right=+0.00 down=+0.05 m/s
2026-09-01 09:29:03,702 [INFO] core.navigation.centering_controller: [CENTERING] KIRMIZI_UCGEN 86/200 dx=+23px dy=-14px d=0.3m ex=+0.0359 ey=-0.0292 (tol +/-0.010) alt_err=+0.08m -> fwd=+0.15 right=+0.15 down=+0.04 m/s
2026-09-01 09:29:04,253 [INFO] core.navigation.centering_controller: [CENTERING] KIRMIZI_UCGEN 91/200 dx=+11px dy=-20px d=0.2m ex=+0.0172 ey=-0.0417 (tol +/-0.010) alt_err=+0.05m -> fwd=+0.15 right=+0.15 down=+0.03 m/s
2026-09-01 09:29:04,361 [INFO] core.detection.vision_runtime: [VISION] detect() calisiyor -- bu karede 1 tespit: ['KIRMIZI_UCGEN']
2026-09-01 09:29:04,802 [INFO] core.navigation.centering_controller: [CENTERING] KIRMIZI_UCGEN 96/200 dx=-10px dy=-5px d=0.1m ex=-0.0156 ey=-0.0104 (tol +/-0.010) alt_err=+0.04m -> fwd=+0.15 right=-0.15 down=+0.02 m/s
QGC port check failed, reporting UNKNOWN: (pid=27647)
2026-09-01 09:29:05,349 [INFO] core.navigation.centering_controller: [CENTERING] KIRMIZI_UCGEN 101/200 dx=-21px dy=+24px d=0.3m ex=-0.0328 ey=+0.0500 (tol +/-0.010) alt_err=+0.03m -> fwd=-0.15 right=-0.15 down=+0.01 m/s
2026-09-01 09:29:05,901 [INFO] core.navigation.centering_controller: [CENTERING] KIRMIZI_UCGEN 106/200 dx=-5px dy=+22px d=0.2m ex=-0.0078 ey=+0.0458 (tol +/-0.010) alt_err=+0.02m -> fwd=-0.15 right=+0.00 down=+0.01 m/s
2026-09-01 09:29:06,452 [INFO] core.navigation.centering_controller: [CENTERING] KIRMIZI_UCGEN 111/200 dx=+26px dy=+6px d=0.2m ex=+0.0406 ey=+0.0125 (tol +/-0.010) alt_err=+0.01m -> fwd=-0.15 right=+0.15 down=+0.01 m/s
QGC port check failed, reporting UNKNOWN: (pid=27647)
2026-09-01 09:29:07,003 [INFO] core.navigation.centering_controller: [CENTERING] KIRMIZI_UCGEN 116/200 dx=+13px dy=-22px d=0.2m ex=+0.0203 ey=-0.0458 (tol +/-0.010) alt_err=+0.01m -> fwd=+0.15 right=+0.15 down=+0.01 m/s
2026-09-01 09:29:07,443 [INFO] core.detection.vision_runtime: [VISION] detect() calisiyor -- bu karede 1 tespit: ['KIRMIZI_UCGEN']
2026-09-01 09:29:07,497 [INFO] gz_system.main_gz: Dashboard paint loop: 0.0 FPS (main thread)
2026-09-01 09:29:07,553 [INFO] core.navigation.centering_controller: [CENTERING] KIRMIZI_UCGEN 121/200 dx=-7px dy=-16px d=0.2m ex=-0.0109 ey=-0.0333 (tol +/-0.010) alt_err=+0.00m -> fwd=+0.15 right=-0.15 down=+0.00 m/s
2026-09-01 09:29:08,108 [INFO] core.navigation.centering_controller: [CENTERING] KIRMIZI_UCGEN 126/200 dx=-24px dy=+0px d=0.2m ex=-0.0375 ey=+0.0000 (tol +/-0.010) alt_err=-0.00m -> fwd=+0.00 right=-0.15 down=-0.00 m/s
2026-09-01 09:29:08,665 [INFO] core.navigation.centering_controller: [CENTERING] KIRMIZI_UCGEN 131/200 dx=-2px dy=+26px d=0.2m ex=-0.0031 ey=+0.0542 (tol +/-0.010) alt_err=-0.01m -> fwd=-0.15 right=+0.00 down=-0.00 m/s
QGC port check failed, reporting UNKNOWN: (pid=27647)
2026-09-01 09:29:09,212 [INFO] core.navigation.centering_controller: [CENTERING] KIRMIZI_UCGEN 136/200 dx=+26px dy=+10px d=0.3m ex=+0.0406 ey=+0.0208 (tol +/-0.010) alt_err=-0.01m -> fwd=-0.15 right=+0.15 down=-0.00 m/s
2026-09-01 09:29:09,763 [INFO] core.navigation.centering_controller: [CENTERING] KIRMIZI_UCGEN 141/200 dx=+14px dy=-9px d=0.2m ex=+0.0219 ey=-0.0187 (tol +/-0.010) alt_err=-0.01m -> fwd=+0.15 right=+0.15 down=-0.01 m/s
2026-09-01 09:29:10,312 [INFO] core.navigation.centering_controller: [CENTERING] KIRMIZI_UCGEN 146/200 dx=-3px dy=-25px d=0.2m ex=-0.0047 ey=-0.0521 (tol +/-0.010) alt_err=+0.00m -> fwd=+0.15 right=+0.00 down=+0.00 m/s
2026-09-01 09:29:10,530 [INFO] core.detection.vision_runtime: [VISION] detect() calisiyor -- bu karede 1 tespit: ['KIRMIZI_UCGEN']
2026-09-01 09:29:10,863 [INFO] core.navigation.centering_controller: [CENTERING] KIRMIZI_UCGEN 151/200 dx=-21px dy=-7px d=0.2m ex=-0.0328 ey=-0.0146 (tol +/-0.010) alt_err=+0.01m -> fwd=+0.15 right=-0.15 down=+0.00 m/s
QGC port check failed, reporting UNKNOWN: (pid=27647)
2026-09-01 09:29:11,413 [INFO] core.navigation.centering_controller: [CENTERING] KIRMIZI_UCGEN 156/200 dx=-4px dy=+17px d=0.2m ex=-0.0063 ey=+0.0354 (tol +/-0.010) alt_err=+0.01m -> fwd=-0.15 right=+0.00 down=+0.00 m/s
2026-09-01 09:29:11,965 [INFO] core.navigation.centering_controller: [CENTERING] KIRMIZI_UCGEN 161/200 dx=+22px dy=+24px d=0.3m ex=+0.0344 ey=+0.0500 (tol +/-0.010) alt_err=+0.01m -> fwd=-0.15 right=+0.15 down=+0.01 m/s
2026-09-01 09:29:12,503 [INFO] gz_system.main_gz: Dashboard paint loop: 0.0 FPS (main thread)
2026-09-01 09:29:12,515 [INFO] core.navigation.centering_controller: [CENTERING] KIRMIZI_UCGEN 166/200 dx=+17px dy=+8px d=0.2m ex=+0.0266 ey=+0.0167 (tol +/-0.010) alt_err=+0.01m -> fwd=-0.15 right=+0.15 down=+0.00 m/s
QGC port check failed, reporting UNKNOWN: (pid=27647)
2026-09-01 09:29:13,064 [INFO] core.navigation.centering_controller: [CENTERING] KIRMIZI_UCGEN 171/200 dx=+0px dy=-13px d=0.1m ex=+0.0000 ey=-0.0271 (tol +/-0.010) alt_err=+0.00m -> fwd=+0.15 right=+0.00 down=+0.00 m/s
2026-09-01 09:29:13,613 [INFO] core.detection.vision_runtime: [VISION] detect() calisiyor -- bu karede 1 tespit: ['KIRMIZI_UCGEN']
2026-09-01 09:29:13,614 [INFO] core.navigation.centering_controller: [CENTERING] KIRMIZI_UCGEN 176/200 dx=-25px dy=-19px d=0.3m ex=-0.0391 ey=-0.0396 (tol +/-0.010) alt_err=-0.00m -> fwd=+0.15 right=-0.15 down=-0.00 m/s
2026-09-01 09:29:14,164 [INFO] core.navigation.centering_controller: [CENTERING] KIRMIZI_UCGEN 181/200 dx=-13px dy=-2px d=0.1m ex=-0.0203 ey=-0.0042 (tol +/-0.010) alt_err=-0.00m -> fwd=+0.00 right=-0.15 down=-0.00 m/s
2026-09-01 09:29:14,712 [INFO] core.navigation.centering_controller: [CENTERING] KIRMIZI_UCGEN 186/200 dx=+10px dy=+27px d=0.3m ex=+0.0156 ey=+0.0563 (tol +/-0.010) alt_err=-0.01m -> fwd=-0.15 right=+0.15 down=-0.00 m/s
QGC port check failed, reporting UNKNOWN: (pid=27647)
2026-09-01 09:29:15,263 [INFO] core.navigation.centering_controller: [CENTERING] KIRMIZI_UCGEN 191/200 dx=+20px dy=+14px d=0.2m ex=+0.0312 ey=+0.0292 (tol +/-0.010) alt_err=-0.01m -> fwd=-0.15 right=+0.15 down=-0.00 m/s
2026-09-01 09:29:15,701 [INFO] core.navigation.centering_controller: Merkezleme tamamlandi. (attempt 195/200, dx=+4px dy=+2px ex=+0.0063 ey=+0.0042 alt_err=+0.01m)
2026-09-01 09:29:15,702 [INFO] core.navigation.centering_controller: KIRMIZI_UCGEN hedefine merkezleniyor (irtifa hedefi: 0.45m, irtifa bandi +/-0.05m)...
2026-09-01 09:29:15,702 [INFO] core.navigation.centering_controller: [CENTERING] KIRMIZI_UCGEN 1/200 dx=+4px dy=+2px d=0.0m ex=+0.0063 ey=+0.0042 (tol +/-0.010) alt_err=+4.56m -> fwd=+0.00 right=+0.00 down=+0.15 m/s
2026-09-01 09:29:16,252 [INFO] core.navigation.centering_controller: [CENTERING] KIRMIZI_UCGEN 6/200 dx=-23px dy=-30px d=0.3m ex=-0.0359 ey=-0.0625 (tol +/-0.010) alt_err=+4.44m -> fwd=+0.15 right=-0.15 down=+0.90 m/s
2026-09-01 09:29:16,691 [INFO] core.detection.vision_runtime: [VISION] detect() calisiyor -- bu karede 1 tespit: ['KIRMIZI_UCGEN']
2026-09-01 09:29:16,804 [INFO] core.navigation.centering_controller: [CENTERING] KIRMIZI_UCGEN 11/200 dx=-24px dy=-23px d=0.3m ex=-0.0375 ey=-0.0479 (tol +/-0.010) alt_err=+3.80m -> fwd=+0.15 right=-0.15 down=+1.65 m/s
QGC port check failed, reporting UNKNOWN: (pid=27647)
2026-09-01 09:29:17,352 [INFO] core.navigation.centering_controller: [CENTERING] KIRMIZI_UCGEN 16/200 dx=-11px dy=-8px d=0.1m ex=-0.0172 ey=-0.0167 (tol +/-0.010) alt_err=+3.02m -> fwd=+0.15 right=-0.15 down=+1.51 m/s
2026-09-01 09:29:17,534 [INFO] gz_system.main_gz: Dashboard paint loop: 0.0 FPS (main thread)
2026-09-01 09:29:17,903 [INFO] core.navigation.centering_controller: [CENTERING] KIRMIZI_UCGEN 21/200 dx=+17px dy=+19px d=0.1m ex=+0.0266 ey=+0.0396 (tol +/-0.010) alt_err=+2.14m -> fwd=-0.12 right=+0.15 down=+1.07 m/s
2026-09-01 09:29:18,451 [INFO] core.navigation.centering_controller: [CENTERING] KIRMIZI_UCGEN 26/200 dx=+30px dy=+29px d=0.2m ex=+0.0469 ey=+0.0604 (tol +/-0.010) alt_err=+1.62m -> fwd=-0.09 right=+0.12 down=+0.81 m/s
QGC port check failed, reporting UNKNOWN: (pid=27647)
2026-09-01 09:29:19,003 [INFO] core.navigation.centering_controller: [CENTERING] KIRMIZI_UCGEN 31/200 dx=+10px dy=+59px d=0.2m ex=+0.0156 ey=+0.1229 (tol +/-0.010) alt_err=+1.24m -> fwd=-0.18 right=+0.10 down=+0.62 m/s
2026-09-01 09:29:19,552 [INFO] core.navigation.centering_controller: [CENTERING] KIRMIZI_UCGEN 36/200 dx=-14px dy=+32px d=0.1m ex=-0.0211 ey=+0.0677 (tol +/-0.010) alt_err=+0.90m -> fwd=-0.10 right=-0.08 down=+0.45 m/s
2026-09-01 09:29:19,772 [INFO] core.detection.vision_runtime: [VISION] detect() calisiyor -- bu karede 1 tespit: ['KIRMIZI_UCGEN']
2026-09-01 09:29:20,105 [INFO] core.navigation.centering_controller: [CENTERING] KIRMIZI_UCGEN 41/200 dx=-12px dy=-6px d=0.0m ex=-0.0195 ey=-0.0125 (tol +/-0.010) alt_err=+0.68m -> fwd=+0.05 right=-0.07 down=+0.34 m/s
2026-09-01 09:29:20,655 [INFO] core.navigation.centering_controller: [CENTERING] KIRMIZI_UCGEN 46/200 dx=+13px dy=-36px d=0.1m ex=+0.0203 ey=-0.0740 (tol +/-0.010) alt_err=+0.50m -> fwd=+0.11 right=+0.06 down=+0.25 m/s
QGC port check failed, reporting UNKNOWN: (pid=27647)
2026-09-01 09:29:21,212 [INFO] core.navigation.centering_controller: [CENTERING] KIRMIZI_UCGEN 51/200 dx=+21px dy=-28px d=0.1m ex=+0.0328 ey=-0.0573 (tol +/-0.010) alt_err=+0.37m -> fwd=+0.09 right=+0.05 down=+0.19 m/s
2026-09-01 09:29:21,760 [INFO] core.navigation.centering_controller: [CENTERING] KIRMIZI_UCGEN 56/200 dx=-10px dy=+11px d=0.0m ex=-0.0164 ey=+0.0229 (tol +/-0.010) alt_err=+0.30m -> fwd=-0.03 right=-0.04 down=+0.15 m/s
2026-09-01 09:29:22,306 [INFO] core.navigation.centering_controller: [CENTERING] KIRMIZI_UCGEN 61/200 dx=-38px dy=+27px d=0.1m ex=-0.0586 ey=+0.0563 (tol +/-0.010) alt_err=+0.22m -> fwd=-0.08 right=-0.09 down=+0.11 m/s
2026-09-01 09:29:22,543 [INFO] gz_system.main_gz: Dashboard paint loop: 0.0 FPS (main thread)
2026-09-01 09:29:22,855 [INFO] core.detection.vision_runtime: [VISION] detect() calisiyor -- bu karede 1 tespit: ['KIRMIZI_UCGEN']
2026-09-01 09:29:22,856 [INFO] core.navigation.centering_controller: [CENTERING] KIRMIZI_UCGEN 66/200 dx=-26px dy=-13px d=0.0m ex=-0.0406 ey=-0.0271 (tol +/-0.010) alt_err=+0.17m -> fwd=+0.04 right=-0.06 down=+0.09 m/s
QGC port check failed, reporting UNKNOWN: (pid=27647)
2026-09-01 09:29:23,405 [INFO] core.navigation.centering_controller: [CENTERING] KIRMIZI_UCGEN 71/200 dx=+10px dy=-61px d=0.1m ex=+0.0164 ey=-0.1271 (tol +/-0.010) alt_err=+0.13m -> fwd=+0.19 right=+0.03 down=+0.07 m/s
2026-09-01 09:29:23,954 [INFO] core.navigation.centering_controller: [CENTERING] KIRMIZI_UCGEN 76/200 dx=+24px dy=-13px d=0.0m ex=+0.0367 ey=-0.0271 (tol +/-0.010) alt_err=+0.10m -> fwd=+0.04 right=+0.06 down=+0.05 m/s
2026-09-01 09:29:24,503 [INFO] core.navigation.centering_controller: [CENTERING] KIRMIZI_UCGEN 81/200 dx=-8px dy=+68px d=0.1m ex=-0.0133 ey=+0.1417 (tol +/-0.010) alt_err=+0.07m -> fwd=-0.21 right=-0.03 down=+0.04 m/s
QGC port check failed, reporting UNKNOWN: (pid=27647)
2026-09-01 09:29:25,050 [INFO] core.navigation.centering_controller: [CENTERING] KIRMIZI_UCGEN 86/200 dx=-44px dy=+50px d=0.1m ex=-0.0688 ey=+0.1031 (tol +/-0.010) alt_err=+0.05m -> fwd=-0.15 right=-0.10 down=+0.02 m/s
2026-09-01 09:29:25,597 [INFO] core.navigation.centering_controller: [CENTERING] KIRMIZI_UCGEN 91/200 dx=-22px dy=-26px d=0.0m ex=-0.0336 ey=-0.0542 (tol +/-0.010) alt_err=+0.04m -> fwd=+0.08 right=-0.05 down=+0.02 m/s
2026-09-01 09:29:25,924 [INFO] core.detection.vision_runtime: [VISION] detect() calisiyor -- bu karede 1 tespit: ['KIRMIZI_UCGEN']
2026-09-01 09:29:26,142 [INFO] core.navigation.centering_controller: [CENTERING] KIRMIZI_UCGEN 96/200 dx=+46px dy=-50px d=0.1m ex=+0.0727 ey=-0.1031 (tol +/-0.010) alt_err=+0.02m -> fwd=+0.15 right=+0.11 down=+0.01 m/s
2026-09-01 09:29:26,687 [INFO] core.navigation.centering_controller: [CENTERING] KIRMIZI_UCGEN 101/200 dx=+41px dy=-10px d=0.0m ex=+0.0641 ey=-0.0198 (tol +/-0.010) alt_err=+0.02m -> fwd=+0.03 right=+0.10 down=+0.01 m/s
QGC port check failed, reporting UNKNOWN: (pid=27647)
2026-09-01 09:29:27,234 [INFO] core.navigation.centering_controller: [CENTERING] KIRMIZI_UCGEN 106/200 dx=-23px dy=+14px d=0.0m ex=-0.0359 ey=+0.0302 (tol +/-0.010) alt_err=+0.02m -> fwd=-0.05 right=-0.05 down=+0.01 m/s
2026-09-01 09:29:27,572 [INFO] gz_system.main_gz: Dashboard paint loop: 0.0 FPS (main thread)
2026-09-01 09:29:27,782 [INFO] core.navigation.centering_controller: [CENTERING] KIRMIZI_UCGEN 111/200 dx=-72px dy=+26px d=0.1m ex=-0.1125 ey=+0.0531 (tol +/-0.010) alt_err=+0.01m -> fwd=-0.08 right=-0.17 down=+0.01 m/s
2026-09-01 09:29:28,331 [INFO] core.navigation.centering_controller: Merkezleme tamamlandi. (attempt 116/200, dx=+0px dy=+2px ex=+0.0000 ey=+0.0052 alt_err=+0.01m)
2026-09-01 09:29:28,332 [INFO] core.navigation.centering_controller: [AIM_OFFSET_APPLIED] KIRMIZI_UCGEN: montaj (ileri=0.00, sag=-0.04) m, yon=2.5 deg -> tutma noktasi (47.3981121, 8.5460066) olarak otelendi (kuzey -0.00, dogu +0.03 m).
QGC port check failed, reporting UNKNOWN: (pid=27647)
2026-09-01 09:29:28,990 [INFO] core.detection.vision_runtime: [VISION] detect() calisiyor -- bu karede 1 tespit: ['KIRMIZI_UCGEN']
2026-09-01 09:29:29,320 [INFO] core.navigation.centering_controller: [MOUNT_TRANSLATE_DONE] KIRMIZI_UCGEN: kalan 4.4 cm, sure 0.99 s (yakinsadi).
2026-09-01 09:29:29,320 [WARNING] core.navigation.centering_controller: [LOW_ALT_OPEN_LOOP_DESCENT] KIRMIZI_UCGEN: goruntu 0.45m'de kayboldu -- dondurulmus kestirime (47.3981121, 8.5460066, offset=0.2cm @ 0.46m) gore 0.45m'ye alcalmaya devam.
2026-09-01 09:29:29,321 [INFO] core.navigation.centering_controller: [LOW_ALT_OPEN_LOOP_DESCENT] KIRMIZI_UCGEN: 0.449m'ye ulasildi (hedef 0.45m).
2026-09-01 09:29:29,321 [INFO] core.navigation.centering_controller: 0.1m ileri hareket ediliyor (0.3 m/s, 0.3s)...
2026-09-01 09:29:29,759 [INFO] core.mission.payload_release: [RELEASE_OFFSET] KIRMIZI_UCGEN: {'shape_type': 'KIRMIZI_UCGEN', 'altitude_m': 0.441, 'target_visible': True, 'best_known_offset_cm': 14.05, 'best_known_offset_alt_m': 0.449, 'dx_cm': 2.85, 'dy_cm': -5.47, 'offset_cm': 6.17}
2026-09-01 09:29:29,760 [INFO] core.mission.payload_release: [MOUNT_VECTOR_MEASURED] KIRMIZI_UCGEN: {'world_dx': -0.0356, 'world_dy': 0.0025, 'gazebo_yaw_deg': 87.32, 'body_forward_m': 0.0008, 'body_right_m': -0.0356} (uygulanan: (0.0, -0.035))
2026-09-01 09:29:29,760 [INFO] gz_system.gz_payload_actuator: Gazebo DetachableJoint tetikleniyor: /payload/detach/blue
I0901 09:29:29.760482 13372419 fork_posix.cc:71] Other threads are currently calling into gRPC, skipping fork() handlers
I0901 09:29:29.814589 13372419 fork_posix.cc:71] Other threads are currently calling into gRPC, skipping fork() handlers
I0901 09:29:29.906435 13372419 fork_posix.cc:71] Other threads are currently calling into gRPC, skipping fork() handlers
I0901 09:29:29.914484 13372419 fork_posix.cc:71] Other threads are currently calling into gRPC, skipping fork() handlers
I0901 09:29:29.965409 13372419 fork_posix.cc:71] Other threads are currently calling into gRPC, skipping fork() handlers
2026-09-01 09:29:30,887 [INFO] gz_system.gz_payload_actuator: Yuk ayrildi (blue), gecikme 1.089 s.
2026-09-01 09:29:30,888 [INFO] core.mission.payload_release: [PAYLOAD_RELEASED] PAYLOAD 3 RELEASED @0.44m
QGC port check failed, reporting UNKNOWN: (pid=27647)
2026-09-01 09:29:32,061 [INFO] core.detection.vision_runtime: [VISION] detect() calisiyor -- bu karede 2 tespit: ['KIRMIZI_UCGEN', 'MAVI_DIKDORTGEN']
2026-09-01 09:29:32,579 [INFO] gz_system.main_gz: Dashboard paint loop: 0.0 FPS (main thread)
2026-09-01 09:29:32,890 [INFO] core.mission.payload_release: [PAYLOAD_FINAL_POSE] KIRMIZI_UCGEN: x=-11.822 y=15.863 z=0.032 merkeze 2687.6 cm egim 0.4 deg (HEDEF DISINDA)
2026-09-01 09:29:32,890 [INFO] core.mission.payload_release: Doğrulama işareti aranıyor: MAVI_DIKDORTGEN
2026-09-01 09:29:32,890 [INFO] core.mission.payload_release: Yük bırakma DOĞRULANDI: MAVI_DIKDORTGEN tespit edildi.
2026-09-01 09:29:32,890 [INFO] core.navigation.centering_controller: 1.5m irtifasina tirmaniliyor (goruntuden bagimsiz)...
QGC port check failed, reporting UNKNOWN: (pid=27647)
QGC port check failed, reporting UNKNOWN: (pid=27647)
2026-09-01 09:29:35,160 [INFO] core.detection.vision_runtime: [VISION] detect() calisiyor -- bu karede 2 tespit: ['KIRMIZI_UCGEN', 'MAVI_DIKDORTGEN']
2026-09-01 09:29:35,162 [INFO] core.mission.gorev2_orchestrator: Gorev 2 tamamlandi (Payload Mission 1 + 2 basariyla calisti).
2026-09-01 09:29:35,162 [INFO] core.mission.master_fsm: Görev 2 akışı bitti, doğrudan Görev 3'e geçiliyor...
2026-09-01 09:29:35,162 [INFO] core.mission.gorev3_pickup: Görev 3 Faz 1 (Alma) Başlatıldı.
2026-09-01 09:29:35,162 [INFO] core.mission.gorev3_pickup: Mavi Altıgen konumuna 1.5m irtifada gidiliyor: 47.3987516, 8.5460278
2026-09-01 09:29:35,162 [INFO] core.navigation.centering_controller: Kayitli GPS konumuna gidiliyor: lat=47.3987516, lon=8.5460278, alt=1.5m
QGC port check failed, reporting UNKNOWN: (pid=27647)
2026-09-01 09:29:37,581 [INFO] gz_system.main_gz: Dashboard paint loop: 0.0 FPS (main thread)
2026-09-01 09:29:38,215 [INFO] core.detection.vision_runtime: [VISION] detect() calisiyor -- bu karede 0 tespit: []
QGC port check failed, reporting UNKNOWN: (pid=27647)
QGC port check failed, reporting UNKNOWN: (pid=27647)
2026-09-01 09:29:41,236 [INFO] core.detection.vision_runtime: [VISION] detect() calisiyor -- bu karede 0 tespit: []
2026-09-01 09:29:42,583 [INFO] gz_system.main_gz: Dashboard paint loop: 0.0 FPS (main thread)
QGC port check failed, reporting UNKNOWN: (pid=27647)
2026-09-01 09:29:43,950 [INFO] core.mission.gorev3_pickup: Kırmızı Dikdörtgenin uzun kenarına dik hizalanılıyor: 2.4 -> 2.4 derece
2026-09-01 09:29:44,280 [INFO] core.detection.vision_runtime: [VISION] detect() calisiyor -- bu karede 1 tespit: ['MAVI_ALTIGEN']
QGC port check failed, reporting UNKNOWN: (pid=27647)
2026-09-01 09:29:46,040 [INFO] core.mission.gorev3_pickup: 1.2m irtifada (gorus dostu) hedefe ortalanıyor...
2026-09-01 09:29:46,040 [INFO] core.navigation.centering_controller: KIRMIZI_DIKDORTGEN hedefine merkezleniyor (irtifa hedefi: 1.2m, irtifa bandi +/-0.30m)...
2026-09-01 09:29:46,040 [WARNING] core.navigation.centering_controller: [CENTERING] KIRMIZI_DIKDORTGEN 1/200 hedef kayboldu (feed canli, hedef bu karede yok)
2026-09-01 09:29:46,591 [WARNING] core.navigation.centering_controller: [CENTERING] KIRMIZI_DIKDORTGEN 6/200 hedef kayboldu (feed canli, hedef bu karede yok)
QGC port check failed, reporting UNKNOWN: (pid=27647)
2026-09-01 09:29:47,143 [INFO] core.navigation.centering_controller: [CENTERING] KIRMIZI_DIKDORTGEN 11/200 dx=+17px dy=+228px d=0.6m ex=+0.0266 ey=+0.4750 (tol +/-0.010) alt_err=+0.30m -> fwd=-0.45 right=+0.09 down=+0.15 m/s
2026-09-01 09:29:47,360 [INFO] core.detection.vision_runtime: [VISION] detect() calisiyor -- bu karede 2 tespit: ['KIRMIZI_UCGEN', 'MAVI_ALTIGEN']
2026-09-01 09:29:47,614 [INFO] gz_system.main_gz: Dashboard paint loop: 0.0 FPS (main thread)
2026-09-01 09:29:47,690 [INFO] core.navigation.centering_controller: [CENTERING] KIRMIZI_DIKDORTGEN 16/200 dx=+9px dy=+135px d=0.4m ex=+0.0141 ey=+0.2812 (tol +/-0.010) alt_err=+0.25m -> fwd=-0.42 right=+0.09 down=+0.13 m/s
2026-09-01 09:29:48,242 [INFO] core.navigation.centering_controller: [CENTERING] KIRMIZI_DIKDORTGEN 21/200 dx=+1px dy=-5px d=0.0m ex=+0.0016 ey=-0.0104 (tol +/-0.010) alt_err=+0.18m -> fwd=+0.06 right=+0.00 down=+0.09 m/s
2026-09-01 09:29:48,789 [INFO] core.navigation.centering_controller: [CENTERING] KIRMIZI_DIKDORTGEN 26/200 dx=-25px dy=-188px d=0.5m ex=-0.0391 ey=-0.3917 (tol +/-0.010) alt_err=+0.12m -> fwd=+0.59 right=-0.08 down=+0.06 m/s
QGC port check failed, reporting UNKNOWN: (pid=27647)
2026-09-01 09:29:49,352 [INFO] core.navigation.centering_controller: [CENTERING] KIRMIZI_DIKDORTGEN 31/200 dx=-9px dy=-230px d=0.5m ex=-0.0141 ey=-0.4792 (tol +/-0.010) alt_err=+0.08m -> fwd=+0.72 right=-0.08 down=+0.04 m/s
2026-09-01 09:29:49,902 [INFO] core.navigation.centering_controller: [CENTERING] KIRMIZI_DIKDORTGEN 36/200 dx=+22px dy=-133px d=0.3m ex=+0.0344 ey=-0.2771 (tol +/-0.010) alt_err=+0.07m -> fwd=+0.42 right=+0.07 down=+0.03 m/s
2026-09-01 09:29:50,452 [INFO] core.detection.vision_runtime: [VISION] detect() calisiyor -- bu karede 2 tespit: ['MAVI_ALTIGEN', 'KIRMIZI_DIKDORTGEN']
2026-09-01 09:29:50,453 [INFO] core.navigation.centering_controller: [CENTERING] KIRMIZI_DIKDORTGEN 41/200 dx=+24px dy=-42px d=0.1m ex=+0.0375 ey=-0.0875 (tol +/-0.010) alt_err=+0.05m -> fwd=+0.13 right=+0.07 down=+0.03 m/s
QGC port check failed, reporting UNKNOWN: (pid=27647)
2026-09-01 09:29:51,018 [INFO] core.navigation.centering_controller: [CENTERING] KIRMIZI_DIKDORTGEN 46/200 dx=+12px dy=-25px d=0.1m ex=+0.0187 ey=-0.0521 (tol +/-0.010) alt_err=+0.03m -> fwd=+0.08 right=+0.07 down=+0.01 m/s
2026-09-01 09:29:51,572 [INFO] core.navigation.centering_controller: [CENTERING] KIRMIZI_DIKDORTGEN 51/200 dx=-10px dy=-61px d=0.1m ex=-0.0156 ey=-0.1271 (tol +/-0.010) alt_err=+0.02m -> fwd=+0.19 right=-0.07 down=+0.01 m/s
2026-09-01 09:29:52,119 [INFO] core.navigation.centering_controller: [CENTERING] KIRMIZI_DIKDORTGEN 56/200 dx=-22px dy=-86px d=0.2m ex=-0.0344 ey=-0.1792 (tol +/-0.010) alt_err=+0.01m -> fwd=+0.27 right=-0.07 down=+0.01 m/s
2026-09-01 09:29:52,623 [INFO] gz_system.main_gz: Dashboard paint loop: 0.0 FPS (main thread)
2026-09-01 09:29:52,669 [INFO] core.navigation.centering_controller: [CENTERING] KIRMIZI_DIKDORTGEN 61/200 dx=-9px dy=-69px d=0.2m ex=-0.0141 ey=-0.1437 (tol +/-0.010) alt_err=+0.01m -> fwd=+0.22 right=-0.07 down=+0.01 m/s
QGC port check failed, reporting UNKNOWN: (pid=27647)
2026-09-01 09:29:53,221 [INFO] core.navigation.centering_controller: [CENTERING] KIRMIZI_DIKDORTGEN 66/200 dx=+13px dy=-33px d=0.1m ex=+0.0203 ey=-0.0688 (tol +/-0.010) alt_err=+0.02m -> fwd=+0.10 right=+0.07 down=+0.01 m/s
2026-09-01 09:29:53,549 [INFO] core.detection.vision_runtime: [VISION] detect() calisiyor -- bu karede 2 tespit: ['MAVI_ALTIGEN', 'KIRMIZI_DIKDORTGEN']
2026-09-01 09:29:53,768 [INFO] core.navigation.centering_controller: [CENTERING] KIRMIZI_DIKDORTGEN 71/200 dx=+14px dy=-15px d=0.0m ex=+0.0219 ey=-0.0312 (tol +/-0.010) alt_err=+0.02m -> fwd=+0.05 right=+0.07 down=+0.01 m/s
2026-09-01 09:29:54,319 [INFO] core.navigation.centering_controller: [CENTERING] KIRMIZI_DIKDORTGEN 76/200 dx=-7px dy=-17px d=0.0m ex=-0.0109 ey=-0.0354 (tol +/-0.010) alt_err=+0.02m -> fwd=+0.05 right=-0.07 down=+0.01 m/s
2026-09-01 09:29:54,867 [INFO] core.navigation.centering_controller: [CENTERING] KIRMIZI_DIKDORTGEN 81/200 dx=-26px dy=-23px d=0.1m ex=-0.0406 ey=-0.0479 (tol +/-0.010) alt_err=+0.01m -> fwd=+0.07 right=-0.07 down=+0.00 m/s
QGC port check failed, reporting UNKNOWN: (pid=27647)
2026-09-01 09:29:55,416 [INFO] core.navigation.centering_controller: [CENTERING] KIRMIZI_DIKDORTGEN 86/200 dx=-14px dy=-24px d=0.1m ex=-0.0219 ey=-0.0500 (tol +/-0.010) alt_err=+0.00m -> fwd=+0.08 right=-0.07 down=+0.00 m/s
2026-09-01 09:29:55,964 [INFO] core.navigation.centering_controller: [CENTERING] KIRMIZI_DIKDORTGEN 91/200 dx=-1px dy=-22px d=0.0m ex=-0.0016 ey=-0.0458 (tol +/-0.010) alt_err=+0.00m -> fwd=+0.07 right=+0.00 down=+0.00 m/s
2026-09-01 09:29:56,512 [INFO] core.navigation.centering_controller: [CENTERING] KIRMIZI_DIKDORTGEN 96/200 dx=+23px dy=-14px d=0.1m ex=+0.0359 ey=-0.0292 (tol +/-0.010) alt_err=+0.00m -> fwd=+0.05 right=+0.07 down=+0.00 m/s
2026-09-01 09:29:56,621 [INFO] core.detection.vision_runtime: [VISION] detect() calisiyor -- bu karede 2 tespit: ['MAVI_ALTIGEN', 'KIRMIZI_DIKDORTGEN']
QGC port check failed, reporting UNKNOWN: (pid=27647)
2026-09-01 09:29:57,062 [INFO] core.navigation.centering_controller: [CENTERING] KIRMIZI_DIKDORTGEN 101/200 dx=+16px dy=-8px d=0.0m ex=+0.0250 ey=-0.0167 (tol +/-0.010) alt_err=-0.01m -> fwd=+0.05 right=+0.07 down=-0.00 m/s
2026-09-01 09:29:57,392 [INFO] core.navigation.centering_controller: Merkezleme tamamlandi. (attempt 104/200, dx=+4px dy=-4px ex=+0.0063 ey=-0.0083 alt_err=-0.01m)
2026-09-01 09:29:57,612 [INFO] core.mission.gorev3_pickup: Kanca hedefin uzerine getiriliyor (govde +0.175m ileri)...
2026-09-01 09:29:57,651 [INFO] gz_system.main_gz: Dashboard paint loop: 0.0 FPS (main thread)
QGC port check failed, reporting UNKNOWN: (pid=27647)
2026-09-01 09:29:59,697 [INFO] core.detection.vision_runtime: [VISION] detect() calisiyor -- bu karede 2 tespit: ['MAVI_ALTIGEN', 'KIRMIZI_DIKDORTGEN']
QGC port check failed, reporting UNKNOWN: (pid=27647)
2026-09-01 09:30:01,671 [INFO] core.mission.gorev3_pickup: 0.9m hizalama irtifasina dikey iniliyor...
2026-09-01 09:30:02,660 [INFO] gz_system.main_gz: Dashboard paint loop: 0.0 FPS (main thread)
2026-09-01 09:30:02,771 [INFO] core.detection.vision_runtime: [VISION] detect() calisiyor -- bu karede 2 tespit: ['MAVI_ALTIGEN', 'KIRMIZI_DIKDORTGEN']
QGC port check failed, reporting UNKNOWN: (pid=27647)
QGC port check failed, reporting UNKNOWN: (pid=27647)
2026-09-01 09:30:05,844 [INFO] core.detection.vision_runtime: [VISION] detect() calisiyor -- bu karede 2 tespit: ['MAVI_ALTIGEN', 'KIRMIZI_DIKDORTGEN']
2026-09-01 09:30:06,724 [INFO] core.mission.gorev3_pickup: [HIZA_KALIBRASYON] goruntu=7.1 cm  gercek=6.5 cm  irtifa=0.93 m
2026-09-01 09:30:06,724 [WARNING] core.mission.gorev3_pickup: [GORUNTU] kanca yukun ortasinda DEGIL: sapma 7.1 cm (tol 5 cm) -- alma yine de denenecek; oturma kapisi gercek kanca pozundan kendi kararini veriyor.
QGC port check failed, reporting UNKNOWN: (pid=27647)
2026-09-01 09:30:07,693 [INFO] gz_system.main_gz: Dashboard paint loop: 0.0 FPS (main thread)
2026-09-01 09:30:08,825 [INFO] core.mission.visual_alignment: [GORSEL_HIZA_TANI] it=1 alt_m=0.937 focal_px=539.94 depth_img_m=0.9621 depth_tel_m=0.917 depth_used_m=0.9621 depth_src=image u=638.51 v=573.61 radius_px=13.05 long_px=80.69 conf=0.998 method=payload-topface-deshadow yaw_deg=2.39 body_fwd_m=-0.0818 body_right_m=-0.0027 hook_off_n=-0.0901 hook_off_e=-0.0038 err_raw_m=0.0088 truth_lateral_m=0.0171
2026-09-01 09:30:08,922 [INFO] core.detection.vision_runtime: [VISION] detect() calisiyor -- bu karede 2 tespit: ['MAVI_ALTIGEN', 'KIRMIZI_DIKDORTGEN']
2026-09-01 09:30:08,952 [INFO] core.mission.visual_alignment: [GORSEL_HIZA_TANI] it=2 alt_m=0.938 focal_px=539.94 depth_img_m=0.9638 depth_tel_m=0.918 depth_used_m=0.9638 depth_src=image u=641.93 v=572.48 radius_px=13.03 long_px=80.55 conf=0.997 method=payload-topface-deshadow yaw_deg=2.39 body_fwd_m=-0.0801 body_right_m=0.0034 hook_off_n=-0.0902 hook_off_e=-0.0038 err_raw_m=0.0108 truth_lateral_m=0.0192
QGC port check failed, reporting UNKNOWN: (pid=27647)
2026-09-01 09:30:09,079 [INFO] core.mission.visual_alignment: [GORSEL_HIZA_TANI] it=3 alt_m=0.94 focal_px=539.94 depth_img_m=0.9491 depth_tel_m=0.92 depth_used_m=0.9491 depth_src=image u=644.33 v=570.8 radius_px=13.23 long_px=81.78 conf=1.0 method=payload-topface-deshadow yaw_deg=2.39 body_fwd_m=-0.0746 body_right_m=0.0076 hook_off_n=-0.0901 hook_off_e=-0.0037 err_raw_m=0.0173 truth_lateral_m=0.0222
2026-09-01 09:30:10,355 [INFO] core.mission.visual_alignment: [GORSEL_HIZA_TANI] it=4 alt_m=0.93 focal_px=539.94 depth_img_m=0.9408 depth_tel_m=0.91 depth_used_m=0.9408 depth_src=image u=658.7 v=562.59 radius_px=13.34 long_px=82.5 conf=0.999 method=payload-topface-deshadow yaw_deg=2.4 body_fwd_m=-0.0589 body_right_m=0.0326 hook_off_n=-0.0897 hook_off_e=-0.0034 err_raw_m=0.0446 truth_lateral_m=0.0432
QGC port check failed, reporting UNKNOWN: (pid=27647)
2026-09-01 09:30:11,566 [INFO] core.mission.visual_alignment: [GORSEL_HIZA_TANI] it=5 alt_m=0.932 focal_px=539.94 depth_img_m=0.9483 depth_tel_m=0.912 depth_used_m=0.9483 depth_src=image u=653.0 v=575.05 radius_px=13.24 long_px=81.85 conf=0.999 method=payload-topface-deshadow yaw_deg=2.39 body_fwd_m=-0.0819 body_right_m=0.0228 hook_off_n=-0.09 hook_off_e=-0.0036 err_raw_m=0.0241 truth_lateral_m=0.0263
2026-09-01 09:30:12,000 [INFO] core.detection.vision_runtime: [VISION] detect() calisiyor -- bu karede 2 tespit: ['MAVI_ALTIGEN', 'KIRMIZI_DIKDORTGEN']
2026-09-01 09:30:12,715 [INFO] gz_system.main_gz: Dashboard paint loop: 0.0 FPS (main thread)
2026-09-01 09:30:12,775 [INFO] core.mission.visual_alignment: [GORSEL_HIZA_TANI] it=6 alt_m=0.93 focal_px=539.94 depth_img_m=0.9489 depth_tel_m=0.91 depth_used_m=0.9489 depth_src=image u=649.03 v=587.12 radius_px=13.23 long_px=81.8 conf=0.998 method=payload-topface-deshadow yaw_deg=2.4 body_fwd_m=-0.1033 body_right_m=0.0159 hook_off_n=-0.0901 hook_off_e=-0.0032 err_raw_m=0.0202 truth_lateral_m=0.0163
2026-09-01 09:30:12,775 [INFO] core.mission.visual_alignment: [GORSEL_HIZA] yakinsadi: 18.2 mm, 6 iterasyon, 6 tespit, 0.043 m hareket
2026-09-01 09:30:12,775 [INFO] core.mission.gorev3_pickup: [GORSEL_HIZA] converged: son hata=18.2 mm, 6 iterasyon, 6 tespit, 0.043 m hareket
2026-09-01 09:30:12,775 [INFO] core.mission.gorev3_pickup: [GORSEL_HIZA] yuva GORUNTUDEN olculdu: NED=(111.994, -10.163)
2026-09-01 09:30:12,775 [INFO] core.mission.gorev3_pickup: Vinc salinacak (hedef irtifa 0.30 m icin) -- ARAC HALA 0.93 m'de, kanca serbest asili kalacak.
2026-09-01 09:30:12,775 [INFO] gz_system.gz_payload_actuator: [HOOK] vinc salimi: 0.330 m  (irtifa=0.300 m, guverte=0.070, zincir ofseti=0.060, pay=0.040)
2026-09-01 09:30:12,775 [INFO] gz_system.gz_payload_actuator: [HOOK] vinc -> 0.33 m
I0901 09:30:12.776170 13372419 fork_posix.cc:71] Other threads are currently calling into gRPC, skipping fork() handlers
QGC port check failed, reporting UNKNOWN: (pid=27647)
QGC port check failed, reporting UNKNOWN: (pid=27647)
2026-09-01 09:30:15,068 [INFO] core.detection.vision_runtime: [VISION] detect() calisiyor -- bu karede 1 tespit: ['KIRMIZI_DIKDORTGEN']
QGC port check failed, reporting UNKNOWN: (pid=27647)
2026-09-01 09:30:17,714 [INFO] core.mission.gorev3_pickup: [SON_DUZELTME] 1/6 yanal 36.2 mm -> (kuzey -0.011, dogu +0.015)  | kanca_ofset=(-0.0903, -0.0039) arac_ned=(112.1056, -10.1879) kanca_mutlak=(112.0154, -10.1917)
2026-09-01 09:30:17,726 [INFO] gz_system.main_gz: Dashboard paint loop: 0.0 FPS (main thread)
2026-09-01 09:30:18,138 [INFO] core.detection.vision_runtime: [VISION] detect() calisiyor -- bu karede 1 tespit: ['KIRMIZI_DIKDORTGEN']
QGC port check failed, reporting UNKNOWN: (pid=27647)
2026-09-01 09:30:20,469 [INFO] core.mission.gorev3_pickup: [SON_DUZELTME] 2/6 yanal 14.8 mm -> (kuzey -0.006, dogu +0.004)  | kanca_ofset=(-0.0908, -0.0030) arac_ned=(112.0968, -10.1680) kanca_mutlak=(112.0060, -10.1710)
QGC port check failed, reporting UNKNOWN: (pid=27647)
2026-09-01 09:30:21,208 [INFO] core.detection.vision_runtime: [VISION] detect() calisiyor -- bu karede 1 tespit: ['KIRMIZI_DIKDORTGEN']
2026-09-01 09:30:22,740 [INFO] gz_system.main_gz: Dashboard paint loop: 0.0 FPS (main thread)
QGC port check failed, reporting UNKNOWN: (pid=27647)
2026-09-01 09:30:23,069 [INFO] core.mission.gorev3_pickup: [SON_DUZELTME] 3/6 yanal 23.1 mm -> (kuzey -0.011, dogu +0.002)  | kanca_ofset=(-0.0899, -0.0032) arac_ned=(112.1063, -10.1636) kanca_mutlak=(112.0165, -10.1667)
2026-09-01 09:30:24,279 [INFO] core.detection.vision_runtime: [VISION] detect() calisiyor -- bu karede 1 tespit: ['KIRMIZI_DIKDORTGEN']
QGC port check failed, reporting UNKNOWN: (pid=27647)
2026-09-01 09:30:25,592 [INFO] core.mission.gorev3_pickup: [SON_DUZELTME] 4/6 yanal 39.1 mm -> (kuzey -0.006, dogu +0.019)  | kanca_ofset=(-0.0904, -0.0054) arac_ned=(112.0955, -10.1947) kanca_mutlak=(112.0051, -10.2001)
QGC port check failed, reporting UNKNOWN: (pid=27647)
2026-09-01 09:30:27,349 [INFO] core.detection.vision_runtime: [VISION] detect() calisiyor -- bu karede 1 tespit: ['KIRMIZI_DIKDORTGEN']
2026-09-01 09:30:27,767 [INFO] gz_system.main_gz: Dashboard paint loop: 0.0 FPS (main thread)
2026-09-01 09:30:28,117 [INFO] core.mission.gorev3_pickup: [SON_DUZELTME] 5/6 yanal 7.4 mm -- hedefin icinde.
2026-09-01 09:30:28,117 [INFO] core.mission.gorev3_pickup: [KANCA_DENGE] INIS ONCESI irtifa=0.937 m kanca_ofset=(-0.0901, -0.0025)
2026-09-01 09:30:28,117 [INFO] core.mission.gorev3_pickup: Hizalandi -- 0.30 m alma irtifasina SAF DIKEY iniliyor (yanal hareket yok).
2026-09-01 09:30:28,118 [INFO] core.mission.gorev3_pickup: [KANCA_IZ] t=0.00 alt=0.937 off_n=-0.0901 off_e=-0.0025 nose_z=+0.6608
2026-09-01 09:30:28,227 [INFO] core.mission.gorev3_pickup: [KANCA_IZ] t=0.11 alt=0.938 off_n=-0.0904 off_e=-0.0027 nose_z=+0.6557
2026-09-01 09:30:28,336 [INFO] core.mission.gorev3_pickup: [KANCA_IZ] t=0.22 alt=0.927 off_n=-0.0906 off_e=-0.0027 nose_z=+0.6189
2026-09-01 09:30:28,445 [INFO] core.mission.gorev3_pickup: [KANCA_IZ] t=0.33 alt=0.890 off_n=-0.0903 off_e=-0.0030 nose_z=+0.5701
2026-09-01 09:30:28,555 [INFO] core.mission.gorev3_pickup: [KANCA_IZ] t=0.44 alt=0.833 off_n=-0.0896 off_e=-0.0037 nose_z=+0.5057
2026-09-01 09:30:28,663 [INFO] core.mission.gorev3_pickup: [KANCA_IZ] t=0.55 alt=0.717 off_n=-0.0888 off_e=-0.0043 nose_z=+0.4540
2026-09-01 09:30:28,774 [INFO] core.mission.gorev3_pickup: [KANCA_IZ] t=0.66 alt=0.668 off_n=-0.0882 off_e=-0.0043 nose_z=+0.3980
2026-09-01 09:30:28,882 [INFO] core.mission.gorev3_pickup: [KANCA_IZ] t=0.76 alt=0.622 off_n=-0.0880 off_e=-0.0038 nose_z=+0.3574
2026-09-01 09:30:28,992 [INFO] core.mission.gorev3_pickup: [KANCA_IZ] t=0.87 alt=0.585 off_n=-0.0884 off_e=-0.0027 nose_z=+0.3168
QGC port check failed, reporting UNKNOWN: (pid=27647)
2026-09-01 09:30:29,102 [INFO] core.mission.gorev3_pickup: [KANCA_IZ] t=0.98 alt=0.551 off_n=-0.0890 off_e=-0.0019 nose_z=+0.2826
2026-09-01 09:30:29,211 [INFO] core.mission.gorev3_pickup: [KANCA_IZ] t=1.09 alt=0.525 off_n=-0.0894 off_e=-0.0016 nose_z=+0.2574
2026-09-01 09:30:29,321 [INFO] core.mission.gorev3_pickup: [KANCA_IZ] t=1.20 alt=0.501 off_n=-0.0896 off_e=-0.0017 nose_z=+0.2355
2026-09-01 09:30:29,431 [INFO] core.mission.gorev3_pickup: [KANCA_IZ] t=1.31 alt=0.481 off_n=-0.0895 off_e=-0.0022 nose_z=+0.2129
2026-09-01 09:30:29,539 [INFO] core.mission.gorev3_pickup: [KANCA_IZ] t=1.42 alt=0.462 off_n=-0.0892 off_e=-0.0029 nose_z=+0.1943
2026-09-01 09:30:29,649 [INFO] core.mission.gorev3_pickup: [KANCA_IZ] t=1.53 alt=0.447 off_n=-0.0892 off_e=-0.0034 nose_z=+0.1805
2026-09-01 09:30:29,760 [INFO] core.mission.gorev3_pickup: [KANCA_IZ] t=1.64 alt=0.433 off_n=-0.0893 off_e=-0.0037 nose_z=+0.1666
2026-09-01 09:30:29,869 [INFO] core.mission.gorev3_pickup: [KANCA_IZ] t=1.75 alt=0.413 off_n=-0.0895 off_e=-0.0038 nose_z=+0.1562
2026-09-01 09:30:29,979 [INFO] core.mission.gorev3_pickup: [KANCA_IZ] t=1.86 alt=0.405 off_n=-0.0897 off_e=-0.0039 nose_z=+0.1452
2026-09-01 09:30:30,088 [INFO] core.mission.gorev3_pickup: [KANCA_IZ] t=1.97 alt=0.397 off_n=-0.0899 off_e=-0.0039 nose_z=+0.1375
2026-09-01 09:30:30,197 [INFO] core.mission.gorev3_pickup: [KANCA_IZ] t=2.08 alt=0.391 off_n=-0.0900 off_e=-0.0039 nose_z=+0.1288
2026-09-01 09:30:30,305 [INFO] core.mission.gorev3_pickup: [KANCA_IZ] t=2.19 alt=0.385 off_n=-0.0899 off_e=-0.0039 nose_z=+0.1224
2026-09-01 09:30:30,415 [INFO] core.detection.vision_runtime: [VISION] detect() calisiyor -- bu karede 1 tespit: ['KIRMIZI_DIKDORTGEN']
2026-09-01 09:30:30,415 [INFO] core.mission.gorev3_pickup: [KANCA_IZ] t=2.30 alt=0.381 off_n=-0.0899 off_e=-0.0039 nose_z=+0.1158
2026-09-01 09:30:30,523 [INFO] core.mission.gorev3_pickup: [KANCA_IZ] t=2.41 alt=0.376 off_n=-0.0900 off_e=-0.0038 nose_z=+0.1098
2026-09-01 09:30:30,633 [INFO] core.mission.gorev3_pickup: [KANCA_IZ] t=2.51 alt=0.372 off_n=-0.0902 off_e=-0.0036 nose_z=+0.1052
2026-09-01 09:30:30,742 [INFO] core.mission.gorev3_pickup: [KANCA_IZ] t=2.62 alt=0.368 off_n=-0.0905 off_e=-0.0034 nose_z=+0.1003
2026-09-01 09:30:30,851 [INFO] core.mission.gorev3_pickup: [KANCA_IZ] t=2.73 alt=0.364 off_n=-0.0908 off_e=-0.0033 nose_z=+0.0966
2026-09-01 09:30:30,960 [INFO] core.mission.gorev3_pickup: [KANCA_IZ] t=2.84 alt=0.358 off_n=-0.0910 off_e=-0.0031 nose_z=+0.0927
QGC port check failed, reporting UNKNOWN: (pid=27647)
2026-09-01 09:30:31,068 [INFO] core.mission.gorev3_pickup: [KANCA_IZ] t=2.95 alt=0.356 off_n=-0.0909 off_e=-0.0029 nose_z=+0.0896
2026-09-01 09:30:31,178 [INFO] core.mission.gorev3_pickup: [KANCA_IZ] t=3.06 alt=0.354 off_n=-0.0904 off_e=-0.0028 nose_z=+0.0869
2026-09-01 09:30:31,287 [INFO] core.mission.gorev3_pickup: [KANCA_IZ] t=3.17 alt=0.351 off_n=-0.0898 off_e=-0.0029 nose_z=+0.0839
2026-09-01 09:30:31,396 [INFO] core.mission.gorev3_pickup: [KANCA_IZ] t=3.28 alt=0.349 off_n=-0.0894 off_e=-0.0029 nose_z=+0.0817
2026-09-01 09:30:31,505 [INFO] core.mission.gorev3_pickup: [KANCA_IZ] t=3.39 alt=0.347 off_n=-0.0892 off_e=-0.0030 nose_z=+0.0794
2026-09-01 09:30:31,615 [INFO] core.mission.gorev3_pickup: [KANCA_IZ] t=3.50 alt=0.345 off_n=-0.0893 off_e=-0.0029 nose_z=+0.0778
2026-09-01 09:30:31,724 [INFO] core.mission.gorev3_pickup: [KANCA_IZ] t=3.61 alt=0.344 off_n=-0.0897 off_e=-0.0027 nose_z=+0.0762
2026-09-01 09:30:31,833 [INFO] core.mission.gorev3_pickup: [KANCA_IZ] t=3.72 alt=0.343 off_n=-0.0881 off_e=-0.0031 nose_z=+0.0760
2026-09-01 09:30:31,943 [INFO] core.mission.gorev3_pickup: [KANCA_IZ] t=3.82 alt=0.342 off_n=-0.0864 off_e=-0.0035 nose_z=+0.0759
2026-09-01 09:30:32,053 [INFO] core.mission.gorev3_pickup: [KANCA_IZ] t=3.93 alt=0.343 off_n=-0.0854 off_e=-0.0038 nose_z=+0.0759
2026-09-01 09:30:32,163 [INFO] core.mission.gorev3_pickup: [KANCA_IZ] t=4.04 alt=0.345 off_n=-0.0845 off_e=-0.0038 nose_z=+0.0759
2026-09-01 09:30:32,272 [INFO] core.mission.gorev3_pickup: [KANCA_IZ] t=4.15 alt=0.345 off_n=-0.0839 off_e=-0.0038 nose_z=+0.0759
2026-09-01 09:30:32,380 [INFO] core.mission.gorev3_pickup: [KANCA_IZ] t=4.26 alt=0.346 off_n=-0.0835 off_e=-0.0038 nose_z=+0.0759
2026-09-01 09:30:32,489 [INFO] core.mission.gorev3_pickup: [KANCA_IZ] t=4.37 alt=0.347 off_n=-0.0834 off_e=-0.0039 nose_z=+0.0758
2026-09-01 09:30:32,598 [INFO] core.mission.gorev3_pickup: [KANCA_IZ] t=4.48 alt=0.347 off_n=-0.0837 off_e=-0.0042 nose_z=+0.0758
2026-09-01 09:30:32,707 [INFO] core.mission.gorev3_pickup: [KANCA_IZ] t=4.59 alt=0.348 off_n=-0.0842 off_e=-0.0045 nose_z=+0.0758
2026-09-01 09:30:32,774 [INFO] gz_system.main_gz: Dashboard paint loop: 0.0 FPS (main thread)
2026-09-01 09:30:32,816 [INFO] core.mission.gorev3_pickup: [KANCA_IZ] t=4.70 alt=0.349 off_n=-0.0851 off_e=-0.0050 nose_z=+0.0757
2026-09-01 09:30:32,926 [INFO] core.mission.gorev3_pickup: [KANCA_IZ] t=4.81 alt=0.349 off_n=-0.0861 off_e=-0.0055 nose_z=+0.0757
QGC port check failed, reporting UNKNOWN: (pid=27647)
2026-09-01 09:30:33,035 [INFO] core.mission.gorev3_pickup: [KANCA_IZ] t=4.92 alt=0.349 off_n=-0.0875 off_e=-0.0064 nose_z=+0.0757
2026-09-01 09:30:33,144 [INFO] core.mission.gorev3_pickup: [KANCA_IZ] t=5.03 alt=0.348 off_n=-0.0887 off_e=-0.0072 nose_z=+0.0757
2026-09-01 09:30:33,254 [INFO] core.mission.gorev3_pickup: [KANCA_IZ] t=5.14 alt=0.348 off_n=-0.0901 off_e=-0.0082 nose_z=+0.0756
2026-09-01 09:30:33,363 [INFO] core.mission.gorev3_pickup: [KANCA_IZ] t=5.24 alt=0.348 off_n=-0.0912 off_e=-0.0092 nose_z=+0.0756
2026-09-01 09:30:33,472 [INFO] core.detection.vision_runtime: [VISION] detect() calisiyor -- bu karede 1 tespit: ['KIRMIZI_DIKDORTGEN']
2026-09-01 09:30:33,472 [INFO] core.mission.gorev3_pickup: [KANCA_IZ] t=5.35 alt=0.349 off_n=-0.0925 off_e=-0.0106 nose_z=+0.0756
2026-09-01 09:30:33,581 [INFO] core.mission.gorev3_pickup: [KANCA_IZ] t=5.46 alt=0.350 off_n=-0.0935 off_e=-0.0120 nose_z=+0.0755
2026-09-01 09:30:33,689 [INFO] core.mission.gorev3_pickup: [KANCA_IZ] t=5.57 alt=0.351 off_n=-0.0943 off_e=-0.0141 nose_z=+0.0755
2026-09-01 09:30:33,799 [INFO] core.mission.gorev3_pickup: [KANCA_IZ] t=5.68 alt=0.352 off_n=-0.0948 off_e=-0.0161 nose_z=+0.0754
2026-09-01 09:30:33,907 [INFO] core.mission.gorev3_pickup: [KANCA_IZ] t=5.79 alt=0.352 off_n=-0.0950 off_e=-0.0185 nose_z=+0.0754
2026-09-01 09:30:34,016 [INFO] core.mission.gorev3_pickup: [KANCA_IZ] t=5.90 alt=0.352 off_n=-0.0950 off_e=-0.0206 nose_z=+0.0753
2026-09-01 09:30:34,125 [INFO] core.mission.gorev3_pickup: [KANCA_IZ] t=6.01 alt=0.351 off_n=-0.0946 off_e=-0.0231 nose_z=+0.0752
2026-09-01 09:30:34,125 [INFO] core.mission.gorev3_pickup: Yük alma mekanizması aktifleşiyor...
2026-09-01 09:30:34,125 [INFO] core.mission.gorev3_pickup: [KANCA_DENGE] INIS SONRASI irtifa=0.351 m kanca_ofset=(-0.0946, -0.0231)  ->  DEGISIM=(-4.4, -20.7) mm  |21.1 mm|
2026-09-01 09:30:34,125 [INFO] gz_system.gz_payload_actuator: [HOOK] alma denemesi 1/3
2026-09-01 09:30:34,125 [INFO] gz_system.gz_payload_actuator: [HOOK] vinc salimi: 0.381 m  (irtifa=0.351 m, guverte=0.070, zincir ofseti=0.060, pay=0.040)
2026-09-01 09:30:34,125 [INFO] gz_system.gz_payload_actuator: [HOOK] vinc -> 0.38 m
I0901 09:30:34.126041 13372419 fork_posix.cc:71] Other threads are currently calling into gRPC, skipping fork() handlers
2026-09-01 09:30:34,234 [INFO] core.mission.gorev3_pickup: [KANCA_IZ] t=6.12 alt=0.349 off_n=-0.0939 off_e=-0.0252 nose_z=+0.0752
2026-09-01 09:30:34,344 [INFO] core.mission.gorev3_pickup: [KANCA_IZ] t=6.23 alt=0.346 off_n=-0.0927 off_e=-0.0275 nose_z=+0.0752
2026-09-01 09:30:34,453 [INFO] core.mission.gorev3_pickup: [KANCA_IZ] t=6.34 alt=0.344 off_n=-0.0916 off_e=-0.0290 nose_z=+0.0751
2026-09-01 09:30:34,562 [INFO] core.mission.gorev3_pickup: [KANCA_IZ] t=6.44 alt=0.339 off_n=-0.0902 off_e=-0.0302 nose_z=+0.0751
2026-09-01 09:30:34,672 [INFO] core.mission.gorev3_pickup: [KANCA_IZ] t=6.55 alt=0.336 off_n=-0.0890 off_e=-0.0307 nose_z=+0.0751
2026-09-01 09:30:34,780 [INFO] core.mission.gorev3_pickup: [KANCA_IZ] t=6.66 alt=0.334 off_n=-0.0875 off_e=-0.0307 nose_z=+0.0751
2026-09-01 09:30:34,889 [INFO] core.mission.gorev3_pickup: [KANCA_IZ] t=6.77 alt=0.332 off_n=-0.0861 off_e=-0.0301 nose_z=+0.0751
2026-09-01 09:30:34,999 [INFO] core.mission.gorev3_pickup: [KANCA_IZ] t=6.88 alt=0.330 off_n=-0.0846 off_e=-0.0291 nose_z=+0.0751
QGC port check failed, reporting UNKNOWN: (pid=27647)
2026-09-01 09:30:35,060 [INFO] gz_system.gz_payload_actuator: [HOOK] APPROACHING  lat=  26.6mm ins=   +0.9mm tilt=  0.0deg v=  infm/s age=0.02s  [lateral(26.6mm>10.2mm), rel_speed(inf>0.05m/s)]
2026-09-01 09:30:35,108 [INFO] core.mission.gorev3_pickup: [KANCA_IZ] t=6.99 alt=0.329 off_n=-0.0833 off_e=-0.0282 nose_z=+0.0753
2026-09-01 09:30:35,217 [INFO] core.mission.gorev3_pickup: [KANCA_IZ] t=7.10 alt=0.331 off_n=-0.0818 off_e=-0.0295 nose_z=+0.0749
2026-09-01 09:30:35,326 [INFO] core.mission.gorev3_pickup: [KANCA_IZ] t=7.21 alt=0.334 off_n=-0.0816 off_e=-0.0289 nose_z=+0.0748
2026-09-01 09:30:35,437 [INFO] core.mission.gorev3_pickup: [KANCA_IZ] t=7.32 alt=0.337 off_n=-0.0825 off_e=-0.0269 nose_z=+0.0747
2026-09-01 09:30:35,545 [INFO] core.mission.gorev3_pickup: [KANCA_IZ] t=7.43 alt=0.341 off_n=-0.0842 off_e=-0.0245 nose_z=+0.0745
2026-09-01 09:30:35,654 [INFO] core.mission.gorev3_pickup: [KANCA_IZ] t=7.54 alt=0.344 off_n=-0.0871 off_e=-0.0214 nose_z=+0.0744
2026-09-01 09:30:35,764 [INFO] core.mission.gorev3_pickup: [KANCA_IZ] t=7.65 alt=0.349 off_n=-0.0900 off_e=-0.0190 nose_z=+0.0742
2026-09-01 09:30:35,872 [INFO] core.mission.gorev3_pickup: [KANCA_IZ] t=7.75 alt=0.351 off_n=-0.0936 off_e=-0.0171 nose_z=+0.0741
2026-09-01 09:30:35,981 [INFO] core.mission.gorev3_pickup: [KANCA_IZ] t=7.86 alt=0.353 off_n=-0.0964 off_e=-0.0165 nose_z=+0.0739
2026-09-01 09:30:36,090 [INFO] core.mission.gorev3_pickup: [KANCA_IZ] t=7.97 alt=0.355 off_n=-0.0993 off_e=-0.0170 nose_z=+0.0738
2026-09-01 09:30:36,090 [INFO] gz_system.gz_payload_actuator: [HOOK] APPROACHING  lat=  27.0mm ins=   +2.2mm tilt=  0.1deg v=0.002m/s age=0.01s  [lateral(27.0mm>10.2mm)]
2026-09-01 09:30:36,200 [INFO] core.mission.gorev3_pickup: [KANCA_IZ] t=8.08 alt=0.355 off_n=-0.1012 off_e=-0.0182 nose_z=+0.0737
2026-09-01 09:30:36,309 [INFO] core.mission.gorev3_pickup: [KANCA_IZ] t=8.19 alt=0.356 off_n=-0.1030 off_e=-0.0206 nose_z=+0.0735
2026-09-01 09:30:36,419 [INFO] core.mission.gorev3_pickup: [KANCA_IZ] t=8.30 alt=0.356 off_n=-0.1041 off_e=-0.0233 nose_z=+0.0735
2026-09-01 09:30:36,530 [INFO] core.detection.vision_runtime: [VISION] detect() calisiyor -- bu karede 1 tespit: ['KIRMIZI_DIKDORTGEN']
2026-09-01 09:30:36,530 [INFO] core.mission.gorev3_pickup: [KANCA_IZ] t=8.41 alt=0.356 off_n=-0.1050 off_e=-0.0269 nose_z=+0.0734
2026-09-01 09:30:36,639 [INFO] core.mission.gorev3_pickup: [KANCA_IZ] t=8.52 alt=0.356 off_n=-0.1052 off_e=-0.0301 nose_z=+0.0733
2026-09-01 09:30:36,748 [INFO] core.mission.gorev3_pickup: [KANCA_IZ] t=8.63 alt=0.357 off_n=-0.1050 off_e=-0.0338 nose_z=+0.0733
2026-09-01 09:30:36,858 [INFO] core.mission.gorev3_pickup: [KANCA_IZ] t=8.74 alt=0.357 off_n=-0.1045 off_e=-0.0364 nose_z=+0.0733
2026-09-01 09:30:36,967 [INFO] core.mission.gorev3_pickup: [KANCA_IZ] t=8.85 alt=0.357 off_n=-0.1036 off_e=-0.0387 nose_z=+0.0734
QGC port check failed, reporting UNKNOWN: (pid=27647)
2026-09-01 09:30:37,076 [INFO] core.mission.gorev3_pickup: [KANCA_IZ] t=8.96 alt=0.356 off_n=-0.1029 off_e=-0.0399 nose_z=+0.0735
2026-09-01 09:30:37,126 [INFO] gz_system.gz_payload_actuator: [HOOK] APPROACHING  lat=  27.6mm ins=   +2.4mm tilt=  0.3deg v=0.004m/s age=0.01s  [lateral(27.6mm>10.2mm)]
2026-09-01 09:30:37,186 [INFO] core.mission.gorev3_pickup: [KANCA_IZ] t=9.07 alt=0.354 off_n=-0.1022 off_e=-0.0403 nose_z=+0.0736
2026-09-01 09:30:37,297 [INFO] core.mission.gorev3_pickup: [KANCA_IZ] t=9.18 alt=0.352 off_n=-0.1018 off_e=-0.0398 nose_z=+0.0739
2026-09-01 09:30:37,406 [INFO] core.mission.gorev3_pickup: [KANCA_IZ] t=9.29 alt=0.350 off_n=-0.1016 off_e=-0.0385 nose_z=+0.0743
2026-09-01 09:30:37,515 [INFO] core.mission.gorev3_pickup: [KANCA_IZ] t=9.40 alt=0.347 off_n=-0.1014 off_e=-0.0370 nose_z=+0.0750
2026-09-01 09:30:37,623 [INFO] core.mission.gorev3_pickup: [KANCA_IZ] t=9.51 alt=0.346 off_n=-0.1009 off_e=-0.0348 nose_z=+0.0762
2026-09-01 09:30:37,732 [INFO] core.mission.gorev3_pickup: [KANCA_IZ] t=9.61 alt=0.343 off_n=-0.0999 off_e=-0.0332 nose_z=+0.0775
2026-09-01 09:30:37,807 [INFO] gz_system.main_gz: Dashboard paint loop: 0.0 FPS (main thread)
2026-09-01 09:30:37,842 [INFO] core.mission.gorev3_pickup: [KANCA_IZ] t=9.72 alt=0.341 off_n=-0.0979 off_e=-0.0316 nose_z=+0.0791
2026-09-01 09:30:37,951 [INFO] core.mission.gorev3_pickup: [KANCA_IZ] t=9.83 alt=0.338 off_n=-0.0959 off_e=-0.0308 nose_z=+0.0800
2026-09-01 09:30:38,059 [INFO] core.mission.gorev3_pickup: [KANCA_IZ] t=9.94 alt=0.331 off_n=-0.0936 off_e=-0.0304 nose_z=+0.0808
2026-09-01 09:30:38,171 [INFO] core.mission.gorev3_pickup: [KANCA_IZ] t=10.05 alt=0.329 off_n=-0.0917 off_e=-0.0302 nose_z=+0.0813
2026-09-01 09:30:38,171 [INFO] gz_system.gz_payload_actuator: [HOOK] APPROACHING  lat=  18.8mm ins=   -5.3mm tilt= 32.1deg v=0.029m/s age=0.02s  [lateral(18.8mm>10.2mm), too_high(-5.3mm<-4.0mm), tilt(32.1deg>15.0deg)]
2026-09-01 09:30:38,279 [INFO] core.mission.gorev3_pickup: [KANCA_IZ] t=10.16 alt=0.327 off_n=-0.0898 off_e=-0.0301 nose_z=+0.0818
2026-09-01 09:30:38,388 [INFO] core.mission.gorev3_pickup: [KANCA_IZ] t=10.27 alt=0.325 off_n=-0.0876 off_e=-0.0294 nose_z=+0.0823
2026-09-01 09:30:38,498 [INFO] core.mission.gorev3_pickup: [KANCA_IZ] t=10.38 alt=0.324 off_n=-0.0860 off_e=-0.0281 nose_z=+0.0827
2026-09-01 09:30:38,608 [INFO] core.mission.gorev3_pickup: [KANCA_IZ] t=10.49 alt=0.324 off_n=-0.0844 off_e=-0.0254 nose_z=+0.0832
2026-09-01 09:30:38,717 [INFO] core.mission.gorev3_pickup: [KANCA_IZ] t=10.60 alt=0.325 off_n=-0.0833 off_e=-0.0221 nose_z=+0.0836
2026-09-01 09:30:38,827 [INFO] core.mission.gorev3_pickup: [KANCA_IZ] t=10.71 alt=0.326 off_n=-0.0821 off_e=-0.0176 nose_z=+0.0839
2026-09-01 09:30:38,936 [INFO] core.mission.gorev3_pickup: [KANCA_IZ] t=10.82 alt=0.327 off_n=-0.0812 off_e=-0.0136 nose_z=+0.0841
QGC port check failed, reporting UNKNOWN: (pid=27647)
2026-09-01 09:30:39,044 [INFO] core.mission.gorev3_pickup: [KANCA_IZ] t=10.93 alt=0.328 off_n=-0.0803 off_e=-0.0091 nose_z=+0.0844
2026-09-01 09:30:39,153 [INFO] core.mission.gorev3_pickup: [KANCA_IZ] t=11.04 alt=0.329 off_n=-0.0797 off_e=-0.0056 nose_z=+0.0846
2026-09-01 09:30:39,205 [INFO] gz_system.gz_payload_actuator: [HOOK] APPROACHING  lat=  21.2mm ins=   -8.7mm tilt= 44.7deg v=0.007m/s age=0.01s  [lateral(21.2mm>10.2mm), too_high(-8.7mm<-4.0mm), tilt(44.7deg>15.0deg)]
2026-09-01 09:30:39,262 [INFO] core.mission.gorev3_pickup: [KANCA_IZ] t=11.14 alt=0.329 off_n=-0.0791 off_e=-0.0020 nose_z=+0.0848
2026-09-01 09:30:39,371 [INFO] core.mission.gorev3_pickup: [KANCA_IZ] t=11.25 alt=0.329 off_n=-0.0787 off_e=+0.0005 nose_z=+0.0850
2026-09-01 09:30:39,479 [INFO] core.mission.gorev3_pickup: [KANCA_IZ] t=11.36 alt=0.328 off_n=-0.0783 off_e=+0.0028 nose_z=+0.0852
2026-09-01 09:30:39,589 [INFO] core.detection.vision_runtime: [VISION] detect() calisiyor -- bu karede 1 tespit: ['KIRMIZI_DIKDORTGEN']
2026-09-01 09:30:39,589 [INFO] core.mission.gorev3_pickup: [KANCA_IZ] t=11.47 alt=0.326 off_n=-0.0781 off_e=+0.0042 nose_z=+0.0853
2026-09-01 09:30:39,698 [INFO] core.mission.gorev3_pickup: [KANCA_IZ] t=11.58 alt=0.324 off_n=-0.0782 off_e=+0.0055 nose_z=+0.0854
2026-09-01 09:30:39,807 [INFO] core.mission.gorev3_pickup: [KANCA_IZ] t=11.69 alt=0.322 off_n=-0.0784 off_e=+0.0063 nose_z=+0.0854
2026-09-01 09:30:39,915 [INFO] core.mission.gorev3_pickup: [KANCA_IZ] t=11.80 alt=0.320 off_n=-0.0787 off_e=+0.0071 nose_z=+0.0854
2026-09-01 09:30:40,024 [INFO] core.mission.gorev3_pickup: [KANCA_IZ] t=11.91 alt=0.318 off_n=-0.0791 off_e=+0.0077 nose_z=+0.0854
2026-09-01 09:30:40,133 [INFO] core.mission.gorev3_pickup: [KANCA_IZ] t=12.02 alt=0.316 off_n=-0.0797 off_e=+0.0085 nose_z=+0.0853
2026-09-01 09:30:40,243 [INFO] core.mission.gorev3_pickup: [KANCA_IZ] t=12.12 alt=0.315 off_n=-0.0804 off_e=+0.0093 nose_z=+0.0852
2026-09-01 09:30:40,243 [INFO] gz_system.gz_payload_actuator: [HOOK] APPROACHING  lat=  21.8mm ins=   -9.2mm tilt= 45.3deg v=0.007m/s age=0.02s  [lateral(21.8mm>10.2mm), too_high(-9.2mm<-4.0mm), tilt(45.3deg>15.0deg)]
2026-09-01 09:30:40,352 [INFO] core.mission.gorev3_pickup: [KANCA_IZ] t=12.23 alt=0.315 off_n=-0.0813 off_e=+0.0105 nose_z=+0.0851
2026-09-01 09:30:40,460 [INFO] core.mission.gorev3_pickup: [KANCA_IZ] t=12.34 alt=0.316 off_n=-0.0821 off_e=+0.0119 nose_z=+0.0850
2026-09-01 09:30:40,569 [INFO] core.mission.gorev3_pickup: [KANCA_IZ] t=12.45 alt=0.316 off_n=-0.0830 off_e=+0.0137 nose_z=+0.0848
2026-09-01 09:30:40,680 [INFO] core.mission.gorev3_pickup: [KANCA_IZ] t=12.56 alt=0.316 off_n=-0.0838 off_e=+0.0153 nose_z=+0.0847
2026-09-01 09:30:40,791 [INFO] core.mission.gorev3_pickup: [KANCA_IZ] t=12.67 alt=0.316 off_n=-0.0847 off_e=+0.0173 nose_z=+0.0845
2026-09-01 09:30:40,900 [INFO] core.mission.gorev3_pickup: [KANCA_IZ] t=12.78 alt=0.316 off_n=-0.0855 off_e=+0.0190 nose_z=+0.0843
2026-09-01 09:30:41,009 [INFO] core.mission.gorev3_pickup: [KANCA_IZ] t=12.89 alt=0.316 off_n=-0.0865 off_e=+0.0210 nose_z=+0.0841
QGC port check failed, reporting UNKNOWN: (pid=27647)
2026-09-01 09:30:41,118 [INFO] core.mission.gorev3_pickup: [KANCA_IZ] t=13.00 alt=0.318 off_n=-0.0873 off_e=+0.0225 nose_z=+0.0834
2026-09-01 09:30:41,226 [INFO] core.mission.gorev3_pickup: [KANCA_IZ] t=13.11 alt=0.319 off_n=-0.0884 off_e=+0.0240 nose_z=+0.0833
2026-09-01 09:30:41,277 [INFO] gz_system.gz_payload_actuator: [HOOK] APPROACHING  lat=  20.0mm ins=   -7.2mm tilt= 35.0deg v=0.016m/s age=0.00s  [lateral(20.0mm>10.2mm), too_high(-7.2mm<-4.0mm), tilt(35.0deg>15.0deg)]
2026-09-01 09:30:41,336 [INFO] core.mission.gorev3_pickup: [KANCA_IZ] t=13.22 alt=0.320 off_n=-0.0892 off_e=+0.0250 nose_z=+0.0832
2026-09-01 09:30:41,445 [INFO] core.mission.gorev3_pickup: [KANCA_IZ] t=13.33 alt=0.322 off_n=-0.0903 off_e=+0.0258 nose_z=+0.0830
2026-09-01 09:30:41,555 [INFO] core.mission.gorev3_pickup: [KANCA_IZ] t=13.44 alt=0.324 off_n=-0.0913 off_e=+0.0262 nose_z=+0.0829
2026-09-01 09:30:41,663 [INFO] core.mission.gorev3_pickup: [KANCA_IZ] t=13.55 alt=0.326 off_n=-0.0927 off_e=+0.0264 nose_z=+0.0827
2026-09-01 09:30:41,774 [INFO] core.mission.gorev3_pickup: [KANCA_IZ] t=13.66 alt=0.327 off_n=-0.0942 off_e=+0.0264 nose_z=+0.0825
2026-09-01 09:30:41,883 [INFO] core.mission.gorev3_pickup: [KANCA_IZ] t=13.77 alt=0.327 off_n=-0.0964 off_e=+0.0260 nose_z=+0.0823
2026-09-01 09:30:41,992 [INFO] core.mission.gorev3_pickup: [KANCA_IZ] t=13.87 alt=0.328 off_n=-0.0985 off_e=+0.0256 nose_z=+0.0821
2026-09-01 09:30:42,103 [INFO] core.mission.gorev3_pickup: [KANCA_IZ] t=13.98 alt=0.329 off_n=-0.1016 off_e=+0.0251 nose_z=+0.0818
2026-09-01 09:30:42,211 [INFO] core.mission.gorev3_pickup: [KANCA_IZ] t=14.09 alt=0.329 off_n=-0.1046 off_e=+0.0247 nose_z=+0.0815
2026-09-01 09:30:42,320 [INFO] core.mission.gorev3_pickup: [KANCA_IZ] t=14.20 alt=0.329 off_n=-0.1085 off_e=+0.0241 nose_z=+0.0811
2026-09-01 09:30:42,320 [INFO] gz_system.gz_payload_actuator: [HOOK] APPROACHING  lat=  19.6mm ins=   -5.1mm tilt= 23.1deg v=0.020m/s age=0.01s  [lateral(19.6mm>10.2mm), too_high(-5.1mm<-4.0mm), tilt(23.1deg>15.0deg)]
2026-09-01 09:30:42,431 [INFO] core.mission.gorev3_pickup: [KANCA_IZ] t=14.31 alt=0.328 off_n=-0.1121 off_e=+0.0236 nose_z=+0.0807
2026-09-01 09:30:42,540 [INFO] core.mission.gorev3_pickup: [KANCA_IZ] t=14.42 alt=0.327 off_n=-0.1166 off_e=+0.0231 nose_z=+0.0802
2026-09-01 09:30:42,650 [INFO] core.detection.vision_runtime: [VISION] detect() calisiyor -- bu karede 1 tespit: ['KIRMIZI_DIKDORTGEN']
2026-09-01 09:30:42,651 [INFO] core.mission.gorev3_pickup: [KANCA_IZ] t=14.53 alt=0.327 off_n=-0.1205 off_e=+0.0227 nose_z=+0.0797
2026-09-01 09:30:42,760 [INFO] core.mission.gorev3_pickup: [KANCA_IZ] t=14.64 alt=0.327 off_n=-0.1255 off_e=+0.0221 nose_z=+0.0786
2026-09-01 09:30:42,838 [INFO] gz_system.main_gz: Dashboard paint loop: 0.0 FPS (main thread)
2026-09-01 09:30:42,869 [INFO] core.mission.gorev3_pickup: [KANCA_IZ] t=14.75 alt=0.330 off_n=-0.1304 off_e=+0.0216 nose_z=+0.0777
2026-09-01 09:30:42,979 [INFO] core.mission.gorev3_pickup: [KANCA_IZ] t=14.86 alt=0.332 off_n=-0.1346 off_e=+0.0213 nose_z=+0.0766
QGC port check failed, reporting UNKNOWN: (pid=27647)
2026-09-01 09:30:43,089 [INFO] core.mission.gorev3_pickup: [KANCA_IZ] t=14.97 alt=0.336 off_n=-0.1386 off_e=+0.0205 nose_z=+0.0763
2026-09-01 09:30:43,199 [INFO] core.mission.gorev3_pickup: [KANCA_IZ] t=15.08 alt=0.338 off_n=-0.1420 off_e=+0.0202 nose_z=+0.0767
2026-09-01 09:30:43,308 [INFO] core.mission.gorev3_pickup: [KANCA_IZ] t=15.19 alt=0.340 off_n=-0.1448 off_e=+0.0208 nose_z=+0.0768
2026-09-01 09:30:43,359 [INFO] gz_system.gz_payload_actuator: [HOOK] APPROACHING  lat=  21.0mm ins=   -0.9mm tilt=  3.8deg v=0.004m/s age=0.02s  [lateral(21.0mm>10.2mm)]
2026-09-01 09:30:43,419 [INFO] core.mission.gorev3_pickup: [KANCA_IZ] t=15.30 alt=0.341 off_n=-0.1466 off_e=+0.0218 nose_z=+0.0769
2026-09-01 09:30:43,528 [INFO] core.mission.gorev3_pickup: [KANCA_IZ] t=15.41 alt=0.341 off_n=-0.1484 off_e=+0.0234 nose_z=+0.0769
2026-09-01 09:30:43,637 [INFO] core.mission.gorev3_pickup: [KANCA_IZ] t=15.52 alt=0.340 off_n=-0.1493 off_e=+0.0248 nose_z=+0.0769
2026-09-01 09:30:43,746 [INFO] core.mission.gorev3_pickup: [KANCA_IZ] t=15.63 alt=0.340 off_n=-0.1500 off_e=+0.0267 nose_z=+0.0768
2026-09-01 09:30:43,856 [INFO] core.mission.gorev3_pickup: [KANCA_IZ] t=15.74 alt=0.341 off_n=-0.1500 off_e=+0.0281 nose_z=+0.0767
2026-09-01 09:30:43,965 [INFO] core.mission.gorev3_pickup: [KANCA_IZ] t=15.85 alt=0.344 off_n=-0.1496 off_e=+0.0295 nose_z=+0.0765
2026-09-01 09:30:44,076 [INFO] core.mission.gorev3_pickup: [KANCA_IZ] t=15.96 alt=0.345 off_n=-0.1488 off_e=+0.0302 nose_z=+0.0762
2026-09-01 09:30:44,185 [INFO] core.mission.gorev3_pickup: [KANCA_IZ] t=16.07 alt=0.346 off_n=-0.1475 off_e=+0.0312 nose_z=+0.0762
2026-09-01 09:30:44,294 [INFO] core.mission.gorev3_pickup: [KANCA_IZ] t=16.18 alt=0.348 off_n=-0.1466 off_e=+0.0327 nose_z=+0.0764
2026-09-01 09:30:44,403 [INFO] core.mission.gorev3_pickup: [KANCA_IZ] t=16.29 alt=0.350 off_n=-0.1452 off_e=+0.0336 nose_z=+0.0766
2026-09-01 09:30:44,403 [INFO] gz_system.gz_payload_actuator: [HOOK] APPROACHING  lat=  21.2mm ins=   -0.6mm tilt=  2.4deg v=0.010m/s age=0.01s  [lateral(21.2mm>10.2mm)]
2026-09-01 09:30:44,514 [INFO] core.mission.gorev3_pickup: [KANCA_IZ] t=16.40 alt=0.352 off_n=-0.1436 off_e=+0.0335 nose_z=+0.0769
2026-09-01 09:30:44,623 [INFO] core.mission.gorev3_pickup: [KANCA_IZ] t=16.51 alt=0.353 off_n=-0.1413 off_e=+0.0322 nose_z=+0.0775
2026-09-01 09:30:44,732 [INFO] core.mission.gorev3_pickup: [KANCA_IZ] t=16.61 alt=0.355 off_n=-0.1390 off_e=+0.0307 nose_z=+0.0777
2026-09-01 09:30:44,843 [INFO] core.mission.gorev3_pickup: [KANCA_IZ] t=16.72 alt=0.357 off_n=-0.1359 off_e=+0.0284 nose_z=+0.0787
2026-09-01 09:30:44,951 [INFO] core.mission.gorev3_pickup: [KANCA_IZ] t=16.83 alt=0.357 off_n=-0.1327 off_e=+0.0258 nose_z=+0.0797
QGC port check failed, reporting UNKNOWN: (pid=27647)
2026-09-01 09:30:45,061 [INFO] core.mission.gorev3_pickup: [KANCA_IZ] t=16.94 alt=0.357 off_n=-0.1303 off_e=+0.0236 nose_z=+0.0805
2026-09-01 09:30:45,170 [INFO] core.mission.gorev3_pickup: [KANCA_IZ] t=17.05 alt=0.356 off_n=-0.1276 off_e=+0.0208 nose_z=+0.0815
2026-09-01 09:30:45,279 [INFO] core.mission.gorev3_pickup: [KANCA_IZ] t=17.16 alt=0.355 off_n=-0.1259 off_e=+0.0185 nose_z=+0.0821
2026-09-01 09:30:45,388 [INFO] core.mission.gorev3_pickup: [KANCA_IZ] t=17.27 alt=0.353 off_n=-0.1244 off_e=+0.0161 nose_z=+0.0827
2026-09-01 09:30:45,438 [INFO] gz_system.gz_payload_actuator: [HOOK] APPROACHING  lat=  22.5mm ins=   -7.0mm tilt= 32.3deg v=0.028m/s age=0.00s  [lateral(22.5mm>10.2mm), too_high(-7.0mm<-4.0mm), tilt(32.3deg>15.0deg)]
2026-09-01 09:30:45,498 [INFO] core.mission.gorev3_pickup: [KANCA_IZ] t=17.38 alt=0.351 off_n=-0.1234 off_e=+0.0143 nose_z=+0.0826
2026-09-01 09:30:45,609 [INFO] core.mission.gorev3_pickup: [KANCA_IZ] t=17.49 alt=0.349 off_n=-0.1225 off_e=+0.0123 nose_z=+0.0831
2026-09-01 09:30:45,718 [INFO] core.detection.vision_runtime: [VISION] detect() calisiyor -- bu karede 1 tespit: ['KIRMIZI_DIKDORTGEN']
2026-09-01 09:30:45,718 [INFO] core.mission.gorev3_pickup: [KANCA_IZ] t=17.60 alt=0.347 off_n=-0.1219 off_e=+0.0107 nose_z=+0.0834
2026-09-01 09:30:45,826 [INFO] core.mission.gorev3_pickup: [KANCA_IZ] t=17.71 alt=0.346 off_n=-0.1213 off_e=+0.0087 nose_z=+0.0838
2026-09-01 09:30:45,937 [INFO] core.mission.gorev3_pickup: [KANCA_IZ] t=17.82 alt=0.345 off_n=-0.1207 off_e=+0.0071 nose_z=+0.0840
2026-09-01 09:30:46,044 [INFO] core.mission.gorev3_pickup: [KANCA_IZ] t=17.93 alt=0.344 off_n=-0.1198 off_e=+0.0050 nose_z=+0.0842
2026-09-01 09:30:46,152 [INFO] core.mission.gorev3_pickup: [KANCA_IZ] t=18.03 alt=0.343 off_n=-0.1188 off_e=+0.0029 nose_z=+0.0844
2026-09-01 09:30:46,261 [INFO] core.mission.gorev3_pickup: [KANCA_IZ] t=18.14 alt=0.340 off_n=-0.1175 off_e=+0.0005 nose_z=+0.0846
2026-09-01 09:30:46,370 [INFO] core.mission.gorev3_pickup: [KANCA_IZ] t=18.25 alt=0.338 off_n=-0.1156 off_e=-0.0029 nose_z=+0.0848
2026-09-01 09:30:46,478 [INFO] core.mission.gorev3_pickup: [KANCA_IZ] t=18.36 alt=0.336 off_n=-0.1138 off_e=-0.0060 nose_z=+0.0850
2026-09-01 09:30:46,479 [INFO] gz_system.gz_payload_actuator: [HOOK] APPROACHING  lat=  19.9mm ins=   -9.0mm tilt= 43.9deg v=0.021m/s age=0.02s  [lateral(19.9mm>10.2mm), too_high(-9.0mm<-4.0mm), tilt(43.9deg>15.0deg)]
2026-09-01 09:30:46,587 [INFO] core.mission.gorev3_pickup: [KANCA_IZ] t=18.47 alt=0.335 off_n=-0.1117 off_e=-0.0101 nose_z=+0.0853
2026-09-01 09:30:46,696 [INFO] core.mission.gorev3_pickup: [KANCA_IZ] t=18.58 alt=0.333 off_n=-0.1102 off_e=-0.0135 nose_z=+0.0854
2026-09-01 09:30:46,803 [INFO] core.mission.gorev3_pickup: [KANCA_IZ] t=18.69 alt=0.332 off_n=-0.1086 off_e=-0.0178 nose_z=+0.0856
2026-09-01 09:30:46,912 [INFO] core.mission.gorev3_pickup: [KANCA_IZ] t=18.79 alt=0.330 off_n=-0.1077 off_e=-0.0214 nose_z=+0.0858
2026-09-01 09:30:47,020 [INFO] core.mission.gorev3_pickup: [KANCA_IZ] t=18.90 alt=0.328 off_n=-0.1071 off_e=-0.0253 nose_z=+0.0860
QGC port check failed, reporting UNKNOWN: (pid=27647)
2026-09-01 09:30:47,071 [INFO] gz_system.gz_payload_actuator: [KANCA_DENGE] oturma penceresi ortalama kanca_ofset=(-0.1060, +0.0010)  (220 ornek)
2026-09-01 09:30:47,071 [WARNING] gz_system.gz_payload_actuator: [HOOK] OTURMADI (12.0 s). En iyi ESZAMANLI ornek: lat=  20.0mm ins=   -3.0mm tilt= 14.5deg v=0.029m/s age=0.02s (1 kapi ihlali). CAPTURE_CANDIDATE ornegi: 0/220. Kapi retleri: lateral=220, tilt=131, too_high=123, rel_speed=14. Sinirlar: yanal<=10.2 mm, dwell 0.30 s.
2026-09-01 09:30:47,071 [WARNING] gz_system.gz_payload_actuator: [HOOK] oturma dogrulanmadi (12.0s) -- /hook/attach YAYINLANMADI, vinc cekiliyor, tekrar denenecek
2026-09-01 09:30:47,071 [INFO] gz_system.gz_payload_actuator: [HOOK] vinc -> 0.00 m
I0901 09:30:47.071647 13372419 fork_posix.cc:71] Other threads are currently calling into gRPC, skipping fork() handlers
2026-09-01 09:30:47,128 [INFO] core.mission.gorev3_pickup: [KANCA_IZ] t=19.01 alt=0.328 off_n=-0.1069 off_e=-0.0284 nose_z=+0.0861
2026-09-01 09:30:47,235 [INFO] core.mission.gorev3_pickup: [KANCA_IZ] t=19.12 alt=0.327 off_n=-0.1070 off_e=-0.0318 nose_z=+0.0862
2026-09-01 09:30:47,344 [INFO] core.mission.gorev3_pickup: [KANCA_IZ] t=19.23 alt=0.326 off_n=-0.1072 off_e=-0.0344 nose_z=+0.0858
2026-09-01 09:30:47,452 [INFO] core.mission.gorev3_pickup: [KANCA_IZ] t=19.33 alt=0.325 off_n=-0.1074 off_e=-0.0363 nose_z=+0.0860
2026-09-01 09:30:47,559 [INFO] core.mission.gorev3_pickup: [KANCA_IZ] t=19.44 alt=0.325 off_n=-0.1075 off_e=-0.0381 nose_z=+0.0862
2026-09-01 09:30:47,666 [INFO] core.mission.gorev3_pickup: [KANCA_IZ] t=19.55 alt=0.326 off_n=-0.1075 off_e=-0.0389 nose_z=+0.0864
2026-09-01 09:30:47,774 [INFO] core.mission.gorev3_pickup: [KANCA_IZ] t=19.66 alt=0.326 off_n=-0.1073 off_e=-0.0391 nose_z=+0.0865
2026-09-01 09:30:47,850 [INFO] gz_system.main_gz: Dashboard paint loop: 0.0 FPS (main thread)
2026-09-01 09:30:47,882 [INFO] core.mission.gorev3_pickup: [KANCA_IZ] t=19.76 alt=0.325 off_n=-0.1068 off_e=-0.0383 nose_z=+0.0867
2026-09-01 09:30:47,989 [INFO] core.mission.gorev3_pickup: [KANCA_IZ] t=19.87 alt=0.324 off_n=-0.1064 off_e=-0.0371 nose_z=+0.0869
2026-09-01 09:30:48,097 [INFO] core.mission.gorev3_pickup: [KANCA_IZ] t=19.98 alt=0.322 off_n=-0.0972 off_e=-0.0304 nose_z=+0.1588
2026-09-01 09:30:48,205 [INFO] core.mission.gorev3_pickup: [KANCA_IZ] t=20.09 alt=0.319 off_n=-0.0661 off_e=+0.0043 nose_z=+0.2239
2026-09-01 09:30:48,313 [INFO] core.mission.gorev3_pickup: [KANCA_IZ] t=20.20 alt=0.314 off_n=-0.0422 off_e=+0.0133 nose_z=+0.3292
2026-09-01 09:30:48,421 [INFO] core.mission.gorev3_pickup: [KANCA_IZ] t=20.30 alt=0.310 off_n=-0.0528 off_e=-0.0036 nose_z=+0.3613
2026-09-01 09:30:48,529 [INFO] core.mission.gorev3_pickup: [KANCA_IZ] t=20.41 alt=0.307 off_n=-0.1077 off_e=-0.0205 nose_z=+0.3769
2026-09-01 09:30:48,637 [INFO] core.mission.gorev3_pickup: [KANCA_IZ] t=20.52 alt=0.305 off_n=-0.1275 off_e=-0.0061 nose_z=+0.3683
2026-09-01 09:30:48,744 [INFO] core.detection.vision_runtime: [VISION] detect() calisiyor -- bu karede 0 tespit: []
2026-09-01 09:30:48,745 [INFO] core.mission.gorev3_pickup: [KANCA_IZ] t=20.63 alt=0.303 off_n=-0.1052 off_e=+0.0194 nose_z=+0.3493
2026-09-01 09:30:48,853 [INFO] core.mission.gorev3_pickup: [KANCA_IZ] t=20.73 alt=0.302 off_n=-0.0715 off_e=+0.0283 nose_z=+0.3423
2026-09-01 09:30:48,960 [INFO] core.mission.gorev3_pickup: [KANCA_IZ] t=20.84 alt=0.298 off_n=-0.0514 off_e=+0.0228 nose_z=+0.3388
2026-09-01 09:30:48,991 [INFO] core.mission.gorev3_pickup: [YENIDEN_HIZA] deneme 2 oncesi, kanca havada -- duzeltme yeniden kosuluyor
2026-09-01 09:30:48,991 [INFO] core.mission.gorev3_pickup: [SON_DUZELTME] 1/6 yanal 73.4 mm -> (kuzey -0.010, dogu -0.035)  | kanca_ofset=(-0.0500, +0.0180) arac_ned=(112.0645, -10.1103) kanca_mutlak=(112.0145, -10.0922)
QGC port check failed, reporting UNKNOWN: (pid=27647)
2026-09-01 09:30:49,069 [INFO] core.mission.gorev3_pickup: [KANCA_IZ] t=20.95 alt=0.298 off_n=-0.0587 off_e=+0.0059 nose_z=+0.3281
2026-09-01 09:30:49,178 [INFO] core.mission.gorev3_pickup: [KANCA_IZ] t=21.06 alt=0.298 off_n=-0.0854 off_e=-0.0102 nose_z=+0.3196
2026-09-01 09:30:49,286 [INFO] core.mission.gorev3_pickup: [KANCA_IZ] t=21.17 alt=0.297 off_n=-0.1176 off_e=-0.0235 nose_z=+0.3181
2026-09-01 09:30:49,396 [INFO] core.mission.gorev3_pickup: [KANCA_IZ] t=21.28 alt=0.297 off_n=-0.1304 off_e=-0.0258 nose_z=+0.3193
2026-09-01 09:30:49,503 [INFO] core.mission.gorev3_pickup: [KANCA_IZ] t=21.39 alt=0.297 off_n=-0.1218 off_e=-0.0176 nose_z=+0.3178
2026-09-01 09:30:49,611 [INFO] core.mission.gorev3_pickup: [KANCA_IZ] t=21.49 alt=0.298 off_n=-0.1030 off_e=-0.0073 nose_z=+0.3164
2026-09-01 09:30:49,719 [INFO] core.mission.gorev3_pickup: [KANCA_IZ] t=21.60 alt=0.299 off_n=-0.0776 off_e=+0.0039 nose_z=+0.3175
2026-09-01 09:30:49,830 [INFO] core.mission.gorev3_pickup: [KANCA_IZ] t=21.71 alt=0.301 off_n=-0.0665 off_e=+0.0072 nose_z=+0.3192
2026-09-01 09:30:49,939 [INFO] core.mission.gorev3_pickup: [KANCA_IZ] t=21.82 alt=0.303 off_n=-0.0705 off_e=+0.0031 nose_z=+0.3193
2026-09-01 09:30:50,048 [INFO] core.mission.gorev3_pickup: [KANCA_IZ] t=21.93 alt=0.305 off_n=-0.0842 off_e=-0.0039 nose_z=+0.3190
2026-09-01 09:30:50,158 [INFO] core.mission.gorev3_pickup: [KANCA_IZ] t=22.04 alt=0.308 off_n=-0.1012 off_e=-0.0108 nose_z=+0.3196
2026-09-01 09:30:50,267 [INFO] core.mission.gorev3_pickup: [KANCA_IZ] t=22.15 alt=0.312 off_n=-0.1090 off_e=-0.0128 nose_z=+0.3203
2026-09-01 09:30:50,377 [INFO] core.mission.gorev3_pickup: [KANCA_IZ] t=22.26 alt=0.314 off_n=-0.1060 off_e=-0.0097 nose_z=+0.3199
2026-09-01 09:30:50,486 [INFO] core.mission.gorev3_pickup: [KANCA_IZ] t=22.37 alt=0.316 off_n=-0.0960 off_e=-0.0045 nose_z=+0.3191
2026-09-01 09:30:50,595 [INFO] core.mission.gorev3_pickup: [KANCA_IZ] t=22.48 alt=0.317 off_n=-0.0831 off_e=+0.0010 nose_z=+0.3185
2026-09-01 09:30:50,704 [INFO] core.mission.gorev3_pickup: [KANCA_IZ] t=22.59 alt=0.319 off_n=-0.0773 off_e=+0.0027 nose_z=+0.3181
2026-09-01 09:30:50,814 [INFO] core.mission.gorev3_pickup: [KANCA_IZ] t=22.70 alt=0.319 off_n=-0.0793 off_e=+0.0006 nose_z=+0.3169
2026-09-01 09:30:50,923 [INFO] core.mission.gorev3_pickup: [KANCA_IZ] t=22.81 alt=0.320 off_n=-0.0863 off_e=-0.0030 nose_z=+0.3156
2026-09-01 09:30:51,031 [INFO] core.mission.gorev3_pickup: [KANCA_IZ] t=22.91 alt=0.320 off_n=-0.0954 off_e=-0.0068 nose_z=+0.3145
QGC port check failed, reporting UNKNOWN: (pid=27647)
2026-09-01 09:30:51,140 [INFO] core.mission.gorev3_pickup: [KANCA_IZ] t=23.02 alt=0.321 off_n=-0.0994 off_e=-0.0079 nose_z=+0.3136
2026-09-01 09:30:51,248 [INFO] core.mission.gorev3_pickup: [KANCA_IZ] t=23.13 alt=0.321 off_n=-0.0980 off_e=-0.0062 nose_z=+0.3123
2026-09-01 09:30:51,357 [INFO] core.mission.gorev3_pickup: [KANCA_IZ] t=23.24 alt=0.321 off_n=-0.0932 off_e=-0.0036 nose_z=+0.3112
2026-09-01 09:30:51,465 [INFO] core.mission.gorev3_pickup: [KANCA_IZ] t=23.35 alt=0.318 off_n=-0.0866 off_e=-0.0007 nose_z=+0.3101
2026-09-01 09:30:51,574 [INFO] core.mission.gorev3_pickup: [KANCA_IZ] t=23.46 alt=0.316 off_n=-0.0834 off_e=+0.0003 nose_z=+0.3096
2026-09-01 09:30:51,682 [INFO] core.mission.gorev3_pickup: [KANCA_IZ] t=23.56 alt=0.315 off_n=-0.0838 off_e=-0.0004 nose_z=+0.3092
2026-09-01 09:30:51,791 [INFO] core.detection.vision_runtime: [VISION] detect() calisiyor -- bu karede 1 tespit: ['KIRMIZI_DIKDORTGEN']
2026-09-01 09:30:51,791 [INFO] core.mission.gorev3_pickup: [KANCA_IZ] t=23.67 alt=0.314 off_n=-0.0878 off_e=-0.0027 nose_z=+0.3089
2026-09-01 09:30:51,900 [INFO] core.mission.gorev3_pickup: [KANCA_IZ] t=23.78 alt=0.312 off_n=-0.0918 off_e=-0.0046 nose_z=+0.3091
2026-09-01 09:30:52,009 [INFO] core.mission.gorev3_pickup: [KANCA_IZ] t=23.89 alt=0.311 off_n=-0.0946 off_e=-0.0055 nose_z=+0.3097
2026-09-01 09:30:52,119 [INFO] core.mission.gorev3_pickup: [KANCA_IZ] t=24.00 alt=0.311 off_n=-0.0944 off_e=-0.0048 nose_z=+0.3106
2026-09-01 09:30:52,228 [INFO] core.mission.gorev3_pickup: [KANCA_IZ] t=24.11 alt=0.312 off_n=-0.0921 off_e=-0.0033 nose_z=+0.3113
2026-09-01 09:30:52,325 [INFO] core.mission.gorev3_pickup: [SON_DUZELTME] 2/6 yanal 35.9 mm -> (kuzey +0.013, dogu -0.012)  | kanca_ofset=(-0.0886, -0.0016) arac_ned=(112.0560, -10.1366) kanca_mutlak=(111.9673, -10.1383)
2026-09-01 09:30:52,337 [INFO] core.mission.gorev3_pickup: [KANCA_IZ] t=24.22 alt=0.313 off_n=-0.0886 off_e=-0.0016 nose_z=+0.3124
2026-09-01 09:30:52,446 [INFO] core.mission.gorev3_pickup: [KANCA_IZ] t=24.33 alt=0.313 off_n=-0.0867 off_e=-0.0011 nose_z=+0.3133
2026-09-01 09:30:52,557 [INFO] core.mission.gorev3_pickup: [KANCA_IZ] t=24.44 alt=0.315 off_n=-0.0865 off_e=-0.0017 nose_z=+0.3144
2026-09-01 09:30:52,666 [INFO] core.mission.gorev3_pickup: [KANCA_IZ] t=24.55 alt=0.316 off_n=-0.0882 off_e=-0.0027 nose_z=+0.3153
2026-09-01 09:30:52,775 [INFO] core.mission.gorev3_pickup: [KANCA_IZ] t=24.66 alt=0.317 off_n=-0.0909 off_e=-0.0039 nose_z=+0.3162
2026-09-01 09:30:52,867 [INFO] gz_system.main_gz: Dashboard paint loop: 0.0 FPS (main thread)
2026-09-01 09:30:52,884 [INFO] core.mission.gorev3_pickup: [KANCA_IZ] t=24.77 alt=0.318 off_n=-0.0924 off_e=-0.0042 nose_z=+0.3168
2026-09-01 09:30:52,995 [INFO] core.mission.gorev3_pickup: [KANCA_IZ] t=24.88 alt=0.318 off_n=-0.0924 off_e=-0.0039 nose_z=+0.3175
QGC port check failed, reporting UNKNOWN: (pid=27647)
2026-09-01 09:30:53,103 [INFO] core.mission.gorev3_pickup: [KANCA_IZ] t=24.99 alt=0.318 off_n=-0.0912 off_e=-0.0031 nose_z=+0.3180
2026-09-01 09:30:53,212 [INFO] core.mission.gorev3_pickup: [KANCA_IZ] t=25.09 alt=0.317 off_n=-0.0892 off_e=-0.0024 nose_z=+0.3188
2026-09-01 09:30:53,322 [INFO] core.mission.gorev3_pickup: [KANCA_IZ] t=25.20 alt=0.317 off_n=-0.0881 off_e=-0.0022 nose_z=+0.3196
2026-09-01 09:30:53,431 [INFO] core.mission.gorev3_pickup: [KANCA_IZ] t=25.31 alt=0.317 off_n=-0.0880 off_e=-0.0024 nose_z=+0.3206
2026-09-01 09:30:53,541 [INFO] core.mission.gorev3_pickup: [KANCA_IZ] t=25.42 alt=0.315 off_n=-0.0889 off_e=-0.0029 nose_z=+0.3217
2026-09-01 09:30:53,650 [INFO] core.mission.gorev3_pickup: [KANCA_IZ] t=25.53 alt=0.315 off_n=-0.0904 off_e=-0.0035 nose_z=+0.3232
2026-09-01 09:30:53,759 [INFO] core.mission.gorev3_pickup: [KANCA_IZ] t=25.64 alt=0.315 off_n=-0.0914 off_e=-0.0036 nose_z=+0.3245
2026-09-01 09:30:53,867 [INFO] core.mission.gorev3_pickup: [KANCA_IZ] t=25.75 alt=0.317 off_n=-0.0915 off_e=-0.0034 nose_z=+0.3262
2026-09-01 09:30:53,976 [INFO] core.mission.gorev3_pickup: [KANCA_IZ] t=25.86 alt=0.319 off_n=-0.0908 off_e=-0.0031 nose_z=+0.3275
2026-09-01 09:30:54,085 [INFO] core.mission.gorev3_pickup: [KANCA_IZ] t=25.97 alt=0.320 off_n=-0.0895 off_e=-0.0027 nose_z=+0.3290
2026-09-01 09:30:54,193 [INFO] core.mission.gorev3_pickup: [KANCA_IZ] t=26.08 alt=0.321 off_n=-0.0888 off_e=-0.0025 nose_z=+0.3302
2026-09-01 09:30:54,303 [INFO] core.mission.gorev3_pickup: [KANCA_IZ] t=26.19 alt=0.323 off_n=-0.0887 off_e=-0.0026 nose_z=+0.3311
2026-09-01 09:30:54,413 [INFO] core.mission.gorev3_pickup: [KANCA_IZ] t=26.29 alt=0.326 off_n=-0.0892 off_e=-0.0029 nose_z=+0.3320
2026-09-01 09:30:54,521 [INFO] core.mission.gorev3_pickup: [KANCA_IZ] t=26.40 alt=0.329 off_n=-0.0899 off_e=-0.0032 nose_z=+0.3324
2026-09-01 09:30:54,631 [INFO] core.mission.gorev3_pickup: [KANCA_IZ] t=26.51 alt=0.331 off_n=-0.0907 off_e=-0.0034 nose_z=+0.3324
2026-09-01 09:30:54,741 [INFO] core.mission.gorev3_pickup: [KANCA_IZ] t=26.62 alt=0.332 off_n=-0.0909 off_e=-0.0034 nose_z=+0.3321
2026-09-01 09:30:54,851 [INFO] core.detection.vision_runtime: [VISION] detect() calisiyor -- bu karede 1 tespit: ['KIRMIZI_DIKDORTGEN']
2026-09-01 09:30:54,851 [INFO] core.mission.gorev3_pickup: [KANCA_IZ] t=26.73 alt=0.332 off_n=-0.0906 off_e=-0.0031 nose_z=+0.3314
2026-09-01 09:30:54,851 [INFO] core.mission.gorev3_pickup: [SON_DUZELTME] 3/6 yanal 45.4 mm -> (kuzey +0.017, dogu -0.015)  | kanca_ofset=(-0.0906, -0.0031) arac_ned=(112.0494, -10.1305) kanca_mutlak=(111.9589, -10.1336)
2026-09-01 09:30:54,959 [INFO] core.mission.gorev3_pickup: [KANCA_IZ] t=26.84 alt=0.331 off_n=-0.0900 off_e=-0.0028 nose_z=+0.3307
QGC port check failed, reporting UNKNOWN: (pid=27647)
2026-09-01 09:30:55,068 [INFO] core.mission.gorev3_pickup: [KANCA_IZ] t=26.95 alt=0.329 off_n=-0.0894 off_e=-0.0025 nose_z=+0.3299
2026-09-01 09:30:55,177 [INFO] core.mission.gorev3_pickup: [KANCA_IZ] t=27.06 alt=0.328 off_n=-0.0892 off_e=-0.0025 nose_z=+0.3294
2026-09-01 09:30:55,286 [INFO] core.mission.gorev3_pickup: [KANCA_IZ] t=27.17 alt=0.326 off_n=-0.0893 off_e=-0.0028 nose_z=+0.3290
2026-09-01 09:30:55,398 [INFO] core.mission.gorev3_pickup: [KANCA_IZ] t=27.28 alt=0.324 off_n=-0.0896 off_e=-0.0031 nose_z=+0.3289
2026-09-01 09:30:55,506 [INFO] core.mission.gorev3_pickup: [KANCA_IZ] t=27.39 alt=0.323 off_n=-0.0901 off_e=-0.0033 nose_z=+0.3291
2026-09-01 09:30:55,616 [INFO] core.mission.gorev3_pickup: [KANCA_IZ] t=27.50 alt=0.321 off_n=-0.0903 off_e=-0.0033 nose_z=+0.3294
2026-09-01 09:30:55,727 [INFO] core.mission.gorev3_pickup: [KANCA_IZ] t=27.61 alt=0.321 off_n=-0.0902 off_e=-0.0029 nose_z=+0.3301
2026-09-01 09:30:55,837 [INFO] core.mission.gorev3_pickup: [KANCA_IZ] t=27.72 alt=0.320 off_n=-0.0900 off_e=-0.0026 nose_z=+0.3307
2026-09-01 09:30:55,946 [INFO] core.mission.gorev3_pickup: [KANCA_IZ] t=27.83 alt=0.319 off_n=-0.0896 off_e=-0.0025 nose_z=+0.3318
2026-09-01 09:30:56,057 [INFO] core.mission.gorev3_pickup: [KANCA_IZ] t=27.94 alt=0.319 off_n=-0.0894 off_e=-0.0025 nose_z=+0.3327
2026-09-01 09:30:56,167 [INFO] core.mission.gorev3_pickup: [KANCA_IZ] t=28.05 alt=0.318 off_n=-0.0895 off_e=-0.0026 nose_z=+0.3340
2026-09-01 09:30:56,276 [INFO] core.mission.gorev3_pickup: [KANCA_IZ] t=28.16 alt=0.317 off_n=-0.0897 off_e=-0.0029 nose_z=+0.3351
2026-09-01 09:30:56,385 [INFO] core.mission.gorev3_pickup: [KANCA_IZ] t=28.27 alt=0.316 off_n=-0.0900 off_e=-0.0030 nose_z=+0.3366
2026-09-01 09:30:56,494 [INFO] core.mission.gorev3_pickup: [KANCA_IZ] t=28.38 alt=0.316 off_n=-0.0902 off_e=-0.0030 nose_z=+0.3380
2026-09-01 09:30:56,603 [INFO] core.mission.gorev3_pickup: [KANCA_IZ] t=28.49 alt=0.315 off_n=-0.0901 off_e=-0.0028 nose_z=+0.3398
2026-09-01 09:30:56,714 [INFO] core.mission.gorev3_pickup: [KANCA_IZ] t=28.60 alt=0.315 off_n=-0.0900 off_e=-0.0027 nose_z=+0.3413
2026-09-01 09:30:56,826 [INFO] core.mission.gorev3_pickup: [KANCA_IZ] t=28.71 alt=0.315 off_n=-0.0899 off_e=-0.0026 nose_z=+0.3432
2026-09-01 09:30:56,935 [INFO] core.mission.gorev3_pickup: [KANCA_IZ] t=28.82 alt=0.316 off_n=-0.0898 off_e=-0.0026 nose_z=+0.3448
2026-09-01 09:30:57,047 [INFO] core.mission.gorev3_pickup: [KANCA_IZ] t=28.93 alt=0.317 off_n=-0.0898 off_e=-0.0027 nose_z=+0.3467
QGC port check failed, reporting UNKNOWN: (pid=27647)
2026-09-01 09:30:57,157 [INFO] core.mission.gorev3_pickup: [KANCA_IZ] t=29.04 alt=0.319 off_n=-0.0899 off_e=-0.0028 nose_z=+0.3484
2026-09-01 09:30:57,265 [INFO] core.mission.gorev3_pickup: [KANCA_IZ] t=29.15 alt=0.323 off_n=-0.0900 off_e=-0.0028 nose_z=+0.3497
2026-09-01 09:30:57,373 [INFO] core.mission.gorev3_pickup: [KANCA_IZ] t=29.26 alt=0.325 off_n=-0.0901 off_e=-0.0027 nose_z=+0.3509
2026-09-01 09:30:57,373 [INFO] core.mission.gorev3_pickup: [SON_DUZELTME] 4/6 yanal 7.7 mm -- hedefin icinde.
2026-09-01 09:30:57,373 [INFO] core.mission.gorev3_pickup: [YENIDEN_HIZA] deneme 2 icin yeni yanal: 7.7 mm
2026-09-01 09:30:57,373 [INFO] gz_system.gz_payload_actuator: [HOOK] alma denemesi 2/3
2026-09-01 09:30:57,374 [INFO] gz_system.gz_payload_actuator: [HOOK] vinc salimi: 0.381 m  (irtifa=0.351 m, guverte=0.070, zincir ofseti=0.060, pay=0.040)
2026-09-01 09:30:57,374 [INFO] gz_system.gz_payload_actuator: [HOOK] vinc -> 0.38 m
I0901 09:30:57.374329 13372419 fork_posix.cc:71] Other threads are currently calling into gRPC, skipping fork() handlers
2026-09-01 09:30:57,482 [INFO] core.mission.gorev3_pickup: [KANCA_IZ] t=29.36 alt=0.327 off_n=-0.0899 off_e=-0.0028 nose_z=+0.3520
2026-09-01 09:30:57,590 [INFO] core.mission.gorev3_pickup: [KANCA_IZ] t=29.47 alt=0.328 off_n=-0.0898 off_e=-0.0029 nose_z=+0.3527
2026-09-01 09:30:57,699 [INFO] core.mission.gorev3_pickup: [KANCA_IZ] t=29.58 alt=0.329 off_n=-0.0898 off_e=-0.0030 nose_z=+0.3533
2026-09-01 09:30:57,808 [INFO] core.mission.gorev3_pickup: [KANCA_IZ] t=29.69 alt=0.330 off_n=-0.0899 off_e=-0.0029 nose_z=+0.3536
2026-09-01 09:30:57,869 [INFO] gz_system.main_gz: Dashboard paint loop: 0.0 FPS (main thread)
2026-09-01 09:30:57,917 [INFO] core.detection.vision_runtime: [VISION] detect() calisiyor -- bu karede 1 tespit: ['KIRMIZI_DIKDORTGEN']
2026-09-01 09:30:57,917 [INFO] core.mission.gorev3_pickup: [KANCA_IZ] t=29.80 alt=0.330 off_n=-0.0902 off_e=-0.0028 nose_z=+0.3538
2026-09-01 09:30:58,025 [INFO] core.mission.gorev3_pickup: [KANCA_IZ] t=29.91 alt=0.331 off_n=-0.0903 off_e=-0.0027 nose_z=+0.3539
2026-09-01 09:30:58,134 [INFO] core.mission.gorev3_pickup: [KANCA_IZ] t=30.02 alt=0.331 off_n=-0.0903 off_e=-0.0028 nose_z=+0.3539
2026-09-01 09:30:58,243 [INFO] core.mission.gorev3_pickup: [KANCA_IZ] t=30.13 alt=0.332 off_n=-0.0901 off_e=-0.0028 nose_z=+0.3537
2026-09-01 09:30:58,328 [INFO] gz_system.gz_payload_actuator: [HOOK] APPROACHING  lat=  26.8mm ins= -277.4mm tilt=  0.1deg v=  infm/s age=0.00s  [lateral(26.8mm>10.2mm), too_high(-277.4mm<-4.0mm), rel_speed(inf>0.05m/s)]
2026-09-01 09:30:58,350 [INFO] core.mission.gorev3_pickup: [KANCA_IZ] t=30.23 alt=0.333 off_n=-0.0897 off_e=-0.0029 nose_z=+0.3455
2026-09-01 09:30:58,459 [INFO] core.mission.gorev3_pickup: [KANCA_IZ] t=30.34 alt=0.334 off_n=-0.0897 off_e=-0.0029 nose_z=+0.2958
2026-09-01 09:30:58,568 [INFO] core.mission.gorev3_pickup: [KANCA_IZ] t=30.45 alt=0.333 off_n=-0.0902 off_e=-0.0029 nose_z=+0.2456
2026-09-01 09:30:58,676 [INFO] core.mission.gorev3_pickup: [KANCA_IZ] t=30.56 alt=0.331 off_n=-0.0908 off_e=-0.0028 nose_z=+0.1871
2026-09-01 09:30:58,783 [INFO] core.mission.gorev3_pickup: [KANCA_IZ] t=30.67 alt=0.330 off_n=-0.0910 off_e=-0.0027 nose_z=+0.1368
2026-09-01 09:30:58,892 [INFO] core.mission.gorev3_pickup: [KANCA_IZ] t=30.77 alt=0.328 off_n=-0.0906 off_e=-0.0025 nose_z=+0.0787
2026-09-01 09:30:59,001 [INFO] core.mission.gorev3_pickup: [KANCA_IZ] t=30.88 alt=0.330 off_n=-0.0838 off_e=-0.0011 nose_z=+0.0736
QGC port check failed, reporting UNKNOWN: (pid=27647)
2026-09-01 09:30:59,109 [INFO] core.mission.gorev3_pickup: [KANCA_IZ] t=30.99 alt=0.344 off_n=-0.0826 off_e=+0.0007 nose_z=+0.0731
2026-09-01 09:30:59,219 [INFO] core.mission.gorev3_pickup: [KANCA_IZ] t=31.10 alt=0.358 off_n=-0.0902 off_e=+0.0019 nose_z=+0.0730
2026-09-01 09:30:59,328 [INFO] core.mission.gorev3_pickup: [KANCA_IZ] t=31.21 alt=0.365 off_n=-0.1027 off_e=+0.0031 nose_z=+0.0730
2026-09-01 09:30:59,328 [INFO] gz_system.gz_payload_actuator: [HOOK] APPROACHING  lat=  21.9mm ins=   +3.0mm tilt=  0.0deg v=0.001m/s age=0.02s  [lateral(21.9mm>10.2mm)]
2026-09-01 09:30:59,437 [INFO] core.mission.gorev3_pickup: [KANCA_IZ] t=31.32 alt=0.367 off_n=-0.1133 off_e=+0.0043 nose_z=+0.0729
2026-09-01 09:30:59,546 [INFO] core.mission.gorev3_pickup: [KANCA_IZ] t=31.43 alt=0.366 off_n=-0.1242 off_e=+0.0056 nose_z=+0.0729
2026-09-01 09:30:59,656 [INFO] core.mission.gorev3_pickup: [KANCA_IZ] t=31.54 alt=0.363 off_n=-0.1319 off_e=+0.0068 nose_z=+0.0730
2026-09-01 09:30:59,764 [INFO] core.mission.gorev3_pickup: [KANCA_IZ] t=31.65 alt=0.357 off_n=-0.1386 off_e=+0.0081 nose_z=+0.0736
2026-09-01 09:30:59,872 [INFO] core.mission.gorev3_pickup: [KANCA_IZ] t=31.75 alt=0.355 off_n=-0.1416 off_e=+0.0093 nose_z=+0.0744
2026-09-01 09:30:59,979 [INFO] core.mission.gorev3_pickup: [KANCA_IZ] t=31.86 alt=0.353 off_n=-0.1421 off_e=+0.0109 nose_z=+0.0754
2026-09-01 09:31:00,087 [INFO] core.mission.gorev3_pickup: [KANCA_IZ] t=31.97 alt=0.351 off_n=-0.1402 off_e=+0.0121 nose_z=+0.0761
2026-09-01 09:31:00,194 [INFO] core.mission.gorev3_pickup: [KANCA_IZ] t=32.08 alt=0.349 off_n=-0.1356 off_e=+0.0135 nose_z=+0.0769
2026-09-01 09:31:00,302 [INFO] core.mission.gorev3_pickup: [KANCA_IZ] t=32.18 alt=0.349 off_n=-0.1301 off_e=+0.0147 nose_z=+0.0776
2026-09-01 09:31:00,353 [INFO] gz_system.gz_payload_actuator: [HOOK] APPROACHING  lat=  22.5mm ins=   -2.1mm tilt= 20.3deg v=0.041m/s age=0.01s  [lateral(22.5mm>10.2mm), tilt(20.3deg>15.0deg)]
2026-09-01 09:31:00,411 [INFO] core.mission.gorev3_pickup: [KANCA_IZ] t=32.29 alt=0.349 off_n=-0.1237 off_e=+0.0157 nose_z=+0.0784
2026-09-01 09:31:00,520 [INFO] core.mission.gorev3_pickup: [KANCA_IZ] t=32.40 alt=0.349 off_n=-0.1151 off_e=+0.0168 nose_z=+0.0794
2026-09-01 09:31:00,630 [INFO] core.mission.gorev3_pickup: [KANCA_IZ] t=32.51 alt=0.349 off_n=-0.1076 off_e=+0.0177 nose_z=+0.0801
2026-09-01 09:31:00,740 [INFO] core.mission.gorev3_pickup: [KANCA_IZ] t=32.62 alt=0.348 off_n=-0.0988 off_e=+0.0185 nose_z=+0.0810
2026-09-01 09:31:00,850 [INFO] core.mission.gorev3_pickup: [KANCA_IZ] t=32.73 alt=0.346 off_n=-0.0918 off_e=+0.0190 nose_z=+0.0817
2026-09-01 09:31:00,959 [INFO] core.detection.vision_runtime: [VISION] detect() calisiyor -- bu karede 1 tespit: ['KIRMIZI_UCGEN']
2026-09-01 09:31:00,959 [INFO] core.mission.gorev3_pickup: [KANCA_IZ] t=32.84 alt=0.343 off_n=-0.0840 off_e=+0.0195 nose_z=+0.0824
QGC port check failed, reporting UNKNOWN: (pid=27647)
2026-09-01 09:31:01,068 [INFO] core.mission.gorev3_pickup: [KANCA_IZ] t=32.95 alt=0.338 off_n=-0.0785 off_e=+0.0198 nose_z=+0.0829
2026-09-01 09:31:01,178 [INFO] core.mission.gorev3_pickup: [KANCA_IZ] t=33.06 alt=0.336 off_n=-0.0724 off_e=+0.0201 nose_z=+0.0834
2026-09-01 09:31:01,287 [INFO] core.mission.gorev3_pickup: [KANCA_IZ] t=33.17 alt=0.335 off_n=-0.0680 off_e=+0.0201 nose_z=+0.0837
2026-09-01 09:31:01,396 [INFO] core.mission.gorev3_pickup: [KANCA_IZ] t=33.28 alt=0.334 off_n=-0.0633 off_e=+0.0198 nose_z=+0.0841
2026-09-01 09:31:01,396 [INFO] gz_system.gz_payload_actuator: [HOOK] APPROACHING  lat=  18.7mm ins=   -8.1mm tilt= 47.2deg v=0.016m/s age=0.01s  [lateral(18.7mm>10.2mm), too_high(-8.1mm<-4.0mm), tilt(47.2deg>15.0deg)]
2026-09-01 09:31:01,505 [INFO] core.mission.gorev3_pickup: [KANCA_IZ] t=33.39 alt=0.333 off_n=-0.0599 off_e=+0.0193 nose_z=+0.0844
2026-09-01 09:31:01,615 [INFO] core.mission.gorev3_pickup: [KANCA_IZ] t=33.50 alt=0.333 off_n=-0.0564 off_e=+0.0186 nose_z=+0.0847
2026-09-01 09:31:01,725 [INFO] core.mission.gorev3_pickup: [KANCA_IZ] t=33.61 alt=0.333 off_n=-0.0536 off_e=+0.0178 nose_z=+0.0849
2026-09-01 09:31:01,834 [INFO] core.mission.gorev3_pickup: [KANCA_IZ] t=33.72 alt=0.333 off_n=-0.0505 off_e=+0.0167 nose_z=+0.0851
2026-09-01 09:31:01,943 [INFO] core.mission.gorev3_pickup: [KANCA_IZ] t=33.83 alt=0.332 off_n=-0.0482 off_e=+0.0157 nose_z=+0.0854
2026-09-01 09:31:02,052 [INFO] core.mission.gorev3_pickup: [KANCA_IZ] t=33.93 alt=0.332 off_n=-0.0456 off_e=+0.0143 nose_z=+0.0856
2026-09-01 09:31:02,161 [INFO] core.mission.gorev3_pickup: [KANCA_IZ] t=34.04 alt=0.332 off_n=-0.0436 off_e=+0.0132 nose_z=+0.0858
2026-09-01 09:31:02,270 [INFO] core.mission.gorev3_pickup: [KANCA_IZ] t=34.15 alt=0.333 off_n=-0.0412 off_e=+0.0117 nose_z=+0.0860
2026-09-01 09:31:02,379 [INFO] core.mission.gorev3_pickup: [KANCA_IZ] t=34.26 alt=0.333 off_n=-0.0393 off_e=+0.0105 nose_z=+0.0862
2026-09-01 09:31:02,430 [INFO] gz_system.gz_payload_actuator: [HOOK] APPROACHING  lat=  19.3mm ins=  -10.3mm tilt= 55.6deg v=0.009m/s age=0.01s  [lateral(19.3mm>10.2mm), too_high(-10.3mm<-4.0mm), tilt(55.6deg>15.0deg)]
2026-09-01 09:31:02,488 [INFO] core.mission.gorev3_pickup: [KANCA_IZ] t=34.37 alt=0.333 off_n=-0.0372 off_e=+0.0089 nose_z=+0.0864
2026-09-01 09:31:02,597 [INFO] core.mission.gorev3_pickup: [KANCA_IZ] t=34.48 alt=0.333 off_n=-0.0355 off_e=+0.0075 nose_z=+0.0866
2026-09-01 09:31:02,705 [INFO] core.mission.gorev3_pickup: [KANCA_IZ] t=34.59 alt=0.331 off_n=-0.0336 off_e=+0.0057 nose_z=+0.0868
2026-09-01 09:31:02,816 [INFO] core.mission.gorev3_pickup: [KANCA_IZ] t=34.70 alt=0.330 off_n=-0.0320 off_e=+0.0044 nose_z=+0.0869
2026-09-01 09:31:02,882 [INFO] gz_system.main_gz: Dashboard paint loop: 0.0 FPS (main thread)
2026-09-01 09:31:02,925 [INFO] core.mission.gorev3_pickup: [KANCA_IZ] t=34.81 alt=0.329 off_n=-0.0303 off_e=+0.0030 nose_z=+0.0870
2026-09-01 09:31:03,034 [INFO] core.mission.gorev3_pickup: [KANCA_IZ] t=34.92 alt=0.328 off_n=-0.0290 off_e=+0.0022 nose_z=+0.0871
QGC port check failed, reporting UNKNOWN: (pid=27647)
2026-09-01 09:31:03,143 [INFO] core.mission.gorev3_pickup: [KANCA_IZ] t=35.03 alt=0.327 off_n=-0.0280 off_e=+0.0016 nose_z=+0.0871
2026-09-01 09:31:03,253 [INFO] core.mission.gorev3_pickup: [KANCA_IZ] t=35.13 alt=0.326 off_n=-0.0271 off_e=+0.0012 nose_z=+0.0872
2026-09-01 09:31:03,362 [INFO] core.mission.gorev3_pickup: [KANCA_IZ] t=35.24 alt=0.326 off_n=-0.0267 off_e=+0.0010 nose_z=+0.0872
2026-09-01 09:31:03,471 [INFO] core.mission.gorev3_pickup: [KANCA_IZ] t=35.35 alt=0.326 off_n=-0.0267 off_e=+0.0009 nose_z=+0.0872
2026-09-01 09:31:03,471 [INFO] gz_system.gz_payload_actuator: [HOOK] APPROACHING  lat=  20.6mm ins=  -11.2mm tilt= 59.6deg v=0.001m/s age=0.02s  [lateral(20.6mm>10.2mm), too_high(-11.2mm<-4.0mm), tilt(59.6deg>15.0deg)]
2026-09-01 09:31:03,580 [INFO] core.mission.gorev3_pickup: [KANCA_IZ] t=35.46 alt=0.327 off_n=-0.0275 off_e=+0.0010 nose_z=+0.0872
2026-09-01 09:31:03,690 [INFO] core.mission.gorev3_pickup: [KANCA_IZ] t=35.57 alt=0.327 off_n=-0.0285 off_e=+0.0010 nose_z=+0.0872
2026-09-01 09:31:03,798 [INFO] core.mission.gorev3_pickup: [KANCA_IZ] t=35.68 alt=0.328 off_n=-0.0299 off_e=+0.0010 nose_z=+0.0872
2026-09-01 09:31:03,908 [INFO] core.mission.gorev3_pickup: [KANCA_IZ] t=35.79 alt=0.330 off_n=-0.0318 off_e=+0.0009 nose_z=+0.0872
2026-09-01 09:31:04,017 [INFO] core.detection.vision_runtime: [VISION] detect() calisiyor -- bu karede 1 tespit: ['KIRMIZI_DIKDORTGEN']
2026-09-01 09:31:04,017 [INFO] core.mission.gorev3_pickup: [KANCA_IZ] t=35.90 alt=0.331 off_n=-0.0338 off_e=+0.0007 nose_z=+0.0871
2026-09-01 09:31:04,126 [INFO] core.mission.gorev3_pickup: [KANCA_IZ] t=36.01 alt=0.332 off_n=-0.0358 off_e=+0.0004 nose_z=+0.0871
2026-09-01 09:31:04,236 [INFO] core.mission.gorev3_pickup: [KANCA_IZ] t=36.12 alt=0.333 off_n=-0.0381 off_e=-0.0002 nose_z=+0.0871
2026-09-01 09:31:04,345 [INFO] core.mission.gorev3_pickup: [KANCA_IZ] t=36.23 alt=0.333 off_n=-0.0405 off_e=-0.0009 nose_z=+0.0871
2026-09-01 09:31:04,454 [INFO] core.mission.gorev3_pickup: [KANCA_IZ] t=36.34 alt=0.333 off_n=-0.0426 off_e=-0.0017 nose_z=+0.0871
2026-09-01 09:31:04,506 [INFO] gz_system.gz_payload_actuator: [HOOK] APPROACHING  lat=  20.8mm ins=  -11.1mm tilt= 58.3deg v=0.003m/s age=0.01s  [lateral(20.8mm>10.2mm), too_high(-11.1mm<-4.0mm), tilt(58.3deg>15.0deg)]
2026-09-01 09:31:04,563 [INFO] core.mission.gorev3_pickup: [KANCA_IZ] t=36.45 alt=0.334 off_n=-0.0445 off_e=-0.0024 nose_z=+0.0864
2026-09-01 09:31:04,673 [INFO] core.mission.gorev3_pickup: [KANCA_IZ] t=36.56 alt=0.333 off_n=-0.0467 off_e=-0.0039 nose_z=+0.0865
2026-09-01 09:31:04,782 [INFO] core.mission.gorev3_pickup: [KANCA_IZ] t=36.66 alt=0.333 off_n=-0.0483 off_e=-0.0054 nose_z=+0.0866
2026-09-01 09:31:04,891 [INFO] core.mission.gorev3_pickup: [KANCA_IZ] t=36.77 alt=0.332 off_n=-0.0500 off_e=-0.0076 nose_z=+0.0867
2026-09-01 09:31:04,999 [INFO] core.mission.gorev3_pickup: [KANCA_IZ] t=36.88 alt=0.332 off_n=-0.0513 off_e=-0.0098 nose_z=+0.0868
QGC port check failed, reporting UNKNOWN: (pid=27647)
2026-09-01 09:31:05,108 [INFO] core.mission.gorev3_pickup: [KANCA_IZ] t=36.99 alt=0.332 off_n=-0.0528 off_e=-0.0128 nose_z=+0.0868
2026-09-01 09:31:05,217 [INFO] core.mission.gorev3_pickup: [KANCA_IZ] t=37.10 alt=0.332 off_n=-0.0540 off_e=-0.0154 nose_z=+0.0868
2026-09-01 09:31:05,326 [INFO] core.mission.gorev3_pickup: [KANCA_IZ] t=37.21 alt=0.333 off_n=-0.0555 off_e=-0.0187 nose_z=+0.0868
2026-09-01 09:31:05,435 [INFO] core.mission.gorev3_pickup: [KANCA_IZ] t=37.32 alt=0.334 off_n=-0.0569 off_e=-0.0215 nose_z=+0.0868
2026-09-01 09:31:05,545 [INFO] core.mission.gorev3_pickup: [KANCA_IZ] t=37.43 alt=0.334 off_n=-0.0588 off_e=-0.0245 nose_z=+0.0867
2026-09-01 09:31:05,545 [INFO] gz_system.gz_payload_actuator: [HOOK] APPROACHING  lat=  24.6mm ins=  -10.7mm tilt= 55.8deg v=0.012m/s age=0.01s  [lateral(24.6mm>10.2mm), too_high(-10.7mm<-4.0mm), tilt(55.8deg>15.0deg)]
2026-09-01 09:31:05,654 [INFO] core.mission.gorev3_pickup: [KANCA_IZ] t=37.54 alt=0.335 off_n=-0.0606 off_e=-0.0268 nose_z=+0.0867
2026-09-01 09:31:05,763 [INFO] core.mission.gorev3_pickup: [KANCA_IZ] t=37.65 alt=0.337 off_n=-0.0630 off_e=-0.0288 nose_z=+0.0866
2026-09-01 09:31:05,872 [INFO] core.mission.gorev3_pickup: [KANCA_IZ] t=37.75 alt=0.337 off_n=-0.0649 off_e=-0.0299 nose_z=+0.0864
2026-09-01 09:31:05,981 [INFO] core.mission.gorev3_pickup: [KANCA_IZ] t=37.86 alt=0.337 off_n=-0.0673 off_e=-0.0303 nose_z=+0.0861
2026-09-01 09:31:06,091 [INFO] core.mission.gorev3_pickup: [KANCA_IZ] t=37.97 alt=0.337 off_n=-0.0692 off_e=-0.0300 nose_z=+0.0850
2026-09-01 09:31:06,199 [INFO] core.mission.gorev3_pickup: [KANCA_IZ] t=38.08 alt=0.338 off_n=-0.0712 off_e=-0.0290 nose_z=+0.0845
2026-09-01 09:31:06,308 [INFO] core.mission.gorev3_pickup: [KANCA_IZ] t=38.19 alt=0.337 off_n=-0.0725 off_e=-0.0278 nose_z=+0.0840
2026-09-01 09:31:06,416 [INFO] core.mission.gorev3_pickup: [KANCA_IZ] t=38.30 alt=0.337 off_n=-0.0735 off_e=-0.0264 nose_z=+0.0834
2026-09-01 09:31:06,525 [INFO] core.mission.gorev3_pickup: [KANCA_IZ] t=38.41 alt=0.335 off_n=-0.0742 off_e=-0.0243 nose_z=+0.0826
2026-09-01 09:31:06,576 [INFO] gz_system.gz_payload_actuator: [HOOK] APPROACHING  lat=  34.6mm ins=   -6.2mm tilt= 52.9deg v=0.033m/s age=0.00s  [lateral(34.6mm>10.2mm), too_high(-6.2mm<-4.0mm), tilt(52.9deg>15.0deg)]
2026-09-01 09:31:06,634 [INFO] core.mission.gorev3_pickup: [KANCA_IZ] t=38.52 alt=0.334 off_n=-0.0743 off_e=-0.0223 nose_z=+0.0818
2026-09-01 09:31:06,743 [INFO] core.mission.gorev3_pickup: [KANCA_IZ] t=38.63 alt=0.332 off_n=-0.0741 off_e=-0.0163 nose_z=+0.0647
2026-09-01 09:31:06,852 [INFO] core.mission.gorev3_pickup: [KANCA_IZ] t=38.73 alt=0.330 off_n=-0.0888 off_e=-0.0004 nose_z=+0.0147
2026-09-01 09:31:06,960 [INFO] core.mission.gorev3_pickup: [KANCA_IZ] t=38.84 alt=0.323 off_n=-0.0897 off_e=+0.0167 nose_z=+0.0066
QGC port check failed, reporting UNKNOWN: (pid=27647)
2026-09-01 09:31:07,069 [INFO] core.detection.vision_runtime: [VISION] detect() calisiyor -- bu karede 1 tespit: ['KIRMIZI_DIKDORTGEN']
2026-09-01 09:31:07,070 [INFO] core.mission.gorev3_pickup: [KANCA_IZ] t=38.95 alt=0.320 off_n=-0.0871 off_e=+0.0191 nose_z=+0.0065
2026-09-01 09:31:07,179 [INFO] core.mission.gorev3_pickup: [KANCA_IZ] t=39.06 alt=0.318 off_n=-0.0834 off_e=+0.0214 nose_z=+0.0069
2026-09-01 09:31:07,288 [INFO] core.mission.gorev3_pickup: [KANCA_IZ] t=39.17 alt=0.317 off_n=-0.0804 off_e=+0.0231 nose_z=+0.0073
2026-09-01 09:31:07,396 [INFO] core.mission.gorev3_pickup: [KANCA_IZ] t=39.28 alt=0.316 off_n=-0.0771 off_e=+0.0250 nose_z=+0.0078
2026-09-01 09:31:07,507 [INFO] core.mission.gorev3_pickup: [KANCA_IZ] t=39.39 alt=0.315 off_n=-0.0747 off_e=+0.0266 nose_z=+0.0081
2026-09-01 09:31:07,615 [INFO] core.mission.gorev3_pickup: [KANCA_IZ] t=39.50 alt=0.314 off_n=-0.0720 off_e=+0.0286 nose_z=+0.0083
2026-09-01 09:31:07,615 [INFO] gz_system.gz_payload_actuator: [HOOK] APPROACHING  lat=  66.5mm ins=  +67.7mm tilt= 10.1deg v=0.014m/s age=0.01s  [lateral(66.5mm>10.2mm), too_deep(+67.7mm>+19.9mm)]
2026-09-01 09:31:07,724 [INFO] core.mission.gorev3_pickup: [KANCA_IZ] t=39.61 alt=0.313 off_n=-0.0703 off_e=+0.0306 nose_z=+0.0085
2026-09-01 09:31:07,833 [INFO] core.mission.gorev3_pickup: [KANCA_IZ] t=39.72 alt=0.312 off_n=-0.0689 off_e=+0.0329 nose_z=+0.0087
2026-09-01 09:31:07,903 [INFO] gz_system.main_gz: Dashboard paint loop: 0.0 FPS (main thread)
2026-09-01 09:31:07,942 [INFO] core.mission.gorev3_pickup: [KANCA_IZ] t=39.82 alt=0.311 off_n=-0.0689 off_e=+0.0340 nose_z=+0.0088
2026-09-01 09:31:08,050 [INFO] core.mission.gorev3_pickup: [KANCA_IZ] t=39.93 alt=0.311 off_n=-0.0701 off_e=+0.0343 nose_z=+0.0087
2026-09-01 09:31:08,159 [INFO] core.mission.gorev3_pickup: [KANCA_IZ] t=40.04 alt=0.311 off_n=-0.0729 off_e=+0.0337 nose_z=+0.0086
2026-09-01 09:31:08,267 [INFO] core.mission.gorev3_pickup: [KANCA_IZ] t=40.15 alt=0.312 off_n=-0.0767 off_e=+0.0324 nose_z=+0.0084
2026-09-01 09:31:08,376 [INFO] core.mission.gorev3_pickup: [KANCA_IZ] t=40.26 alt=0.311 off_n=-0.0806 off_e=+0.0308 nose_z=+0.0083
2026-09-01 09:31:08,484 [INFO] core.mission.gorev3_pickup: [KANCA_IZ] t=40.37 alt=0.311 off_n=-0.0853 off_e=+0.0266 nose_z=+0.0079
2026-09-01 09:31:08,594 [INFO] core.mission.gorev3_pickup: [KANCA_IZ] t=40.48 alt=0.310 off_n=-0.0904 off_e=+0.0294 nose_z=+0.0088
2026-09-01 09:31:08,645 [INFO] gz_system.gz_payload_actuator: [HOOK] APPROACHING  lat=  47.3mm ins=  +66.8mm tilt=  9.2deg v=0.013m/s age=0.01s  [lateral(47.3mm>10.2mm), too_deep(+66.8mm>+19.9mm)]
2026-09-01 09:31:08,703 [INFO] core.mission.gorev3_pickup: [KANCA_IZ] t=40.59 alt=0.310 off_n=-0.0949 off_e=+0.0315 nose_z=+0.0096
2026-09-01 09:31:08,813 [INFO] core.mission.gorev3_pickup: [KANCA_IZ] t=40.70 alt=0.310 off_n=-0.1008 off_e=+0.0338 nose_z=+0.0109
2026-09-01 09:31:08,923 [INFO] core.mission.gorev3_pickup: [KANCA_IZ] t=40.81 alt=0.310 off_n=-0.1059 off_e=+0.0355 nose_z=+0.0122
2026-09-01 09:31:09,031 [INFO] core.mission.gorev3_pickup: [KANCA_IZ] t=40.91 alt=0.312 off_n=-0.1118 off_e=+0.0371 nose_z=+0.0138
QGC port check failed, reporting UNKNOWN: (pid=27647)
2026-09-01 09:31:09,139 [INFO] core.mission.gorev3_pickup: [KANCA_IZ] t=41.02 alt=0.313 off_n=-0.1178 off_e=+0.0381 nose_z=+0.0155
2026-09-01 09:31:09,248 [INFO] core.mission.gorev3_pickup: [KANCA_IZ] t=41.13 alt=0.315 off_n=-0.1225 off_e=+0.0386 nose_z=+0.0168
2026-09-01 09:31:09,358 [INFO] core.mission.gorev3_pickup: [KANCA_IZ] t=41.24 alt=0.317 off_n=-0.1259 off_e=+0.0387 nose_z=+0.0178
2026-09-01 09:31:09,466 [INFO] core.mission.gorev3_pickup: [KANCA_IZ] t=41.35 alt=0.319 off_n=-0.1262 off_e=+0.0385 nose_z=+0.0183
2026-09-01 09:31:09,581 [INFO] core.mission.gorev3_pickup: [KANCA_IZ] t=41.46 alt=0.320 off_n=-0.1240 off_e=+0.0380 nose_z=+0.0182
2026-09-01 09:31:09,689 [INFO] core.mission.gorev3_pickup: [KANCA_IZ] t=41.57 alt=0.321 off_n=-0.1214 off_e=+0.0370 nose_z=+0.0181
2026-09-01 09:31:09,689 [INFO] gz_system.gz_payload_actuator: [HOOK] APPROACHING  lat=  42.6mm ins=  +57.9mm tilt= 13.7deg v=0.052m/s age=0.02s  [lateral(42.6mm>10.2mm), too_deep(+57.9mm>+19.9mm), rel_speed(0.052>0.05m/s)]
2026-09-01 09:31:09,797 [INFO] core.mission.gorev3_pickup: [KANCA_IZ] t=41.68 alt=0.321 off_n=-0.1197 off_e=+0.0356 nose_z=+0.0180
2026-09-01 09:31:09,904 [INFO] core.mission.gorev3_pickup: [KANCA_IZ] t=41.79 alt=0.322 off_n=-0.1188 off_e=+0.0340 nose_z=+0.0178
2026-09-01 09:31:10,013 [INFO] core.mission.gorev3_pickup: [KANCA_IZ] t=41.90 alt=0.322 off_n=-0.1183 off_e=+0.0321 nose_z=+0.0177
2026-09-01 09:31:10,121 [INFO] core.detection.vision_runtime: [VISION] detect() calisiyor -- bu karede 0 tespit: []
2026-09-01 09:31:10,121 [INFO] core.mission.gorev3_pickup: [KANCA_IZ] t=42.00 alt=0.322 off_n=-0.1173 off_e=+0.0291 nose_z=+0.0174
2026-09-01 09:31:10,229 [INFO] core.mission.gorev3_pickup: [KANCA_IZ] t=42.11 alt=0.322 off_n=-0.1158 off_e=+0.0263 nose_z=+0.0172
2026-09-01 09:31:10,336 [INFO] core.mission.gorev3_pickup: [KANCA_IZ] t=42.22 alt=0.322 off_n=-0.1125 off_e=+0.0224 nose_z=+0.0169
2026-09-01 09:31:10,337 [INFO] gz_system.gz_payload_actuator: [KANCA_DENGE] oturma penceresi ortalama kanca_ofset=(-0.0766, +0.0090)  (221 ornek)
2026-09-01 09:31:10,337 [WARNING] gz_system.gz_payload_actuator: [HOOK] OTURMADI (12.0 s). En iyi ESZAMANLI ornek: lat=  21.9mm ins=   +3.0mm tilt=  0.1deg v=0.002m/s age=0.02s (1 kapi ihlali). CAPTURE_CANDIDATE ornegi: 0/221. Kapi retleri: lateral=221, too_high=123, tilt=122, too_deep=65, rel_speed=22. Sinirlar: yanal<=10.2 mm, dwell 0.30 s.
2026-09-01 09:31:10,337 [WARNING] gz_system.gz_payload_actuator: [HOOK] oturma dogrulanmadi (12.0s) -- /hook/attach YAYINLANMADI, vinc cekiliyor, tekrar denenecek
2026-09-01 09:31:10,337 [INFO] gz_system.gz_payload_actuator: [HOOK] vinc -> 0.00 m
I0901 09:31:10.337473 13372419 fork_posix.cc:71] Other threads are currently calling into gRPC, skipping fork() handlers
2026-09-01 09:31:10,446 [INFO] core.mission.gorev3_pickup: [KANCA_IZ] t=42.33 alt=0.323 off_n=-0.1086 off_e=+0.0191 nose_z=+0.0166
2026-09-01 09:31:10,553 [INFO] core.mission.gorev3_pickup: [KANCA_IZ] t=42.44 alt=0.323 off_n=-0.1037 off_e=+0.0150 nose_z=+0.0165
2026-09-01 09:31:10,661 [INFO] core.mission.gorev3_pickup: [KANCA_IZ] t=42.54 alt=0.323 off_n=-0.1004 off_e=+0.0118 nose_z=+0.0166
2026-09-01 09:31:10,769 [INFO] core.mission.gorev3_pickup: [KANCA_IZ] t=42.65 alt=0.323 off_n=-0.0978 off_e=+0.0089 nose_z=+0.0169
2026-09-01 09:31:10,878 [INFO] core.mission.gorev3_pickup: [KANCA_IZ] t=42.76 alt=0.323 off_n=-0.0947 off_e=+0.0060 nose_z=+0.0173
2026-09-01 09:31:10,986 [INFO] core.mission.gorev3_pickup: [KANCA_IZ] t=42.87 alt=0.323 off_n=-0.0915 off_e=+0.0033 nose_z=+0.0179
QGC port check failed, reporting UNKNOWN: (pid=27647)
2026-09-01 09:31:11,095 [INFO] core.mission.gorev3_pickup: [KANCA_IZ] t=42.98 alt=0.324 off_n=-0.0889 off_e=+0.0014 nose_z=+0.0184
2026-09-01 09:31:11,204 [INFO] core.mission.gorev3_pickup: [KANCA_IZ] t=43.09 alt=0.325 off_n=-0.0866 off_e=-0.0004 nose_z=+0.0189
2026-09-01 09:31:11,313 [INFO] core.mission.gorev3_pickup: [KANCA_IZ] t=43.20 alt=0.326 off_n=-0.0853 off_e=-0.0025 nose_z=+0.0195
2026-09-01 09:31:11,421 [INFO] core.mission.gorev3_pickup: [KANCA_IZ] t=43.30 alt=0.326 off_n=-0.0875 off_e=-0.0041 nose_z=+0.0506
2026-09-01 09:31:11,531 [INFO] core.mission.gorev3_pickup: [KANCA_IZ] t=43.41 alt=0.327 off_n=-0.0901 off_e=+0.0097 nose_z=+0.1575
2026-09-01 09:31:11,641 [INFO] core.mission.gorev3_pickup: [KANCA_IZ] t=43.52 alt=0.328 off_n=-0.0366 off_e=+0.0270 nose_z=+0.2378
2026-09-01 09:31:11,750 [INFO] core.mission.gorev3_pickup: [KANCA_IZ] t=43.63 alt=0.329 off_n=+0.0231 off_e=+0.0767 nose_z=+0.3570
2026-09-01 09:31:11,859 [INFO] core.mission.gorev3_pickup: [KANCA_IZ] t=43.74 alt=0.330 off_n=+0.0244 off_e=+0.0700 nose_z=+0.4036
2026-09-01 09:31:11,966 [INFO] core.mission.gorev3_pickup: [KANCA_IZ] t=43.85 alt=0.329 off_n=-0.0117 off_e=+0.0278 nose_z=+0.3947
2026-09-01 09:31:12,074 [INFO] core.mission.gorev3_pickup: [KANCA_IZ] t=43.96 alt=0.327 off_n=-0.0628 off_e=-0.0115 nose_z=+0.3851
2026-09-01 09:31:12,183 [INFO] core.mission.gorev3_pickup: [KANCA_IZ] t=44.07 alt=0.325 off_n=-0.1127 off_e=-0.0318 nose_z=+0.3848
2026-09-01 09:31:12,292 [INFO] core.mission.gorev3_pickup: [KANCA_IZ] t=44.17 alt=0.323 off_n=-0.1281 off_e=-0.0238 nose_z=+0.3823
2026-09-01 09:31:12,337 [INFO] core.mission.gorev3_pickup: [YENIDEN_HIZA] deneme 3 oncesi, kanca havada -- duzeltme yeniden kosuluyor
2026-09-01 09:31:12,337 [INFO] core.mission.gorev3_pickup: [SON_DUZELTME] 1/6 yanal 27.9 mm -> (kuzey +0.014, dogu +0.000)  | kanca_ofset=(-0.1259, -0.0114) arac_ned=(112.0917, -10.1521) kanca_mutlak=(111.9659, -10.1635)
2026-09-01 09:31:12,400 [INFO] core.mission.gorev3_pickup: [KANCA_IZ] t=44.28 alt=0.321 off_n=-0.1161 off_e=+0.0032 nose_z=+0.3752
2026-09-01 09:31:12,509 [INFO] core.mission.gorev3_pickup: [KANCA_IZ] t=44.39 alt=0.320 off_n=-0.0906 off_e=+0.0247 nose_z=+0.3733
2026-09-01 09:31:12,617 [INFO] core.mission.gorev3_pickup: [KANCA_IZ] t=44.50 alt=0.319 off_n=-0.0634 off_e=+0.0338 nose_z=+0.3753
2026-09-01 09:31:12,728 [INFO] core.mission.gorev3_pickup: [KANCA_IZ] t=44.61 alt=0.318 off_n=-0.0558 off_e=+0.0254 nose_z=+0.3753
2026-09-01 09:31:12,836 [INFO] core.mission.gorev3_pickup: [KANCA_IZ] t=44.72 alt=0.318 off_n=-0.0671 off_e=+0.0045 nose_z=+0.3733
2026-09-01 09:31:12,936 [INFO] gz_system.main_gz: Dashboard paint loop: 0.0 FPS (main thread)
2026-09-01 09:31:12,945 [INFO] core.mission.gorev3_pickup: [KANCA_IZ] t=44.83 alt=0.319 off_n=-0.0861 off_e=-0.0118 nose_z=+0.3734
2026-09-01 09:31:13,055 [INFO] core.mission.gorev3_pickup: [KANCA_IZ] t=44.94 alt=0.319 off_n=-0.1034 off_e=-0.0195 nose_z=+0.3754
QGC port check failed, reporting UNKNOWN: (pid=27647)
2026-09-01 09:31:13,163 [INFO] core.detection.vision_runtime: [VISION] detect() calisiyor -- bu karede 1 tespit: ['KIRMIZI_DIKDORTGEN']
QGC port check failed, reporting UNKNOWN: (pid=27647)
2026-09-01 09:31:15,154 [INFO] core.mission.gorev3_pickup: [SON_DUZELTME] 2/6 yanal 38.6 mm -> (kuzey -0.017, dogu -0.008)  | kanca_ofset=(-0.0898, -0.0001) arac_ned=(112.1182, -10.1456) kanca_mutlak=(112.0284, -10.1457)
2026-09-01 09:31:16,206 [INFO] core.detection.vision_runtime: [VISION] detect() calisiyor -- bu karede 1 tespit: ['KIRMIZI_DIKDORTGEN']
QGC port check failed, reporting UNKNOWN: (pid=27647)
2026-09-01 09:31:17,728 [INFO] core.mission.gorev3_pickup: [SON_DUZELTME] 3/6 yanal 29.3 mm -> (kuzey -0.014, dogu +0.003)  | kanca_ofset=(-0.0904, -0.0027) arac_ned=(112.1126, -10.1667) kanca_mutlak=(112.0222, -10.1694)
2026-09-01 09:31:17,962 [INFO] gz_system.main_gz: Dashboard paint loop: 0.0 FPS (main thread)
QGC port check failed, reporting UNKNOWN: (pid=27647)
2026-09-01 09:31:19,240 [INFO] core.detection.vision_runtime: [VISION] detect() calisiyor -- bu karede 0 tespit: []
2026-09-01 09:31:20,331 [INFO] core.mission.gorev3_pickup: [SON_DUZELTME] 4/6 yanal 37.2 mm -> (kuzey -0.017, dogu +0.007)  | kanca_ofset=(-0.0901, -0.0030) arac_ned=(112.1186, -10.1732) kanca_mutlak=(112.0284, -10.1761)
QGC port check failed, reporting UNKNOWN: (pid=27647)
2026-09-01 09:31:22,303 [INFO] core.detection.vision_runtime: [VISION] detect() calisiyor -- bu karede 1 tespit: ['KIRMIZI_DIKDORTGEN']
2026-09-01 09:31:22,848 [INFO] core.mission.gorev3_pickup: [SON_DUZELTME] 5/6 yanal 12.6 mm -> (kuzey -0.003, dogu +0.005)  | kanca_ofset=(-0.0901, -0.0030) arac_ned=(112.0906, -10.1703) kanca_mutlak=(112.0005, -10.1733)
2026-09-01 09:31:22,971 [INFO] gz_system.main_gz: Dashboard paint loop: 0.0 FPS (main thread)
QGC port check failed, reporting UNKNOWN: (pid=27647)
QGC port check failed, reporting UNKNOWN: (pid=27647)
2026-09-01 09:31:25,360 [INFO] core.detection.vision_runtime: [VISION] detect() calisiyor -- bu karede 1 tespit: ['KIRMIZI_DIKDORTGEN']
2026-09-01 09:31:25,360 [INFO] core.mission.gorev3_pickup: [SON_DUZELTME] 6/6 yanal 16.6 mm -> (kuzey +0.003, dogu +0.008)  | kanca_ofset=(-0.0900, -0.0027) arac_ned=(112.0777, -10.1754) kanca_mutlak=(111.9876, -10.1781)
QGC port check failed, reporting UNKNOWN: (pid=27647)
2026-09-01 09:31:27,867 [WARNING] core.mission.gorev3_pickup: [SON_DUZELTME] butce doldu; son yanal 16.6 mm
2026-09-01 09:31:27,868 [INFO] core.mission.gorev3_pickup: [YENIDEN_HIZA] deneme 3 icin yeni yanal: 16.6 mm
2026-09-01 09:31:27,868 [INFO] gz_system.gz_payload_actuator: [HOOK] alma denemesi 3/3
2026-09-01 09:31:27,868 [INFO] gz_system.gz_payload_actuator: [HOOK] vinc salimi: 0.381 m  (irtifa=0.351 m, guverte=0.070, zincir ofseti=0.060, pay=0.040)
2026-09-01 09:31:27,868 [INFO] gz_system.gz_payload_actuator: [HOOK] vinc -> 0.38 m
I0901 09:31:27.868380 13372419 fork_posix.cc:71] Other threads are currently calling into gRPC, skipping fork() handlers
2026-09-01 09:31:27,982 [INFO] gz_system.main_gz: Dashboard paint loop: 0.0 FPS (main thread)
2026-09-01 09:31:28,413 [INFO] core.detection.vision_runtime: [VISION] detect() calisiyor -- bu karede 1 tespit: ['KIRMIZI_DIKDORTGEN']
2026-09-01 09:31:28,804 [INFO] gz_system.gz_payload_actuator: [HOOK] APPROACHING  lat=  47.6mm ins= -289.7mm tilt=  0.2deg v=  infm/s age=0.02s  [lateral(47.6mm>10.2mm), too_high(-289.7mm<-4.0mm), rel_speed(inf>0.05m/s)]
QGC port check failed, reporting UNKNOWN: (pid=27647)
2026-09-01 09:31:29,829 [INFO] gz_system.gz_payload_actuator: [HOOK] APPROACHING  lat=  39.3mm ins=  +68.1mm tilt=  3.7deg v=0.013m/s age=0.03s  [lateral(39.3mm>10.2mm), too_deep(+68.1mm>+19.9mm)]
2026-09-01 09:31:30,852 [INFO] gz_system.gz_payload_actuator: [HOOK] APPROACHING  lat=  41.2mm ins=  +67.4mm tilt= 10.8deg v=0.003m/s age=0.02s  [lateral(41.2mm>10.2mm), too_deep(+67.4mm>+19.9mm)]
QGC port check failed, reporting UNKNOWN: (pid=27647)
2026-09-01 09:31:31,449 [INFO] core.detection.vision_runtime: [VISION] detect() calisiyor -- bu karede 0 tespit: []
2026-09-01 09:31:31,881 [INFO] gz_system.gz_payload_actuator: [HOOK] APPROACHING  lat=  41.2mm ins=  +67.2mm tilt= 12.2deg v=0.003m/s age=0.03s  [lateral(41.2mm>10.2mm), too_deep(+67.2mm>+19.9mm)]
2026-09-01 09:31:32,905 [INFO] gz_system.gz_payload_actuator: [HOOK] APPROACHING  lat=  41.1mm ins=  +67.1mm tilt= 12.9deg v=0.005m/s age=0.01s  [lateral(41.1mm>10.2mm), too_deep(+67.1mm>+19.9mm)]
2026-09-01 09:31:33,006 [INFO] gz_system.main_gz: Dashboard paint loop: 0.0 FPS (main thread)
QGC port check failed, reporting UNKNOWN: (pid=27647)
2026-09-01 09:31:33,936 [INFO] gz_system.gz_payload_actuator: [HOOK] APPROACHING  lat=  41.0mm ins=  +70.0mm tilt=  0.0deg v=0.008m/s age=0.01s  [lateral(41.0mm>10.2mm), too_deep(+70.0mm>+19.9mm)]
2026-09-01 09:31:34,474 [INFO] core.detection.vision_runtime: [VISION] detect() calisiyor -- bu karede 0 tespit: []
2026-09-01 09:31:34,957 [INFO] gz_system.gz_payload_actuator: [HOOK] APPROACHING  lat=  40.7mm ins=  +70.2mm tilt=  0.0deg v=0.000m/s age=0.02s  [lateral(40.7mm>10.2mm), too_deep(+70.2mm>+19.9mm)]
QGC port check failed, reporting UNKNOWN: (pid=27647)
2026-09-01 09:31:35,988 [INFO] gz_system.gz_payload_actuator: [HOOK] APPROACHING  lat=  40.6mm ins=  +70.7mm tilt=  0.0deg v=0.002m/s age=0.01s  [lateral(40.6mm>10.2mm), too_deep(+70.7mm>+19.9mm)]
2026-09-01 09:31:37,018 [INFO] gz_system.gz_payload_actuator: [HOOK] APPROACHING  lat=  41.2mm ins=  +67.0mm tilt= 13.5deg v=0.021m/s age=0.01s  [lateral(41.2mm>10.2mm), too_deep(+67.0mm>+19.9mm)]
QGC port check failed, reporting UNKNOWN: (pid=27647)
2026-09-01 09:31:37,513 [INFO] core.detection.vision_runtime: [VISION] detect() calisiyor -- bu karede 1 tespit: ['KIRMIZI_DIKDORTGEN']
2026-09-01 09:31:38,014 [INFO] gz_system.main_gz: Dashboard paint loop: 0.0 FPS (main thread)
2026-09-01 09:31:38,059 [INFO] gz_system.gz_payload_actuator: [HOOK] APPROACHING  lat=  41.5mm ins=  +67.8mm tilt= 10.0deg v=0.010m/s age=0.02s  [lateral(41.5mm>10.2mm), too_deep(+67.8mm>+19.9mm)]
QGC port check failed, reporting UNKNOWN: (pid=27647)
2026-09-01 09:31:39,094 [INFO] gz_system.gz_payload_actuator: [HOOK] APPROACHING  lat=  39.6mm ins=  +67.9mm tilt= 10.3deg v=0.023m/s age=0.01s  [lateral(39.6mm>10.2mm), too_deep(+67.9mm>+19.9mm)]
2026-09-01 09:31:40,136 [INFO] gz_system.gz_payload_actuator: [HOOK] APPROACHING  lat=  39.4mm ins=  +68.6mm tilt=  5.9deg v=0.028m/s age=0.02s  [lateral(39.4mm>10.2mm), too_deep(+68.6mm>+19.9mm)]
2026-09-01 09:31:40,574 [INFO] core.detection.vision_runtime: [VISION] detect() calisiyor -- bu karede 1 tespit: ['KIRMIZI_DIKDORTGEN']
2026-09-01 09:31:40,844 [INFO] gz_system.gz_payload_actuator: [KANCA_DENGE] oturma penceresi ortalama kanca_ofset=(-0.0931, +0.0312)  (222 ornek)
2026-09-01 09:31:40,844 [WARNING] gz_system.gz_payload_actuator: [HOOK] OTURMADI (12.0 s). En iyi ESZAMANLI ornek: lat=  38.8mm ins=  +65.9mm tilt=  2.4deg v=0.020m/s age=0.02s (2 kapi ihlali). CAPTURE_CANDIDATE ornegi: 0/222. Kapi retleri: lateral=222, too_deep=210, rel_speed=21, too_high=11, tilt=4. Sinirlar: yanal<=10.2 mm, dwell 0.30 s.
2026-09-01 09:31:40,844 [WARNING] gz_system.gz_payload_actuator: [HOOK] oturma dogrulanmadi (12.0s) -- /hook/attach YAYINLANMADI, vinc cekiliyor, tekrar denenecek
2026-09-01 09:31:40,844 [INFO] gz_system.gz_payload_actuator: [HOOK] vinc -> 0.00 m
I0901 09:31:40.845022 13372419 fork_posix.cc:71] Other threads are currently calling into gRPC, skipping fork() handlers
QGC port check failed, reporting UNKNOWN: (pid=27647)
2026-09-01 09:31:42,783 [INFO] gz_system.gz_payload_actuator: [HOOK] son deneme (3/3) -- yeniden hizalama atlandi, arkasindan deneme gelmeyecek
2026-09-01 09:31:42,784 [ERROR] gz_system.gz_payload_actuator: [HOOK] 3 denemede yuk OTURMADI -- hicbir /hook/attach yayinlanmadi.
2026-09-01 09:31:42,784 [INFO] gz_system.gz_payload_actuator: [HOOK] vinc -> 0.00 m
I0901 09:31:42.784527 13372419 fork_posix.cc:71] Other threads are currently calling into gRPC, skipping fork() handlers
2026-09-01 09:31:43,042 [INFO] gz_system.main_gz: Dashboard paint loop: 0.0 FPS (main thread)
QGC port check failed, reporting UNKNOWN: (pid=27647)
2026-09-01 09:31:43,642 [INFO] core.detection.vision_runtime: [VISION] detect() calisiyor -- bu karede 1 tespit: ['KIRMIZI_DIKDORTGEN']
2026-09-01 09:31:43,703 [ERROR] core.mission.gorev3_pickup: Yük alma mekanizması yükü alamadı -- Görev 3 Faz 1 başarısız.
2026-09-01 09:31:43,704 [ERROR] core.mission.gorev3_orchestrator: GOREV 3 FAZ 1 (ALMA) BASARISIZ
2026-09-01 09:31:43,704 [WARNING] core.mission.master_fsm: GOREV 2 TAMAMLANDI ANCAK GOREV 3 BASARISIZ - yalnizca Gorev 2 puani gecerli olabilir
2026-09-01 09:31:43,704 [INFO] core.mission.master_fsm: RETURNING_TO_START_FINISH (dist=112.5 m) -- hedef (47.3977459, 8.5461637) @ 15.0m, sebep: gorev3_failed
2026-09-01 09:31:43,704 [INFO] core.navigation.centering_controller: Kayitli GPS konumuna gidiliyor: lat=47.3977459, lon=8.5461637, alt=15.0m
QGC port check failed, reporting UNKNOWN: (pid=27647)
2026-09-01 09:31:46,688 [INFO] core.detection.vision_runtime: [VISION] detect() calisiyor -- bu karede 0 tespit: []
QGC port check failed, reporting UNKNOWN: (pid=27647)
2026-09-01 09:31:48,050 [INFO] gz_system.main_gz: Dashboard paint loop: 0.0 FPS (main thread)
QGC port check failed, reporting UNKNOWN: (pid=27647)
2026-09-01 09:31:49,709 [INFO] core.detection.vision_runtime: [VISION] detect() calisiyor -- bu karede 0 tespit: []
QGC port check failed, reporting UNKNOWN: (pid=27647)
2026-09-01 09:31:52,763 [INFO] core.detection.vision_runtime: [VISION] detect() calisiyor -- bu karede 0 tespit: []
2026-09-01 09:31:53,061 [INFO] gz_system.main_gz: Dashboard paint loop: 0.0 FPS (main thread)
QGC port check failed, reporting UNKNOWN: (pid=27647)
QGC port check failed, reporting UNKNOWN: (pid=27647)
2026-09-01 09:31:55,803 [INFO] core.detection.vision_runtime: [VISION] detect() calisiyor -- bu karede 0 tespit: []
QGC port check failed, reporting UNKNOWN: (pid=27647)
2026-09-01 09:31:57,637 [INFO] core.mission.master_fsm: Baslangic/bitis noktasina ulasildi -- checkpoint'e uzaklik 0.7 m. Inis baslatiliyor.
2026-09-01 09:31:57,637 [INFO] core.mission.master_fsm: Son iniş gerçekleştiriliyor...
2026-09-01 09:31:57,637 [INFO] mavsdk_common.mavsdk_backend_base: İniş yapılıyor...
2026-09-01 09:31:57,659 [INFO] core.detection.detection_publisher: [DETECTION_PUB] yayin kapatiliyor (gonderilen=3868, atlanan=0).
2026-09-01 09:31:57,659 [INFO] core.detection.vision_runtime: [VISION] pipeline durduruldu.
[CAMERA_CLIENT] Stopping client...
[CAMERA_CLIENT] Shutdown complete.
I0901 09:31:57.676788 13372421 fork_posix.cc:71] Other threads are currently calling into gRPC, skipping fork() handlers
[CAMERA_SERVICE_MANAGER] Stopping (PID: 31535)...
I0901 09:31:57.681374 13372421 fork_posix.cc:71] Other threads are currently calling into gRPC, skipping fork() handlers
I0901 09:31:57.684607 13372421 fork_posix.cc:71] Other threads are currently calling into gRPC, skipping fork() handlers
[CAMERA_SERVICE_MANAGER] Stopped.
