2026-09-01 09:32:29,227 [INFO] gz_system.main_gz: gz-transport env: GZ_PARTITION=kursad40 GZ_IP=127.0.0.1
2026-09-01 09:32:29,228 [INFO] gz_system.gz_camera_source: Gazebo kamera servisi kontrol ediliyor (topic=/world/default/model/x500_mono_cam_down_0/link/camera_link/sensor/camera/image)...
[CAMERA_SERVICE_MANAGER] Starting camera_service.py (topic=/world/default/model/x500_mono_cam_down_0/link/camera_link/sensor/camera/image, zmq=tcp://127.0.0.1:5555)...
[CAMERA_SERVICE_MANAGER] gz-transport env for child: GZ_PARTITION=kursad40 GZ_IP=127.0.0.1
QGC port check failed, reporting UNKNOWN: (pid=27647)
[CAMERA_SERVICE_MANAGER] Started (PID: 33255).
[CAMERA_CLIENT] Connecting to ZMQ publisher at tcp://127.0.0.1:5555...2026-09-01 09:32:30,244 [INFO] gz_system.gz_camera_source: Gazebo kamera istemcisi baslatildi.

[CAMERA_CLIENT] Connected. Waiting for frames...
2026-09-01 09:32:30,246 [INFO] gz_system.gz_pose_monitor: Gazebo poz izleyicisi basladi: /world/default/dynamic_pose/info
2026-09-01 09:32:30,247 [INFO] core.detection.detection_publisher: [DETECTION_PUB] tespit yayini acik: tcp://127.0.0.1:5556
2026-09-01 09:32:30,247 [INFO] core.detection.vision_runtime: [VISION] pipeline basladi (mission omru boyunca calisir).
2026-09-01 09:32:30,247 [INFO] core.mission.master_fsm: MASTER MISSION CONTROLLER BASLATILDI
2026-09-01 09:32:30,247 [WARNING] core.detection.vision_runtime: Frame grab loop hatasi (art arda 1. hata, mission etkilenmez): Gazebo kameradan kare okunamadi. Henuz kare alinmadi veya baglanti koptu.
2026-09-01 09:32:30,247 [WARNING] core.detection.vision_runtime: [VISION] detect() basarisiz (art arda 1. hata, mission etkilenmez): Gazebo kameradan kare okunamadi. Henuz kare alinmadi veya baglanti koptu.
2026-09-01 09:32:30,247 [INFO] core.mission.gorev2_orchestrator: GOREV 2 BASLIYOR
2026-09-01 09:32:30,247 [INFO] mavsdk_common.mavsdk_backend_base: Drone'a bağlanılıyor: udp://:14540
Connection using udp:// is deprecated, please use udpin:// or udpout:// (cli_arg.cpp:28)
2026-09-01 09:32:31,162 [INFO] mavsdk_common.mavsdk_backend_base: Drone bağlantısı bekleniyor...
2026-09-01 09:32:31,163 [INFO] mavsdk_common.mavsdk_backend_base: Drone bağlandı!
2026-09-01 09:32:31,177 [INFO] mavsdk_common.mavsdk_backend_base: [TELEMETRY] position rate 10.0 Hz istendi.
2026-09-01 09:32:31,189 [INFO] mavsdk_common.mavsdk_backend_base: [TELEMETRY] position_velocity_ned rate 10.0 Hz istendi.
2026-09-01 09:32:31,217 [INFO] mavsdk_common.mavsdk_backend_base: [TELEMETRY] attitude_euler rate 10.0 Hz istendi.
QGC port check failed, reporting UNKNOWN: (pid=27647)
2026-09-01 09:32:31,896 [INFO] mavsdk_common.mavsdk_backend_base: Drone arm ediliyor...
2026-09-01 09:32:31,924 [INFO] mavsdk_common.mavsdk_backend_base: Kalkış yapılıyor (Hedef: 15.0m)...
QGC port check failed, reporting UNKNOWN: (pid=27647)
2026-09-01 09:32:33,303 [INFO] core.detection.vision_runtime: [VISION] detect() calisiyor -- bu karede 0 tespit: []
2026-09-01 09:32:34,233 [INFO] gz_system.main_gz: Dashboard paint loop: 0.0 FPS (main thread)
QGC port check failed, reporting UNKNOWN: (pid=27647)
2026-09-01 09:32:36,342 [INFO] core.detection.vision_runtime: [VISION] detect() calisiyor -- bu karede 0 tespit: []
QGC port check failed, reporting UNKNOWN: (pid=27647)
2026-09-01 09:32:39,239 [INFO] gz_system.main_gz: Dashboard paint loop: 0.0 FPS (main thread)
QGC port check failed, reporting UNKNOWN: (pid=27647)
2026-09-01 09:32:39,370 [INFO] core.detection.vision_runtime: [VISION] detect() calisiyor -- bu karede 0 tespit: []
QGC port check failed, reporting UNKNOWN: (pid=27647)
2026-09-01 09:32:42,391 [INFO] core.detection.vision_runtime: [VISION] detect() calisiyor -- bu karede 0 tespit: []
QGC port check failed, reporting UNKNOWN: (pid=27647)
2026-09-01 09:32:44,261 [INFO] gz_system.main_gz: Dashboard paint loop: 0.0 FPS (main thread)
QGC port check failed, reporting UNKNOWN: (pid=27647)
2026-09-01 09:32:45,414 [INFO] core.detection.vision_runtime: [VISION] detect() calisiyor -- bu karede 0 tespit: []
QGC port check failed, reporting UNKNOWN: (pid=27647)
2026-09-01 09:32:48,437 [INFO] core.detection.vision_runtime: [VISION] detect() calisiyor -- bu karede 0 tespit: []
2026-09-01 09:32:48,480 [INFO] core.mission.gorev2_orchestrator: Start Checkpoint kaydedildi: (47.397746, 8.5461637, 14.167000770568848)
2026-09-01 09:32:48,520 [INFO] core.mission.gorev2_orchestrator: [ROUTE_REJOIN] rota ekseni tespit edildi: sabit=lon (lat_span=0.001258, lon_span=0.000000).
2026-09-01 09:32:48,548 [INFO] core.mission.gorev2_orchestrator: [MISSION_START] Rota dogrulandi (3 item): 0:NAV_TAKEOFF, 1:NAV_WAYPOINT, 2:NAV_WAYPOINT
2026-09-01 09:32:48,548 [INFO] core.mission.gorev2_orchestrator: [MISSION_START] Baslangic indeksi: 1
2026-09-01 09:32:48,548 [INFO] core.mission.gorev2_orchestrator: [MISSION_START] 3.0s stabilizasyon bekleniyor...
QGC port check failed, reporting UNKNOWN: (pid=27647)
2026-09-01 09:32:49,292 [INFO] gz_system.main_gz: Dashboard paint loop: 0.0 FPS (main thread)
QGC port check failed, reporting UNKNOWN: (pid=27647)
2026-09-01 09:32:51,461 [INFO] core.detection.vision_runtime: [VISION] detect() calisiyor -- bu karede 0 tespit: []
2026-09-01 09:32:51,993 [INFO] core.mission.gorev2_orchestrator: [MISSION_START] PX4 mevcut gorev ogesi 1 olarak ayarlandi (seq0 NAV_TAKEOFF atlandi -- kalkis zaten yapildi).
2026-09-01 09:32:51,993 [INFO] core.mission.gorev2_orchestrator: [MISSION_START] Yuklu gorev baslatiliyor...
Received ack for not-existing command: 176! Ignoring... (mavlink_command_sender.cpp:304)
2026-09-01 09:32:53,003 [INFO] core.mission.gorev2_orchestrator: [MISSION_START] PX4 MISSION moduna gecti -- arama fazi basliyor.
QGC port check failed, reporting UNKNOWN: (pid=27647)
2026-09-01 09:32:54,318 [INFO] gz_system.main_gz: Dashboard paint loop: 0.0 FPS (main thread)
2026-09-01 09:32:54,502 [INFO] core.detection.vision_runtime: [VISION] detect() calisiyor -- bu karede 0 tespit: []
QGC port check failed, reporting UNKNOWN: (pid=27647)
QGC port check failed, reporting UNKNOWN: (pid=27647)
2026-09-01 09:32:57,535 [INFO] core.detection.vision_runtime: [VISION] detect() calisiyor -- bu karede 0 tespit: []
QGC port check failed, reporting UNKNOWN: (pid=27647)
2026-09-01 09:32:59,331 [INFO] gz_system.main_gz: Dashboard paint loop: 0.0 FPS (main thread)
2026-09-01 09:33:00,584 [INFO] core.detection.vision_runtime: [VISION] detect() calisiyor -- bu karede 1 tespit: ['KIRMIZI_DIKDORTGEN']
QGC port check failed, reporting UNKNOWN: (pid=27647)
QGC port check failed, reporting UNKNOWN: (pid=27647)
2026-09-01 09:33:03,683 [INFO] core.detection.vision_runtime: [VISION] detect() calisiyor -- bu karede 2 tespit: ['KIRMIZI_DIKDORTGEN', 'MAVI_DIKDORTGEN']
2026-09-01 09:33:04,339 [INFO] gz_system.main_gz: Dashboard paint loop: 0.0 FPS (main thread)
QGC port check failed, reporting UNKNOWN: (pid=27647)
2026-09-01 09:33:06,750 [INFO] core.detection.vision_runtime: [VISION] detect() calisiyor -- bu karede 0 tespit: []
QGC port check failed, reporting UNKNOWN: (pid=27647)
QGC port check failed, reporting UNKNOWN: (pid=27647)
2026-09-01 09:33:09,374 [INFO] gz_system.main_gz: Dashboard paint loop: 0.0 FPS (main thread)
2026-09-01 09:33:09,785 [INFO] core.detection.vision_runtime: [VISION] detect() calisiyor -- bu karede 1 tespit: ['KIRMIZI_UCGEN']
2026-09-01 09:33:10,004 [INFO] core.navigation.centering_controller: Mission modu durduruluyor, Offboard'a geciliyor...
2026-09-01 09:33:10,005 [INFO] mavsdk_common.mavsdk_backend_base: Mission'dan Offboard'a geçiş yapılıyor...
2026-09-01 09:33:10,023 [INFO] mavsdk_common.mavsdk_backend_base: Offboard başlatılıyor...
Received ack for not-existing command: 176! Ignoring... (mavlink_command_sender.cpp:304)
Received ack for not-existing command: 176! Ignoring... (mavlink_command_sender.cpp:304)
2026-09-01 09:33:11,028 [INFO] core.mission.gorev2_orchestrator: KIRMIZI_UCGEN kucuk bir hedef -- merkezleme icin 8.0 m'ye alcaliniyor.
2026-09-01 09:33:11,028 [INFO] core.navigation.centering_controller: KIRMIZI_UCGEN hedefine merkezleniyor (irtifa hedefi: 8.0m, irtifa bandi +/-0.30m)...
2026-09-01 09:33:11,029 [INFO] core.detection.camera_intrinsics: [CAMERA] intrinsics: hfov=1.7400 rad (99.7 deg) 1280x960 -> f=539.9 px (kaynak: ../../../Tools/simulation/gz/models/mono_cam/model.sdf)
2026-09-01 09:33:11,030 [INFO] core.navigation.centering_controller: [CENTERING] KIRMIZI_UCGEN 1/200 dx=+62px dy=-1px d=1.7m ex=+0.0969 ey=-0.0021 (tol +/-0.010) alt_err=+7.12m -> fwd=+0.00 right=+0.15 down=+0.15 m/s
QGC port check failed, reporting UNKNOWN: (pid=27647)
2026-09-01 09:33:11,548 [INFO] core.navigation.centering_controller: [CENTERING] KIRMIZI_UCGEN 6/200 dx=+83px dy=-136px d=4.4m ex=+0.1297 ey=-0.2833 (tol +/-0.010) alt_err=+6.95m -> fwd=+0.42 right=+0.19 down=+0.90 m/s
2026-09-01 09:33:12,100 [INFO] core.navigation.centering_controller: [CENTERING] KIRMIZI_UCGEN 11/200 dx=+79px dy=-181px d=5.3m ex=+0.1234 ey=-0.3771 (tol +/-0.010) alt_err=+6.44m -> fwd=+0.57 right=+0.19 down=+1.65 m/s
2026-09-01 09:33:12,649 [INFO] core.navigation.centering_controller: [CENTERING] KIRMIZI_UCGEN 16/200 dx=+72px dy=-174px d=4.7m ex=+0.1125 ey=-0.3625 (tol +/-0.010) alt_err=+5.50m -> fwd=+0.54 right=+0.17 down=+2.40 m/s
2026-09-01 09:33:12,866 [INFO] core.detection.vision_runtime: [VISION] detect() calisiyor -- bu karede 1 tespit: ['KIRMIZI_UCGEN']
2026-09-01 09:33:13,198 [INFO] core.navigation.centering_controller: [CENTERING] KIRMIZI_UCGEN 21/200 dx=+71px dy=-161px d=4.1m ex=+0.1109 ey=-0.3354 (tol +/-0.010) alt_err=+4.71m -> fwd=+0.50 right=+0.17 down=+2.35 m/s
QGC port check failed, reporting UNKNOWN: (pid=27647)
2026-09-01 09:33:13,748 [INFO] core.navigation.centering_controller: [CENTERING] KIRMIZI_UCGEN 26/200 dx=+71px dy=-160px d=3.8m ex=+0.1109 ey=-0.3333 (tol +/-0.010) alt_err=+3.79m -> fwd=+0.50 right=+0.17 down=+1.89 m/s
2026-09-01 09:33:14,295 [INFO] core.navigation.centering_controller: [CENTERING] KIRMIZI_UCGEN 31/200 dx=+72px dy=-163px d=3.6m ex=+0.1125 ey=-0.3396 (tol +/-0.010) alt_err=+3.03m -> fwd=+0.51 right=+0.17 down=+1.52 m/s
2026-09-01 09:33:14,376 [INFO] gz_system.main_gz: Dashboard paint loop: 0.0 FPS (main thread)
2026-09-01 09:33:14,844 [INFO] core.navigation.centering_controller: [CENTERING] KIRMIZI_UCGEN 36/200 dx=+72px dy=-166px d=3.4m ex=+0.1125 ey=-0.3458 (tol +/-0.010) alt_err=+2.17m -> fwd=+0.52 right=+0.17 down=+1.08 m/s
QGC port check failed, reporting UNKNOWN: (pid=27647)
2026-09-01 09:33:15,393 [INFO] core.navigation.centering_controller: [CENTERING] KIRMIZI_UCGEN 41/200 dx=+69px dy=-164px d=3.2m ex=+0.1078 ey=-0.3417 (tol +/-0.010) alt_err=+1.63m -> fwd=+0.51 right=+0.16 down=+0.82 m/s
2026-09-01 09:33:15,940 [INFO] core.detection.vision_runtime: [VISION] detect() calisiyor -- bu karede 1 tespit: ['KIRMIZI_UCGEN']
2026-09-01 09:33:15,941 [INFO] core.navigation.centering_controller: [CENTERING] KIRMIZI_UCGEN 46/200 dx=+63px dy=-159px d=2.9m ex=+0.0984 ey=-0.3312 (tol +/-0.010) alt_err=+1.16m -> fwd=+0.50 right=+0.15 down=+0.58 m/s
2026-09-01 09:33:16,492 [INFO] core.navigation.centering_controller: [CENTERING] KIRMIZI_UCGEN 51/200 dx=+61px dy=-151px d=2.7m ex=+0.0953 ey=-0.3146 (tol +/-0.010) alt_err=+0.89m -> fwd=+0.47 right=+0.15 down=+0.45 m/s
2026-09-01 09:33:17,039 [INFO] core.navigation.centering_controller: [CENTERING] KIRMIZI_UCGEN 56/200 dx=+59px dy=-143px d=2.5m ex=+0.0922 ey=-0.2979 (tol +/-0.010) alt_err=+0.64m -> fwd=+0.45 right=+0.15 down=+0.32 m/s
QGC port check failed, reporting UNKNOWN: (pid=27647)
2026-09-01 09:33:17,588 [INFO] core.navigation.centering_controller: [CENTERING] KIRMIZI_UCGEN 61/200 dx=+55px dy=-134px d=2.3m ex=+0.0859 ey=-0.2792 (tol +/-0.010) alt_err=+0.49m -> fwd=+0.42 right=+0.15 down=+0.25 m/s
2026-09-01 09:33:18,136 [INFO] core.navigation.centering_controller: [CENTERING] KIRMIZI_UCGEN 66/200 dx=+51px dy=-124px d=2.1m ex=+0.0797 ey=-0.2583 (tol +/-0.010) alt_err=+0.36m -> fwd=+0.39 right=+0.15 down=+0.18 m/s
2026-09-01 09:33:18,684 [INFO] core.navigation.centering_controller: [CENTERING] KIRMIZI_UCGEN 71/200 dx=+47px dy=-113px d=1.9m ex=+0.0734 ey=-0.2354 (tol +/-0.010) alt_err=+0.28m -> fwd=+0.35 right=+0.15 down=+0.14 m/s
2026-09-01 09:33:19,010 [INFO] core.detection.vision_runtime: [VISION] detect() calisiyor -- bu karede 1 tespit: ['KIRMIZI_UCGEN']
2026-09-01 09:33:19,230 [INFO] core.navigation.centering_controller: [CENTERING] KIRMIZI_UCGEN 76/200 dx=+43px dy=-104px d=1.7m ex=+0.0672 ey=-0.2167 (tol +/-0.010) alt_err=+0.21m -> fwd=+0.33 right=+0.15 down=+0.11 m/s
QGC port check failed, reporting UNKNOWN: (pid=27647)
2026-09-01 09:33:19,410 [INFO] gz_system.main_gz: Dashboard paint loop: 0.0 FPS (main thread)
2026-09-01 09:33:19,779 [INFO] core.navigation.centering_controller: [CENTERING] KIRMIZI_UCGEN 81/200 dx=+37px dy=-95px d=1.5m ex=+0.0578 ey=-0.1979 (tol +/-0.010) alt_err=+0.16m -> fwd=+0.30 right=+0.15 down=+0.08 m/s
2026-09-01 09:33:20,328 [INFO] core.navigation.centering_controller: [CENTERING] KIRMIZI_UCGEN 86/200 dx=+32px dy=-87px d=1.4m ex=+0.0500 ey=-0.1812 (tol +/-0.010) alt_err=+0.11m -> fwd=+0.27 right=+0.15 down=+0.05 m/s
2026-09-01 09:33:20,878 [INFO] core.navigation.centering_controller: [CENTERING] KIRMIZI_UCGEN 91/200 dx=+28px dy=-78px d=1.2m ex=+0.0437 ey=-0.1625 (tol +/-0.010) alt_err=+0.09m -> fwd=+0.24 right=+0.15 down=+0.04 m/s
QGC port check failed, reporting UNKNOWN: (pid=27647)
2026-09-01 09:33:21,427 [INFO] core.navigation.centering_controller: [CENTERING] KIRMIZI_UCGEN 96/200 dx=+23px dy=-71px d=1.1m ex=+0.0359 ey=-0.1479 (tol +/-0.010) alt_err=+0.06m -> fwd=+0.22 right=+0.15 down=+0.03 m/s
2026-09-01 09:33:21,975 [INFO] core.navigation.centering_controller: [CENTERING] KIRMIZI_UCGEN 101/200 dx=+18px dy=-66px d=1.0m ex=+0.0281 ey=-0.1375 (tol +/-0.010) alt_err=+0.06m -> fwd=+0.21 right=+0.15 down=+0.03 m/s
2026-09-01 09:33:22,085 [INFO] core.detection.vision_runtime: [VISION] detect() calisiyor -- bu karede 1 tespit: ['KIRMIZI_UCGEN']
2026-09-01 09:33:22,525 [INFO] core.navigation.centering_controller: [CENTERING] KIRMIZI_UCGEN 106/200 dx=+14px dy=-59px d=0.9m ex=+0.0219 ey=-0.1229 (tol +/-0.010) alt_err=+0.04m -> fwd=+0.18 right=+0.15 down=+0.02 m/s
2026-09-01 09:33:23,074 [INFO] core.navigation.centering_controller: [CENTERING] KIRMIZI_UCGEN 111/200 dx=+7px dy=-53px d=0.8m ex=+0.0109 ey=-0.1104 (tol +/-0.010) alt_err=+0.03m -> fwd=+0.17 right=+0.15 down=+0.02 m/s
QGC port check failed, reporting UNKNOWN: (pid=27647)
2026-09-01 09:33:23,623 [INFO] core.navigation.centering_controller: [CENTERING] KIRMIZI_UCGEN 116/200 dx=-10px dy=-47px d=0.7m ex=-0.0156 ey=-0.0979 (tol +/-0.010) alt_err=+0.01m -> fwd=+0.15 right=-0.15 down=+0.01 m/s
2026-09-01 09:33:24,171 [INFO] core.navigation.centering_controller: [CENTERING] KIRMIZI_UCGEN 121/200 dx=-14px dy=-42px d=0.7m ex=-0.0219 ey=-0.0875 (tol +/-0.010) alt_err=-0.01m -> fwd=+0.15 right=-0.15 down=-0.00 m/s
2026-09-01 09:33:24,441 [INFO] gz_system.main_gz: Dashboard paint loop: 0.0 FPS (main thread)
2026-09-01 09:33:24,719 [INFO] core.navigation.centering_controller: [CENTERING] KIRMIZI_UCGEN 126/200 dx=+11px dy=-39px d=0.6m ex=+0.0172 ey=-0.0813 (tol +/-0.010) alt_err=-0.02m -> fwd=+0.15 right=+0.15 down=-0.01 m/s
2026-09-01 09:33:25,157 [INFO] core.detection.vision_runtime: [VISION] detect() calisiyor -- bu karede 1 tespit: ['KIRMIZI_UCGEN']
2026-09-01 09:33:25,267 [INFO] core.navigation.centering_controller: [CENTERING] KIRMIZI_UCGEN 131/200 dx=+21px dy=-34px d=0.6m ex=+0.0328 ey=-0.0708 (tol +/-0.010) alt_err=-0.03m -> fwd=+0.15 right=+0.15 down=-0.02 m/s
QGC port check failed, reporting UNKNOWN: (pid=27647)
2026-09-01 09:33:25,815 [INFO] core.navigation.centering_controller: [CENTERING] KIRMIZI_UCGEN 136/200 dx=+5px dy=-31px d=0.5m ex=+0.0078 ey=-0.0646 (tol +/-0.010) alt_err=-0.03m -> fwd=+0.15 right=+0.00 down=-0.02 m/s
2026-09-01 09:33:26,362 [INFO] core.navigation.centering_controller: [CENTERING] KIRMIZI_UCGEN 141/200 dx=-17px dy=-27px d=0.5m ex=-0.0266 ey=-0.0563 (tol +/-0.010) alt_err=-0.02m -> fwd=+0.15 right=-0.15 down=-0.01 m/s
2026-09-01 09:33:26,911 [INFO] core.navigation.centering_controller: [CENTERING] KIRMIZI_UCGEN 146/200 dx=-11px dy=-22px d=0.4m ex=-0.0172 ey=-0.0458 (tol +/-0.010) alt_err=-0.02m -> fwd=+0.15 right=-0.15 down=-0.01 m/s
QGC port check failed, reporting UNKNOWN: (pid=27647)
2026-09-01 09:33:27,458 [INFO] core.navigation.centering_controller: [CENTERING] KIRMIZI_UCGEN 151/200 dx=+10px dy=-16px d=0.3m ex=+0.0156 ey=-0.0333 (tol +/-0.010) alt_err=-0.02m -> fwd=+0.15 right=+0.15 down=-0.01 m/s
2026-09-01 09:33:28,005 [INFO] core.navigation.centering_controller: [CENTERING] KIRMIZI_UCGEN 156/200 dx=+23px dy=-11px d=0.4m ex=+0.0359 ey=-0.0229 (tol +/-0.010) alt_err=-0.03m -> fwd=+0.15 right=+0.15 down=-0.01 m/s
2026-09-01 09:33:28,222 [INFO] core.detection.vision_runtime: [VISION] detect() calisiyor -- bu karede 1 tespit: ['KIRMIZI_UCGEN']
2026-09-01 09:33:28,553 [INFO] core.navigation.centering_controller: [CENTERING] KIRMIZI_UCGEN 161/200 dx=+8px dy=-6px d=0.1m ex=+0.0125 ey=-0.0125 (tol +/-0.010) alt_err=-0.03m -> fwd=+0.15 right=+0.15 down=-0.02 m/s
2026-09-01 09:33:28,771 [INFO] core.navigation.centering_controller: Merkezleme tamamlandi. (attempt 163/200, dx=+5px dy=-4px ex=+0.0078 ey=-0.0083 alt_err=-0.03m)
QGC port check failed, reporting UNKNOWN: (pid=27647)
2026-09-01 09:33:29,464 [INFO] gz_system.main_gz: Dashboard paint loop: 0.0 FPS (main thread)
2026-09-01 09:33:31,295 [INFO] core.detection.vision_runtime: [VISION] detect() calisiyor -- bu karede 1 tespit: ['KIRMIZI_UCGEN']
QGC port check failed, reporting UNKNOWN: (pid=27647)
2026-09-01 09:33:31,843 [INFO] core.mission.gorev2_orchestrator: [POST_LOCK_DRIFT] KIRMIZI_UCGEN 3s: peak=25.5px final=15.0px (70.79cm / 41.65cm), 28 ornek, 0 kayip
2026-09-01 09:33:31,843 [INFO] core.navigation.centering_controller: 2.0 saniye hover yapiliyor (Konum dogrulama)...
QGC port check failed, reporting UNKNOWN: (pid=27647)
2026-09-01 09:33:33,927 [INFO] core.position_log.position_store: Konum basariyla kaydedildi: KIRMIZI_UCGEN (ilk)
2026-09-01 09:33:33,928 [INFO] core.mission.gorev2_orchestrator: Kirmizi Ucgen ortalandi ama payload 1 henuz birakilmadi -- interlock geregi yerinde birakma atlaniyor; toplu birakmada dogru sirada yapilacak.
2026-09-01 09:33:33,928 [INFO] core.mission.gorev2_orchestrator: [ROUTE_REJOIN] rota hattina donuluyor (sabit eksen=lon): hedef lat=47.3985607 lon=8.5461638 (mevcut lat=47.3985607 lon=8.5461907).
2026-09-01 09:33:33,928 [INFO] core.navigation.centering_controller: Kayitli GPS konumuna gidiliyor: lat=47.3985607, lon=8.5461638, alt=15.0m
2026-09-01 09:33:34,366 [INFO] core.detection.vision_runtime: [VISION] detect() calisiyor -- bu karede 1 tespit: ['KIRMIZI_UCGEN']
2026-09-01 09:33:34,474 [INFO] gz_system.main_gz: Dashboard paint loop: 0.0 FPS (main thread)
QGC port check failed, reporting UNKNOWN: (pid=27647)
QGC port check failed, reporting UNKNOWN: (pid=27647)
2026-09-01 09:33:37,441 [INFO] core.detection.vision_runtime: [VISION] detect() calisiyor -- bu karede 1 tespit: ['KIRMIZI_UCGEN']
2026-09-01 09:33:38,318 [INFO] mavsdk_common.mavsdk_backend_base: Offboard durduruluyor...
Received ack for not-existing command: 176! Ignoring... (mavlink_command_sender.cpp:304)
2026-09-01 09:33:39,305 [INFO] core.mission.gorev2_orchestrator: [MISSION_RESUME] rota 2. ogeden devam ettiriliyor.
QGC port check failed, reporting UNKNOWN: (pid=27647)
Received ack for not-existing command: 176! Ignoring... (mavlink_command_sender.cpp:304)
2026-09-01 09:33:39,498 [INFO] gz_system.main_gz: Dashboard paint loop: 0.0 FPS (main thread)
2026-09-01 09:33:40,512 [INFO] core.detection.vision_runtime: [VISION] detect() calisiyor -- bu karede 1 tespit: ['KIRMIZI_UCGEN']
QGC port check failed, reporting UNKNOWN: (pid=27647)
QGC port check failed, reporting UNKNOWN: (pid=27647)
2026-09-01 09:33:43,575 [INFO] core.detection.vision_runtime: [VISION] detect() calisiyor -- bu karede 1 tespit: ['KIRMIZI_UCGEN']
2026-09-01 09:33:44,508 [INFO] gz_system.main_gz: Dashboard paint loop: 0.0 FPS (main thread)
2026-09-01 09:33:44,988 [INFO] core.navigation.centering_controller: Mission modu durduruluyor, Offboard'a geciliyor...
2026-09-01 09:33:44,988 [INFO] mavsdk_common.mavsdk_backend_base: Mission'dan Offboard'a geçiş yapılıyor...
Received ack for not-existing command: 176! Ignoring... (mavlink_command_sender.cpp:304)
2026-09-01 09:33:45,000 [INFO] mavsdk_common.mavsdk_backend_base: Offboard başlatılıyor...
Received ack for not-existing command: 176! Ignoring... (mavlink_command_sender.cpp:304)
QGC port check failed, reporting UNKNOWN: (pid=27647)
2026-09-01 09:33:46,014 [INFO] core.navigation.centering_controller: MAVI_ALTIGEN hedefine merkezleniyor (irtifa hedefi: 15.0m, irtifa bandi +/-0.30m)...
2026-09-01 09:33:46,015 [INFO] core.navigation.centering_controller: [CENTERING] MAVI_ALTIGEN 1/150 dx=+115px dy=+37px d=3.4m ex=+0.1797 ey=+0.0771 (tol +/-0.010) alt_err=-0.02m -> fwd=-0.15 right=+0.15 down=-0.01 m/s
2026-09-01 09:33:46,519 [INFO] core.navigation.centering_controller: [CENTERING] MAVI_ALTIGEN 6/150 dx=+136px dy=-103px d=4.7m ex=+0.2125 ey=-0.2146 (tol +/-0.010) alt_err=-0.06m -> fwd=+0.32 right=+0.32 down=-0.03 m/s
2026-09-01 09:33:46,614 [INFO] core.detection.vision_runtime: [VISION] detect() calisiyor -- bu karede 1 tespit: ['MAVI_ALTIGEN']
2026-09-01 09:33:47,047 [INFO] core.navigation.centering_controller: [CENTERING] MAVI_ALTIGEN 11/150 dx=+125px dy=-151px d=5.4m ex=+0.1953 ey=-0.3146 (tol +/-0.010) alt_err=-0.05m -> fwd=+0.47 right=+0.29 down=-0.02 m/s
QGC port check failed, reporting UNKNOWN: (pid=27647)
2026-09-01 09:33:47,589 [INFO] core.navigation.centering_controller: [CENTERING] MAVI_ALTIGEN 16/150 dx=+107px dy=-132px d=4.7m ex=+0.1672 ey=-0.2750 (tol +/-0.010) alt_err=-0.03m -> fwd=+0.41 right=+0.25 down=-0.01 m/s
2026-09-01 09:33:48,131 [INFO] core.navigation.centering_controller: [CENTERING] MAVI_ALTIGEN 21/150 dx=+102px dy=-112px d=4.2m ex=+0.1594 ey=-0.2333 (tol +/-0.010) alt_err=-0.02m -> fwd=+0.35 right=+0.24 down=-0.01 m/s
2026-09-01 09:33:48,671 [INFO] core.navigation.centering_controller: [CENTERING] MAVI_ALTIGEN 26/150 dx=+99px dy=-105px d=4.0m ex=+0.1547 ey=-0.2188 (tol +/-0.010) alt_err=-0.02m -> fwd=+0.33 right=+0.23 down=-0.01 m/s
2026-09-01 09:33:49,210 [INFO] core.navigation.centering_controller: [CENTERING] MAVI_ALTIGEN 31/150 dx=+95px dy=-104px d=3.9m ex=+0.1484 ey=-0.2167 (tol +/-0.010) alt_err=-0.01m -> fwd=+0.33 right=+0.22 down=-0.00 m/s
QGC port check failed, reporting UNKNOWN: (pid=27647)
2026-09-01 09:33:49,542 [INFO] gz_system.main_gz: Dashboard paint loop: 0.0 FPS (main thread)
2026-09-01 09:33:49,641 [INFO] core.detection.vision_runtime: [VISION] detect() calisiyor -- bu karede 1 tespit: ['MAVI_ALTIGEN']
2026-09-01 09:33:49,752 [INFO] core.navigation.centering_controller: [CENTERING] MAVI_ALTIGEN 36/150 dx=+92px dy=-104px d=3.9m ex=+0.1437 ey=-0.2167 (tol +/-0.010) alt_err=-0.00m -> fwd=+0.33 right=+0.22 down=-0.00 m/s
2026-09-01 09:33:50,290 [INFO] core.navigation.centering_controller: [CENTERING] MAVI_ALTIGEN 41/150 dx=+86px dy=-103px d=3.7m ex=+0.1344 ey=-0.2146 (tol +/-0.010) alt_err=-0.00m -> fwd=+0.32 right=+0.20 down=-0.00 m/s
2026-09-01 09:33:50,830 [INFO] core.navigation.centering_controller: [CENTERING] MAVI_ALTIGEN 46/150 dx=+82px dy=-98px d=3.5m ex=+0.1281 ey=-0.2042 (tol +/-0.010) alt_err=-0.01m -> fwd=+0.31 right=+0.19 down=-0.01 m/s
QGC port check failed, reporting UNKNOWN: (pid=27647)
2026-09-01 09:33:51,371 [INFO] core.navigation.centering_controller: [CENTERING] MAVI_ALTIGEN 51/150 dx=+79px dy=-96px d=3.5m ex=+0.1234 ey=-0.2000 (tol +/-0.010) alt_err=-0.01m -> fwd=+0.30 right=+0.19 down=-0.01 m/s
2026-09-01 09:33:51,910 [INFO] core.navigation.centering_controller: [CENTERING] MAVI_ALTIGEN 56/150 dx=+75px dy=-94px d=3.3m ex=+0.1172 ey=-0.1958 (tol +/-0.010) alt_err=-0.01m -> fwd=+0.29 right=+0.18 down=-0.00 m/s
2026-09-01 09:33:52,450 [INFO] core.navigation.centering_controller: [CENTERING] MAVI_ALTIGEN 61/150 dx=+72px dy=-92px d=3.2m ex=+0.1125 ey=-0.1917 (tol +/-0.010) alt_err=-0.01m -> fwd=+0.29 right=+0.17 down=-0.01 m/s
2026-09-01 09:33:52,665 [INFO] core.detection.vision_runtime: [VISION] detect() calisiyor -- bu karede 1 tespit: ['MAVI_ALTIGEN']
2026-09-01 09:33:52,994 [INFO] core.navigation.centering_controller: [CENTERING] MAVI_ALTIGEN 66/150 dx=+68px dy=-90px d=3.1m ex=+0.1062 ey=-0.1875 (tol +/-0.010) alt_err=-0.02m -> fwd=+0.28 right=+0.16 down=-0.01 m/s
QGC port check failed, reporting UNKNOWN: (pid=27647)
2026-09-01 09:33:53,541 [INFO] core.navigation.centering_controller: [CENTERING] MAVI_ALTIGEN 71/150 dx=+64px dy=-85px d=3.0m ex=+0.1000 ey=-0.1771 (tol +/-0.010) alt_err=-0.01m -> fwd=+0.27 right=+0.15 down=-0.01 m/s
2026-09-01 09:33:54,100 [INFO] core.navigation.centering_controller: [CENTERING] MAVI_ALTIGEN 76/150 dx=+61px dy=-80px d=2.8m ex=+0.0953 ey=-0.1667 (tol +/-0.010) alt_err=-0.01m -> fwd=+0.25 right=+0.15 down=-0.01 m/s
2026-09-01 09:33:54,572 [INFO] gz_system.main_gz: Dashboard paint loop: 0.0 FPS (main thread)
2026-09-01 09:33:54,643 [INFO] core.navigation.centering_controller: [CENTERING] MAVI_ALTIGEN 81/150 dx=+58px dy=-78px d=2.7m ex=+0.0906 ey=-0.1625 (tol +/-0.010) alt_err=-0.01m -> fwd=+0.24 right=+0.15 down=-0.01 m/s
2026-09-01 09:33:55,190 [INFO] core.navigation.centering_controller: [CENTERING] MAVI_ALTIGEN 86/150 dx=+54px dy=-75px d=2.6m ex=+0.0844 ey=-0.1562 (tol +/-0.010) alt_err=-0.01m -> fwd=+0.23 right=+0.15 down=-0.00 m/s
QGC port check failed, reporting UNKNOWN: (pid=27647)
2026-09-01 09:33:55,730 [INFO] core.detection.vision_runtime: [VISION] detect() calisiyor -- bu karede 1 tespit: ['MAVI_ALTIGEN']
2026-09-01 09:33:55,731 [INFO] core.navigation.centering_controller: [CENTERING] MAVI_ALTIGEN 91/150 dx=+52px dy=-71px d=2.4m ex=+0.0813 ey=-0.1479 (tol +/-0.010) alt_err=-0.01m -> fwd=+0.22 right=+0.15 down=-0.01 m/s
2026-09-01 09:33:56,269 [INFO] core.navigation.centering_controller: [CENTERING] MAVI_ALTIGEN 96/150 dx=+50px dy=-69px d=2.4m ex=+0.0781 ey=-0.1437 (tol +/-0.010) alt_err=-0.02m -> fwd=+0.22 right=+0.15 down=-0.01 m/s
2026-09-01 09:33:56,813 [INFO] core.navigation.centering_controller: [CENTERING] MAVI_ALTIGEN 101/150 dx=+47px dy=-66px d=2.2m ex=+0.0734 ey=-0.1375 (tol +/-0.010) alt_err=-0.02m -> fwd=+0.21 right=+0.15 down=-0.01 m/s
QGC port check failed, reporting UNKNOWN: (pid=27647)
2026-09-01 09:33:57,356 [INFO] core.navigation.centering_controller: [CENTERING] MAVI_ALTIGEN 106/150 dx=+45px dy=-63px d=2.1m ex=+0.0703 ey=-0.1313 (tol +/-0.010) alt_err=-0.01m -> fwd=+0.20 right=+0.15 down=-0.00 m/s
2026-09-01 09:33:57,897 [INFO] core.navigation.centering_controller: [CENTERING] MAVI_ALTIGEN 111/150 dx=+42px dy=-59px d=2.0m ex=+0.0656 ey=-0.1229 (tol +/-0.010) alt_err=-0.01m -> fwd=+0.18 right=+0.15 down=-0.00 m/s
2026-09-01 09:33:58,441 [INFO] core.navigation.centering_controller: [CENTERING] MAVI_ALTIGEN 116/150 dx=+40px dy=-58px d=2.0m ex=+0.0625 ey=-0.1208 (tol +/-0.010) alt_err=-0.01m -> fwd=+0.18 right=+0.15 down=-0.00 m/s
2026-09-01 09:33:58,764 [INFO] core.detection.vision_runtime: [VISION] detect() calisiyor -- bu karede 1 tespit: ['MAVI_ALTIGEN']
2026-09-01 09:33:58,982 [INFO] core.navigation.centering_controller: [CENTERING] MAVI_ALTIGEN 121/150 dx=+38px dy=-56px d=1.9m ex=+0.0594 ey=-0.1167 (tol +/-0.010) alt_err=-0.01m -> fwd=+0.17 right=+0.15 down=-0.01 m/s
QGC port check failed, reporting UNKNOWN: (pid=27647)
2026-09-01 09:33:59,524 [INFO] core.navigation.centering_controller: [CENTERING] MAVI_ALTIGEN 126/150 dx=+36px dy=-52px d=1.8m ex=+0.0563 ey=-0.1083 (tol +/-0.010) alt_err=-0.00m -> fwd=+0.16 right=+0.15 down=-0.00 m/s
2026-09-01 09:33:59,583 [INFO] gz_system.main_gz: Dashboard paint loop: 0.0 FPS (main thread)
2026-09-01 09:34:00,064 [INFO] core.navigation.centering_controller: [CENTERING] MAVI_ALTIGEN 131/150 dx=+31px dy=-48px d=1.6m ex=+0.0484 ey=-0.1000 (tol +/-0.010) alt_err=+0.00m -> fwd=+0.15 right=+0.15 down=+0.00 m/s
2026-09-01 09:34:00,605 [INFO] core.navigation.centering_controller: [CENTERING] MAVI_ALTIGEN 136/150 dx=+26px dy=-46px d=1.5m ex=+0.0406 ey=-0.0958 (tol +/-0.010) alt_err=+0.00m -> fwd=+0.15 right=+0.15 down=+0.00 m/s
2026-09-01 09:34:01,149 [INFO] core.navigation.centering_controller: [CENTERING] MAVI_ALTIGEN 141/150 dx=+24px dy=-43px d=1.4m ex=+0.0375 ey=-0.0896 (tol +/-0.010) alt_err=-0.01m -> fwd=+0.15 right=+0.15 down=-0.00 m/s
QGC port check failed, reporting UNKNOWN: (pid=27647)
2026-09-01 09:34:01,690 [INFO] core.navigation.centering_controller: [CENTERING] MAVI_ALTIGEN 146/150 dx=+20px dy=-40px d=1.2m ex=+0.0312 ey=-0.0833 (tol +/-0.010) alt_err=-0.01m -> fwd=+0.15 right=+0.15 down=-0.01 m/s
2026-09-01 09:34:01,797 [INFO] core.detection.vision_runtime: [VISION] detect() calisiyor -- bu karede 1 tespit: ['MAVI_ALTIGEN']
2026-09-01 09:34:02,231 [ERROR] core.navigation.centering_controller: Merkezleme zaman asimina ugradi! (150 deneme / 15.0s butcesi doldu)
2026-09-01 09:34:02,232 [WARNING] core.mission.gorev2_orchestrator: [RETRY_IN_PLACE] MAVI_ALTIGEN 1/3 merkezlenemedi -- 5s yerinde beklenip tekrar denenecek (hedef goruniyor, d=1.19m).
QGC port check failed, reporting UNKNOWN: (pid=27647)
2026-09-01 09:34:04,586 [INFO] gz_system.main_gz: Dashboard paint loop: 0.0 FPS (main thread)
2026-09-01 09:34:04,826 [INFO] core.detection.vision_runtime: [VISION] detect() calisiyor -- bu karede 1 tespit: ['MAVI_ALTIGEN']
QGC port check failed, reporting UNKNOWN: (pid=27647)
2026-09-01 09:34:07,317 [INFO] core.navigation.centering_controller: MAVI_ALTIGEN hedefine merkezleniyor (irtifa hedefi: 15.0m, irtifa bandi +/-0.30m)...
2026-09-01 09:34:07,318 [INFO] core.navigation.centering_controller: [CENTERING] MAVI_ALTIGEN 1/150 dx=+15px dy=-35px d=1.1m ex=+0.0234 ey=-0.0729 (tol +/-0.010) alt_err=-0.06m -> fwd=+0.15 right=+0.15 down=-0.03 m/s
QGC port check failed, reporting UNKNOWN: (pid=27647)
2026-09-01 09:34:07,857 [INFO] core.detection.vision_runtime: [VISION] detect() calisiyor -- bu karede 1 tespit: ['MAVI_ALTIGEN']
2026-09-01 09:34:07,859 [INFO] core.navigation.centering_controller: [CENTERING] MAVI_ALTIGEN 6/150 dx=+26px dy=-45px d=1.4m ex=+0.0406 ey=-0.0938 (tol +/-0.010) alt_err=-0.05m -> fwd=+0.15 right=+0.15 down=-0.03 m/s
2026-09-01 09:34:08,401 [INFO] core.navigation.centering_controller: [CENTERING] MAVI_ALTIGEN 11/150 dx=+16px dy=-36px d=1.1m ex=+0.0250 ey=-0.0750 (tol +/-0.010) alt_err=-0.03m -> fwd=+0.15 right=+0.15 down=-0.02 m/s
2026-09-01 09:34:08,944 [INFO] core.navigation.centering_controller: [CENTERING] MAVI_ALTIGEN 16/150 dx=+11px dy=-31px d=0.9m ex=+0.0172 ey=-0.0646 (tol +/-0.010) alt_err=-0.03m -> fwd=+0.15 right=+0.15 down=-0.01 m/s
QGC port check failed, reporting UNKNOWN: (pid=27647)
2026-09-01 09:34:09,484 [INFO] core.navigation.centering_controller: [CENTERING] MAVI_ALTIGEN 21/150 dx=+9px dy=-29px d=0.8m ex=+0.0141 ey=-0.0604 (tol +/-0.010) alt_err=-0.03m -> fwd=+0.15 right=+0.15 down=-0.01 m/s
2026-09-01 09:34:09,611 [INFO] gz_system.main_gz: Dashboard paint loop: 0.0 FPS (main thread)
2026-09-01 09:34:10,025 [INFO] core.navigation.centering_controller: [CENTERING] MAVI_ALTIGEN 26/150 dx=+6px dy=-24px d=0.7m ex=+0.0094 ey=-0.0500 (tol +/-0.010) alt_err=-0.02m -> fwd=+0.15 right=+0.00 down=-0.01 m/s
2026-09-01 09:34:10,566 [INFO] core.navigation.centering_controller: [CENTERING] MAVI_ALTIGEN 31/150 dx=-12px dy=-21px d=0.7m ex=-0.0187 ey=-0.0437 (tol +/-0.010) alt_err=-0.02m -> fwd=+0.15 right=-0.15 down=-0.01 m/s
2026-09-01 09:34:10,891 [INFO] core.detection.vision_runtime: [VISION] detect() calisiyor -- bu karede 1 tespit: ['MAVI_ALTIGEN']
2026-09-01 09:34:11,108 [INFO] core.navigation.centering_controller: [CENTERING] MAVI_ALTIGEN 36/150 dx=-7px dy=-19px d=0.6m ex=-0.0109 ey=-0.0396 (tol +/-0.010) alt_err=-0.02m -> fwd=+0.15 right=-0.15 down=-0.01 m/s
QGC port check failed, reporting UNKNOWN: (pid=27647)
2026-09-01 09:34:11,649 [INFO] core.navigation.centering_controller: [CENTERING] MAVI_ALTIGEN 41/150 dx=+15px dy=-16px d=0.6m ex=+0.0234 ey=-0.0333 (tol +/-0.010) alt_err=-0.02m -> fwd=+0.15 right=+0.15 down=-0.01 m/s
2026-09-01 09:34:12,192 [INFO] core.navigation.centering_controller: [CENTERING] MAVI_ALTIGEN 46/150 dx=+19px dy=-12px d=0.6m ex=+0.0297 ey=-0.0250 (tol +/-0.010) alt_err=-0.01m -> fwd=+0.15 right=+0.15 down=-0.00 m/s
2026-09-01 09:34:12,734 [INFO] core.navigation.centering_controller: [CENTERING] MAVI_ALTIGEN 51/150 dx=+7px dy=-10px d=0.3m ex=+0.0109 ey=-0.0208 (tol +/-0.010) alt_err=+0.00m -> fwd=+0.15 right=+0.15 down=+0.00 m/s
2026-09-01 09:34:13,274 [INFO] core.navigation.centering_controller: [CENTERING] MAVI_ALTIGEN 56/150 dx=-9px dy=-7px d=0.3m ex=-0.0141 ey=-0.0146 (tol +/-0.010) alt_err=+0.00m -> fwd=+0.15 right=-0.15 down=+0.00 m/s
QGC port check failed, reporting UNKNOWN: (pid=27647)
2026-09-01 09:34:13,814 [INFO] core.navigation.centering_controller: [CENTERING] MAVI_ALTIGEN 61/150 dx=-15px dy=-4px d=0.4m ex=-0.0234 ey=-0.0083 (tol +/-0.010) alt_err=-0.00m -> fwd=+0.00 right=-0.15 down=-0.00 m/s
2026-09-01 09:34:13,921 [INFO] core.detection.vision_runtime: [VISION] detect() calisiyor -- bu karede 1 tespit: ['MAVI_ALTIGEN']
2026-09-01 09:34:14,354 [INFO] core.navigation.centering_controller: [CENTERING] MAVI_ALTIGEN 66/150 dx=+3px dy=+15px d=0.4m ex=+0.0047 ey=+0.0312 (tol +/-0.010) alt_err=+0.01m -> fwd=-0.15 right=+0.00 down=+0.00 m/s
2026-09-01 09:34:14,640 [INFO] gz_system.main_gz: Dashboard paint loop: 0.0 FPS (main thread)
2026-09-01 09:34:14,894 [INFO] core.navigation.centering_controller: [CENTERING] MAVI_ALTIGEN 71/150 dx=+22px dy=+10px d=0.7m ex=+0.0344 ey=+0.0208 (tol +/-0.010) alt_err=+0.01m -> fwd=-0.15 right=+0.15 down=+0.01 m/s
QGC port check failed, reporting UNKNOWN: (pid=27647)
2026-09-01 09:34:15,435 [INFO] core.navigation.centering_controller: [CENTERING] MAVI_ALTIGEN 76/150 dx=+7px dy=-6px d=0.3m ex=+0.0109 ey=-0.0125 (tol +/-0.010) alt_err=+0.01m -> fwd=+0.15 right=+0.15 down=+0.00 m/s
2026-09-01 09:34:15,978 [INFO] core.navigation.centering_controller: [CENTERING] MAVI_ALTIGEN 81/150 dx=-12px dy=-20px d=0.6m ex=-0.0187 ey=-0.0417 (tol +/-0.010) alt_err=+0.00m -> fwd=+0.15 right=-0.15 down=+0.00 m/s
2026-09-01 09:34:16,520 [INFO] core.navigation.centering_controller: [CENTERING] MAVI_ALTIGEN 86/150 dx=-16px dy=-8px d=0.5m ex=-0.0250 ey=-0.0167 (tol +/-0.010) alt_err=+0.01m -> fwd=+0.15 right=-0.15 down=+0.00 m/s
2026-09-01 09:34:16,953 [INFO] core.detection.vision_runtime: [VISION] detect() calisiyor -- bu karede 1 tespit: ['MAVI_ALTIGEN']
2026-09-01 09:34:16,953 [INFO] core.navigation.centering_controller: Merkezleme tamamlandi. (attempt 90/150, dx=-6px dy=-2px ex=-0.0094 ey=-0.0042 alt_err=+0.01m)
QGC port check failed, reporting UNKNOWN: (pid=27647)
QGC port check failed, reporting UNKNOWN: (pid=27647)
2026-09-01 09:34:19,661 [INFO] gz_system.main_gz: Dashboard paint loop: 0.0 FPS (main thread)
2026-09-01 09:34:19,986 [INFO] core.detection.vision_runtime: [VISION] detect() calisiyor -- bu karede 1 tespit: ['MAVI_ALTIGEN']
2026-09-01 09:34:19,986 [INFO] core.mission.gorev2_orchestrator: [POST_LOCK_DRIFT] MAVI_ALTIGEN 3s: peak=20.6px final=9.8px (56.67cm / 27.07cm), 28 ornek, 0 kayip
2026-09-01 09:34:19,986 [INFO] core.navigation.centering_controller: 2.0 saniye hover yapiliyor (Konum dogrulama)...
QGC port check failed, reporting UNKNOWN: (pid=27647)
2026-09-01 09:34:22,053 [INFO] core.position_log.position_store: Konum basariyla kaydedildi: MAVI_ALTIGEN (ikinci)
2026-09-01 09:34:22,053 [INFO] core.mission.gorev2_orchestrator: Mavi Altigen ortalandi -- KIRMIZI yuk hemen birakiliyor.
2026-09-01 09:34:22,053 [INFO] core.mission.gorev2_fsm: PAYLOAD MISSION 1 basliyor (Mavi Altigen / RED payload)
2026-09-01 09:34:22,053 [INFO] core.navigation.centering_controller: Kayitli GPS konumuna gidiliyor: lat=47.3988142, lon=8.546206699999999, alt=15.0m
2026-09-01 09:34:22,053 [INFO] core.mission.payload_release: Yük bırakma başlatılıyor: MAVI_ALTIGEN
2026-09-01 09:34:22,053 [INFO] core.navigation.centering_controller: MAVI_ALTIGEN hedefine merkezleniyor (irtifa hedefi: 10.0m, irtifa bandi +/-0.30m)...
2026-09-01 09:34:22,054 [INFO] core.navigation.centering_controller: [CENTERING] MAVI_ALTIGEN 1/200 dx=+4px dy=+1px d=0.1m ex=+0.0063 ey=+0.0021 (tol +/-0.010) alt_err=+4.96m -> fwd=+0.00 right=+0.00 down=+0.15 m/s
2026-09-01 09:34:22,594 [INFO] core.navigation.centering_controller: [CENTERING] MAVI_ALTIGEN 6/200 dx=+4px dy=+2px d=0.1m ex=+0.0063 ey=+0.0042 (tol +/-0.010) alt_err=+4.82m -> fwd=+0.00 right=+0.00 down=+0.90 m/s
2026-09-01 09:34:23,027 [INFO] core.detection.vision_runtime: [VISION] detect() calisiyor -- bu karede 1 tespit: ['MAVI_ALTIGEN']
2026-09-01 09:34:23,155 [INFO] core.navigation.centering_controller: [CENTERING] MAVI_ALTIGEN 11/200 dx=+3px dy=+1px d=0.1m ex=+0.0047 ey=+0.0021 (tol +/-0.010) alt_err=+4.30m -> fwd=+0.00 right=+0.00 down=+1.65 m/s
QGC port check failed, reporting UNKNOWN: (pid=27647)
2026-09-01 09:34:23,696 [INFO] core.navigation.centering_controller: [CENTERING] MAVI_ALTIGEN 16/200 dx=+3px dy=+1px d=0.1m ex=+0.0047 ey=+0.0021 (tol +/-0.010) alt_err=+3.50m -> fwd=+0.00 right=+0.00 down=+1.75 m/s
2026-09-01 09:34:24,239 [INFO] core.navigation.centering_controller: [CENTERING] MAVI_ALTIGEN 21/200 dx=+3px dy=+1px d=0.1m ex=+0.0047 ey=+0.0021 (tol +/-0.010) alt_err=+2.59m -> fwd=+0.00 right=+0.00 down=+1.29 m/s
2026-09-01 09:34:24,680 [INFO] gz_system.main_gz: Dashboard paint loop: 0.0 FPS (main thread)
2026-09-01 09:34:24,780 [INFO] core.navigation.centering_controller: [CENTERING] MAVI_ALTIGEN 26/200 dx=+3px dy=+1px d=0.1m ex=+0.0047 ey=+0.0021 (tol +/-0.010) alt_err=+1.96m -> fwd=+0.00 right=+0.00 down=+0.98 m/s
2026-09-01 09:34:25,322 [INFO] core.navigation.centering_controller: [CENTERING] MAVI_ALTIGEN 31/200 dx=+3px dy=+1px d=0.1m ex=+0.0047 ey=+0.0021 (tol +/-0.010) alt_err=+1.40m -> fwd=+0.00 right=+0.00 down=+0.70 m/s
QGC port check failed, reporting UNKNOWN: (pid=27647)
2026-09-01 09:34:25,862 [INFO] core.navigation.centering_controller: [CENTERING] MAVI_ALTIGEN 36/200 dx=+4px dy=+3px d=0.1m ex=+0.0063 ey=+0.0063 (tol +/-0.010) alt_err=+1.06m -> fwd=+0.00 right=+0.00 down=+0.53 m/s
2026-09-01 09:34:26,077 [INFO] core.detection.vision_runtime: [VISION] detect() calisiyor -- bu karede 1 tespit: ['MAVI_ALTIGEN']
2026-09-01 09:34:26,404 [INFO] core.navigation.centering_controller: [CENTERING] MAVI_ALTIGEN 41/200 dx=+4px dy=+3px d=0.1m ex=+0.0063 ey=+0.0063 (tol +/-0.010) alt_err=+0.82m -> fwd=+0.00 right=+0.00 down=+0.41 m/s
2026-09-01 09:34:26,947 [INFO] core.navigation.centering_controller: [CENTERING] MAVI_ALTIGEN 46/200 dx=+6px dy=+2px d=0.1m ex=+0.0094 ey=+0.0042 (tol +/-0.010) alt_err=+0.59m -> fwd=+0.00 right=+0.00 down=+0.30 m/s
QGC port check failed, reporting UNKNOWN: (pid=27647)
2026-09-01 09:34:27,489 [INFO] core.navigation.centering_controller: [CENTERING] MAVI_ALTIGEN 51/200 dx=+6px dy=+2px d=0.1m ex=+0.0094 ey=+0.0042 (tol +/-0.010) alt_err=+0.45m -> fwd=+0.00 right=+0.00 down=+0.23 m/s
2026-09-01 09:34:28,031 [INFO] core.navigation.centering_controller: [CENTERING] MAVI_ALTIGEN 56/200 dx=+5px dy=+1px d=0.1m ex=+0.0078 ey=+0.0021 (tol +/-0.010) alt_err=+0.33m -> fwd=+0.00 right=+0.00 down=+0.17 m/s
2026-09-01 09:34:28,355 [INFO] core.navigation.centering_controller: Merkezleme tamamlandi. (attempt 59/200, dx=+5px dy=+4px ex=+0.0078 ey=+0.0083 alt_err=+0.29m)
2026-09-01 09:34:28,355 [INFO] core.navigation.centering_controller: MAVI_ALTIGEN hedefine merkezleniyor (irtifa hedefi: 5.0m, irtifa bandi +/-0.30m)...
2026-09-01 09:34:28,356 [INFO] core.navigation.centering_controller: [CENTERING] MAVI_ALTIGEN 1/200 dx=+5px dy=+4px d=0.1m ex=+0.0078 ey=+0.0083 (tol +/-0.010) alt_err=+5.29m -> fwd=+0.00 right=+0.00 down=+0.15 m/s
2026-09-01 09:34:28,895 [INFO] core.navigation.centering_controller: [CENTERING] MAVI_ALTIGEN 6/200 dx=+5px dy=+4px d=0.1m ex=+0.0078 ey=+0.0083 (tol +/-0.010) alt_err=+5.16m -> fwd=+0.00 right=+0.00 down=+0.90 m/s
2026-09-01 09:34:29,109 [INFO] core.detection.vision_runtime: [VISION] detect() calisiyor -- bu karede 1 tespit: ['MAVI_ALTIGEN']
QGC port check failed, reporting UNKNOWN: (pid=27647)
2026-09-01 09:34:29,435 [INFO] core.navigation.centering_controller: [CENTERING] MAVI_ALTIGEN 11/200 dx=+5px dy=+16px d=0.3m ex=+0.0078 ey=+0.0333 (tol +/-0.010) alt_err=+4.56m -> fwd=-0.15 right=+0.00 down=+1.65 m/s
2026-09-01 09:34:29,709 [INFO] gz_system.main_gz: Dashboard paint loop: 0.0 FPS (main thread)
2026-09-01 09:34:29,977 [INFO] core.navigation.centering_controller: [CENTERING] MAVI_ALTIGEN 16/200 dx=+4px dy=+6px d=0.1m ex=+0.0063 ey=+0.0125 (tol +/-0.010) alt_err=+3.78m -> fwd=-0.15 right=+0.00 down=+1.89 m/s
2026-09-01 09:34:30,518 [INFO] core.navigation.centering_controller: [CENTERING] MAVI_ALTIGEN 21/200 dx=+4px dy=-16px d=0.2m ex=+0.0063 ey=-0.0333 (tol +/-0.010) alt_err=+3.02m -> fwd=+0.15 right=+0.00 down=+1.51 m/s
2026-09-01 09:34:31,059 [INFO] core.navigation.centering_controller: [CENTERING] MAVI_ALTIGEN 26/200 dx=+4px dy=-25px d=0.3m ex=+0.0063 ey=-0.0521 (tol +/-0.010) alt_err=+2.16m -> fwd=+0.15 right=+0.00 down=+1.08 m/s
QGC port check failed, reporting UNKNOWN: (pid=27647)
2026-09-01 09:34:31,603 [INFO] core.navigation.centering_controller: [CENTERING] MAVI_ALTIGEN 31/200 dx=+5px dy=-12px d=0.2m ex=+0.0078 ey=-0.0250 (tol +/-0.010) alt_err=+1.64m -> fwd=+0.15 right=+0.00 down=+0.82 m/s
2026-09-01 09:34:32,143 [INFO] core.detection.vision_runtime: [VISION] detect() calisiyor -- bu karede 1 tespit: ['MAVI_ALTIGEN']
2026-09-01 09:34:32,144 [INFO] core.navigation.centering_controller: [CENTERING] MAVI_ALTIGEN 36/200 dx=+13px dy=-1px d=0.1m ex=+0.0203 ey=-0.0021 (tol +/-0.010) alt_err=+1.17m -> fwd=+0.00 right=+0.15 down=+0.58 m/s
2026-09-01 09:34:32,686 [INFO] core.navigation.centering_controller: [CENTERING] MAVI_ALTIGEN 41/200 dx=+14px dy=+23px d=0.3m ex=+0.0219 ey=+0.0479 (tol +/-0.010) alt_err=+0.89m -> fwd=-0.15 right=+0.15 down=+0.45 m/s
2026-09-01 09:34:33,228 [INFO] core.navigation.centering_controller: [CENTERING] MAVI_ALTIGEN 46/200 dx=-4px dy=+12px d=0.1m ex=-0.0063 ey=+0.0250 (tol +/-0.010) alt_err=+0.65m -> fwd=-0.15 right=+0.00 down=+0.32 m/s
QGC port check failed, reporting UNKNOWN: (pid=27647)
2026-09-01 09:34:33,770 [INFO] core.navigation.centering_controller: [CENTERING] MAVI_ALTIGEN 51/200 dx=-23px dy=+0px d=0.2m ex=-0.0359 ey=+0.0000 (tol +/-0.010) alt_err=+0.50m -> fwd=+0.00 right=-0.15 down=+0.25 m/s
2026-09-01 09:34:34,312 [INFO] core.navigation.centering_controller: [CENTERING] MAVI_ALTIGEN 56/200 dx=-9px dy=-27px d=0.3m ex=-0.0141 ey=-0.0563 (tol +/-0.010) alt_err=+0.38m -> fwd=+0.15 right=-0.15 down=+0.19 m/s
2026-09-01 09:34:34,733 [INFO] gz_system.main_gz: Dashboard paint loop: 0.0 FPS (main thread)
2026-09-01 09:34:34,852 [INFO] core.navigation.centering_controller: [CENTERING] MAVI_ALTIGEN 61/200 dx=+13px dy=-11px d=0.2m ex=+0.0203 ey=-0.0229 (tol +/-0.010) alt_err=+0.28m -> fwd=+0.15 right=+0.15 down=+0.14 m/s
2026-09-01 09:34:35,176 [INFO] core.detection.vision_runtime: [VISION] detect() calisiyor -- bu karede 1 tespit: ['MAVI_ALTIGEN']
QGC port check failed, reporting UNKNOWN: (pid=27647)
2026-09-01 09:34:35,396 [INFO] core.navigation.centering_controller: [CENTERING] MAVI_ALTIGEN 66/200 dx=+18px dy=+8px d=0.2m ex=+0.0281 ey=+0.0167 (tol +/-0.010) alt_err=+0.21m -> fwd=-0.15 right=+0.15 down=+0.11 m/s
2026-09-01 09:34:35,935 [INFO] core.navigation.centering_controller: [CENTERING] MAVI_ALTIGEN 71/200 dx=+1px dy=+26px d=0.2m ex=+0.0016 ey=+0.0542 (tol +/-0.010) alt_err=+0.16m -> fwd=-0.15 right=+0.00 down=+0.08 m/s
2026-09-01 09:34:36,485 [INFO] core.navigation.centering_controller: [CENTERING] MAVI_ALTIGEN 76/200 dx=-24px dy=+9px d=0.2m ex=-0.0375 ey=+0.0187 (tol +/-0.010) alt_err=+0.12m -> fwd=-0.15 right=-0.15 down=+0.06 m/s
2026-09-01 09:34:37,025 [INFO] core.navigation.centering_controller: [CENTERING] MAVI_ALTIGEN 81/200 dx=-15px dy=-16px d=0.2m ex=-0.0234 ey=-0.0333 (tol +/-0.010) alt_err=+0.09m -> fwd=+0.15 right=-0.15 down=+0.05 m/s
QGC port check failed, reporting UNKNOWN: (pid=33595)
2026-09-01 09:34:37,570 [INFO] core.navigation.centering_controller: [CENTERING] MAVI_ALTIGEN 86/200 dx=-4px dy=-22px d=0.2m ex=-0.0063 ey=-0.0458 (tol +/-0.010) alt_err=+0.08m -> fwd=+0.15 right=+0.00 down=+0.04 m/s
2026-09-01 09:34:38,112 [INFO] core.navigation.centering_controller: [CENTERING] MAVI_ALTIGEN 91/200 dx=+22px dy=-5px d=0.2m ex=+0.0344 ey=-0.0104 (tol +/-0.010) alt_err=+0.06m -> fwd=+0.15 right=+0.15 down=+0.03 m/s
2026-09-01 09:34:38,220 [INFO] core.detection.vision_runtime: [VISION] detect() calisiyor -- bu karede 1 tespit: ['MAVI_ALTIGEN']
2026-09-01 09:34:38,657 [INFO] core.navigation.centering_controller: [CENTERING] MAVI_ALTIGEN 96/200 dx=+8px dy=+24px d=0.2m ex=+0.0125 ey=+0.0500 (tol +/-0.010) alt_err=+0.04m -> fwd=-0.15 right=+0.15 down=+0.02 m/s
2026-09-01 09:34:39,195 [INFO] core.navigation.centering_controller: [CENTERING] MAVI_ALTIGEN 101/200 dx=-18px dy=+19px d=0.2m ex=-0.0281 ey=+0.0396 (tol +/-0.010) alt_err=+0.04m -> fwd=-0.15 right=-0.15 down=+0.02 m/s
QGC port check failed, reporting UNKNOWN: (pid=27647)
2026-09-01 09:34:39,737 [INFO] gz_system.main_gz: Dashboard paint loop: 0.0 FPS (main thread)
2026-09-01 09:34:39,737 [INFO] core.navigation.centering_controller: [CENTERING] MAVI_ALTIGEN 106/200 dx=-22px dy=+7px d=0.2m ex=-0.0344 ey=+0.0146 (tol +/-0.010) alt_err=+0.03m -> fwd=-0.15 right=-0.15 down=+0.02 m/s
2026-09-01 09:34:40,282 [INFO] core.navigation.centering_controller: [CENTERING] MAVI_ALTIGEN 111/200 dx=-5px dy=-12px d=0.1m ex=-0.0078 ey=-0.0250 (tol +/-0.010) alt_err=+0.02m -> fwd=+0.15 right=+0.00 down=+0.01 m/s
2026-09-01 09:34:40,821 [INFO] core.navigation.centering_controller: [CENTERING] MAVI_ALTIGEN 116/200 dx=+23px dy=-21px d=0.3m ex=+0.0359 ey=-0.0437 (tol +/-0.010) alt_err=+0.01m -> fwd=+0.15 right=+0.15 down=+0.01 m/s
2026-09-01 09:34:41,253 [INFO] core.detection.vision_runtime: [VISION] detect() calisiyor -- bu karede 1 tespit: ['MAVI_ALTIGEN']
2026-09-01 09:34:41,362 [INFO] core.navigation.centering_controller: [CENTERING] MAVI_ALTIGEN 121/200 dx=+18px dy=-6px d=0.2m ex=+0.0281 ey=-0.0125 (tol +/-0.010) alt_err=+0.00m -> fwd=+0.15 right=+0.15 down=+0.00 m/s
QGC port check failed, reporting UNKNOWN: (pid=27647)
2026-09-01 09:34:41,906 [INFO] core.navigation.centering_controller: [CENTERING] MAVI_ALTIGEN 126/200 dx=+4px dy=+21px d=0.2m ex=+0.0063 ey=+0.0437 (tol +/-0.010) alt_err=+0.00m -> fwd=-0.15 right=+0.00 down=+0.00 m/s
2026-09-01 09:34:42,448 [INFO] core.navigation.centering_controller: [CENTERING] MAVI_ALTIGEN 131/200 dx=-21px dy=+18px d=0.3m ex=-0.0328 ey=+0.0375 (tol +/-0.010) alt_err=+0.01m -> fwd=-0.15 right=-0.15 down=+0.00 m/s
2026-09-01 09:34:42,989 [INFO] core.navigation.centering_controller: [CENTERING] MAVI_ALTIGEN 136/200 dx=-16px dy=+0px d=0.1m ex=-0.0250 ey=+0.0000 (tol +/-0.010) alt_err=-0.01m -> fwd=+0.00 right=-0.15 down=-0.00 m/s
QGC port check failed, reporting UNKNOWN: (pid=27647)
2026-09-01 09:34:43,531 [INFO] core.navigation.centering_controller: [CENTERING] MAVI_ALTIGEN 141/200 dx=-3px dy=-27px d=0.3m ex=-0.0047 ey=-0.0563 (tol +/-0.010) alt_err=-0.00m -> fwd=+0.15 right=+0.00 down=-0.00 m/s
2026-09-01 09:34:44,071 [INFO] core.navigation.centering_controller: [CENTERING] MAVI_ALTIGEN 146/200 dx=+23px dy=-11px d=0.2m ex=+0.0359 ey=-0.0229 (tol +/-0.010) alt_err=+0.00m -> fwd=+0.15 right=+0.15 down=+0.00 m/s
2026-09-01 09:34:44,287 [INFO] core.detection.vision_runtime: [VISION] detect() calisiyor -- bu karede 1 tespit: ['MAVI_ALTIGEN']
2026-09-01 09:34:44,613 [INFO] core.navigation.centering_controller: [CENTERING] MAVI_ALTIGEN 151/200 dx=+11px dy=+4px d=0.1m ex=+0.0172 ey=+0.0083 (tol +/-0.010) alt_err=-0.01m -> fwd=+0.00 right=+0.15 down=-0.00 m/s
2026-09-01 09:34:44,764 [INFO] gz_system.main_gz: Dashboard paint loop: 0.0 FPS (main thread)
2026-09-01 09:34:45,156 [INFO] core.navigation.centering_controller: [CENTERING] MAVI_ALTIGEN 156/200 dx=-11px dy=+22px d=0.2m ex=-0.0172 ey=+0.0458 (tol +/-0.010) alt_err=-0.01m -> fwd=-0.15 right=-0.15 down=-0.01 m/s
QGC port check failed, reporting UNKNOWN: (pid=27647)
2026-09-01 09:34:45,698 [INFO] core.navigation.centering_controller: [CENTERING] MAVI_ALTIGEN 161/200 dx=-22px dy=+8px d=0.2m ex=-0.0344 ey=+0.0167 (tol +/-0.010) alt_err=-0.02m -> fwd=-0.15 right=-0.15 down=-0.01 m/s
2026-09-01 09:34:46,237 [INFO] core.navigation.centering_controller: [CENTERING] MAVI_ALTIGEN 166/200 dx=-6px dy=-15px d=0.1m ex=-0.0094 ey=-0.0312 (tol +/-0.010) alt_err=-0.01m -> fwd=+0.15 right=+0.00 down=-0.00 m/s
2026-09-01 09:34:46,784 [INFO] core.navigation.centering_controller: [CENTERING] MAVI_ALTIGEN 171/200 dx=+18px dy=-20px d=0.2m ex=+0.0281 ey=-0.0417 (tol +/-0.010) alt_err=-0.01m -> fwd=+0.15 right=+0.15 down=-0.01 m/s
2026-09-01 09:34:47,322 [INFO] core.detection.vision_runtime: [VISION] detect() calisiyor -- bu karede 1 tespit: ['MAVI_ALTIGEN']
2026-09-01 09:34:47,323 [INFO] core.navigation.centering_controller: [CENTERING] MAVI_ALTIGEN 176/200 dx=+12px dy=-5px d=0.1m ex=+0.0187 ey=-0.0104 (tol +/-0.010) alt_err=-0.01m -> fwd=+0.15 right=+0.15 down=-0.01 m/s
QGC port check failed, reporting UNKNOWN: (pid=27647)
2026-09-01 09:34:47,539 [INFO] core.navigation.centering_controller: Merkezleme tamamlandi. (attempt 178/200, dx=+6px dy=+1px ex=+0.0094 ey=+0.0021 alt_err=-0.01m)
2026-09-01 09:34:47,540 [INFO] core.navigation.centering_controller: MAVI_ALTIGEN hedefine merkezleniyor (irtifa hedefi: 0.45m, irtifa bandi +/-0.05m)...
2026-09-01 09:34:47,540 [INFO] core.navigation.centering_controller: [CENTERING] MAVI_ALTIGEN 1/200 dx=+6px dy=+1px d=0.1m ex=+0.0094 ey=+0.0021 (tol +/-0.010) alt_err=+4.54m -> fwd=+0.00 right=+0.00 down=+0.15 m/s
2026-09-01 09:34:48,083 [INFO] core.navigation.centering_controller: [CENTERING] MAVI_ALTIGEN 6/200 dx=-18px dy=+34px d=0.3m ex=-0.0281 ey=+0.0708 (tol +/-0.010) alt_err=+4.41m -> fwd=-0.15 right=-0.15 down=+0.90 m/s
2026-09-01 09:34:48,626 [INFO] core.navigation.centering_controller: [CENTERING] MAVI_ALTIGEN 11/200 dx=-16px dy=+23px d=0.2m ex=-0.0250 ey=+0.0479 (tol +/-0.010) alt_err=+3.81m -> fwd=-0.15 right=-0.15 down=+1.65 m/s
2026-09-01 09:34:49,168 [INFO] core.navigation.centering_controller: [CENTERING] MAVI_ALTIGEN 16/200 dx=-2px dy=+7px d=0.0m ex=-0.0031 ey=+0.0146 (tol +/-0.010) alt_err=+3.04m -> fwd=-0.15 right=+0.00 down=+1.52 m/s
QGC port check failed, reporting UNKNOWN: (pid=27647)
2026-09-01 09:34:49,709 [INFO] core.navigation.centering_controller: [CENTERING] MAVI_ALTIGEN 21/200 dx=+31px dy=-18px d=0.2m ex=+0.0484 ey=-0.0375 (tol +/-0.010) alt_err=+2.29m -> fwd=+0.12 right=+0.15 down=+1.14 m/s
2026-09-01 09:34:49,771 [INFO] gz_system.main_gz: Dashboard paint loop: 0.0 FPS (main thread)
2026-09-01 09:34:50,250 [INFO] core.navigation.centering_controller: [CENTERING] MAVI_ALTIGEN 26/200 dx=+17px dy=-31px d=0.1m ex=+0.0266 ey=-0.0646 (tol +/-0.010) alt_err=+1.62m -> fwd=+0.10 right=+0.12 down=+0.81 m/s
2026-09-01 09:34:50,357 [INFO] core.detection.vision_runtime: [VISION] detect() calisiyor -- bu karede 1 tespit: ['MAVI_ALTIGEN']
2026-09-01 09:34:50,789 [INFO] core.navigation.centering_controller: [CENTERING] MAVI_ALTIGEN 31/200 dx=-3px dy=-14px d=0.0m ex=-0.0047 ey=-0.0281 (tol +/-0.010) alt_err=+1.23m -> fwd=+0.07 right=+0.00 down=+0.61 m/s
2026-09-01 09:34:51,331 [INFO] core.navigation.centering_controller: [CENTERING] MAVI_ALTIGEN 36/200 dx=-30px dy=-3px d=0.1m ex=-0.0469 ey=-0.0063 (tol +/-0.010) alt_err=+0.88m -> fwd=+0.00 right=-0.08 down=+0.44 m/s
QGC port check failed, reporting UNKNOWN: (pid=27647)
2026-09-01 09:34:51,873 [INFO] core.navigation.centering_controller: [CENTERING] MAVI_ALTIGEN 41/200 dx=-8px dy=+24px d=0.1m ex=-0.0117 ey=+0.0500 (tol +/-0.010) alt_err=+0.67m -> fwd=-0.08 right=-0.07 down=+0.34 m/s
2026-09-01 09:34:52,418 [INFO] core.navigation.centering_controller: [CENTERING] MAVI_ALTIGEN 46/200 dx=+28px dy=+22px d=0.1m ex=+0.0430 ey=+0.0448 (tol +/-0.010) alt_err=+0.52m -> fwd=-0.07 right=+0.06 down=+0.26 m/s
2026-09-01 09:34:52,960 [INFO] core.navigation.centering_controller: [CENTERING] MAVI_ALTIGEN 51/200 dx=+42px dy=+0px d=0.1m ex=+0.0664 ey=+0.0000 (tol +/-0.010) alt_err=+0.38m -> fwd=+0.00 right=+0.10 down=+0.19 m/s
2026-09-01 09:34:53,401 [INFO] core.detection.vision_runtime: [VISION] detect() calisiyor -- bu karede 1 tespit: ['MAVI_ALTIGEN']
QGC port check failed, reporting UNKNOWN: (pid=27647)
2026-09-01 09:34:53,515 [INFO] core.navigation.centering_controller: [CENTERING] MAVI_ALTIGEN 56/200 dx=+0px dy=+0px d=0.0m ex=+0.0000 ey=+0.0000 (tol +/-0.010) alt_err=+0.30m -> fwd=+0.00 right=+0.00 down=+0.15 m/s
2026-09-01 09:34:54,057 [INFO] core.navigation.centering_controller: [CENTERING] MAVI_ALTIGEN 61/200 dx=+0px dy=+0px d=0.0m ex=+0.0000 ey=+0.0000 (tol +/-0.010) alt_err=+0.22m -> fwd=+0.00 right=+0.00 down=+0.11 m/s
2026-09-01 09:34:54,600 [WARNING] core.navigation.centering_controller: [CENTERING] MAVI_ALTIGEN 66/200 hedef kayboldu (feed canli, hedef bu karede yok)
2026-09-01 09:34:54,600 [WARNING] core.navigation.centering_controller: [LOW_ALT_OPEN_LOOP_DESCENT] MAVI_ALTIGEN: goruntu 0.63m'de kayboldu -- dondurulmus kestirime (47.3988143, 8.5462090, offset=0.0cm @ 0.63m) gore 0.45m'ye alcalmaya devam.
2026-09-01 09:34:54,779 [INFO] gz_system.main_gz: Dashboard paint loop: 0.0 FPS (main thread)
QGC port check failed, reporting UNKNOWN: (pid=27647)
2026-09-01 09:34:55,690 [INFO] core.navigation.centering_controller: [LOW_ALT_OPEN_LOOP_DESCENT] MAVI_ALTIGEN: 0.495m'ye ulasildi (hedef 0.45m).
2026-09-01 09:34:55,690 [INFO] core.navigation.centering_controller: [AIM_OFFSET_APPLIED] MAVI_ALTIGEN: montaj (ileri=0.00, sag=0.04) m, yon=-0.0 deg -> tutma noktasi (47.3988143, 8.5462085) olarak otelendi (kuzey -0.00, dogu -0.03 m).
2026-09-01 09:34:56,233 [INFO] core.navigation.centering_controller: [MOUNT_TRANSLATE_DONE] MAVI_ALTIGEN: kalan 4.2 cm, sure 0.54 s (yakinsadi).
2026-09-01 09:34:56,233 [WARNING] core.navigation.centering_controller: [LOW_ALT_OPEN_LOOP_DESCENT] MAVI_ALTIGEN: goruntu 0.47m'de kayboldu -- dondurulmus kestirime (47.3988143, 8.5462085, offset=0.0cm @ 0.63m) gore 0.45m'ye alcalmaya devam.
2026-09-01 09:34:56,233 [INFO] core.navigation.centering_controller: [LOW_ALT_OPEN_LOOP_DESCENT] MAVI_ALTIGEN: 0.472m'ye ulasildi (hedef 0.45m).
2026-09-01 09:34:56,233 [INFO] core.navigation.centering_controller: 0.1m ileri hareket ediliyor (0.3 m/s, 0.3s)...
2026-09-01 09:34:56,447 [INFO] core.detection.vision_runtime: [VISION] detect() calisiyor -- bu karede 0 tespit: []
2026-09-01 09:34:56,664 [INFO] core.mission.payload_release: [RELEASE_OFFSET] MAVI_ALTIGEN: {'shape_type': 'MAVI_ALTIGEN', 'altitude_m': 0.482, 'target_visible': False, 'best_known_offset_cm': 2.24, 'best_known_offset_alt_m': 4.985}
2026-09-01 09:34:56,664 [INFO] core.mission.payload_release: [MOUNT_VECTOR_MEASURED] MAVI_ALTIGEN: {'world_dx': 0.0355, 'world_dy': 0.0018, 'gazebo_yaw_deg': 91.56, 'body_forward_m': 0.0009, 'body_right_m': 0.0355} (uygulanan: (0.0, 0.035))
2026-09-01 09:34:56,664 [INFO] gz_system.gz_payload_actuator: Gazebo DetachableJoint tetikleniyor: /payload/detach/red
I0901 09:34:56.665230 13398734 fork_posix.cc:71] Other threads are currently calling into gRPC, skipping fork() handlers
I0901 09:34:56.720956 13398734 fork_posix.cc:71] Other threads are currently calling into gRPC, skipping fork() handlers
I0901 09:34:56.776678 13398734 fork_posix.cc:71] Other threads are currently calling into gRPC, skipping fork() handlers
I0901 09:34:56.821516 13398734 fork_posix.cc:71] Other threads are currently calling into gRPC, skipping fork() handlers
I0901 09:34:56.872130 13398734 fork_posix.cc:71] Other threads are currently calling into gRPC, skipping fork() handlers
QGC port check failed, reporting UNKNOWN: (pid=27647)
2026-09-01 09:34:57,799 [INFO] gz_system.gz_payload_actuator: Yuk ayrildi (red), gecikme 1.135 s.
2026-09-01 09:34:57,799 [INFO] core.mission.payload_release: [PAYLOAD_RELEASED] PAYLOAD 1 RELEASED @0.48m
QGC port check failed, reporting UNKNOWN: (pid=27647)
2026-09-01 09:34:59,501 [INFO] core.detection.vision_runtime: [VISION] detect() calisiyor -- bu karede 1 tespit: ['KIRMIZI_DIKDORTGEN']
2026-09-01 09:34:59,794 [INFO] gz_system.main_gz: Dashboard paint loop: 0.0 FPS (main thread)
2026-09-01 09:34:59,802 [INFO] core.mission.payload_release: [PAYLOAD_FINAL_POSE] MAVI_ALTIGEN: x=3.322 y=93.891 z=0.041 merkeze 7896.1 cm egim 0.1 deg (HEDEF DISINDA)
2026-09-01 09:34:59,802 [INFO] core.mission.payload_release: Doğrulama işareti aranıyor: KIRMIZI_DIKDORTGEN
2026-09-01 09:34:59,802 [INFO] core.mission.payload_release: Yük bırakma DOĞRULANDI: KIRMIZI_DIKDORTGEN tespit edildi.
2026-09-01 09:34:59,802 [INFO] core.navigation.centering_controller: 15.0m irtifasina tirmaniliyor (goruntuden bagimsiz)...
QGC port check failed, reporting UNKNOWN: (pid=27647)
2026-09-01 09:35:02,556 [INFO] core.detection.vision_runtime: [VISION] detect() calisiyor -- bu karede 1 tespit: ['MAVI_ALTIGEN']
QGC port check failed, reporting UNKNOWN: (pid=27647)
2026-09-01 09:35:04,798 [INFO] gz_system.main_gz: Dashboard paint loop: 0.0 FPS (main thread)
QGC port check failed, reporting UNKNOWN: (pid=27647)
2026-09-01 09:35:05,592 [INFO] core.detection.vision_runtime: [VISION] detect() calisiyor -- bu karede 1 tespit: ['MAVI_ALTIGEN']
QGC port check failed, reporting UNKNOWN: (pid=27647)
2026-09-01 09:35:08,622 [INFO] core.detection.vision_runtime: [VISION] detect() calisiyor -- bu karede 1 tespit: ['MAVI_ALTIGEN']
QGC port check failed, reporting UNKNOWN: (pid=27647)
2026-09-01 09:35:09,489 [INFO] core.mission.gorev2_orchestrator: SEARCH COMPLETE: MAVI_ALTIGEN ve KIRMIZI_UCGEN ikisi de kaydedildi. Mission kalici olarak sona erdi, Offboard tek yetkili.
2026-09-01 09:35:09,596 [INFO] core.mission.gorev2_orchestrator: Bir veya iki yuk hala birakilmamis -- toplu birakma calistiriliyor.
2026-09-01 09:35:09,596 [INFO] core.mission.gorev2_fsm: PAYLOAD MISSION 1 basliyor (Mavi Altigen / RED payload)
2026-09-01 09:35:09,596 [INFO] core.navigation.centering_controller: Kayitli GPS konumuna gidiliyor: lat=47.3988142, lon=8.546206699999999, alt=15.0m
2026-09-01 09:35:09,596 [INFO] core.mission.payload_release: Yük bırakma başlatılıyor: MAVI_ALTIGEN
2026-09-01 09:35:09,596 [INFO] core.navigation.centering_controller: MAVI_ALTIGEN hedefine merkezleniyor (irtifa hedefi: 10.0m, irtifa bandi +/-0.30m)...
2026-09-01 09:35:09,597 [INFO] core.navigation.centering_controller: [CENTERING] MAVI_ALTIGEN 1/200 dx=-2px dy=+7px d=0.2m ex=-0.0031 ey=+0.0146 (tol +/-0.010) alt_err=+4.72m -> fwd=-0.15 right=+0.00 down=+0.15 m/s
2026-09-01 09:35:09,809 [INFO] gz_system.main_gz: Dashboard paint loop: 0.0 FPS (main thread)
2026-09-01 09:35:10,143 [INFO] core.navigation.centering_controller: [CENTERING] MAVI_ALTIGEN 6/200 dx=-2px dy=+17px d=0.5m ex=-0.0031 ey=+0.0354 (tol +/-0.010) alt_err=+4.58m -> fwd=-0.15 right=+0.00 down=+0.90 m/s
2026-09-01 09:35:10,695 [INFO] core.navigation.centering_controller: [CENTERING] MAVI_ALTIGEN 11/200 dx=-2px dy=+9px d=0.2m ex=-0.0031 ey=+0.0187 (tol +/-0.010) alt_err=+4.06m -> fwd=-0.15 right=+0.00 down=+1.65 m/s
2026-09-01 09:35:11,237 [INFO] core.navigation.centering_controller: [CENTERING] MAVI_ALTIGEN 16/200 dx=-3px dy=+3px d=0.1m ex=-0.0047 ey=+0.0063 (tol +/-0.010) alt_err=+3.28m -> fwd=+0.00 right=+0.00 down=+1.64 m/s
QGC port check failed, reporting UNKNOWN: (pid=27647)
2026-09-01 09:35:11,666 [INFO] core.detection.vision_runtime: [VISION] detect() calisiyor -- bu karede 1 tespit: ['MAVI_ALTIGEN']
2026-09-01 09:35:11,775 [INFO] core.navigation.centering_controller: [CENTERING] MAVI_ALTIGEN 21/200 dx=-3px dy=-21px d=0.5m ex=-0.0047 ey=-0.0437 (tol +/-0.010) alt_err=+2.37m -> fwd=+0.15 right=+0.00 down=+1.18 m/s
2026-09-01 09:35:12,316 [INFO] core.navigation.centering_controller: [CENTERING] MAVI_ALTIGEN 26/200 dx=-2px dy=-9px d=0.2m ex=-0.0031 ey=-0.0187 (tol +/-0.010) alt_err=+1.78m -> fwd=+0.15 right=+0.00 down=+0.89 m/s
2026-09-01 09:35:12,857 [INFO] core.navigation.centering_controller: [CENTERING] MAVI_ALTIGEN 31/200 dx=-1px dy=+11px d=0.2m ex=-0.0016 ey=+0.0229 (tol +/-0.010) alt_err=+1.34m -> fwd=-0.15 right=+0.00 down=+0.67 m/s
2026-09-01 09:35:13,398 [INFO] core.navigation.centering_controller: [CENTERING] MAVI_ALTIGEN 36/200 dx=-1px dy=+18px d=0.4m ex=-0.0016 ey=+0.0375 (tol +/-0.010) alt_err=+0.96m -> fwd=-0.15 right=+0.00 down=+0.48 m/s
QGC port check failed, reporting UNKNOWN: (pid=27647)
2026-09-01 09:35:13,942 [INFO] core.navigation.centering_controller: [CENTERING] MAVI_ALTIGEN 41/200 dx=+0px dy=+8px d=0.2m ex=+0.0000 ey=+0.0167 (tol +/-0.010) alt_err=+0.73m -> fwd=-0.15 right=+0.00 down=+0.37 m/s
2026-09-01 09:35:14,481 [INFO] core.navigation.centering_controller: [CENTERING] MAVI_ALTIGEN 46/200 dx=-1px dy=-4px d=0.1m ex=-0.0016 ey=-0.0083 (tol +/-0.010) alt_err=+0.53m -> fwd=+0.00 right=+0.00 down=+0.26 m/s
2026-09-01 09:35:14,698 [INFO] core.detection.vision_runtime: [VISION] detect() calisiyor -- bu karede 1 tespit: ['MAVI_ALTIGEN']
2026-09-01 09:35:14,839 [INFO] gz_system.main_gz: Dashboard paint loop: 0.0 FPS (main thread)
2026-09-01 09:35:15,022 [INFO] core.navigation.centering_controller: [CENTERING] MAVI_ALTIGEN 51/200 dx=+1px dy=-18px d=0.3m ex=+0.0016 ey=-0.0375 (tol +/-0.010) alt_err=+0.41m -> fwd=+0.15 right=+0.00 down=+0.20 m/s
QGC port check failed, reporting UNKNOWN: (pid=27647)
2026-09-01 09:35:15,562 [INFO] core.navigation.centering_controller: [CENTERING] MAVI_ALTIGEN 56/200 dx=+2px dy=-7px d=0.1m ex=+0.0031 ey=-0.0146 (tol +/-0.010) alt_err=+0.30m -> fwd=+0.15 right=+0.00 down=+0.15 m/s
2026-09-01 09:35:15,668 [INFO] core.navigation.centering_controller: Merkezleme tamamlandi. (attempt 57/200, dx=+3px dy=-4px ex=+0.0047 ey=-0.0083 alt_err=+0.29m)
2026-09-01 09:35:15,669 [INFO] core.navigation.centering_controller: MAVI_ALTIGEN hedefine merkezleniyor (irtifa hedefi: 5.0m, irtifa bandi +/-0.30m)...
2026-09-01 09:35:15,669 [INFO] core.navigation.centering_controller: [CENTERING] MAVI_ALTIGEN 1/200 dx=+3px dy=-4px d=0.1m ex=+0.0047 ey=-0.0083 (tol +/-0.010) alt_err=+5.29m -> fwd=+0.00 right=+0.00 down=+0.15 m/s
2026-09-01 09:35:16,208 [INFO] core.navigation.centering_controller: [CENTERING] MAVI_ALTIGEN 6/200 dx=+4px dy=+24px d=0.5m ex=+0.0063 ey=+0.0500 (tol +/-0.010) alt_err=+5.16m -> fwd=-0.15 right=+0.00 down=+0.90 m/s
2026-09-01 09:35:16,751 [INFO] core.navigation.centering_controller: [CENTERING] MAVI_ALTIGEN 11/200 dx=+3px dy=+17px d=0.3m ex=+0.0047 ey=+0.0354 (tol +/-0.010) alt_err=+4.69m -> fwd=-0.15 right=+0.00 down=+1.65 m/s
2026-09-01 09:35:17,293 [INFO] core.navigation.centering_controller: [CENTERING] MAVI_ALTIGEN 16/200 dx=+2px dy=+5px d=0.1m ex=+0.0031 ey=+0.0104 (tol +/-0.010) alt_err=+3.77m -> fwd=-0.15 right=+0.00 down=+1.88 m/s
QGC port check failed, reporting UNKNOWN: (pid=27647)
2026-09-01 09:35:17,726 [INFO] core.detection.vision_runtime: [VISION] detect() calisiyor -- bu karede 1 tespit: ['MAVI_ALTIGEN']
2026-09-01 09:35:17,837 [INFO] core.navigation.centering_controller: [CENTERING] MAVI_ALTIGEN 21/200 dx=+3px dy=-19px d=0.3m ex=+0.0047 ey=-0.0396 (tol +/-0.010) alt_err=+3.01m -> fwd=+0.15 right=+0.00 down=+1.50 m/s
2026-09-01 09:35:18,377 [INFO] core.navigation.centering_controller: [CENTERING] MAVI_ALTIGEN 26/200 dx=+1px dy=-18px d=0.2m ex=+0.0016 ey=-0.0375 (tol +/-0.010) alt_err=+2.13m -> fwd=+0.15 right=+0.00 down=+1.07 m/s
2026-09-01 09:35:18,919 [INFO] core.navigation.centering_controller: [CENTERING] MAVI_ALTIGEN 31/200 dx=+3px dy=-6px d=0.1m ex=+0.0047 ey=-0.0125 (tol +/-0.010) alt_err=+1.61m -> fwd=+0.15 right=+0.00 down=+0.80 m/s
QGC port check failed, reporting UNKNOWN: (pid=27647)
2026-09-01 09:35:19,461 [INFO] core.navigation.centering_controller: [CENTERING] MAVI_ALTIGEN 36/200 dx=+4px dy=+19px d=0.2m ex=+0.0063 ey=+0.0396 (tol +/-0.010) alt_err=+1.16m -> fwd=-0.15 right=+0.00 down=+0.58 m/s
2026-09-01 09:35:19,841 [INFO] gz_system.main_gz: Dashboard paint loop: 0.0 FPS (main thread)
2026-09-01 09:35:20,002 [INFO] core.navigation.centering_controller: [CENTERING] MAVI_ALTIGEN 41/200 dx=+4px dy=+15px d=0.2m ex=+0.0063 ey=+0.0312 (tol +/-0.010) alt_err=+0.89m -> fwd=-0.15 right=+0.00 down=+0.45 m/s
2026-09-01 09:35:20,544 [INFO] core.navigation.centering_controller: [CENTERING] MAVI_ALTIGEN 46/200 dx=+5px dy=+2px d=0.1m ex=+0.0078 ey=+0.0042 (tol +/-0.010) alt_err=+0.68m -> fwd=+0.00 right=+0.00 down=+0.34 m/s
2026-09-01 09:35:20,761 [INFO] core.detection.vision_runtime: [VISION] detect() calisiyor -- bu karede 1 tespit: ['MAVI_ALTIGEN']
2026-09-01 09:35:21,088 [INFO] core.navigation.centering_controller: [CENTERING] MAVI_ALTIGEN 51/200 dx=+5px dy=-29px d=0.3m ex=+0.0078 ey=-0.0604 (tol +/-0.010) alt_err=+0.50m -> fwd=+0.15 right=+0.00 down=+0.25 m/s
QGC port check failed, reporting UNKNOWN: (pid=27647)
2026-09-01 09:35:21,631 [INFO] core.navigation.centering_controller: [CENTERING] MAVI_ALTIGEN 56/200 dx=+6px dy=-17px d=0.2m ex=+0.0094 ey=-0.0354 (tol +/-0.010) alt_err=+0.40m -> fwd=+0.15 right=+0.00 down=+0.20 m/s
2026-09-01 09:35:22,171 [INFO] core.navigation.centering_controller: [CENTERING] MAVI_ALTIGEN 61/200 dx=+9px dy=-4px d=0.1m ex=+0.0141 ey=-0.0083 (tol +/-0.010) alt_err=+0.29m -> fwd=+0.00 right=+0.15 down=+0.15 m/s
2026-09-01 09:35:22,713 [INFO] core.navigation.centering_controller: [CENTERING] MAVI_ALTIGEN 66/200 dx=+17px dy=+25px d=0.3m ex=+0.0266 ey=+0.0521 (tol +/-0.010) alt_err=+0.23m -> fwd=-0.15 right=+0.15 down=+0.12 m/s
2026-09-01 09:35:23,253 [INFO] core.navigation.centering_controller: [CENTERING] MAVI_ALTIGEN 71/200 dx=+2px dy=+13px d=0.1m ex=+0.0031 ey=+0.0271 (tol +/-0.010) alt_err=+0.18m -> fwd=-0.15 right=+0.00 down=+0.09 m/s
QGC port check failed, reporting UNKNOWN: (pid=27647)
2026-09-01 09:35:23,793 [INFO] core.detection.vision_runtime: [VISION] detect() calisiyor -- bu karede 1 tespit: ['MAVI_ALTIGEN']
2026-09-01 09:35:23,794 [INFO] core.navigation.centering_controller: [CENTERING] MAVI_ALTIGEN 76/200 dx=-23px dy=-2px d=0.2m ex=-0.0359 ey=-0.0042 (tol +/-0.010) alt_err=+0.13m -> fwd=+0.00 right=-0.15 down=+0.07 m/s
2026-09-01 09:35:24,336 [INFO] core.navigation.centering_controller: [CENTERING] MAVI_ALTIGEN 81/200 dx=-10px dy=-28px d=0.3m ex=-0.0156 ey=-0.0583 (tol +/-0.010) alt_err=+0.09m -> fwd=+0.15 right=-0.15 down=+0.05 m/s
2026-09-01 09:35:24,859 [INFO] gz_system.main_gz: Dashboard paint loop: 0.0 FPS (main thread)
2026-09-01 09:35:24,877 [INFO] core.navigation.centering_controller: [CENTERING] MAVI_ALTIGEN 86/200 dx=+15px dy=-14px d=0.2m ex=+0.0234 ey=-0.0292 (tol +/-0.010) alt_err=+0.06m -> fwd=+0.15 right=+0.15 down=+0.03 m/s
2026-09-01 09:35:25,417 [INFO] core.navigation.centering_controller: [CENTERING] MAVI_ALTIGEN 91/200 dx=+23px dy=-1px d=0.2m ex=+0.0359 ey=-0.0021 (tol +/-0.010) alt_err=+0.04m -> fwd=+0.00 right=+0.15 down=+0.02 m/s
QGC port check failed, reporting UNKNOWN: (pid=27647)
2026-09-01 09:35:25,958 [INFO] core.navigation.centering_controller: [CENTERING] MAVI_ALTIGEN 96/200 dx=+5px dy=+29px d=0.3m ex=+0.0078 ey=+0.0604 (tol +/-0.010) alt_err=+0.03m -> fwd=-0.15 right=+0.00 down=+0.02 m/s
2026-09-01 09:35:26,500 [INFO] core.navigation.centering_controller: [CENTERING] MAVI_ALTIGEN 101/200 dx=-19px dy=+16px d=0.2m ex=-0.0297 ey=+0.0333 (tol +/-0.010) alt_err=+0.02m -> fwd=-0.15 right=-0.15 down=+0.01 m/s
2026-09-01 09:35:26,824 [INFO] core.detection.vision_runtime: [VISION] detect() calisiyor -- bu karede 1 tespit: ['MAVI_ALTIGEN']
2026-09-01 09:35:27,042 [INFO] core.navigation.centering_controller: [CENTERING] MAVI_ALTIGEN 106/200 dx=-16px dy=+3px d=0.2m ex=-0.0250 ey=+0.0063 (tol +/-0.010) alt_err=+0.02m -> fwd=+0.00 right=-0.15 down=+0.01 m/s
QGC port check failed, reporting UNKNOWN: (pid=27647)
2026-09-01 09:35:27,580 [INFO] core.navigation.centering_controller: [CENTERING] MAVI_ALTIGEN 111/200 dx=-1px dy=-25px d=0.2m ex=-0.0016 ey=-0.0521 (tol +/-0.010) alt_err=+0.01m -> fwd=+0.15 right=+0.00 down=+0.00 m/s
2026-09-01 09:35:28,122 [INFO] core.navigation.centering_controller: [CENTERING] MAVI_ALTIGEN 116/200 dx=+26px dy=-17px d=0.3m ex=+0.0406 ey=-0.0354 (tol +/-0.010) alt_err=+0.00m -> fwd=+0.15 right=+0.15 down=+0.00 m/s
2026-09-01 09:35:28,665 [INFO] core.navigation.centering_controller: [CENTERING] MAVI_ALTIGEN 121/200 dx=+12px dy=+8px d=0.1m ex=+0.0187 ey=+0.0167 (tol +/-0.010) alt_err=-0.00m -> fwd=-0.15 right=+0.15 down=-0.00 m/s
2026-09-01 09:35:29,204 [INFO] core.navigation.centering_controller: [CENTERING] MAVI_ALTIGEN 126/200 dx=-13px dy=+28px d=0.3m ex=-0.0203 ey=+0.0583 (tol +/-0.010) alt_err=-0.01m -> fwd=-0.15 right=-0.15 down=-0.00 m/s
QGC port check failed, reporting UNKNOWN: (pid=27647)
2026-09-01 09:35:29,746 [INFO] core.navigation.centering_controller: [CENTERING] MAVI_ALTIGEN 131/200 dx=-21px dy=+12px d=0.2m ex=-0.0328 ey=+0.0250 (tol +/-0.010) alt_err=-0.01m -> fwd=-0.15 right=-0.15 down=-0.01 m/s
2026-09-01 09:35:29,852 [INFO] core.detection.vision_runtime: [VISION] detect() calisiyor -- bu karede 1 tespit: ['MAVI_ALTIGEN']
2026-09-01 09:35:29,869 [INFO] gz_system.main_gz: Dashboard paint loop: 0.0 FPS (main thread)
2026-09-01 09:35:30,287 [INFO] core.navigation.centering_controller: [CENTERING] MAVI_ALTIGEN 136/200 dx=-4px dy=-15px d=0.1m ex=-0.0063 ey=-0.0312 (tol +/-0.010) alt_err=-0.02m -> fwd=+0.15 right=+0.00 down=-0.01 m/s
2026-09-01 09:35:30,829 [INFO] core.navigation.centering_controller: [CENTERING] MAVI_ALTIGEN 141/200 dx=+21px dy=-20px d=0.3m ex=+0.0328 ey=-0.0417 (tol +/-0.010) alt_err=-0.01m -> fwd=+0.15 right=+0.15 down=-0.01 m/s
2026-09-01 09:35:31,369 [INFO] core.navigation.centering_controller: [CENTERING] MAVI_ALTIGEN 146/200 dx=+15px dy=-5px d=0.1m ex=+0.0234 ey=-0.0104 (tol +/-0.010) alt_err=-0.01m -> fwd=+0.15 right=+0.15 down=-0.01 m/s
QGC port check failed, reporting UNKNOWN: (pid=27647)
2026-09-01 09:35:31,909 [INFO] core.navigation.centering_controller: [CENTERING] MAVI_ALTIGEN 151/200 dx=-6px dy=+23px d=0.2m ex=-0.0094 ey=+0.0479 (tol +/-0.010) alt_err=-0.01m -> fwd=-0.15 right=+0.00 down=-0.00 m/s
2026-09-01 09:35:32,451 [INFO] core.navigation.centering_controller: [CENTERING] MAVI_ALTIGEN 156/200 dx=-26px dy=+17px d=0.3m ex=-0.0406 ey=+0.0354 (tol +/-0.010) alt_err=-0.00m -> fwd=-0.15 right=-0.15 down=-0.00 m/s
2026-09-01 09:35:32,883 [INFO] core.detection.vision_runtime: [VISION] detect() calisiyor -- bu karede 1 tespit: ['MAVI_ALTIGEN']
2026-09-01 09:35:32,991 [INFO] core.navigation.centering_controller: [CENTERING] MAVI_ALTIGEN 161/200 dx=-9px dy=+2px d=0.1m ex=-0.0141 ey=+0.0042 (tol +/-0.010) alt_err=-0.00m -> fwd=+0.00 right=-0.15 down=-0.00 m/s
QGC port check failed, reporting UNKNOWN: (pid=27647)
2026-09-01 09:35:33,532 [INFO] core.navigation.centering_controller: [CENTERING] MAVI_ALTIGEN 166/200 dx=+12px dy=-28px d=0.3m ex=+0.0187 ey=-0.0583 (tol +/-0.010) alt_err=-0.01m -> fwd=+0.15 right=+0.15 down=-0.00 m/s
2026-09-01 09:35:34,072 [INFO] core.navigation.centering_controller: [CENTERING] MAVI_ALTIGEN 171/200 dx=+23px dy=-16px d=0.3m ex=+0.0359 ey=-0.0333 (tol +/-0.010) alt_err=-0.01m -> fwd=+0.15 right=+0.15 down=-0.00 m/s
2026-09-01 09:35:34,612 [INFO] core.navigation.centering_controller: Merkezleme tamamlandi. (attempt 176/200, dx=+4px dy=+1px ex=+0.0063 ey=+0.0021 alt_err=-0.01m)
2026-09-01 09:35:34,613 [INFO] core.navigation.centering_controller: MAVI_ALTIGEN hedefine merkezleniyor (irtifa hedefi: 0.45m, irtifa bandi +/-0.05m)...
2026-09-01 09:35:34,613 [INFO] core.navigation.centering_controller: [CENTERING] MAVI_ALTIGEN 1/200 dx=+4px dy=+1px d=0.0m ex=+0.0063 ey=+0.0021 (tol +/-0.010) alt_err=+4.54m -> fwd=+0.00 right=+0.00 down=+0.15 m/s
2026-09-01 09:35:34,893 [INFO] gz_system.main_gz: Dashboard paint loop: 0.0 FPS (main thread)
2026-09-01 09:35:35,156 [INFO] core.navigation.centering_controller: [CENTERING] MAVI_ALTIGEN 6/200 dx=-25px dy=+28px d=0.3m ex=-0.0391 ey=+0.0583 (tol +/-0.010) alt_err=+4.45m -> fwd=-0.15 right=-0.15 down=+0.90 m/s
QGC port check failed, reporting UNKNOWN: (pid=27647)
2026-09-01 09:35:35,697 [INFO] core.navigation.centering_controller: [CENTERING] MAVI_ALTIGEN 11/200 dx=-21px dy=+18px d=0.2m ex=-0.0328 ey=+0.0375 (tol +/-0.010) alt_err=+3.87m -> fwd=-0.15 right=-0.15 down=+1.65 m/s
2026-09-01 09:35:35,913 [INFO] core.detection.vision_runtime: [VISION] detect() calisiyor -- bu karede 1 tespit: ['MAVI_ALTIGEN']
2026-09-01 09:35:36,239 [INFO] core.navigation.centering_controller: [CENTERING] MAVI_ALTIGEN 16/200 dx=-5px dy=+3px d=0.0m ex=-0.0078 ey=+0.0063 (tol +/-0.010) alt_err=+3.09m -> fwd=+0.00 right=+0.00 down=+1.54 m/s
2026-09-01 09:35:36,781 [INFO] core.navigation.centering_controller: [CENTERING] MAVI_ALTIGEN 21/200 dx=+34px dy=-29px d=0.2m ex=+0.0531 ey=-0.0604 (tol +/-0.010) alt_err=+2.19m -> fwd=+0.12 right=+0.15 down=+1.10 m/s
2026-09-01 09:35:37,323 [INFO] core.navigation.centering_controller: [CENTERING] MAVI_ALTIGEN 26/200 dx=+25px dy=-19px d=0.1m ex=+0.0391 ey=-0.0396 (tol +/-0.010) alt_err=+1.66m -> fwd=+0.09 right=+0.12 down=+0.83 m/s
QGC port check failed, reporting UNKNOWN: (pid=27647)
2026-09-01 09:35:37,871 [INFO] core.navigation.centering_controller: [CENTERING] MAVI_ALTIGEN 31/200 dx=-0px dy=-0px d=0.0m ex=-0.0008 ey=-0.0010 (tol +/-0.010) alt_err=+1.18m -> fwd=+0.00 right=+0.00 down=+0.59 m/s
2026-09-01 09:35:38,417 [INFO] core.navigation.centering_controller: [CENTERING] MAVI_ALTIGEN 36/200 dx=-29px dy=+22px d=0.1m ex=-0.0453 ey=+0.0469 (tol +/-0.010) alt_err=+0.90m -> fwd=-0.07 right=-0.08 down=+0.45 m/s
2026-09-01 09:35:38,964 [INFO] core.detection.vision_runtime: [VISION] detect() calisiyor -- bu karede 2 tespit: ['MAVI_ALTIGEN', 'KIRMIZI_DIKDORTGEN']
2026-09-01 09:35:38,965 [INFO] core.navigation.centering_controller: [CENTERING] MAVI_ALTIGEN 41/200 dx=-1px dy=+9px d=0.0m ex=-0.0016 ey=+0.0187 (tol +/-0.010) alt_err=+0.65m -> fwd=-0.05 right=+0.00 down=+0.32 m/s
QGC port check failed, reporting UNKNOWN: (pid=27647)
2026-09-01 09:35:39,515 [INFO] core.navigation.centering_controller: [CENTERING] MAVI_ALTIGEN 46/200 dx=+21px dy=-12px d=0.0m ex=+0.0328 ey=-0.0240 (tol +/-0.010) alt_err=+0.51m -> fwd=+0.04 right=+0.06 down=+0.25 m/s
2026-09-01 09:35:39,914 [INFO] gz_system.main_gz: Dashboard paint loop: 0.0 FPS (main thread)
2026-09-01 09:35:40,064 [INFO] core.navigation.centering_controller: [CENTERING] MAVI_ALTIGEN 51/200 dx=+32px dy=+0px d=0.0m ex=+0.0500 ey=+0.0000 (tol +/-0.010) alt_err=+0.39m -> fwd=+0.00 right=+0.08 down=+0.20 m/s
2026-09-01 09:35:40,613 [INFO] core.navigation.centering_controller: [CENTERING] MAVI_ALTIGEN 56/200 dx=+0px dy=+0px d=0.0m ex=+0.0000 ey=+0.0000 (tol +/-0.010) alt_err=+0.28m -> fwd=+0.00 right=+0.00 down=+0.14 m/s
2026-09-01 09:35:41,163 [INFO] core.navigation.centering_controller: [CENTERING] MAVI_ALTIGEN 61/200 dx=+0px dy=+0px d=0.0m ex=+0.0000 ey=+0.0000 (tol +/-0.010) alt_err=+0.21m -> fwd=+0.00 right=+0.00 down=+0.10 m/s
QGC port check failed, reporting UNKNOWN: (pid=27647)
2026-09-01 09:35:41,710 [INFO] core.navigation.centering_controller: [CENTERING] MAVI_ALTIGEN 66/200 dx=+0px dy=+0px d=0.0m ex=+0.0000 ey=+0.0000 (tol +/-0.010) alt_err=+0.16m -> fwd=+0.00 right=+0.00 down=+0.08 m/s
2026-09-01 09:35:41,930 [WARNING] core.navigation.centering_controller: [LOW_ALT_OPEN_LOOP_DESCENT] MAVI_ALTIGEN: goruntu 0.60m'de kayboldu -- dondurulmus kestirime (47.3988143, 8.5462088, offset=0.0cm @ 0.60m) gore 0.45m'ye alcalmaya devam.
2026-09-01 09:35:42,038 [INFO] core.detection.vision_runtime: [VISION] detect() calisiyor -- bu karede 1 tespit: ['KIRMIZI_DIKDORTGEN']
2026-09-01 09:35:42,915 [INFO] core.navigation.centering_controller: [LOW_ALT_OPEN_LOOP_DESCENT] MAVI_ALTIGEN: 0.488m'ye ulasildi (hedef 0.45m).
2026-09-01 09:35:42,915 [INFO] core.navigation.centering_controller: [AIM_OFFSET_APPLIED] MAVI_ALTIGEN: montaj (ileri=0.00, sag=0.04) m, yon=-0.4 deg -> tutma noktasi (47.3988143, 8.5462083) olarak otelendi (kuzey -0.00, dogu -0.03 m).
2026-09-01 09:35:43,464 [INFO] core.navigation.centering_controller: [MOUNT_TRANSLATE_DONE] MAVI_ALTIGEN: kalan 4.9 cm, sure 0.55 s (yakinsadi).
2026-09-01 09:35:43,464 [WARNING] core.navigation.centering_controller: [LOW_ALT_OPEN_LOOP_DESCENT] MAVI_ALTIGEN: goruntu 0.47m'de kayboldu -- dondurulmus kestirime (47.3988143, 8.5462083, offset=0.0cm @ 0.60m) gore 0.45m'ye alcalmaya devam.
QGC port check failed, reporting UNKNOWN: (pid=27647)
2026-09-01 09:35:43,465 [INFO] core.navigation.centering_controller: [LOW_ALT_OPEN_LOOP_DESCENT] MAVI_ALTIGEN: 0.474m'ye ulasildi (hedef 0.45m).
2026-09-01 09:35:43,465 [INFO] core.navigation.centering_controller: 0.1m ileri hareket ediliyor (0.3 m/s, 0.3s)...
2026-09-01 09:35:43,901 [INFO] core.mission.payload_release: [RELEASE_OFFSET] MAVI_ALTIGEN: {'shape_type': 'MAVI_ALTIGEN', 'altitude_m': 0.486, 'target_visible': False, 'best_known_offset_cm': 0.94, 'best_known_offset_alt_m': 4.988}
2026-09-01 09:35:43,901 [INFO] core.mission.payload_release: [MOUNT_VECTOR_MEASURED] MAVI_ALTIGEN: {'world_dx': -0.0023, 'world_dy': 0.1338, 'gazebo_yaw_deg': 91.45, 'body_forward_m': 0.1339, 'body_right_m': 0.0011} (uygulanan: (0.0, 0.035))
2026-09-01 09:35:43,901 [INFO] gz_system.gz_payload_actuator: Gazebo DetachableJoint tetikleniyor: /payload/detach/red
I0901 09:35:43.901805 13398734 fork_posix.cc:71] Other threads are currently calling into gRPC, skipping fork() handlers
I0901 09:35:43.957428 13398734 fork_posix.cc:71] Other threads are currently calling into gRPC, skipping fork() handlers
I0901 09:35:44.011953 13398734 fork_posix.cc:71] Other threads are currently calling into gRPC, skipping fork() handlers
I0901 09:35:44.057550 13398734 fork_posix.cc:71] Other threads are currently calling into gRPC, skipping fork() handlers
I0901 09:35:44.106755 13398734 fork_posix.cc:71] Other threads are currently calling into gRPC, skipping fork() handlers
2026-09-01 09:35:44,927 [INFO] gz_system.main_gz: Dashboard paint loop: 0.0 FPS (main thread)
2026-09-01 09:35:45,054 [INFO] gz_system.gz_payload_actuator: Yuk ayrildi (red), gecikme 0.000 s.
2026-09-01 09:35:45,054 [INFO] core.mission.payload_release: [PAYLOAD_RELEASED] PAYLOAD 2 RELEASED @0.49m
2026-09-01 09:35:45,103 [INFO] core.detection.vision_runtime: [VISION] detect() calisiyor -- bu karede 1 tespit: ['KIRMIZI_DIKDORTGEN']
QGC port check failed, reporting UNKNOWN: (pid=27647)
2026-09-01 09:35:47,055 [INFO] core.mission.payload_release: [PAYLOAD_FINAL_POSE] MAVI_ALTIGEN: x=3.322 y=93.891 z=0.041 merkeze 7896.1 cm egim 0.1 deg (HEDEF DISINDA)
2026-09-01 09:35:47,056 [INFO] core.mission.payload_release: Doğrulama işareti aranıyor: KIRMIZI_DIKDORTGEN
2026-09-01 09:35:47,056 [INFO] core.mission.payload_release: Yük bırakma DOĞRULANDI: KIRMIZI_DIKDORTGEN tespit edildi.
2026-09-01 09:35:47,056 [INFO] core.navigation.centering_controller: 15.0m irtifasina tirmaniliyor (goruntuden bagimsiz)...
QGC port check failed, reporting UNKNOWN: (pid=27647)
2026-09-01 09:35:48,174 [INFO] core.detection.vision_runtime: [VISION] detect() calisiyor -- bu karede 2 tespit: ['MAVI_ALTIGEN', 'KIRMIZI_DIKDORTGEN']
QGC port check failed, reporting UNKNOWN: (pid=27647)
2026-09-01 09:35:49,947 [INFO] gz_system.main_gz: Dashboard paint loop: 0.0 FPS (main thread)
2026-09-01 09:35:51,209 [INFO] core.detection.vision_runtime: [VISION] detect() calisiyor -- bu karede 1 tespit: ['MAVI_ALTIGEN']
QGC port check failed, reporting UNKNOWN: (pid=27647)
QGC port check failed, reporting UNKNOWN: (pid=27647)
2026-09-01 09:35:54,237 [INFO] core.detection.vision_runtime: [VISION] detect() calisiyor -- bu karede 1 tespit: ['MAVI_ALTIGEN']
2026-09-01 09:35:54,947 [INFO] gz_system.main_gz: Dashboard paint loop: 0.0 FPS (main thread)
QGC port check failed, reporting UNKNOWN: (pid=27647)
2026-09-01 09:35:56,731 [INFO] core.mission.gorev2_fsm: PAYLOAD MISSION 2 basliyor (Kirmizi Ucgen / BLUE payload)
2026-09-01 09:35:56,731 [INFO] core.navigation.centering_controller: Kayitli GPS konumuna gidiliyor: lat=47.3985607, lon=8.5461907, alt=15.0m
2026-09-01 09:35:57,275 [INFO] core.detection.vision_runtime: [VISION] detect() calisiyor -- bu karede 0 tespit: []
QGC port check failed, reporting UNKNOWN: (pid=27647)
QGC port check failed, reporting UNKNOWN: (pid=27647)
2026-09-01 09:35:59,955 [INFO] gz_system.main_gz: Dashboard paint loop: 0.0 FPS (main thread)
2026-09-01 09:36:00,329 [INFO] core.detection.vision_runtime: [VISION] detect() calisiyor -- bu karede 1 tespit: ['KIRMIZI_UCGEN']
2026-09-01 09:36:01,426 [INFO] core.mission.payload_release: Yük bırakma başlatılıyor: KIRMIZI_UCGEN
2026-09-01 09:36:01,426 [INFO] core.navigation.centering_controller: KIRMIZI_UCGEN hedefine merkezleniyor (irtifa hedefi: 10.0m, irtifa bandi +/-0.30m)...
2026-09-01 09:36:01,427 [INFO] core.navigation.centering_controller: [CENTERING] KIRMIZI_UCGEN 1/200 dx=+16px dy=-128px d=3.6m ex=+0.0250 ey=-0.2667 (tol +/-0.010) alt_err=+5.00m -> fwd=+0.15 right=+0.15 down=+0.15 m/s
QGC port check failed, reporting UNKNOWN: (pid=27647)
2026-09-01 09:36:01,972 [INFO] core.navigation.centering_controller: [CENTERING] KIRMIZI_UCGEN 6/200 dx=+15px dy=-49px d=1.4m ex=+0.0234 ey=-0.1021 (tol +/-0.010) alt_err=+4.85m -> fwd=+0.15 right=+0.15 down=+0.90 m/s
2026-09-01 09:36:02,520 [INFO] core.navigation.centering_controller: [CENTERING] KIRMIZI_UCGEN 11/200 dx=+7px dy=-23px d=0.6m ex=+0.0109 ey=-0.0479 (tol +/-0.010) alt_err=+4.35m -> fwd=+0.15 right=+0.15 down=+1.65 m/s
2026-09-01 09:36:03,065 [INFO] core.navigation.centering_controller: [CENTERING] KIRMIZI_UCGEN 16/200 dx=-10px dy=-16px d=0.5m ex=-0.0156 ey=-0.0333 (tol +/-0.010) alt_err=+3.39m -> fwd=+0.15 right=-0.15 down=+1.69 m/s
2026-09-01 09:36:03,393 [INFO] core.detection.vision_runtime: [VISION] detect() calisiyor -- bu karede 1 tespit: ['KIRMIZI_UCGEN']
QGC port check failed, reporting UNKNOWN: (pid=27647)
2026-09-01 09:36:03,613 [INFO] core.navigation.centering_controller: [CENTERING] KIRMIZI_UCGEN 21/200 dx=-14px dy=-9px d=0.4m ex=-0.0219 ey=-0.0187 (tol +/-0.010) alt_err=+2.59m -> fwd=+0.15 right=-0.15 down=+1.30 m/s
2026-09-01 09:36:04,160 [INFO] core.navigation.centering_controller: [CENTERING] KIRMIZI_UCGEN 26/200 dx=+3px dy=+0px d=0.1m ex=+0.0047 ey=+0.0000 (tol +/-0.010) alt_err=+1.82m -> fwd=+0.00 right=+0.00 down=+0.91 m/s
2026-09-01 09:36:04,710 [INFO] core.navigation.centering_controller: [CENTERING] KIRMIZI_UCGEN 31/200 dx=+21px dy=+28px d=0.7m ex=+0.0328 ey=+0.0583 (tol +/-0.010) alt_err=+1.38m -> fwd=-0.15 right=+0.15 down=+0.69 m/s
2026-09-01 09:36:04,976 [INFO] gz_system.main_gz: Dashboard paint loop: 0.0 FPS (main thread)
2026-09-01 09:36:05,257 [INFO] core.navigation.centering_controller: [CENTERING] KIRMIZI_UCGEN 36/200 dx=+8px dy=+23px d=0.5m ex=+0.0125 ey=+0.0479 (tol +/-0.010) alt_err=+0.97m -> fwd=-0.15 right=+0.15 down=+0.48 m/s
QGC port check failed, reporting UNKNOWN: (pid=27647)
2026-09-01 09:36:05,805 [INFO] core.navigation.centering_controller: [CENTERING] KIRMIZI_UCGEN 41/200 dx=-13px dy=+24px d=0.5m ex=-0.0203 ey=+0.0500 (tol +/-0.010) alt_err=+0.73m -> fwd=-0.15 right=-0.15 down=+0.37 m/s
2026-09-01 09:36:06,354 [INFO] core.navigation.centering_controller: [CENTERING] KIRMIZI_UCGEN 46/200 dx=-14px dy=+27px d=0.6m ex=-0.0219 ey=+0.0563 (tol +/-0.010) alt_err=+0.52m -> fwd=-0.15 right=-0.15 down=+0.26 m/s
2026-09-01 09:36:06,462 [INFO] core.detection.vision_runtime: [VISION] detect() calisiyor -- bu karede 1 tespit: ['KIRMIZI_UCGEN']
2026-09-01 09:36:06,904 [INFO] core.navigation.centering_controller: [CENTERING] KIRMIZI_UCGEN 51/200 dx=-3px dy=+31px d=0.6m ex=-0.0047 ey=+0.0646 (tol +/-0.010) alt_err=+0.41m -> fwd=-0.15 right=+0.00 down=+0.20 m/s
2026-09-01 09:36:07,456 [INFO] core.navigation.centering_controller: [CENTERING] KIRMIZI_UCGEN 56/200 dx=+21px dy=+34px d=0.8m ex=+0.0328 ey=+0.0708 (tol +/-0.010) alt_err=+0.30m -> fwd=-0.15 right=+0.15 down=+0.15 m/s
QGC port check failed, reporting UNKNOWN: (pid=27647)
2026-09-01 09:36:08,005 [INFO] core.navigation.centering_controller: [CENTERING] KIRMIZI_UCGEN 61/200 dx=+7px dy=+38px d=0.7m ex=+0.0109 ey=+0.0792 (tol +/-0.010) alt_err=+0.23m -> fwd=-0.15 right=+0.15 down=+0.12 m/s
2026-09-01 09:36:08,555 [INFO] core.navigation.centering_controller: [CENTERING] KIRMIZI_UCGEN 66/200 dx=-13px dy=+40px d=0.8m ex=-0.0203 ey=+0.0833 (tol +/-0.010) alt_err=+0.17m -> fwd=-0.15 right=-0.15 down=+0.09 m/s
2026-09-01 09:36:09,102 [INFO] core.navigation.centering_controller: [CENTERING] KIRMIZI_UCGEN 71/200 dx=-19px dy=+42px d=0.9m ex=-0.0297 ey=+0.0875 (tol +/-0.010) alt_err=+0.13m -> fwd=-0.15 right=-0.15 down=+0.07 m/s
QGC port check failed, reporting UNKNOWN: (pid=27647)
2026-09-01 09:36:09,538 [INFO] core.detection.vision_runtime: [VISION] detect() calisiyor -- bu karede 1 tespit: ['KIRMIZI_UCGEN']
2026-09-01 09:36:09,648 [INFO] core.navigation.centering_controller: [CENTERING] KIRMIZI_UCGEN 76/200 dx=-7px dy=+44px d=0.8m ex=-0.0109 ey=+0.0917 (tol +/-0.010) alt_err=+0.09m -> fwd=-0.15 right=-0.15 down=+0.05 m/s
2026-09-01 09:36:10,002 [INFO] gz_system.main_gz: Dashboard paint loop: 0.0 FPS (main thread)
2026-09-01 09:36:10,197 [INFO] core.navigation.centering_controller: [CENTERING] KIRMIZI_UCGEN 81/200 dx=+13px dy=+43px d=0.8m ex=+0.0203 ey=+0.0896 (tol +/-0.010) alt_err=+0.07m -> fwd=-0.15 right=+0.15 down=+0.04 m/s
2026-09-01 09:36:10,745 [INFO] core.navigation.centering_controller: [CENTERING] KIRMIZI_UCGEN 86/200 dx=+14px dy=+43px d=0.8m ex=+0.0219 ey=+0.0896 (tol +/-0.010) alt_err=+0.06m -> fwd=-0.15 right=+0.15 down=+0.03 m/s
2026-09-01 09:36:11,295 [INFO] core.navigation.centering_controller: [CENTERING] KIRMIZI_UCGEN 91/200 dx=-2px dy=+42px d=0.8m ex=-0.0031 ey=+0.0875 (tol +/-0.010) alt_err=+0.05m -> fwd=-0.15 right=+0.00 down=+0.02 m/s
QGC port check failed, reporting UNKNOWN: (pid=27647)
2026-09-01 09:36:11,842 [INFO] core.navigation.centering_controller: [CENTERING] KIRMIZI_UCGEN 96/200 dx=-21px dy=+42px d=0.9m ex=-0.0328 ey=+0.0875 (tol +/-0.010) alt_err=+0.04m -> fwd=-0.15 right=-0.15 down=+0.02 m/s
2026-09-01 09:36:12,390 [INFO] core.navigation.centering_controller: [CENTERING] KIRMIZI_UCGEN 101/200 dx=-7px dy=+40px d=0.8m ex=-0.0109 ey=+0.0833 (tol +/-0.010) alt_err=+0.04m -> fwd=-0.15 right=-0.15 down=+0.02 m/s
2026-09-01 09:36:12,608 [INFO] core.detection.vision_runtime: [VISION] detect() calisiyor -- bu karede 1 tespit: ['KIRMIZI_UCGEN']
2026-09-01 09:36:12,936 [INFO] core.navigation.centering_controller: [CENTERING] KIRMIZI_UCGEN 106/200 dx=+13px dy=+38px d=0.7m ex=+0.0203 ey=+0.0792 (tol +/-0.010) alt_err=+0.04m -> fwd=-0.15 right=+0.15 down=+0.02 m/s
2026-09-01 09:36:13,483 [INFO] core.navigation.centering_controller: [CENTERING] KIRMIZI_UCGEN 111/200 dx=+16px dy=+34px d=0.7m ex=+0.0250 ey=+0.0708 (tol +/-0.010) alt_err=+0.03m -> fwd=-0.15 right=+0.15 down=+0.02 m/s
QGC port check failed, reporting UNKNOWN: (pid=27647)
2026-09-01 09:36:14,029 [INFO] core.navigation.centering_controller: [CENTERING] KIRMIZI_UCGEN 116/200 dx=+3px dy=+31px d=0.6m ex=+0.0047 ey=+0.0646 (tol +/-0.010) alt_err=+0.02m -> fwd=-0.15 right=+0.00 down=+0.01 m/s
2026-09-01 09:36:14,576 [INFO] core.navigation.centering_controller: [CENTERING] KIRMIZI_UCGEN 121/200 dx=-22px dy=+27px d=0.6m ex=-0.0344 ey=+0.0563 (tol +/-0.010) alt_err=+0.02m -> fwd=-0.15 right=-0.15 down=+0.01 m/s
2026-09-01 09:36:15,004 [INFO] gz_system.main_gz: Dashboard paint loop: 0.0 FPS (main thread)
2026-09-01 09:36:15,124 [INFO] core.navigation.centering_controller: [CENTERING] KIRMIZI_UCGEN 126/200 dx=-9px dy=+24px d=0.5m ex=-0.0141 ey=+0.0500 (tol +/-0.010) alt_err=+0.02m -> fwd=-0.15 right=-0.15 down=+0.01 m/s
QGC port check failed, reporting UNKNOWN: (pid=27647)
2026-09-01 09:36:15,672 [INFO] core.detection.vision_runtime: [VISION] detect() calisiyor -- bu karede 1 tespit: ['KIRMIZI_UCGEN']
2026-09-01 09:36:15,673 [INFO] core.navigation.centering_controller: [CENTERING] KIRMIZI_UCGEN 131/200 dx=+11px dy=+19px d=0.4m ex=+0.0172 ey=+0.0396 (tol +/-0.010) alt_err=+0.01m -> fwd=-0.15 right=+0.15 down=+0.00 m/s
2026-09-01 09:36:16,218 [INFO] core.navigation.centering_controller: [CENTERING] KIRMIZI_UCGEN 136/200 dx=+16px dy=+15px d=0.4m ex=+0.0250 ey=+0.0312 (tol +/-0.010) alt_err=+0.00m -> fwd=-0.15 right=+0.15 down=+0.00 m/s
2026-09-01 09:36:16,765 [INFO] core.navigation.centering_controller: [CENTERING] KIRMIZI_UCGEN 141/200 dx=-3px dy=+10px d=0.2m ex=-0.0047 ey=+0.0208 (tol +/-0.010) alt_err=+0.01m -> fwd=-0.15 right=+0.00 down=+0.00 m/s
2026-09-01 09:36:17,312 [INFO] core.navigation.centering_controller: [CENTERING] KIRMIZI_UCGEN 146/200 dx=-20px dy=+7px d=0.4m ex=-0.0312 ey=+0.0146 (tol +/-0.010) alt_err=+0.01m -> fwd=-0.15 right=-0.15 down=+0.00 m/s
QGC port check failed, reporting UNKNOWN: (pid=27647)
2026-09-01 09:36:17,858 [INFO] core.navigation.centering_controller: Merkezleme tamamlandi. (attempt 151/200, dx=-6px dy=-3px ex=-0.0094 ey=-0.0063 alt_err=+0.00m)
2026-09-01 09:36:17,860 [INFO] core.navigation.centering_controller: KIRMIZI_UCGEN hedefine merkezleniyor (irtifa hedefi: 5.0m, irtifa bandi +/-0.30m)...
2026-09-01 09:36:17,860 [INFO] core.navigation.centering_controller: [CENTERING] KIRMIZI_UCGEN 1/200 dx=-6px dy=-3px d=0.1m ex=-0.0094 ey=-0.0063 (tol +/-0.010) alt_err=+5.00m -> fwd=+0.00 right=+0.00 down=+0.15 m/s
2026-09-01 09:36:18,410 [INFO] core.navigation.centering_controller: [CENTERING] KIRMIZI_UCGEN 6/200 dx=+18px dy=-20px d=0.5m ex=+0.0281 ey=-0.0417 (tol +/-0.010) alt_err=+4.90m -> fwd=+0.15 right=+0.15 down=+0.90 m/s
2026-09-01 09:36:18,736 [INFO] core.detection.vision_runtime: [VISION] detect() calisiyor -- bu karede 1 tespit: ['KIRMIZI_UCGEN']
2026-09-01 09:36:18,957 [INFO] core.navigation.centering_controller: [CENTERING] KIRMIZI_UCGEN 11/200 dx=+12px dy=-7px d=0.2m ex=+0.0187 ey=-0.0146 (tol +/-0.010) alt_err=+4.31m -> fwd=+0.15 right=+0.15 down=+1.65 m/s
2026-09-01 09:36:19,504 [INFO] core.navigation.centering_controller: [CENTERING] KIRMIZI_UCGEN 16/200 dx=-3px dy=+12px d=0.2m ex=-0.0047 ey=+0.0250 (tol +/-0.010) alt_err=+3.53m -> fwd=-0.15 right=+0.00 down=+1.76 m/s
QGC port check failed, reporting UNKNOWN: (pid=27647)
2026-09-01 09:36:20,036 [INFO] gz_system.main_gz: Dashboard paint loop: 0.0 FPS (main thread)
2026-09-01 09:36:20,052 [INFO] core.navigation.centering_controller: [CENTERING] KIRMIZI_UCGEN 21/200 dx=-22px dy=+21px d=0.4m ex=-0.0344 ey=+0.0437 (tol +/-0.010) alt_err=+2.60m -> fwd=-0.15 right=-0.15 down=+1.30 m/s
2026-09-01 09:36:20,601 [INFO] core.navigation.centering_controller: [CENTERING] KIRMIZI_UCGEN 26/200 dx=-8px dy=+9px d=0.2m ex=-0.0125 ey=+0.0187 (tol +/-0.010) alt_err=+1.95m -> fwd=-0.15 right=-0.15 down=+0.97 m/s
2026-09-01 09:36:21,150 [INFO] core.navigation.centering_controller: [CENTERING] KIRMIZI_UCGEN 31/200 dx=+14px dy=-6px d=0.2m ex=+0.0219 ey=-0.0125 (tol +/-0.010) alt_err=+1.39m -> fwd=+0.15 right=+0.15 down=+0.69 m/s
QGC port check failed, reporting UNKNOWN: (pid=27647)
2026-09-01 09:36:21,697 [INFO] core.navigation.centering_controller: [CENTERING] KIRMIZI_UCGEN 36/200 dx=+19px dy=-21px d=0.3m ex=+0.0297 ey=-0.0437 (tol +/-0.010) alt_err=+1.06m -> fwd=+0.15 right=+0.15 down=+0.53 m/s
2026-09-01 09:36:21,805 [INFO] core.detection.vision_runtime: [VISION] detect() calisiyor -- bu karede 1 tespit: ['KIRMIZI_UCGEN']
2026-09-01 09:36:22,247 [INFO] core.navigation.centering_controller: [CENTERING] KIRMIZI_UCGEN 41/200 dx=+6px dy=-6px d=0.1m ex=+0.0094 ey=-0.0125 (tol +/-0.010) alt_err=+0.76m -> fwd=+0.15 right=+0.00 down=+0.38 m/s
2026-09-01 09:36:22,795 [INFO] core.navigation.centering_controller: [CENTERING] KIRMIZI_UCGEN 46/200 dx=-23px dy=+23px d=0.3m ex=-0.0359 ey=+0.0479 (tol +/-0.010) alt_err=+0.59m -> fwd=-0.15 right=-0.15 down=+0.29 m/s
2026-09-01 09:36:23,344 [INFO] core.navigation.centering_controller: [CENTERING] KIRMIZI_UCGEN 51/200 dx=-9px dy=+19px d=0.2m ex=-0.0141 ey=+0.0396 (tol +/-0.010) alt_err=+0.44m -> fwd=-0.15 right=-0.15 down=+0.22 m/s
QGC port check failed, reporting UNKNOWN: (pid=27647)
2026-09-01 09:36:23,890 [INFO] core.navigation.centering_controller: [CENTERING] KIRMIZI_UCGEN 56/200 dx=+15px dy=+5px d=0.2m ex=+0.0234 ey=+0.0104 (tol +/-0.010) alt_err=+0.34m -> fwd=-0.15 right=+0.15 down=+0.17 m/s
2026-09-01 09:36:24,434 [INFO] core.navigation.centering_controller: [CENTERING] KIRMIZI_UCGEN 61/200 dx=+19px dy=-22px d=0.3m ex=+0.0297 ey=-0.0458 (tol +/-0.010) alt_err=+0.24m -> fwd=+0.15 right=+0.15 down=+0.12 m/s
2026-09-01 09:36:24,871 [INFO] core.detection.vision_runtime: [VISION] detect() calisiyor -- bu karede 1 tespit: ['KIRMIZI_UCGEN']
2026-09-01 09:36:24,982 [INFO] core.navigation.centering_controller: [CENTERING] KIRMIZI_UCGEN 66/200 dx=+0px dy=-19px d=0.2m ex=+0.0000 ey=-0.0396 (tol +/-0.010) alt_err=+0.19m -> fwd=+0.15 right=+0.00 down=+0.09 m/s
2026-09-01 09:36:25,044 [INFO] gz_system.main_gz: Dashboard paint loop: 0.0 FPS (main thread)
QGC port check failed, reporting UNKNOWN: (pid=27647)
2026-09-01 09:36:25,529 [INFO] core.navigation.centering_controller: [CENTERING] KIRMIZI_UCGEN 71/200 dx=-24px dy=-5px d=0.2m ex=-0.0375 ey=-0.0104 (tol +/-0.010) alt_err=+0.14m -> fwd=+0.15 right=-0.15 down=+0.07 m/s
2026-09-01 09:36:26,077 [INFO] core.navigation.centering_controller: [CENTERING] KIRMIZI_UCGEN 76/200 dx=-12px dy=+22px d=0.2m ex=-0.0187 ey=+0.0458 (tol +/-0.010) alt_err=+0.12m -> fwd=-0.15 right=-0.15 down=+0.06 m/s
2026-09-01 09:36:26,625 [INFO] core.navigation.centering_controller: [CENTERING] KIRMIZI_UCGEN 81/200 dx=+3px dy=+20px d=0.2m ex=+0.0047 ey=+0.0417 (tol +/-0.010) alt_err=+0.08m -> fwd=-0.15 right=+0.00 down=+0.04 m/s
2026-09-01 09:36:27,171 [INFO] core.navigation.centering_controller: [CENTERING] KIRMIZI_UCGEN 86/200 dx=+23px dy=+7px d=0.2m ex=+0.0359 ey=+0.0146 (tol +/-0.010) alt_err=+0.06m -> fwd=-0.15 right=+0.15 down=+0.03 m/s
QGC port check failed, reporting UNKNOWN: (pid=27647)
2026-09-01 09:36:27,724 [INFO] core.navigation.centering_controller: [CENTERING] KIRMIZI_UCGEN 91/200 dx=+5px dy=-12px d=0.1m ex=+0.0078 ey=-0.0250 (tol +/-0.010) alt_err=+0.04m -> fwd=+0.15 right=+0.00 down=+0.02 m/s
2026-09-01 09:36:27,943 [INFO] core.detection.vision_runtime: [VISION] detect() calisiyor -- bu karede 1 tespit: ['KIRMIZI_UCGEN']
2026-09-01 09:36:28,274 [INFO] core.navigation.centering_controller: [CENTERING] KIRMIZI_UCGEN 96/200 dx=-25px dy=-18px d=0.3m ex=-0.0391 ey=-0.0375 (tol +/-0.010) alt_err=+0.03m -> fwd=+0.15 right=-0.15 down=+0.02 m/s
2026-09-01 09:36:28,820 [INFO] core.navigation.centering_controller: [CENTERING] KIRMIZI_UCGEN 101/200 dx=-11px dy=+1px d=0.1m ex=-0.0172 ey=+0.0021 (tol +/-0.010) alt_err=+0.03m -> fwd=+0.00 right=-0.15 down=+0.01 m/s
2026-09-01 09:36:29,367 [INFO] core.navigation.centering_controller: [CENTERING] KIRMIZI_UCGEN 106/200 dx=+11px dy=+29px d=0.3m ex=+0.0172 ey=+0.0604 (tol +/-0.010) alt_err=+0.03m -> fwd=-0.15 right=+0.15 down=+0.01 m/s
QGC port check failed, reporting UNKNOWN: (pid=27647)
2026-09-01 09:36:29,915 [INFO] core.navigation.centering_controller: [CENTERING] KIRMIZI_UCGEN 111/200 dx=+21px dy=+15px d=0.2m ex=+0.0328 ey=+0.0312 (tol +/-0.010) alt_err=+0.03m -> fwd=-0.15 right=+0.15 down=+0.01 m/s
2026-09-01 09:36:30,079 [INFO] gz_system.main_gz: Dashboard paint loop: 0.0 FPS (main thread)
2026-09-01 09:36:30,461 [INFO] core.navigation.centering_controller: Merkezleme tamamlandi. (attempt 116/200, dx=+4px dy=+3px ex=+0.0063 ey=+0.0063 alt_err=+0.02m)
2026-09-01 09:36:30,462 [INFO] core.navigation.centering_controller: KIRMIZI_UCGEN hedefine merkezleniyor (irtifa hedefi: 0.45m, irtifa bandi +/-0.05m)...
2026-09-01 09:36:30,463 [INFO] core.navigation.centering_controller: [CENTERING] KIRMIZI_UCGEN 1/200 dx=+4px dy=+3px d=0.0m ex=+0.0063 ey=+0.0063 (tol +/-0.010) alt_err=+4.57m -> fwd=+0.00 right=+0.00 down=+0.15 m/s
2026-09-01 09:36:31,012 [INFO] core.detection.vision_runtime: [VISION] detect() calisiyor -- bu karede 1 tespit: ['KIRMIZI_UCGEN']
2026-09-01 09:36:31,013 [INFO] core.navigation.centering_controller: [CENTERING] KIRMIZI_UCGEN 6/200 dx=-24px dy=-26px d=0.3m ex=-0.0375 ey=-0.0542 (tol +/-0.010) alt_err=+4.47m -> fwd=+0.15 right=-0.15 down=+0.90 m/s
QGC port check failed, reporting UNKNOWN: (pid=27647)
2026-09-01 09:36:31,561 [INFO] core.navigation.centering_controller: [CENTERING] KIRMIZI_UCGEN 11/200 dx=-21px dy=-18px d=0.2m ex=-0.0328 ey=-0.0375 (tol +/-0.010) alt_err=+3.88m -> fwd=+0.15 right=-0.15 down=+1.65 m/s
2026-09-01 09:36:32,111 [INFO] core.navigation.centering_controller: [CENTERING] KIRMIZI_UCGEN 16/200 dx=-6px dy=-4px d=0.0m ex=-0.0094 ey=-0.0083 (tol +/-0.010) alt_err=+3.10m -> fwd=+0.00 right=+0.00 down=+1.55 m/s
2026-09-01 09:36:32,657 [INFO] core.navigation.centering_controller: [CENTERING] KIRMIZI_UCGEN 21/200 dx=+25px dy=+30px d=0.2m ex=+0.0391 ey=+0.0625 (tol +/-0.010) alt_err=+2.22m -> fwd=-0.12 right=+0.15 down=+1.11 m/s
2026-09-01 09:36:33,206 [INFO] core.navigation.centering_controller: [CENTERING] KIRMIZI_UCGEN 26/200 dx=+20px dy=+19px d=0.1m ex=+0.0312 ey=+0.0396 (tol +/-0.010) alt_err=+1.67m -> fwd=-0.09 right=+0.13 down=+0.83 m/s
QGC port check failed, reporting UNKNOWN: (pid=27647)
2026-09-01 09:36:33,754 [INFO] core.navigation.centering_controller: [CENTERING] KIRMIZI_UCGEN 31/200 dx=-4px dy=+46px d=0.1m ex=-0.0063 ey=+0.0969 (tol +/-0.010) alt_err=+1.19m -> fwd=-0.15 right=+0.00 down=+0.60 m/s
2026-09-01 09:36:34,081 [INFO] core.detection.vision_runtime: [VISION] detect() calisiyor -- bu karede 1 tespit: ['KIRMIZI_UCGEN']
2026-09-01 09:36:34,301 [INFO] core.navigation.centering_controller: [CENTERING] KIRMIZI_UCGEN 36/200 dx=-35px dy=+29px d=0.1m ex=-0.0547 ey=+0.0604 (tol +/-0.010) alt_err=+0.92m -> fwd=-0.09 right=-0.08 down=+0.46 m/s
2026-09-01 09:36:34,847 [INFO] core.navigation.centering_controller: [CENTERING] KIRMIZI_UCGEN 41/200 dx=-23px dy=-2px d=0.0m ex=-0.0359 ey=-0.0031 (tol +/-0.010) alt_err=+0.67m -> fwd=+0.00 right=-0.07 down=+0.33 m/s
2026-09-01 09:36:35,102 [INFO] gz_system.main_gz: Dashboard paint loop: 0.0 FPS (main thread)
2026-09-01 09:36:35,398 [INFO] core.navigation.centering_controller: [CENTERING] KIRMIZI_UCGEN 46/200 dx=-5px dy=-24px d=0.0m ex=-0.0078 ey=-0.0510 (tol +/-0.010) alt_err=+0.52m -> fwd=+0.08 right=+0.00 down=+0.26 m/s
QGC port check failed, reporting UNKNOWN: (pid=27647)
2026-09-01 09:36:35,946 [INFO] core.navigation.centering_controller: [CENTERING] KIRMIZI_UCGEN 51/200 dx=+23px dy=-16px d=0.0m ex=+0.0359 ey=-0.0333 (tol +/-0.010) alt_err=+0.39m -> fwd=+0.05 right=+0.05 down=+0.19 m/s
2026-09-01 09:36:36,501 [INFO] core.navigation.centering_controller: [CENTERING] KIRMIZI_UCGEN 56/200 dx=+18px dy=+10px d=0.0m ex=+0.0273 ey=+0.0219 (tol +/-0.010) alt_err=+0.31m -> fwd=-0.03 right=+0.04 down=+0.15 m/s
2026-09-01 09:36:37,052 [INFO] core.navigation.centering_controller: [CENTERING] KIRMIZI_UCGEN 61/200 dx=+5px dy=+24px d=0.0m ex=+0.0078 ey=+0.0490 (tol +/-0.010) alt_err=+0.24m -> fwd=-0.07 right=+0.00 down=+0.12 m/s
2026-09-01 09:36:37,160 [INFO] core.detection.vision_runtime: [VISION] detect() calisiyor -- bu karede 1 tespit: ['KIRMIZI_UCGEN']
QGC port check failed, reporting UNKNOWN: (pid=27647)
2026-09-01 09:36:37,599 [INFO] core.navigation.centering_controller: [CENTERING] KIRMIZI_UCGEN 66/200 dx=-6px dy=+4px d=0.0m ex=-0.0094 ey=+0.0073 (tol +/-0.010) alt_err=+0.19m -> fwd=+0.00 right=+0.00 down=+0.10 m/s
2026-09-01 09:36:38,148 [INFO] core.navigation.centering_controller: [CENTERING] KIRMIZI_UCGEN 71/200 dx=-6px dy=-25px d=0.0m ex=-0.0086 ey=-0.0521 (tol +/-0.010) alt_err=+0.14m -> fwd=+0.08 right=+0.00 down=+0.07 m/s
2026-09-01 09:36:38,699 [INFO] core.navigation.centering_controller: [CENTERING] KIRMIZI_UCGEN 76/200 dx=-11px dy=-14px d=0.0m ex=-0.0172 ey=-0.0281 (tol +/-0.010) alt_err=+0.11m -> fwd=+0.04 right=-0.03 down=+0.05 m/s
2026-09-01 09:36:39,252 [INFO] core.navigation.centering_controller: [CENTERING] KIRMIZI_UCGEN 81/200 dx=+0px dy=+35px d=0.0m ex=+0.0008 ey=+0.0729 (tol +/-0.010) alt_err=+0.08m -> fwd=-0.11 right=+0.00 down=+0.04 m/s
QGC port check failed, reporting UNKNOWN: (pid=27647)
2026-09-01 09:36:39,810 [INFO] core.navigation.centering_controller: [CENTERING] KIRMIZI_UCGEN 86/200 dx=+20px dy=+46px d=0.0m ex=+0.0305 ey=+0.0948 (tol +/-0.010) alt_err=+0.08m -> fwd=-0.14 right=+0.05 down=+0.04 m/s
2026-09-01 09:36:40,107 [INFO] gz_system.main_gz: Dashboard paint loop: 0.0 FPS (main thread)
2026-09-01 09:36:40,250 [INFO] core.detection.vision_runtime: [VISION] detect() calisiyor -- bu karede 1 tespit: ['KIRMIZI_UCGEN']
2026-09-01 09:36:40,361 [INFO] core.navigation.centering_controller: [CENTERING] KIRMIZI_UCGEN 91/200 dx=+6px dy=-34px d=0.0m ex=+0.0086 ey=-0.0708 (tol +/-0.010) alt_err=+0.07m -> fwd=+0.11 right=+0.00 down=+0.03 m/s
2026-09-01 09:36:40,914 [INFO] core.navigation.centering_controller: [CENTERING] KIRMIZI_UCGEN 96/200 dx=-30px dy=-63px d=0.1m ex=-0.0461 ey=-0.1313 (tol +/-0.010) alt_err=+0.06m -> fwd=+0.20 right=-0.07 down=+0.03 m/s
2026-09-01 09:36:41,466 [INFO] core.navigation.centering_controller: [CENTERING] KIRMIZI_UCGEN 101/200 dx=-26px dy=-5px d=0.0m ex=-0.0406 ey=-0.0104 (tol +/-0.010) alt_err=+0.04m -> fwd=+0.02 right=-0.06 down=+0.02 m/s
QGC port check failed, reporting UNKNOWN: (pid=27647)
2026-09-01 09:36:42,017 [INFO] core.navigation.centering_controller: [CENTERING] KIRMIZI_UCGEN 106/200 dx=+24px dy=+56px d=0.1m ex=+0.0383 ey=+0.1167 (tol +/-0.010) alt_err=+0.02m -> fwd=-0.17 right=+0.06 down=+0.01 m/s
2026-09-01 09:36:42,565 [INFO] core.navigation.centering_controller: [CENTERING] KIRMIZI_UCGEN 111/200 dx=+57px dy=+34px d=0.1m ex=+0.0891 ey=+0.0698 (tol +/-0.010) alt_err=+0.01m -> fwd=-0.10 right=+0.13 down=+0.01 m/s
2026-09-01 09:36:43,116 [INFO] core.navigation.centering_controller: [CENTERING] KIRMIZI_UCGEN 116/200 dx=-3px dy=-15px d=0.0m ex=-0.0047 ey=-0.0312 (tol +/-0.010) alt_err=+0.01m -> fwd=+0.05 right=+0.00 down=+0.01 m/s
2026-09-01 09:36:43,333 [INFO] core.detection.vision_runtime: [VISION] detect() calisiyor -- bu karede 1 tespit: ['KIRMIZI_UCGEN']
QGC port check failed, reporting UNKNOWN: (pid=27647)
2026-09-01 09:36:43,664 [INFO] core.navigation.centering_controller: [CENTERING] KIRMIZI_UCGEN 121/200 dx=-81px dy=-31px d=0.1m ex=-0.1266 ey=-0.0646 (tol +/-0.010) alt_err=+0.00m -> fwd=+0.10 right=-0.19 down=+0.00 m/s
2026-09-01 09:36:44,214 [INFO] core.navigation.centering_controller: [CENTERING] KIRMIZI_UCGEN 126/200 dx=-38px dy=-10px d=0.0m ex=-0.0602 ey=-0.0198 (tol +/-0.010) alt_err=+0.01m -> fwd=+0.03 right=-0.09 down=+0.00 m/s
2026-09-01 09:36:44,433 [INFO] core.navigation.centering_controller: Merkezleme tamamlandi. (attempt 128/200, dx=+6px dy=+0px ex=+0.0094 ey=+0.0000 alt_err=+0.00m)
2026-09-01 09:36:44,433 [INFO] core.navigation.centering_controller: [AIM_OFFSET_APPLIED] KIRMIZI_UCGEN: montaj (ileri=0.00, sag=-0.04) m, yon=0.8 deg -> tutma noktasi (47.3985597, 8.5461898) olarak otelendi (kuzey -0.00, dogu +0.03 m).
2026-09-01 09:36:45,139 [INFO] gz_system.main_gz: Dashboard paint loop: 0.0 FPS (main thread)
2026-09-01 09:36:45,422 [INFO] core.navigation.centering_controller: [MOUNT_TRANSLATE_DONE] KIRMIZI_UCGEN: kalan 4.9 cm, sure 0.99 s (yakinsadi).
2026-09-01 09:36:45,422 [WARNING] core.navigation.centering_controller: [LOW_ALT_OPEN_LOOP_DESCENT] KIRMIZI_UCGEN: goruntu 0.45m'de kayboldu -- dondurulmus kestirime (47.3985597, 8.5461898, offset=0.5cm @ 0.45m) gore 0.45m'ye alcalmaya devam.
2026-09-01 09:36:45,422 [INFO] core.navigation.centering_controller: [LOW_ALT_OPEN_LOOP_DESCENT] KIRMIZI_UCGEN: 0.446m'ye ulasildi (hedef 0.45m).
2026-09-01 09:36:45,422 [INFO] core.navigation.centering_controller: 0.1m ileri hareket ediliyor (0.3 m/s, 0.3s)...
QGC port check failed, reporting UNKNOWN: (pid=27647)
2026-09-01 09:36:45,860 [INFO] core.mission.payload_release: [RELEASE_OFFSET] KIRMIZI_UCGEN: {'shape_type': 'KIRMIZI_UCGEN', 'altitude_m': 0.442, 'target_visible': True, 'best_known_offset_cm': 12.82, 'best_known_offset_alt_m': 0.446, 'dx_cm': -0.67, 'dy_cm': -5.57, 'offset_cm': 5.61}
2026-09-01 09:36:45,861 [INFO] core.mission.payload_release: [MOUNT_VECTOR_MEASURED] KIRMIZI_UCGEN: {'world_dx': -0.0356, 'world_dy': 0.0009, 'gazebo_yaw_deg': 89.81, 'body_forward_m': 0.0008, 'body_right_m': -0.0356} (uygulanan: (0.0, -0.035))
2026-09-01 09:36:45,861 [INFO] gz_system.gz_payload_actuator: Gazebo DetachableJoint tetikleniyor: /payload/detach/blue
I0901 09:36:45.861902 13398734 fork_posix.cc:71] Other threads are currently calling into gRPC, skipping fork() handlers
I0901 09:36:45.916845 13398734 fork_posix.cc:71] Other threads are currently calling into gRPC, skipping fork() handlers
I0901 09:36:45.982938 13398734 fork_posix.cc:71] Other threads are currently calling into gRPC, skipping fork() handlers
I0901 09:36:46.019122 13398734 fork_posix.cc:71] Other threads are currently calling into gRPC, skipping fork() handlers
I0901 09:36:46.068300 13398734 fork_posix.cc:71] Other threads are currently calling into gRPC, skipping fork() handlers
2026-09-01 09:36:46,443 [INFO] core.detection.vision_runtime: [VISION] detect() calisiyor -- bu karede 1 tespit: ['KIRMIZI_UCGEN']
2026-09-01 09:36:47,148 [INFO] gz_system.gz_payload_actuator: Yuk ayrildi (blue), gecikme 1.288 s.
2026-09-01 09:36:47,148 [INFO] core.mission.payload_release: [PAYLOAD_RELEASED] PAYLOAD 3 RELEASED @0.44m
QGC port check failed, reporting UNKNOWN: (pid=27647)
2026-09-01 09:36:49,149 [INFO] core.mission.payload_release: [PAYLOAD_FINAL_POSE] KIRMIZI_UCGEN: x=1.919 y=65.652 z=0.033 merkeze 2572.4 cm egim 0.0 deg (HEDEF DISINDA)
2026-09-01 09:36:49,149 [INFO] core.mission.payload_release: Doğrulama işareti aranıyor: MAVI_DIKDORTGEN
2026-09-01 09:36:49,149 [INFO] core.mission.payload_release: Yük bırakma DOĞRULANDI: MAVI_DIKDORTGEN tespit edildi.
2026-09-01 09:36:49,149 [INFO] core.navigation.centering_controller: 1.5m irtifasina tirmaniliyor (goruntuden bagimsiz)...
2026-09-01 09:36:49,548 [INFO] core.detection.vision_runtime: [VISION] detect() calisiyor -- bu karede 2 tespit: ['KIRMIZI_UCGEN', 'MAVI_DIKDORTGEN']
QGC port check failed, reporting UNKNOWN: (pid=27647)
2026-09-01 09:36:50,155 [INFO] gz_system.main_gz: Dashboard paint loop: 0.0 FPS (main thread)
2026-09-01 09:36:51,324 [INFO] core.mission.gorev2_orchestrator: Gorev 2 tamamlandi (Payload Mission 1 + 2 basariyla calisti).
2026-09-01 09:36:51,324 [INFO] core.mission.master_fsm: Görev 2 akışı bitti, doğrudan Görev 3'e geçiliyor...
2026-09-01 09:36:51,324 [INFO] core.mission.gorev3_pickup: Görev 3 Faz 1 (Alma) Başlatıldı.
2026-09-01 09:36:51,324 [INFO] core.mission.gorev3_pickup: Mavi Altıgen konumuna 1.5m irtifada gidiliyor: 47.3988142, 8.546206699999999
2026-09-01 09:36:51,324 [INFO] core.navigation.centering_controller: Kayitli GPS konumuna gidiliyor: lat=47.3988142, lon=8.546206699999999, alt=1.5m
QGC port check failed, reporting UNKNOWN: (pid=27647)
2026-09-01 09:36:52,555 [INFO] core.detection.vision_runtime: [VISION] detect() calisiyor -- bu karede 0 tespit: []
QGC port check failed, reporting UNKNOWN: (pid=27647)
2026-09-01 09:36:55,172 [INFO] gz_system.main_gz: Dashboard paint loop: 0.0 FPS (main thread)
QGC port check failed, reporting UNKNOWN: (pid=27647)
2026-09-01 09:36:55,622 [INFO] core.detection.vision_runtime: [VISION] detect() calisiyor -- bu karede 0 tespit: []
2026-09-01 09:36:56,061 [INFO] core.mission.gorev3_pickup: Kırmızı Dikdörtgenin uzun kenarına dik hizalanılıyor: 0.9 -> 0.9 derece
QGC port check failed, reporting UNKNOWN: (pid=27647)
2026-09-01 09:36:58,150 [INFO] core.mission.gorev3_pickup: 1.2m irtifada (gorus dostu) hedefe ortalanıyor...
2026-09-01 09:36:58,150 [INFO] core.navigation.centering_controller: KIRMIZI_DIKDORTGEN hedefine merkezleniyor (irtifa hedefi: 1.2m, irtifa bandi +/-0.30m)...
2026-09-01 09:36:58,151 [INFO] core.navigation.centering_controller: [CENTERING] KIRMIZI_DIKDORTGEN 1/200 dx=+12px dy=+103px d=0.3m ex=+0.0187 ey=+0.2146 (tol +/-0.010) alt_err=+0.34m -> fwd=-0.15 right=+0.09 down=+0.15 m/s
2026-09-01 09:36:58,700 [INFO] core.detection.vision_runtime: [VISION] detect() calisiyor -- bu karede 2 tespit: ['MAVI_ALTIGEN', 'KIRMIZI_DIKDORTGEN']
2026-09-01 09:36:58,701 [INFO] core.navigation.centering_controller: [CENTERING] KIRMIZI_DIKDORTGEN 6/200 dx=+10px dy=+110px d=0.3m ex=+0.0156 ey=+0.2292 (tol +/-0.010) alt_err=+0.27m -> fwd=-0.34 right=+0.09 down=+0.14 m/s
2026-09-01 09:36:59,250 [INFO] core.navigation.centering_controller: [CENTERING] KIRMIZI_DIKDORTGEN 11/200 dx=-15px dy=-8px d=0.0m ex=-0.0234 ey=-0.0167 (tol +/-0.010) alt_err=+0.19m -> fwd=+0.06 right=-0.08 down=+0.10 m/s
QGC port check failed, reporting UNKNOWN: (pid=27647)
2026-09-01 09:36:59,801 [INFO] core.navigation.centering_controller: [CENTERING] KIRMIZI_DIKDORTGEN 16/200 dx=-26px dy=-143px d=0.4m ex=-0.0406 ey=-0.2979 (tol +/-0.010) alt_err=+0.14m -> fwd=+0.45 right=-0.08 down=+0.07 m/s
2026-09-01 09:37:00,186 [INFO] gz_system.main_gz: Dashboard paint loop: 0.0 FPS (main thread)
2026-09-01 09:37:00,351 [INFO] core.navigation.centering_controller: [CENTERING] KIRMIZI_DIKDORTGEN 21/200 dx=-7px dy=-190px d=0.5m ex=-0.0109 ey=-0.3958 (tol +/-0.010) alt_err=+0.10m -> fwd=+0.59 right=-0.08 down=+0.05 m/s
2026-09-01 09:37:00,900 [INFO] core.navigation.centering_controller: [CENTERING] KIRMIZI_DIKDORTGEN 26/200 dx=+22px dy=-134px d=0.3m ex=+0.0344 ey=-0.2792 (tol +/-0.010) alt_err=+0.06m -> fwd=+0.42 right=+0.07 down=+0.03 m/s
2026-09-01 09:37:01,450 [INFO] core.navigation.centering_controller: [CENTERING] KIRMIZI_DIKDORTGEN 31/200 dx=+21px dy=-62px d=0.2m ex=+0.0328 ey=-0.1292 (tol +/-0.010) alt_err=+0.05m -> fwd=+0.19 right=+0.07 down=+0.02 m/s
QGC port check failed, reporting UNKNOWN: (pid=27647)
2026-09-01 09:37:01,777 [INFO] core.detection.vision_runtime: [VISION] detect() calisiyor -- bu karede 2 tespit: ['MAVI_ALTIGEN', 'KIRMIZI_DIKDORTGEN']
2026-09-01 09:37:01,999 [INFO] core.navigation.centering_controller: [CENTERING] KIRMIZI_DIKDORTGEN 36/200 dx=+4px dy=-37px d=0.1m ex=+0.0063 ey=-0.0771 (tol +/-0.010) alt_err=+0.02m -> fwd=+0.12 right=+0.00 down=+0.01 m/s
2026-09-01 09:37:02,548 [INFO] core.navigation.centering_controller: [CENTERING] KIRMIZI_DIKDORTGEN 41/200 dx=-18px dy=-62px d=0.1m ex=-0.0281 ey=-0.1292 (tol +/-0.010) alt_err=+0.01m -> fwd=+0.19 right=-0.07 down=+0.01 m/s
2026-09-01 09:37:03,100 [INFO] core.navigation.centering_controller: [CENTERING] KIRMIZI_DIKDORTGEN 46/200 dx=-10px dy=-87px d=0.2m ex=-0.0156 ey=-0.1812 (tol +/-0.010) alt_err=+0.01m -> fwd=+0.27 right=-0.07 down=+0.00 m/s
QGC port check failed, reporting UNKNOWN: (pid=27647)
2026-09-01 09:37:03,649 [INFO] core.navigation.centering_controller: [CENTERING] KIRMIZI_DIKDORTGEN 51/200 dx=+21px dy=-83px d=0.2m ex=+0.0328 ey=-0.1729 (tol +/-0.010) alt_err=+0.00m -> fwd=+0.26 right=+0.07 down=+0.00 m/s
2026-09-01 09:37:04,197 [INFO] core.navigation.centering_controller: [CENTERING] KIRMIZI_DIKDORTGEN 56/200 dx=+23px dy=-54px d=0.1m ex=+0.0359 ey=-0.1125 (tol +/-0.010) alt_err=-0.00m -> fwd=+0.17 right=+0.07 down=-0.00 m/s
2026-09-01 09:37:04,745 [INFO] core.navigation.centering_controller: [CENTERING] KIRMIZI_DIKDORTGEN 61/200 dx=+8px dy=-30px d=0.1m ex=+0.0125 ey=-0.0625 (tol +/-0.010) alt_err=+0.00m -> fwd=+0.09 right=+0.07 down=+0.00 m/s
2026-09-01 09:37:04,852 [INFO] core.detection.vision_runtime: [VISION] detect() calisiyor -- bu karede 2 tespit: ['MAVI_ALTIGEN', 'KIRMIZI_DIKDORTGEN']
2026-09-01 09:37:05,212 [INFO] gz_system.main_gz: Dashboard paint loop: 0.0 FPS (main thread)
2026-09-01 09:37:05,294 [INFO] core.navigation.centering_controller: [CENTERING] KIRMIZI_DIKDORTGEN 66/200 dx=-12px dy=-22px d=0.1m ex=-0.0187 ey=-0.0458 (tol +/-0.010) alt_err=+0.01m -> fwd=+0.07 right=-0.07 down=+0.00 m/s
QGC port check failed, reporting UNKNOWN: (pid=34005)
2026-09-01 09:37:05,845 [INFO] core.navigation.centering_controller: [CENTERING] KIRMIZI_DIKDORTGEN 71/200 dx=-12px dy=-27px d=0.1m ex=-0.0187 ey=-0.0563 (tol +/-0.010) alt_err=+0.01m -> fwd=+0.08 right=-0.07 down=+0.00 m/s
2026-09-01 09:37:06,394 [INFO] core.navigation.centering_controller: [CENTERING] KIRMIZI_DIKDORTGEN 76/200 dx=+10px dy=-30px d=0.1m ex=+0.0156 ey=-0.0625 (tol +/-0.010) alt_err=+0.00m -> fwd=+0.09 right=+0.07 down=+0.00 m/s
2026-09-01 09:37:06,944 [INFO] core.navigation.centering_controller: [CENTERING] KIRMIZI_DIKDORTGEN 81/200 dx=+20px dy=-27px d=0.1m ex=+0.0312 ey=-0.0563 (tol +/-0.010) alt_err=-0.00m -> fwd=+0.08 right=+0.07 down=-0.00 m/s
2026-09-01 09:37:07,494 [INFO] core.navigation.centering_controller: [CENTERING] KIRMIZI_DIKDORTGEN 86/200 dx=+1px dy=-19px d=0.0m ex=+0.0016 ey=-0.0396 (tol +/-0.010) alt_err=-0.01m -> fwd=+0.06 right=+0.00 down=-0.00 m/s
QGC port check failed, reporting UNKNOWN: (pid=34005)
2026-09-01 09:37:07,933 [INFO] core.detection.vision_runtime: [VISION] detect() calisiyor -- bu karede 2 tespit: ['MAVI_ALTIGEN', 'KIRMIZI_DIKDORTGEN']
2026-09-01 09:37:08,045 [INFO] core.navigation.centering_controller: [CENTERING] KIRMIZI_DIKDORTGEN 91/200 dx=-20px dy=-12px d=0.1m ex=-0.0312 ey=-0.0250 (tol +/-0.010) alt_err=-0.01m -> fwd=+0.05 right=-0.07 down=-0.00 m/s
2026-09-01 09:37:08,597 [INFO] core.navigation.centering_controller: [CENTERING] KIRMIZI_DIKDORTGEN 96/200 dx=-8px dy=-8px d=0.0m ex=-0.0125 ey=-0.0167 (tol +/-0.010) alt_err=+0.00m -> fwd=+0.05 right=-0.07 down=+0.00 m/s
2026-09-01 09:37:09,146 [INFO] core.navigation.centering_controller: [CENTERING] KIRMIZI_DIKDORTGEN 101/200 dx=+20px dy=-9px d=0.0m ex=+0.0312 ey=-0.0187 (tol +/-0.010) alt_err=+0.00m -> fwd=+0.05 right=+0.07 down=+0.00 m/s
QGC port check failed, reporting UNKNOWN: (pid=34018)
2026-09-01 09:37:09,695 [INFO] core.navigation.centering_controller: [CENTERING] KIRMIZI_DIKDORTGEN 106/200 dx=+18px dy=-9px d=0.0m ex=+0.0281 ey=-0.0187 (tol +/-0.010) alt_err=-0.01m -> fwd=+0.05 right=+0.07 down=-0.00 m/s
2026-09-01 09:37:10,232 [INFO] gz_system.main_gz: Dashboard paint loop: 0.0 FPS (main thread)
2026-09-01 09:37:10,243 [INFO] core.navigation.centering_controller: [CENTERING] KIRMIZI_DIKDORTGEN 111/200 dx=+2px dy=-9px d=0.0m ex=+0.0031 ey=-0.0187 (tol +/-0.010) alt_err=-0.01m -> fwd=+0.05 right=+0.00 down=-0.01 m/s
2026-09-01 09:37:10,793 [INFO] core.navigation.centering_controller: [CENTERING] KIRMIZI_DIKDORTGEN 116/200 dx=-15px dy=-4px d=0.0m ex=-0.0234 ey=-0.0083 (tol +/-0.010) alt_err=+0.00m -> fwd=+0.00 right=-0.07 down=+0.00 m/s
2026-09-01 09:37:11,012 [INFO] core.detection.vision_runtime: [VISION] detect() calisiyor -- bu karede 2 tespit: ['MAVI_ALTIGEN', 'KIRMIZI_DIKDORTGEN']
2026-09-01 09:37:11,234 [INFO] core.navigation.centering_controller: Merkezleme tamamlandi. (attempt 120/200, dx=-4px dy=+4px ex=-0.0063 ey=+0.0083 alt_err=+0.01m)
2026-09-01 09:37:11,453 [INFO] core.mission.gorev3_pickup: Kanca hedefin uzerine getiriliyor (govde +0.175m ileri)...
QGC port check failed, reporting UNKNOWN: (pid=34018)
QGC port check failed, reporting UNKNOWN: (pid=34018)
2026-09-01 09:37:14,093 [INFO] core.detection.vision_runtime: [VISION] detect() calisiyor -- bu karede 2 tespit: ['MAVI_ALTIGEN', 'KIRMIZI_DIKDORTGEN']
2026-09-01 09:37:15,256 [INFO] gz_system.main_gz: Dashboard paint loop: 0.0 FPS (main thread)
2026-09-01 09:37:15,519 [INFO] core.mission.gorev3_pickup: 0.9m hizalama irtifasina dikey iniliyor...
QGC port check failed, reporting UNKNOWN: (pid=34018)
2026-09-01 09:37:17,171 [INFO] core.detection.vision_runtime: [VISION] detect() calisiyor -- bu karede 2 tespit: ['MAVI_ALTIGEN', 'KIRMIZI_DIKDORTGEN']
QGC port check failed, reporting UNKNOWN: (pid=34018)
QGC port check failed, reporting UNKNOWN: (pid=34018)
2026-09-01 09:37:20,250 [INFO] core.detection.vision_runtime: [VISION] detect() calisiyor -- bu karede 2 tespit: ['MAVI_ALTIGEN', 'KIRMIZI_DIKDORTGEN']
2026-09-01 09:37:20,275 [INFO] gz_system.main_gz: Dashboard paint loop: 0.0 FPS (main thread)
2026-09-01 09:37:20,579 [INFO] core.mission.gorev3_pickup: [HIZA_KALIBRASYON] goruntu=3.1 cm  gercek=2.6 cm  irtifa=0.94 m
2026-09-01 09:37:20,579 [INFO] core.mission.gorev3_pickup: [GORUNTU] kanca yukun ortasinda: sapma 3.1 cm (tol 5 cm).
QGC port check failed, reporting UNKNOWN: (pid=34018)
2026-09-01 09:37:22,683 [INFO] core.mission.visual_alignment: [GORSEL_HIZA_TANI] it=1 alt_m=0.941 focal_px=539.94 depth_img_m=0.9422 depth_tel_m=0.921 depth_used_m=0.9422 depth_src=image u=635.62 v=584.35 radius_px=13.32 long_px=82.38 conf=1.0 method=payload-topface-deshadow yaw_deg=0.92 body_fwd_m=-0.0971 body_right_m=-0.0076 hook_off_n=-0.0897 hook_off_e=-0.001 err_raw_m=0.011 truth_lateral_m=0.0084
2026-09-01 09:37:22,809 [INFO] core.mission.visual_alignment: [GORSEL_HIZA_TANI] it=2 alt_m=0.939 focal_px=539.94 depth_img_m=0.9582 depth_tel_m=0.919 depth_used_m=0.9582 depth_src=image u=638.44 v=587.5 radius_px=13.1 long_px=81.02 conf=0.997 method=payload-topface-deshadow yaw_deg=0.92 body_fwd_m=-0.1058 body_right_m=-0.0028 hook_off_n=-0.0897 hook_off_e=-0.0011 err_raw_m=0.0164 truth_lateral_m=0.0112
2026-09-01 09:37:22,936 [INFO] core.mission.visual_alignment: [GORSEL_HIZA_TANI] it=3 alt_m=0.938 focal_px=539.94 depth_img_m=0.9495 depth_tel_m=0.918 depth_used_m=0.9495 depth_src=image u=641.09 v=590.88 radius_px=13.22 long_px=81.75 conf=0.999 method=payload-topface-deshadow yaw_deg=0.92 body_fwd_m=-0.11 body_right_m=0.0019 hook_off_n=-0.0898 hook_off_e=-0.0012 err_raw_m=0.0203 truth_lateral_m=0.0159
2026-09-01 09:37:23,328 [INFO] core.detection.vision_runtime: [VISION] detect() calisiyor -- bu karede 2 tespit: ['MAVI_ALTIGEN', 'KIRMIZI_DIKDORTGEN']
QGC port check failed, reporting UNKNOWN: (pid=34018)
2026-09-01 09:37:24,216 [INFO] core.mission.visual_alignment: [GORSEL_HIZA_TANI] it=4 alt_m=0.926 focal_px=539.94 depth_img_m=0.9363 depth_tel_m=0.906 depth_used_m=0.9363 depth_src=image u=661.18 v=613.41 radius_px=13.41 long_px=82.89 conf=1.0 method=payload-topface-deshadow yaw_deg=0.94 body_fwd_m=-0.1463 body_right_m=0.0367 hook_off_n=-0.0903 hook_off_e=-0.0008 err_raw_m=0.0667 truth_lateral_m=0.0579
2026-09-01 09:37:25,292 [INFO] gz_system.main_gz: Dashboard paint loop: 0.0 FPS (main thread)
2026-09-01 09:37:25,531 [INFO] core.mission.visual_alignment: [GORSEL_HIZA_TANI] it=5 alt_m=0.943 focal_px=539.94 depth_img_m=0.9388 depth_tel_m=0.923 depth_used_m=0.9388 depth_src=image u=656.66 v=600.71 radius_px=13.37 long_px=82.67 conf=1.0 method=payload-topface-deshadow yaw_deg=0.93 body_fwd_m=-0.1249 body_right_m=0.029 hook_off_n=-0.0899 hook_off_e=-0.0006 err_raw_m=0.0449 truth_lateral_m=0.0396
QGC port check failed, reporting UNKNOWN: (pid=34018)
2026-09-01 09:37:26,402 [INFO] core.detection.vision_runtime: [VISION] detect() calisiyor -- bu karede 2 tespit: ['MAVI_ALTIGEN', 'KIRMIZI_DIKDORTGEN']
2026-09-01 09:37:26,737 [INFO] core.mission.visual_alignment: [GORSEL_HIZA_TANI] it=6 alt_m=0.932 focal_px=539.94 depth_img_m=0.9313 depth_tel_m=0.912 depth_used_m=0.9313 depth_src=image u=647.59 v=577.84 radius_px=13.48 long_px=83.32 conf=0.999 method=payload-topface-deshadow yaw_deg=0.93 body_fwd_m=-0.0838 body_right_m=0.0131 hook_off_n=-0.0901 hook_off_e=-0.0009 err_raw_m=0.014 truth_lateral_m=0.0178
QGC port check failed, reporting UNKNOWN: (pid=34018)
2026-09-01 09:37:27,945 [INFO] core.mission.visual_alignment: [GORSEL_HIZA_TANI] it=7 alt_m=0.941 focal_px=539.94 depth_img_m=0.9291 depth_tel_m=0.921 depth_used_m=0.9291 depth_src=image u=652.1 v=570.84 radius_px=13.51 long_px=83.52 conf=1.0 method=payload-topface-deshadow yaw_deg=0.92 body_fwd_m=-0.0713 body_right_m=0.0208 hook_off_n=-0.09 hook_off_e=-0.0007 err_raw_m=0.0275 truth_lateral_m=0.0314
2026-09-01 09:37:27,945 [INFO] core.mission.visual_alignment: [GORSEL_HIZA] yakinsadi: 20.3 mm, 7 iterasyon, 7 tespit, 0.077 m hareket
2026-09-01 09:37:27,945 [INFO] core.mission.gorev3_pickup: [GORSEL_HIZA] converged: son hata=20.3 mm, 7 iterasyon, 7 tespit, 0.077 m hareket
2026-09-01 09:37:27,945 [INFO] core.mission.gorev3_pickup: [GORSEL_HIZA] yuva GORUNTUDEN olculdu: NED=(118.934, 3.338)
2026-09-01 09:37:27,945 [INFO] core.mission.gorev3_pickup: Vinc salinacak (hedef irtifa 0.30 m icin) -- ARAC HALA 0.94 m'de, kanca serbest asili kalacak.
2026-09-01 09:37:27,945 [INFO] gz_system.gz_payload_actuator: [HOOK] vinc salimi: 0.330 m  (irtifa=0.300 m, guverte=0.070, zincir ofseti=0.060, pay=0.040)
2026-09-01 09:37:27,945 [INFO] gz_system.gz_payload_actuator: [HOOK] vinc -> 0.33 m
I0901 09:37:27.946011 13398734 fork_posix.cc:71] Other threads are currently calling into gRPC, skipping fork() handlers
2026-09-01 09:37:29,476 [INFO] core.detection.vision_runtime: [VISION] detect() calisiyor -- bu karede 2 tespit: ['MAVI_ALTIGEN', 'KIRMIZI_DIKDORTGEN']
QGC port check failed, reporting UNKNOWN: (pid=34018)
2026-09-01 09:37:30,299 [INFO] gz_system.main_gz: Dashboard paint loop: 0.0 FPS (main thread)
QGC port check failed, reporting UNKNOWN: (pid=34018)
2026-09-01 09:37:32,544 [INFO] core.detection.vision_runtime: [VISION] detect() calisiyor -- bu karede 1 tespit: ['KIRMIZI_DIKDORTGEN']
2026-09-01 09:37:32,889 [INFO] core.mission.gorev3_pickup: [SON_DUZELTME] 1/6 yanal 11.0 mm -> (kuzey +0.005, dogu -0.000)  | kanca_ofset=(-0.0888, -0.0007) arac_ned=(119.0122, 3.3395) kanca_mutlak=(118.9234, 3.3387)
QGC port check failed, reporting UNKNOWN: (pid=34018)
2026-09-01 09:37:35,307 [INFO] gz_system.main_gz: Dashboard paint loop: 0.0 FPS (main thread)
2026-09-01 09:37:35,612 [INFO] core.detection.vision_runtime: [VISION] detect() calisiyor -- bu karede 1 tespit: ['KIRMIZI_DIKDORTGEN']
QGC port check failed, reporting UNKNOWN: (pid=34018)
2026-09-01 09:37:35,646 [INFO] core.mission.gorev3_pickup: [SON_DUZELTME] 2/6 yanal 12.9 mm -> (kuzey +0.003, dogu -0.006)  | kanca_ofset=(-0.0900, -0.0000) arac_ned=(119.0193, 3.3501) kanca_mutlak=(118.9293, 3.3501)
QGC port check failed, reporting UNKNOWN: (pid=34018)
2026-09-01 09:37:38,241 [INFO] core.mission.gorev3_pickup: [SON_DUZELTME] 3/6 yanal 13.4 mm -> (kuzey +0.002, dogu +0.006)  | kanca_ofset=(-0.0893, -0.0002) arac_ned=(119.0196, 3.3256) kanca_mutlak=(118.9302, 3.3254)
2026-09-01 09:37:38,678 [INFO] core.detection.vision_runtime: [VISION] detect() calisiyor -- bu karede 1 tespit: ['KIRMIZI_DIKDORTGEN']
QGC port check failed, reporting UNKNOWN: (pid=34018)
2026-09-01 09:37:40,336 [INFO] gz_system.main_gz: Dashboard paint loop: 0.0 FPS (main thread)
2026-09-01 09:37:40,759 [INFO] core.mission.gorev3_pickup: [SON_DUZELTME] 4/6 yanal 23.4 mm -> (kuzey -0.002, dogu +0.011)  | kanca_ofset=(-0.0901, -0.0004) arac_ned=(119.0293, 3.3156) kanca_mutlak=(118.9392, 3.3152)
QGC port check failed, reporting UNKNOWN: (pid=34018)
2026-09-01 09:37:41,741 [INFO] core.detection.vision_runtime: [VISION] detect() calisiyor -- bu karede 1 tespit: ['KIRMIZI_DIKDORTGEN']
2026-09-01 09:37:43,276 [INFO] core.mission.gorev3_pickup: [SON_DUZELTME] 5/6 yanal 25.3 mm -> (kuzey +0.012, dogu +0.005)  | kanca_ofset=(-0.0905, -0.0000) arac_ned=(119.0017, 3.3281) kanca_mutlak=(118.9111, 3.3281)
QGC port check failed, reporting UNKNOWN: (pid=34018)
2026-09-01 09:37:44,816 [INFO] core.detection.vision_runtime: [VISION] detect() calisiyor -- bu karede 1 tespit: ['KIRMIZI_DIKDORTGEN']
2026-09-01 09:37:45,366 [INFO] gz_system.main_gz: Dashboard paint loop: 0.0 FPS (main thread)
QGC port check failed, reporting UNKNOWN: (pid=34018)
2026-09-01 09:37:45,805 [INFO] core.mission.gorev3_pickup: [SON_DUZELTME] 6/6 yanal 23.1 mm -> (kuzey +0.007, dogu -0.009)  | kanca_ofset=(-0.0902, -0.0003) arac_ned=(119.0108, 3.3570) kanca_mutlak=(118.9206, 3.3567)
QGC port check failed, reporting UNKNOWN: (pid=34018)
2026-09-01 09:37:47,888 [INFO] core.detection.vision_runtime: [VISION] detect() calisiyor -- bu karede 1 tespit: ['KIRMIZI_DIKDORTGEN']
2026-09-01 09:37:48,327 [WARNING] core.mission.gorev3_pickup: [SON_DUZELTME] butce doldu; son yanal 23.1 mm
2026-09-01 09:37:48,328 [INFO] core.mission.gorev3_pickup: [KANCA_DENGE] INIS ONCESI irtifa=0.929 m kanca_ofset=(-0.0914, -0.0015)
2026-09-01 09:37:48,328 [INFO] core.mission.gorev3_pickup: Hizalandi -- 0.30 m alma irtifasina SAF DIKEY iniliyor (yanal hareket yok).
2026-09-01 09:37:48,328 [INFO] core.mission.gorev3_pickup: [KANCA_IZ] t=0.00 alt=0.929 off_n=-0.0914 off_e=-0.0015 nose_z=+0.6632
2026-09-01 09:37:48,436 [INFO] core.mission.gorev3_pickup: [KANCA_IZ] t=0.11 alt=0.929 off_n=-0.0920 off_e=-0.0012 nose_z=+0.6574
2026-09-01 09:37:48,546 [INFO] core.mission.gorev3_pickup: [KANCA_IZ] t=0.22 alt=0.915 off_n=-0.0922 off_e=-0.0011 nose_z=+0.6276
2026-09-01 09:37:48,655 [INFO] core.mission.gorev3_pickup: [KANCA_IZ] t=0.33 alt=0.872 off_n=-0.0912 off_e=-0.0005 nose_z=+0.5711
2026-09-01 09:37:48,765 [INFO] core.mission.gorev3_pickup: [KANCA_IZ] t=0.44 alt=0.819 off_n=-0.0895 off_e=+0.0003 nose_z=+0.5193
2026-09-01 09:37:48,874 [INFO] core.mission.gorev3_pickup: [KANCA_IZ] t=0.55 alt=0.705 off_n=-0.0879 off_e=+0.0012 nose_z=+0.4597
2026-09-01 09:37:48,983 [INFO] core.mission.gorev3_pickup: [KANCA_IZ] t=0.66 alt=0.655 off_n=-0.0876 off_e=+0.0014 nose_z=+0.4168
2026-09-01 09:37:49,094 [INFO] core.mission.gorev3_pickup: [KANCA_IZ] t=0.77 alt=0.615 off_n=-0.0886 off_e=+0.0012 nose_z=+0.3700
2026-09-01 09:37:49,204 [INFO] core.mission.gorev3_pickup: [KANCA_IZ] t=0.88 alt=0.579 off_n=-0.0900 off_e=+0.0006 nose_z=+0.3366
2026-09-01 09:37:49,313 [INFO] core.mission.gorev3_pickup: [KANCA_IZ] t=0.99 alt=0.551 off_n=-0.0912 off_e=-0.0002 nose_z=+0.3034
2026-09-01 09:37:49,424 [INFO] core.mission.gorev3_pickup: [KANCA_IZ] t=1.10 alt=0.525 off_n=-0.0915 off_e=-0.0009 nose_z=+0.2743
2026-09-01 09:37:49,537 [INFO] core.mission.gorev3_pickup: [KANCA_IZ] t=1.21 alt=0.505 off_n=-0.0910 off_e=-0.0013 nose_z=+0.2534
2026-09-01 09:37:49,650 [INFO] core.mission.gorev3_pickup: [KANCA_IZ] t=1.32 alt=0.485 off_n=-0.0900 off_e=-0.0014 nose_z=+0.2322
QGC port check failed, reporting UNKNOWN: (pid=34108)
2026-09-01 09:37:49,758 [INFO] core.mission.gorev3_pickup: [KANCA_IZ] t=1.43 alt=0.469 off_n=-0.0893 off_e=-0.0013 nose_z=+0.2134
2026-09-01 09:37:49,872 [INFO] core.mission.gorev3_pickup: [KANCA_IZ] t=1.54 alt=0.454 off_n=-0.0891 off_e=-0.0012 nose_z=+0.1998
2026-09-01 09:37:49,984 [INFO] core.mission.gorev3_pickup: [KANCA_IZ] t=1.66 alt=0.431 off_n=-0.0897 off_e=-0.0010 nose_z=+0.1856
2026-09-01 09:37:50,095 [INFO] core.mission.gorev3_pickup: [KANCA_IZ] t=1.77 alt=0.422 off_n=-0.0908 off_e=-0.0009 nose_z=+0.1736
2026-09-01 09:37:50,206 [INFO] core.mission.gorev3_pickup: [KANCA_IZ] t=1.88 alt=0.413 off_n=-0.0916 off_e=-0.0008 nose_z=+0.1645
2026-09-01 09:37:50,318 [INFO] core.mission.gorev3_pickup: [KANCA_IZ] t=1.99 alt=0.407 off_n=-0.0919 off_e=-0.0007 nose_z=+0.1547
2026-09-01 09:37:50,366 [INFO] gz_system.main_gz: Dashboard paint loop: 0.0 FPS (main thread)
2026-09-01 09:37:50,428 [INFO] core.mission.gorev3_pickup: [KANCA_IZ] t=2.10 alt=0.400 off_n=-0.0913 off_e=-0.0006 nose_z=+0.1474
2026-09-01 09:37:50,540 [INFO] core.mission.gorev3_pickup: [KANCA_IZ] t=2.21 alt=0.396 off_n=-0.0901 off_e=-0.0005 nose_z=+0.1395
2026-09-01 09:37:50,650 [INFO] core.mission.gorev3_pickup: [KANCA_IZ] t=2.32 alt=0.392 off_n=-0.0891 off_e=-0.0003 nose_z=+0.1334
2026-09-01 09:37:50,760 [INFO] core.mission.gorev3_pickup: [KANCA_IZ] t=2.43 alt=0.388 off_n=-0.0885 off_e=-0.0002 nose_z=+0.1269
2026-09-01 09:37:50,870 [INFO] core.mission.gorev3_pickup: [KANCA_IZ] t=2.54 alt=0.385 off_n=-0.0886 off_e=-0.0001 nose_z=+0.1209
2026-09-01 09:37:50,980 [INFO] core.detection.vision_runtime: [VISION] detect() calisiyor -- bu karede 1 tespit: ['KIRMIZI_DIKDORTGEN']
2026-09-01 09:37:50,981 [INFO] core.mission.gorev3_pickup: [KANCA_IZ] t=2.65 alt=0.378 off_n=-0.0891 off_e=-0.0003 nose_z=+0.1161
2026-09-01 09:37:51,090 [INFO] core.mission.gorev3_pickup: [KANCA_IZ] t=2.76 alt=0.375 off_n=-0.0898 off_e=-0.0007 nose_z=+0.1107
2026-09-01 09:37:51,204 [INFO] core.mission.gorev3_pickup: [KANCA_IZ] t=2.88 alt=0.371 off_n=-0.0901 off_e=-0.0010 nose_z=+0.1065
2026-09-01 09:37:51,315 [INFO] core.mission.gorev3_pickup: [KANCA_IZ] t=2.99 alt=0.368 off_n=-0.0901 off_e=-0.0013 nose_z=+0.1020
2026-09-01 09:37:51,427 [INFO] core.mission.gorev3_pickup: [KANCA_IZ] t=3.10 alt=0.364 off_n=-0.0899 off_e=-0.0012 nose_z=+0.0987
2026-09-01 09:37:51,538 [INFO] core.mission.gorev3_pickup: [KANCA_IZ] t=3.21 alt=0.361 off_n=-0.0897 off_e=-0.0009 nose_z=+0.0951
2026-09-01 09:37:51,648 [INFO] core.mission.gorev3_pickup: [KANCA_IZ] t=3.32 alt=0.359 off_n=-0.0897 off_e=-0.0004 nose_z=+0.0921
QGC port check failed, reporting UNKNOWN: (pid=34118)
2026-09-01 09:37:51,761 [INFO] core.mission.gorev3_pickup: [KANCA_IZ] t=3.43 alt=0.356 off_n=-0.0898 off_e=-0.0001 nose_z=+0.0899
2026-09-01 09:37:51,873 [INFO] core.mission.gorev3_pickup: [KANCA_IZ] t=3.54 alt=0.354 off_n=-0.0901 off_e=-0.0002 nose_z=+0.0876
2026-09-01 09:37:51,983 [INFO] core.mission.gorev3_pickup: [KANCA_IZ] t=3.66 alt=0.351 off_n=-0.0904 off_e=-0.0006 nose_z=+0.0855
2026-09-01 09:37:52,094 [INFO] core.mission.gorev3_pickup: [KANCA_IZ] t=3.77 alt=0.350 off_n=-0.0906 off_e=-0.0008 nose_z=+0.0840
2026-09-01 09:37:52,204 [INFO] core.mission.gorev3_pickup: [KANCA_IZ] t=3.88 alt=0.349 off_n=-0.0908 off_e=-0.0008 nose_z=+0.0823
2026-09-01 09:37:52,313 [INFO] core.mission.gorev3_pickup: [KANCA_IZ] t=3.99 alt=0.348 off_n=-0.0911 off_e=-0.0004 nose_z=+0.0810
2026-09-01 09:37:52,424 [INFO] core.mission.gorev3_pickup: [KANCA_IZ] t=4.10 alt=0.349 off_n=-0.0913 off_e=+0.0002 nose_z=+0.0795
2026-09-01 09:37:52,535 [INFO] core.mission.gorev3_pickup: [KANCA_IZ] t=4.21 alt=0.348 off_n=-0.0913 off_e=+0.0007 nose_z=+0.0783
2026-09-01 09:37:52,645 [INFO] core.mission.gorev3_pickup: [KANCA_IZ] t=4.32 alt=0.348 off_n=-0.0911 off_e=+0.0010 nose_z=+0.0767
2026-09-01 09:37:52,755 [INFO] core.mission.gorev3_pickup: [KANCA_IZ] t=4.43 alt=0.347 off_n=-0.0918 off_e=+0.0015 nose_z=+0.0759
2026-09-01 09:37:52,864 [INFO] core.mission.gorev3_pickup: [KANCA_IZ] t=4.54 alt=0.346 off_n=-0.0943 off_e=+0.0029 nose_z=+0.0759
2026-09-01 09:37:52,977 [INFO] core.mission.gorev3_pickup: [KANCA_IZ] t=4.65 alt=0.346 off_n=-0.0971 off_e=+0.0043 nose_z=+0.0759
2026-09-01 09:37:53,097 [INFO] core.mission.gorev3_pickup: [KANCA_IZ] t=4.77 alt=0.348 off_n=-0.1006 off_e=+0.0061 nose_z=+0.0760
2026-09-01 09:37:53,207 [INFO] core.mission.gorev3_pickup: [KANCA_IZ] t=4.88 alt=0.349 off_n=-0.1047 off_e=+0.0079 nose_z=+0.0760
2026-09-01 09:37:53,317 [INFO] core.mission.gorev3_pickup: [KANCA_IZ] t=4.99 alt=0.349 off_n=-0.1087 off_e=+0.0097 nose_z=+0.0761
2026-09-01 09:37:53,427 [INFO] core.mission.gorev3_pickup: [KANCA_IZ] t=5.10 alt=0.348 off_n=-0.1119 off_e=+0.0111 nose_z=+0.0762
2026-09-01 09:37:53,536 [INFO] core.mission.gorev3_pickup: [KANCA_IZ] t=5.21 alt=0.348 off_n=-0.1156 off_e=+0.0128 nose_z=+0.0763
2026-09-01 09:37:53,645 [INFO] core.mission.gorev3_pickup: [KANCA_IZ] t=5.32 alt=0.347 off_n=-0.1183 off_e=+0.0141 nose_z=+0.0764
QGC port check failed, reporting UNKNOWN: (pid=34118)
2026-09-01 09:37:53,756 [INFO] core.mission.gorev3_pickup: [KANCA_IZ] t=5.43 alt=0.346 off_n=-0.1210 off_e=+0.0157 nose_z=+0.0766
2026-09-01 09:37:53,865 [INFO] core.mission.gorev3_pickup: [KANCA_IZ] t=5.54 alt=0.346 off_n=-0.1228 off_e=+0.0169 nose_z=+0.0767
2026-09-01 09:37:53,975 [INFO] core.mission.gorev3_pickup: [KANCA_IZ] t=5.65 alt=0.346 off_n=-0.1246 off_e=+0.0184 nose_z=+0.0768
2026-09-01 09:37:54,085 [INFO] core.detection.vision_runtime: [VISION] detect() calisiyor -- bu karede 1 tespit: ['KIRMIZI_DIKDORTGEN']
2026-09-01 09:37:54,085 [INFO] core.mission.gorev3_pickup: [KANCA_IZ] t=5.76 alt=0.347 off_n=-0.1257 off_e=+0.0197 nose_z=+0.0769
2026-09-01 09:37:54,194 [INFO] core.mission.gorev3_pickup: [KANCA_IZ] t=5.87 alt=0.347 off_n=-0.1264 off_e=+0.0211 nose_z=+0.0768
2026-09-01 09:37:54,303 [INFO] core.mission.gorev3_pickup: [KANCA_IZ] t=5.98 alt=0.347 off_n=-0.1265 off_e=+0.0223 nose_z=+0.0768
2026-09-01 09:37:54,413 [INFO] core.mission.gorev3_pickup: [KANCA_IZ] t=6.09 alt=0.347 off_n=-0.1263 off_e=+0.0234 nose_z=+0.0767
2026-09-01 09:37:54,413 [INFO] core.mission.gorev3_pickup: Yük alma mekanizması aktifleşiyor...
2026-09-01 09:37:54,413 [INFO] core.mission.gorev3_pickup: [KANCA_DENGE] INIS SONRASI irtifa=0.347 m kanca_ofset=(-0.1263, +0.0234)  ->  DEGISIM=(-34.9, +24.8) mm  |42.8 mm|
2026-09-01 09:37:54,414 [INFO] gz_system.gz_payload_actuator: [HOOK] alma denemesi 1/3
2026-09-01 09:37:54,414 [INFO] gz_system.gz_payload_actuator: [HOOK] vinc salimi: 0.377 m  (irtifa=0.347 m, guverte=0.070, zincir ofseti=0.060, pay=0.040)
2026-09-01 09:37:54,414 [INFO] gz_system.gz_payload_actuator: [HOOK] vinc -> 0.38 m
I0901 09:37:54.414379 13398734 fork_posix.cc:71] Other threads are currently calling into gRPC, skipping fork() handlers
2026-09-01 09:37:54,523 [INFO] core.mission.gorev3_pickup: [KANCA_IZ] t=6.19 alt=0.347 off_n=-0.1258 off_e=+0.0239 nose_z=+0.0766
2026-09-01 09:37:54,632 [INFO] core.mission.gorev3_pickup: [KANCA_IZ] t=6.30 alt=0.346 off_n=-0.1248 off_e=+0.0238 nose_z=+0.0764
2026-09-01 09:37:54,742 [INFO] core.mission.gorev3_pickup: [KANCA_IZ] t=6.41 alt=0.346 off_n=-0.1242 off_e=+0.0234 nose_z=+0.0762
2026-09-01 09:37:54,852 [INFO] core.mission.gorev3_pickup: [KANCA_IZ] t=6.52 alt=0.345 off_n=-0.1239 off_e=+0.0230 nose_z=+0.0760
2026-09-01 09:37:54,962 [INFO] core.mission.gorev3_pickup: [KANCA_IZ] t=6.63 alt=0.344 off_n=-0.1240 off_e=+0.0226 nose_z=+0.0760
2026-09-01 09:37:55,072 [INFO] core.mission.gorev3_pickup: [KANCA_IZ] t=6.74 alt=0.343 off_n=-0.1247 off_e=+0.0221 nose_z=+0.0759
2026-09-01 09:37:55,181 [INFO] core.mission.gorev3_pickup: [KANCA_IZ] t=6.85 alt=0.343 off_n=-0.1260 off_e=+0.0213 nose_z=+0.0759
2026-09-01 09:37:55,289 [INFO] core.mission.gorev3_pickup: [KANCA_IZ] t=6.96 alt=0.341 off_n=-0.1273 off_e=+0.0204 nose_z=+0.0759
2026-09-01 09:37:55,354 [INFO] gz_system.gz_payload_actuator: [HOOK] APPROACHING  lat=  31.0mm ins=   +0.0mm tilt=  0.0deg v=  infm/s age=0.00s  [lateral(31.0mm>10.2mm), rel_speed(inf>0.05m/s)]
2026-09-01 09:37:55,380 [INFO] gz_system.main_gz: Dashboard paint loop: 0.0 FPS (main thread)
2026-09-01 09:37:55,399 [INFO] core.mission.gorev3_pickup: [KANCA_IZ] t=7.07 alt=0.340 off_n=-0.1293 off_e=+0.0196 nose_z=+0.0768
2026-09-01 09:37:55,509 [INFO] core.mission.gorev3_pickup: [KANCA_IZ] t=7.18 alt=0.341 off_n=-0.1313 off_e=+0.0209 nose_z=+0.0783
2026-09-01 09:37:55,617 [INFO] core.mission.gorev3_pickup: [KANCA_IZ] t=7.29 alt=0.343 off_n=-0.1352 off_e=+0.0192 nose_z=+0.0787
QGC port check failed, reporting UNKNOWN: (pid=34118)
2026-09-01 09:37:55,727 [INFO] core.mission.gorev3_pickup: [KANCA_IZ] t=7.40 alt=0.344 off_n=-0.1397 off_e=+0.0160 nose_z=+0.0785
2026-09-01 09:37:55,836 [INFO] core.mission.gorev3_pickup: [KANCA_IZ] t=7.51 alt=0.345 off_n=-0.1435 off_e=+0.0133 nose_z=+0.0782
2026-09-01 09:37:55,945 [INFO] core.mission.gorev3_pickup: [KANCA_IZ] t=7.62 alt=0.346 off_n=-0.1482 off_e=+0.0103 nose_z=+0.0776
2026-09-01 09:37:56,055 [INFO] core.mission.gorev3_pickup: [KANCA_IZ] t=7.73 alt=0.347 off_n=-0.1521 off_e=+0.0083 nose_z=+0.0771
2026-09-01 09:37:56,165 [INFO] core.mission.gorev3_pickup: [KANCA_IZ] t=7.84 alt=0.348 off_n=-0.1564 off_e=+0.0064 nose_z=+0.0763
2026-09-01 09:37:56,274 [INFO] core.mission.gorev3_pickup: [KANCA_IZ] t=7.95 alt=0.351 off_n=-0.1593 off_e=+0.0057 nose_z=+0.0762
2026-09-01 09:37:56,384 [INFO] core.mission.gorev3_pickup: [KANCA_IZ] t=8.06 alt=0.353 off_n=-0.1610 off_e=+0.0053 nose_z=+0.0763
2026-09-01 09:37:56,384 [INFO] gz_system.gz_payload_actuator: [HOOK] APPROACHING  lat=  32.3mm ins=   -0.3mm tilt=  1.3deg v=0.006m/s age=0.02s  [lateral(32.3mm>10.2mm)]
2026-09-01 09:37:56,496 [INFO] core.mission.gorev3_pickup: [KANCA_IZ] t=8.17 alt=0.354 off_n=-0.1615 off_e=+0.0054 nose_z=+0.0763
2026-09-01 09:37:56,604 [INFO] core.mission.gorev3_pickup: [KANCA_IZ] t=8.28 alt=0.354 off_n=-0.1615 off_e=+0.0059 nose_z=+0.0761
2026-09-01 09:37:56,715 [INFO] core.mission.gorev3_pickup: [KANCA_IZ] t=8.39 alt=0.354 off_n=-0.1611 off_e=+0.0070 nose_z=+0.0761
2026-09-01 09:37:56,824 [INFO] core.mission.gorev3_pickup: [KANCA_IZ] t=8.50 alt=0.355 off_n=-0.1611 off_e=+0.0082 nose_z=+0.0762
2026-09-01 09:37:56,933 [INFO] core.mission.gorev3_pickup: [KANCA_IZ] t=8.61 alt=0.356 off_n=-0.1609 off_e=+0.0098 nose_z=+0.0762
2026-09-01 09:37:57,043 [INFO] core.mission.gorev3_pickup: [KANCA_IZ] t=8.72 alt=0.357 off_n=-0.1603 off_e=+0.0113 nose_z=+0.0763
2026-09-01 09:37:57,153 [INFO] core.detection.vision_runtime: [VISION] detect() calisiyor -- bu karede 1 tespit: ['KIRMIZI_DIKDORTGEN']
2026-09-01 09:37:57,153 [INFO] core.mission.gorev3_pickup: [KANCA_IZ] t=8.83 alt=0.358 off_n=-0.1594 off_e=+0.0123 nose_z=+0.0765
2026-09-01 09:37:57,262 [INFO] core.mission.gorev3_pickup: [KANCA_IZ] t=8.93 alt=0.359 off_n=-0.1581 off_e=+0.0130 nose_z=+0.0768
2026-09-01 09:37:57,372 [INFO] core.mission.gorev3_pickup: [KANCA_IZ] t=9.04 alt=0.359 off_n=-0.1568 off_e=+0.0133 nose_z=+0.0772
2026-09-01 09:37:57,423 [INFO] gz_system.gz_payload_actuator: [HOOK] APPROACHING  lat=  31.9mm ins=   -1.4mm tilt=  6.1deg v=0.018m/s age=0.01s  [lateral(31.9mm>10.2mm)]
2026-09-01 09:37:57,481 [INFO] core.mission.gorev3_pickup: [KANCA_IZ] t=9.15 alt=0.360 off_n=-0.1552 off_e=+0.0134 nose_z=+0.0772
2026-09-01 09:37:57,589 [INFO] core.mission.gorev3_pickup: [KANCA_IZ] t=9.26 alt=0.360 off_n=-0.1534 off_e=+0.0132 nose_z=+0.0778
QGC port check failed, reporting UNKNOWN: (pid=34118)
2026-09-01 09:37:57,698 [INFO] core.mission.gorev3_pickup: [KANCA_IZ] t=9.37 alt=0.359 off_n=-0.1518 off_e=+0.0128 nose_z=+0.0783
2026-09-01 09:37:57,809 [INFO] core.mission.gorev3_pickup: [KANCA_IZ] t=9.48 alt=0.359 off_n=-0.1505 off_e=+0.0124 nose_z=+0.0788
2026-09-01 09:37:57,918 [INFO] core.mission.gorev3_pickup: [KANCA_IZ] t=9.59 alt=0.359 off_n=-0.1491 off_e=+0.0119 nose_z=+0.0794
2026-09-01 09:37:58,028 [INFO] core.mission.gorev3_pickup: [KANCA_IZ] t=9.70 alt=0.358 off_n=-0.1483 off_e=+0.0117 nose_z=+0.0798
2026-09-01 09:37:58,138 [INFO] core.mission.gorev3_pickup: [KANCA_IZ] t=9.81 alt=0.357 off_n=-0.1475 off_e=+0.0116 nose_z=+0.0802
2026-09-01 09:37:58,247 [INFO] core.mission.gorev3_pickup: [KANCA_IZ] t=9.92 alt=0.355 off_n=-0.1468 off_e=+0.0117 nose_z=+0.0806
2026-09-01 09:37:58,357 [INFO] core.mission.gorev3_pickup: [KANCA_IZ] t=10.03 alt=0.354 off_n=-0.1462 off_e=+0.0119 nose_z=+0.0809
2026-09-01 09:37:58,466 [INFO] core.mission.gorev3_pickup: [KANCA_IZ] t=10.14 alt=0.352 off_n=-0.1456 off_e=+0.0121 nose_z=+0.0812
2026-09-01 09:37:58,466 [INFO] gz_system.gz_payload_actuator: [HOOK] APPROACHING  lat=  33.1mm ins=   -5.2mm tilt= 23.5deg v=0.013m/s age=0.03s  [lateral(33.1mm>10.2mm), too_high(-5.2mm<-4.0mm), tilt(23.5deg>15.0deg)]
2026-09-01 09:37:58,574 [INFO] core.mission.gorev3_pickup: [KANCA_IZ] t=10.25 alt=0.349 off_n=-0.1450 off_e=+0.0123 nose_z=+0.0815
2026-09-01 09:37:58,682 [INFO] core.mission.gorev3_pickup: [KANCA_IZ] t=10.35 alt=0.346 off_n=-0.1446 off_e=+0.0125 nose_z=+0.0816
2026-09-01 09:37:58,789 [INFO] core.mission.gorev3_pickup: [KANCA_IZ] t=10.46 alt=0.340 off_n=-0.1442 off_e=+0.0127 nose_z=+0.0818
2026-09-01 09:37:58,897 [INFO] core.mission.gorev3_pickup: [KANCA_IZ] t=10.57 alt=0.337 off_n=-0.1439 off_e=+0.0129 nose_z=+0.0819
2026-09-01 09:37:59,005 [INFO] core.mission.gorev3_pickup: [KANCA_IZ] t=10.68 alt=0.333 off_n=-0.1435 off_e=+0.0131 nose_z=+0.0820
2026-09-01 09:37:59,112 [INFO] core.mission.gorev3_pickup: [KANCA_IZ] t=10.78 alt=0.329 off_n=-0.1432 off_e=+0.0131 nose_z=+0.0820
2026-09-01 09:37:59,220 [INFO] core.mission.gorev3_pickup: [KANCA_IZ] t=10.89 alt=0.326 off_n=-0.1428 off_e=+0.0127 nose_z=+0.0821
2026-09-01 09:37:59,329 [INFO] core.mission.gorev3_pickup: [KANCA_IZ] t=11.00 alt=0.324 off_n=-0.1422 off_e=+0.0118 nose_z=+0.0820
2026-09-01 09:37:59,438 [INFO] core.mission.gorev3_pickup: [KANCA_IZ] t=11.11 alt=0.323 off_n=-0.1417 off_e=+0.0110 nose_z=+0.0820
2026-09-01 09:37:59,489 [INFO] gz_system.gz_payload_actuator: [HOOK] APPROACHING  lat=  34.0mm ins=   -6.0mm tilt= 27.4deg v=0.004m/s age=0.01s  [lateral(34.0mm>10.2mm), too_high(-6.0mm<-4.0mm), tilt(27.4deg>15.0deg)]
2026-09-01 09:37:59,546 [INFO] core.mission.gorev3_pickup: [KANCA_IZ] t=11.22 alt=0.321 off_n=-0.1408 off_e=+0.0097 nose_z=+0.0820
2026-09-01 09:37:59,656 [INFO] core.mission.gorev3_pickup: [KANCA_IZ] t=11.33 alt=0.319 off_n=-0.1399 off_e=+0.0085 nose_z=+0.0820
QGC port check failed, reporting UNKNOWN: (pid=34118)
2026-09-01 09:37:59,765 [INFO] core.mission.gorev3_pickup: [KANCA_IZ] t=11.44 alt=0.317 off_n=-0.1388 off_e=+0.0073 nose_z=+0.0815
2026-09-01 09:37:59,873 [INFO] core.mission.gorev3_pickup: [KANCA_IZ] t=11.55 alt=0.316 off_n=-0.1372 off_e=+0.0057 nose_z=+0.0816
2026-09-01 09:37:59,984 [INFO] core.mission.gorev3_pickup: [KANCA_IZ] t=11.66 alt=0.314 off_n=-0.1354 off_e=+0.0044 nose_z=+0.0816
2026-09-01 09:38:00,092 [INFO] core.mission.gorev3_pickup: [KANCA_IZ] t=11.76 alt=0.315 off_n=-0.1329 off_e=+0.0031 nose_z=+0.0817
2026-09-01 09:38:00,201 [INFO] core.detection.vision_runtime: [VISION] detect() calisiyor -- bu karede 1 tespit: ['KIRMIZI_DIKDORTGEN']
2026-09-01 09:38:00,201 [INFO] core.mission.gorev3_pickup: [KANCA_IZ] t=11.87 alt=0.318 off_n=-0.1305 off_e=+0.0022 nose_z=+0.0817
2026-09-01 09:38:00,310 [INFO] core.mission.gorev3_pickup: [KANCA_IZ] t=11.98 alt=0.320 off_n=-0.1276 off_e=+0.0014 nose_z=+0.0817
2026-09-01 09:38:00,388 [INFO] gz_system.main_gz: Dashboard paint loop: 0.0 FPS (main thread)
2026-09-01 09:38:00,420 [INFO] core.mission.gorev3_pickup: [KANCA_IZ] t=12.09 alt=0.323 off_n=-0.1249 off_e=+0.0008 nose_z=+0.0817
2026-09-01 09:38:00,529 [INFO] core.mission.gorev3_pickup: [KANCA_IZ] t=12.20 alt=0.325 off_n=-0.1216 off_e=+0.0003 nose_z=+0.0818
2026-09-01 09:38:00,529 [INFO] gz_system.gz_payload_actuator: [HOOK] APPROACHING  lat=  33.6mm ins=   -5.8mm tilt= 26.4deg v=0.002m/s age=0.02s  [lateral(33.6mm>10.2mm), too_high(-5.8mm<-4.0mm), tilt(26.4deg>15.0deg)]
2026-09-01 09:38:00,639 [INFO] core.mission.gorev3_pickup: [KANCA_IZ] t=12.31 alt=0.328 off_n=-0.1188 off_e=+0.0001 nose_z=+0.0818
2026-09-01 09:38:00,748 [INFO] core.mission.gorev3_pickup: [KANCA_IZ] t=12.42 alt=0.331 off_n=-0.1154 off_e=-0.0001 nose_z=+0.0819
2026-09-01 09:38:00,857 [INFO] core.mission.gorev3_pickup: [KANCA_IZ] t=12.53 alt=0.333 off_n=-0.1126 off_e=-0.0003 nose_z=+0.0821
2026-09-01 09:38:00,966 [INFO] core.mission.gorev3_pickup: [KANCA_IZ] t=12.64 alt=0.336 off_n=-0.1094 off_e=-0.0007 nose_z=+0.0822
2026-09-01 09:38:01,077 [INFO] core.mission.gorev3_pickup: [KANCA_IZ] t=12.75 alt=0.338 off_n=-0.1068 off_e=-0.0012 nose_z=+0.0824
2026-09-01 09:38:01,185 [INFO] core.mission.gorev3_pickup: [KANCA_IZ] t=12.86 alt=0.340 off_n=-0.1039 off_e=-0.0019 nose_z=+0.0826
2026-09-01 09:38:01,294 [INFO] core.mission.gorev3_pickup: [KANCA_IZ] t=12.97 alt=0.341 off_n=-0.1015 off_e=-0.0026 nose_z=+0.0828
2026-09-01 09:38:01,405 [INFO] core.mission.gorev3_pickup: [KANCA_IZ] t=13.08 alt=0.341 off_n=-0.0990 off_e=-0.0035 nose_z=+0.0830
2026-09-01 09:38:01,514 [INFO] core.mission.gorev3_pickup: [KANCA_IZ] t=13.19 alt=0.341 off_n=-0.0971 off_e=-0.0041 nose_z=+0.0832
2026-09-01 09:38:01,565 [INFO] gz_system.gz_payload_actuator: [HOOK] APPROACHING  lat=  34.2mm ins=   -7.3mm tilt= 34.1deg v=0.010m/s age=0.02s  [lateral(34.2mm>10.2mm), too_high(-7.3mm<-4.0mm), tilt(34.1deg>15.0deg)]
2026-09-01 09:38:01,623 [INFO] core.mission.gorev3_pickup: [KANCA_IZ] t=13.30 alt=0.340 off_n=-0.0951 off_e=-0.0045 nose_z=+0.0834
QGC port check failed, reporting UNKNOWN: (pid=34118)
2026-09-01 09:38:01,733 [INFO] core.mission.gorev3_pickup: [KANCA_IZ] t=13.41 alt=0.339 off_n=-0.0937 off_e=-0.0046 nose_z=+0.0836
2026-09-01 09:38:01,843 [INFO] core.mission.gorev3_pickup: [KANCA_IZ] t=13.52 alt=0.339 off_n=-0.0923 off_e=-0.0042 nose_z=+0.0832
2026-09-01 09:38:01,952 [INFO] core.mission.gorev3_pickup: [KANCA_IZ] t=13.62 alt=0.340 off_n=-0.0913 off_e=-0.0032 nose_z=+0.0834
2026-09-01 09:38:02,062 [INFO] core.mission.gorev3_pickup: [KANCA_IZ] t=13.73 alt=0.340 off_n=-0.0904 off_e=-0.0012 nose_z=+0.0837
2026-09-01 09:38:02,171 [INFO] core.mission.gorev3_pickup: [KANCA_IZ] t=13.84 alt=0.341 off_n=-0.0896 off_e=+0.0015 nose_z=+0.0839
2026-09-01 09:38:02,280 [INFO] core.mission.gorev3_pickup: [KANCA_IZ] t=13.95 alt=0.341 off_n=-0.0890 off_e=+0.0044 nose_z=+0.0840
2026-09-01 09:38:02,390 [INFO] core.mission.gorev3_pickup: [KANCA_IZ] t=14.06 alt=0.341 off_n=-0.0885 off_e=+0.0076 nose_z=+0.0842
2026-09-01 09:38:02,500 [INFO] core.mission.gorev3_pickup: [KANCA_IZ] t=14.17 alt=0.337 off_n=-0.0879 off_e=+0.0116 nose_z=+0.0843
2026-09-01 09:38:02,609 [INFO] core.mission.gorev3_pickup: [KANCA_IZ] t=14.28 alt=0.335 off_n=-0.0873 off_e=+0.0151 nose_z=+0.0845
2026-09-01 09:38:02,609 [INFO] gz_system.gz_payload_actuator: [HOOK] APPROACHING  lat=  35.9mm ins=   -8.5mm tilt= 40.7deg v=0.014m/s age=0.03s  [lateral(35.9mm>10.2mm), too_high(-8.5mm<-4.0mm), tilt(40.7deg>15.0deg)]
2026-09-01 09:38:02,717 [INFO] core.mission.gorev3_pickup: [KANCA_IZ] t=14.39 alt=0.333 off_n=-0.0865 off_e=+0.0190 nose_z=+0.0845
2026-09-01 09:38:02,826 [INFO] core.mission.gorev3_pickup: [KANCA_IZ] t=14.50 alt=0.331 off_n=-0.0858 off_e=+0.0219 nose_z=+0.0846
2026-09-01 09:38:02,935 [INFO] core.mission.gorev3_pickup: [KANCA_IZ] t=14.61 alt=0.331 off_n=-0.0848 off_e=+0.0246 nose_z=+0.0846
2026-09-01 09:38:03,044 [INFO] core.mission.gorev3_pickup: [KANCA_IZ] t=14.72 alt=0.330 off_n=-0.0840 off_e=+0.0263 nose_z=+0.0847
2026-09-01 09:38:03,154 [INFO] core.mission.gorev3_pickup: [KANCA_IZ] t=14.83 alt=0.331 off_n=-0.0829 off_e=+0.0274 nose_z=+0.0847
2026-09-01 09:38:03,261 [INFO] core.detection.vision_runtime: [VISION] detect() calisiyor -- bu karede 1 tespit: ['KIRMIZI_DIKDORTGEN']
2026-09-01 09:38:03,262 [INFO] core.mission.gorev3_pickup: [KANCA_IZ] t=14.93 alt=0.332 off_n=-0.0819 off_e=+0.0274 nose_z=+0.0847
2026-09-01 09:38:03,371 [INFO] core.mission.gorev3_pickup: [KANCA_IZ] t=15.04 alt=0.333 off_n=-0.0811 off_e=+0.0267 nose_z=+0.0847
2026-09-01 09:38:03,480 [INFO] core.mission.gorev3_pickup: [KANCA_IZ] t=15.15 alt=0.333 off_n=-0.0804 off_e=+0.0255 nose_z=+0.0848
2026-09-01 09:38:03,591 [INFO] core.mission.gorev3_pickup: [KANCA_IZ] t=15.26 alt=0.333 off_n=-0.0796 off_e=+0.0233 nose_z=+0.0848
2026-09-01 09:38:03,642 [INFO] gz_system.gz_payload_actuator: [HOOK] APPROACHING  lat=  36.7mm ins=   -8.8mm tilt= 42.4deg v=0.009m/s age=0.01s  [lateral(36.7mm>10.2mm), too_high(-8.8mm<-4.0mm), tilt(42.4deg>15.0deg)]
QGC port check failed, reporting UNKNOWN: (pid=34118)
2026-09-01 09:38:03,699 [INFO] core.mission.gorev3_pickup: [KANCA_IZ] t=15.37 alt=0.332 off_n=-0.0789 off_e=+0.0211 nose_z=+0.0848
2026-09-01 09:38:03,808 [INFO] core.mission.gorev3_pickup: [KANCA_IZ] t=15.48 alt=0.331 off_n=-0.0781 off_e=+0.0181 nose_z=+0.0848
2026-09-01 09:38:03,917 [INFO] core.mission.gorev3_pickup: [KANCA_IZ] t=15.59 alt=0.330 off_n=-0.0775 off_e=+0.0153 nose_z=+0.0848
2026-09-01 09:38:04,026 [INFO] core.mission.gorev3_pickup: [KANCA_IZ] t=15.70 alt=0.329 off_n=-0.0770 off_e=+0.0117 nose_z=+0.0844
2026-09-01 09:38:04,135 [INFO] core.mission.gorev3_pickup: [KANCA_IZ] t=15.81 alt=0.328 off_n=-0.0767 off_e=+0.0086 nose_z=+0.0844
2026-09-01 09:38:04,246 [INFO] core.mission.gorev3_pickup: [KANCA_IZ] t=15.92 alt=0.328 off_n=-0.0766 off_e=+0.0047 nose_z=+0.0844
2026-09-01 09:38:04,354 [INFO] core.mission.gorev3_pickup: [KANCA_IZ] t=16.03 alt=0.328 off_n=-0.0767 off_e=+0.0014 nose_z=+0.0844
2026-09-01 09:38:04,463 [INFO] core.mission.gorev3_pickup: [KANCA_IZ] t=16.14 alt=0.328 off_n=-0.0769 off_e=-0.0026 nose_z=+0.0843
2026-09-01 09:38:04,572 [INFO] core.mission.gorev3_pickup: [KANCA_IZ] t=16.24 alt=0.329 off_n=-0.0773 off_e=-0.0058 nose_z=+0.0842
2026-09-01 09:38:04,681 [INFO] core.mission.gorev3_pickup: [KANCA_IZ] t=16.35 alt=0.330 off_n=-0.0778 off_e=-0.0089 nose_z=+0.0842
2026-09-01 09:38:04,681 [INFO] gz_system.gz_payload_actuator: [HOOK] APPROACHING  lat=  34.8mm ins=   -8.2mm tilt= 39.0deg v=0.015m/s age=0.03s  [lateral(34.8mm>10.2mm), too_high(-8.2mm<-4.0mm), tilt(39.0deg>15.0deg)]
2026-09-01 09:38:04,789 [INFO] core.mission.gorev3_pickup: [KANCA_IZ] t=16.46 alt=0.331 off_n=-0.0786 off_e=-0.0123 nose_z=+0.0840
2026-09-01 09:38:04,898 [INFO] core.mission.gorev3_pickup: [KANCA_IZ] t=16.57 alt=0.332 off_n=-0.0795 off_e=-0.0149 nose_z=+0.0839
2026-09-01 09:38:05,007 [INFO] core.mission.gorev3_pickup: [KANCA_IZ] t=16.68 alt=0.332 off_n=-0.0808 off_e=-0.0175 nose_z=+0.0838
2026-09-01 09:38:05,117 [INFO] core.mission.gorev3_pickup: [KANCA_IZ] t=16.79 alt=0.333 off_n=-0.0821 off_e=-0.0193 nose_z=+0.0837
2026-09-01 09:38:05,226 [INFO] core.mission.gorev3_pickup: [KANCA_IZ] t=16.90 alt=0.334 off_n=-0.0839 off_e=-0.0209 nose_z=+0.0835
2026-09-01 09:38:05,335 [INFO] core.mission.gorev3_pickup: [KANCA_IZ] t=17.01 alt=0.335 off_n=-0.0856 off_e=-0.0219 nose_z=+0.0834
2026-09-01 09:38:05,401 [INFO] gz_system.main_gz: Dashboard paint loop: 0.0 FPS (main thread)
2026-09-01 09:38:05,444 [INFO] core.mission.gorev3_pickup: [KANCA_IZ] t=17.12 alt=0.337 off_n=-0.0881 off_e=-0.0226 nose_z=+0.0832
2026-09-01 09:38:05,553 [INFO] core.mission.gorev3_pickup: [KANCA_IZ] t=17.23 alt=0.338 off_n=-0.0904 off_e=-0.0229 nose_z=+0.0831
2026-09-01 09:38:05,662 [INFO] core.mission.gorev3_pickup: [KANCA_IZ] t=17.33 alt=0.340 off_n=-0.0930 off_e=-0.0229 nose_z=+0.0829
QGC port check failed, reporting UNKNOWN: (pid=34118)
2026-09-01 09:38:05,713 [INFO] gz_system.gz_payload_actuator: [HOOK] APPROACHING  lat=  33.1mm ins=   -6.8mm tilt= 31.5deg v=0.008m/s age=0.02s  [lateral(33.1mm>10.2mm), too_high(-6.8mm<-4.0mm), tilt(31.5deg>15.0deg)]
2026-09-01 09:38:05,772 [INFO] core.mission.gorev3_pickup: [KANCA_IZ] t=17.44 alt=0.341 off_n=-0.0964 off_e=-0.0226 nose_z=+0.0827
2026-09-01 09:38:05,880 [INFO] core.mission.gorev3_pickup: [KANCA_IZ] t=17.55 alt=0.343 off_n=-0.0995 off_e=-0.0221 nose_z=+0.0821
2026-09-01 09:38:05,990 [INFO] core.mission.gorev3_pickup: [KANCA_IZ] t=17.66 alt=0.344 off_n=-0.1033 off_e=-0.0214 nose_z=+0.0821
2026-09-01 09:38:06,099 [INFO] core.mission.gorev3_pickup: [KANCA_IZ] t=17.77 alt=0.348 off_n=-0.1067 off_e=-0.0207 nose_z=+0.0820
2026-09-01 09:38:06,207 [INFO] core.mission.gorev3_pickup: [KANCA_IZ] t=17.88 alt=0.349 off_n=-0.1108 off_e=-0.0195 nose_z=+0.0819
2026-09-01 09:38:06,317 [INFO] core.detection.vision_runtime: [VISION] detect() calisiyor -- bu karede 1 tespit: ['KIRMIZI_DIKDORTGEN']
2026-09-01 09:38:06,317 [INFO] core.mission.gorev3_pickup: [KANCA_IZ] t=17.99 alt=0.349 off_n=-0.1143 off_e=-0.0184 nose_z=+0.0819
2026-09-01 09:38:06,426 [INFO] core.mission.gorev3_pickup: [KANCA_IZ] t=18.10 alt=0.348 off_n=-0.1183 off_e=-0.0169 nose_z=+0.0818
2026-09-01 09:38:06,536 [INFO] core.mission.gorev3_pickup: [KANCA_IZ] t=18.21 alt=0.347 off_n=-0.1213 off_e=-0.0157 nose_z=+0.0817
2026-09-01 09:38:06,646 [INFO] core.mission.gorev3_pickup: [KANCA_IZ] t=18.32 alt=0.345 off_n=-0.1246 off_e=-0.0142 nose_z=+0.0817
2026-09-01 09:38:06,756 [INFO] core.mission.gorev3_pickup: [KANCA_IZ] t=18.43 alt=0.343 off_n=-0.1268 off_e=-0.0128 nose_z=+0.0816
2026-09-01 09:38:06,757 [INFO] gz_system.gz_payload_actuator: [HOOK] APPROACHING  lat=  33.2mm ins=   -5.6mm tilt= 25.7deg v=0.006m/s age=0.03s  [lateral(33.2mm>10.2mm), too_high(-5.6mm<-4.0mm), tilt(25.7deg>15.0deg)]
2026-09-01 09:38:06,865 [INFO] core.mission.gorev3_pickup: [KANCA_IZ] t=18.54 alt=0.342 off_n=-0.1289 off_e=-0.0110 nose_z=+0.0816
2026-09-01 09:38:06,975 [INFO] core.mission.gorev3_pickup: [KANCA_IZ] t=18.65 alt=0.340 off_n=-0.1302 off_e=-0.0093 nose_z=+0.0816
2026-09-01 09:38:07,085 [INFO] core.mission.gorev3_pickup: [KANCA_IZ] t=18.76 alt=0.339 off_n=-0.1312 off_e=-0.0070 nose_z=+0.0816
2026-09-01 09:38:07,196 [INFO] core.mission.gorev3_pickup: [KANCA_IZ] t=18.87 alt=0.334 off_n=-0.1315 off_e=-0.0050 nose_z=+0.0816
2026-09-01 09:38:07,305 [INFO] core.mission.gorev3_pickup: [KANCA_IZ] t=18.98 alt=0.332 off_n=-0.1314 off_e=-0.0027 nose_z=+0.0817
2026-09-01 09:38:07,357 [INFO] gz_system.gz_payload_actuator: [KANCA_DENGE] oturma penceresi ortalama kanca_ofset=(-0.1176, +0.0036)  (220 ornek)
2026-09-01 09:38:07,357 [WARNING] gz_system.gz_payload_actuator: [HOOK] OTURMADI (12.0 s). En iyi ESZAMANLI ornek: lat=  30.2mm ins=   -2.7mm tilt= 12.7deg v=0.037m/s age=0.02s (1 kapi ihlali). CAPTURE_CANDIDATE ornegi: 0/220. Kapi retleri: lateral=220, tilt=173, too_high=170, rel_speed=4. Sinirlar: yanal<=10.2 mm, dwell 0.30 s.
2026-09-01 09:38:07,357 [WARNING] gz_system.gz_payload_actuator: [HOOK] oturma dogrulanmadi (12.0s) -- /hook/attach YAYINLANMADI, vinc cekiliyor, tekrar denenecek
2026-09-01 09:38:07,357 [INFO] gz_system.gz_payload_actuator: [HOOK] vinc -> 0.00 m
I0901 09:38:07.357475 13398734 fork_posix.cc:71] Other threads are currently calling into gRPC, skipping fork() handlers
2026-09-01 09:38:07,417 [INFO] core.mission.gorev3_pickup: [KANCA_IZ] t=19.09 alt=0.331 off_n=-0.1310 off_e=-0.0003 nose_z=+0.0817
2026-09-01 09:38:07,526 [INFO] core.mission.gorev3_pickup: [KANCA_IZ] t=19.20 alt=0.331 off_n=-0.1302 off_e=+0.0015 nose_z=+0.0817
2026-09-01 09:38:07,636 [INFO] core.mission.gorev3_pickup: [KANCA_IZ] t=19.31 alt=0.331 off_n=-0.1290 off_e=+0.0035 nose_z=+0.0818
QGC port check failed, reporting UNKNOWN: (pid=34118)
2026-09-01 09:38:07,745 [INFO] core.mission.gorev3_pickup: [KANCA_IZ] t=19.42 alt=0.332 off_n=-0.1278 off_e=+0.0048 nose_z=+0.0819
2026-09-01 09:38:07,854 [INFO] core.mission.gorev3_pickup: [KANCA_IZ] t=19.53 alt=0.332 off_n=-0.1261 off_e=+0.0061 nose_z=+0.0820
2026-09-01 09:38:07,963 [INFO] core.mission.gorev3_pickup: [KANCA_IZ] t=19.64 alt=0.332 off_n=-0.1246 off_e=+0.0067 nose_z=+0.0821
2026-09-01 09:38:08,073 [INFO] core.mission.gorev3_pickup: [KANCA_IZ] t=19.75 alt=0.333 off_n=-0.1225 off_e=+0.0071 nose_z=+0.0822
2026-09-01 09:38:08,183 [INFO] core.mission.gorev3_pickup: [KANCA_IZ] t=19.86 alt=0.334 off_n=-0.1207 off_e=+0.0070 nose_z=+0.0823
2026-09-01 09:38:08,292 [INFO] core.mission.gorev3_pickup: [KANCA_IZ] t=19.96 alt=0.335 off_n=-0.1195 off_e=+0.0067 nose_z=+0.0842
2026-09-01 09:38:08,402 [INFO] core.mission.gorev3_pickup: [KANCA_IZ] t=20.07 alt=0.332 off_n=-0.0900 off_e=+0.0018 nose_z=+0.1793
2026-09-01 09:38:08,510 [INFO] core.mission.gorev3_pickup: [KANCA_IZ] t=20.18 alt=0.329 off_n=-0.1072 off_e=-0.0026 nose_z=+0.2453
2026-09-01 09:38:08,619 [INFO] core.mission.gorev3_pickup: [KANCA_IZ] t=20.29 alt=0.326 off_n=-0.1385 off_e=-0.0351 nose_z=+0.3046
2026-09-01 09:38:08,729 [INFO] core.mission.gorev3_pickup: [KANCA_IZ] t=20.40 alt=0.323 off_n=-0.1952 off_e=-0.0897 nose_z=+0.3914
2026-09-01 09:38:08,838 [INFO] core.mission.gorev3_pickup: [KANCA_IZ] t=20.51 alt=0.321 off_n=-0.1925 off_e=-0.1093 nose_z=+0.4436
2026-09-01 09:38:08,947 [INFO] core.mission.gorev3_pickup: [KANCA_IZ] t=20.62 alt=0.320 off_n=-0.1483 off_e=-0.0963 nose_z=+0.4290
2026-09-01 09:38:09,057 [INFO] core.mission.gorev3_pickup: [KANCA_IZ] t=20.73 alt=0.319 off_n=-0.0893 off_e=-0.0518 nose_z=+0.3991
2026-09-01 09:38:09,166 [INFO] core.mission.gorev3_pickup: [KANCA_IZ] t=20.84 alt=0.317 off_n=-0.0340 off_e=+0.0137 nose_z=+0.3913
2026-09-01 09:38:09,274 [INFO] core.mission.gorev3_pickup: [KANCA_IZ] t=20.95 alt=0.316 off_n=-0.0240 off_e=+0.0567 nose_z=+0.3943
2026-09-01 09:38:09,275 [INFO] core.mission.gorev3_pickup: [YENIDEN_HIZA] deneme 2 oncesi, kanca havada -- duzeltme yeniden kosuluyor
2026-09-01 09:38:09,275 [INFO] core.mission.gorev3_pickup: [SON_DUZELTME] 1/6 yanal 32.9 mm -> (kuzey -0.016, dogu -0.003)  | kanca_ofset=(-0.0240, +0.0567) arac_ned=(118.9908, 3.2868) kanca_mutlak=(118.9668, 3.3435)
2026-09-01 09:38:09,384 [INFO] core.detection.vision_runtime: [VISION] detect() calisiyor -- bu karede 1 tespit: ['KIRMIZI_DIKDORTGEN']
2026-09-01 09:38:09,384 [INFO] core.mission.gorev3_pickup: [KANCA_IZ] t=21.06 alt=0.315 off_n=-0.0482 off_e=+0.0609 nose_z=+0.3856
2026-09-01 09:38:09,494 [INFO] core.mission.gorev3_pickup: [KANCA_IZ] t=21.17 alt=0.314 off_n=-0.0877 off_e=+0.0363 nose_z=+0.3748
2026-09-01 09:38:09,602 [INFO] core.mission.gorev3_pickup: [KANCA_IZ] t=21.27 alt=0.314 off_n=-0.1256 off_e=-0.0094 nose_z=+0.3746
QGC port check failed, reporting UNKNOWN: (pid=34118)
2026-09-01 09:38:09,712 [INFO] core.mission.gorev3_pickup: [KANCA_IZ] t=21.38 alt=0.314 off_n=-0.1331 off_e=-0.0371 nose_z=+0.3789
2026-09-01 09:38:09,822 [INFO] core.mission.gorev3_pickup: [KANCA_IZ] t=21.49 alt=0.315 off_n=-0.1145 off_e=-0.0417 nose_z=+0.3771
2026-09-01 09:38:09,931 [INFO] core.mission.gorev3_pickup: [KANCA_IZ] t=21.60 alt=0.316 off_n=-0.0877 off_e=-0.0233 nose_z=+0.3736
2026-09-01 09:38:10,041 [INFO] core.mission.gorev3_pickup: [KANCA_IZ] t=21.71 alt=0.318 off_n=-0.0630 off_e=+0.0080 nose_z=+0.3746
2026-09-01 09:38:10,151 [INFO] core.mission.gorev3_pickup: [KANCA_IZ] t=21.82 alt=0.319 off_n=-0.0583 off_e=+0.0300 nose_z=+0.3776
2026-09-01 09:38:10,260 [INFO] core.mission.gorev3_pickup: [KANCA_IZ] t=21.93 alt=0.320 off_n=-0.0705 off_e=+0.0311 nose_z=+0.3767
2026-09-01 09:38:10,369 [INFO] core.mission.gorev3_pickup: [KANCA_IZ] t=22.04 alt=0.322 off_n=-0.0926 off_e=+0.0148 nose_z=+0.3745
2026-09-01 09:38:10,426 [INFO] gz_system.main_gz: Dashboard paint loop: 0.0 FPS (main thread)
2026-09-01 09:38:10,480 [INFO] core.mission.gorev3_pickup: [KANCA_IZ] t=22.15 alt=0.324 off_n=-0.1077 off_e=-0.0051 nose_z=+0.3748
2026-09-01 09:38:10,590 [INFO] core.mission.gorev3_pickup: [KANCA_IZ] t=22.26 alt=0.325 off_n=-0.1119 off_e=-0.0216 nose_z=+0.3759
2026-09-01 09:38:10,699 [INFO] core.mission.gorev3_pickup: [KANCA_IZ] t=22.37 alt=0.326 off_n=-0.1038 off_e=-0.0229 nose_z=+0.3750
2026-09-01 09:38:10,809 [INFO] core.mission.gorev3_pickup: [KANCA_IZ] t=22.48 alt=0.325 off_n=-0.0876 off_e=-0.0109 nose_z=+0.3734
2026-09-01 09:38:10,919 [INFO] core.mission.gorev3_pickup: [KANCA_IZ] t=22.59 alt=0.325 off_n=-0.0768 off_e=+0.0034 nose_z=+0.3734
2026-09-01 09:38:11,028 [INFO] core.mission.gorev3_pickup: [KANCA_IZ] t=22.70 alt=0.326 off_n=-0.0739 off_e=+0.0153 nose_z=+0.3739
2026-09-01 09:38:11,139 [INFO] core.mission.gorev3_pickup: [KANCA_IZ] t=22.81 alt=0.327 off_n=-0.0798 off_e=+0.0161 nose_z=+0.3735
2026-09-01 09:38:11,248 [INFO] core.mission.gorev3_pickup: [KANCA_IZ] t=22.92 alt=0.328 off_n=-0.0914 off_e=+0.0072 nose_z=+0.3726
2026-09-01 09:38:11,357 [INFO] core.mission.gorev3_pickup: [KANCA_IZ] t=23.03 alt=0.330 off_n=-0.0992 off_e=-0.0032 nose_z=+0.3724
2026-09-01 09:38:11,465 [INFO] core.mission.gorev3_pickup: [KANCA_IZ] t=23.14 alt=0.331 off_n=-0.1017 off_e=-0.0108 nose_z=+0.3722
2026-09-01 09:38:11,575 [INFO] core.mission.gorev3_pickup: [KANCA_IZ] t=23.25 alt=0.333 off_n=-0.0972 off_e=-0.0122 nose_z=+0.3713
QGC port check failed, reporting UNKNOWN: (pid=34118)
2026-09-01 09:38:11,684 [INFO] core.mission.gorev3_pickup: [KANCA_IZ] t=23.36 alt=0.334 off_n=-0.0903 off_e=-0.0073 nose_z=+0.3701
2026-09-01 09:38:11,793 [INFO] core.mission.gorev3_pickup: [KANCA_IZ] t=23.47 alt=0.332 off_n=-0.0837 off_e=+0.0010 nose_z=+0.3691
2026-09-01 09:38:11,904 [INFO] core.mission.gorev3_pickup: [KANCA_IZ] t=23.58 alt=0.330 off_n=-0.0817 off_e=+0.0074 nose_z=+0.3682
2026-09-01 09:38:12,013 [INFO] core.mission.gorev3_pickup: [KANCA_IZ] t=23.69 alt=0.328 off_n=-0.0844 off_e=+0.0081 nose_z=+0.3674
2026-09-01 09:38:12,122 [INFO] core.mission.gorev3_pickup: [KANCA_IZ] t=23.79 alt=0.326 off_n=-0.0903 off_e=+0.0040 nose_z=+0.3666
2026-09-01 09:38:12,232 [INFO] core.mission.gorev3_pickup: [KANCA_IZ] t=23.90 alt=0.324 off_n=-0.0945 off_e=-0.0014 nose_z=+0.3664
2026-09-01 09:38:12,341 [INFO] core.mission.gorev3_pickup: [KANCA_IZ] t=24.01 alt=0.322 off_n=-0.0959 off_e=-0.0061 nose_z=+0.3668
2026-09-01 09:38:12,451 [INFO] core.detection.vision_runtime: [VISION] detect() calisiyor -- bu karede 1 tespit: ['KIRMIZI_DIKDORTGEN']
2026-09-01 09:38:12,451 [INFO] core.mission.gorev3_pickup: [KANCA_IZ] t=24.12 alt=0.320 off_n=-0.0940 off_e=-0.0066 nose_z=+0.3674
2026-09-01 09:38:12,545 [INFO] core.mission.gorev3_pickup: [SON_DUZELTME] 2/6 yanal 58.8 mm -> (kuzey +0.022, dogu +0.020)  | kanca_ofset=(-0.0898, -0.0036) arac_ned=(118.9808, 3.3020) kanca_mutlak=(118.8910, 3.2984)
2026-09-01 09:38:12,562 [INFO] core.mission.gorev3_pickup: [KANCA_IZ] t=24.23 alt=0.319 off_n=-0.0898 off_e=-0.0036 nose_z=+0.3684
2026-09-01 09:38:12,672 [INFO] core.mission.gorev3_pickup: [KANCA_IZ] t=24.34 alt=0.318 off_n=-0.0866 off_e=+0.0005 nose_z=+0.3697
2026-09-01 09:38:12,781 [INFO] core.mission.gorev3_pickup: [KANCA_IZ] t=24.45 alt=0.318 off_n=-0.0854 off_e=+0.0041 nose_z=+0.3717
2026-09-01 09:38:12,890 [INFO] core.mission.gorev3_pickup: [KANCA_IZ] t=24.56 alt=0.318 off_n=-0.0869 off_e=+0.0043 nose_z=+0.3733
2026-09-01 09:38:12,999 [INFO] core.mission.gorev3_pickup: [KANCA_IZ] t=24.67 alt=0.319 off_n=-0.0903 off_e=+0.0015 nose_z=+0.3753
2026-09-01 09:38:13,108 [INFO] core.mission.gorev3_pickup: [KANCA_IZ] t=24.78 alt=0.320 off_n=-0.0927 off_e=-0.0016 nose_z=+0.3770
2026-09-01 09:38:13,218 [INFO] core.mission.gorev3_pickup: [KANCA_IZ] t=24.89 alt=0.321 off_n=-0.0934 off_e=-0.0040 nose_z=+0.3789
2026-09-01 09:38:13,327 [INFO] core.mission.gorev3_pickup: [KANCA_IZ] t=25.00 alt=0.323 off_n=-0.0922 off_e=-0.0039 nose_z=+0.3803
2026-09-01 09:38:13,436 [INFO] core.mission.gorev3_pickup: [KANCA_IZ] t=25.11 alt=0.325 off_n=-0.0895 off_e=-0.0017 nose_z=+0.3818
2026-09-01 09:38:13,546 [INFO] core.mission.gorev3_pickup: [KANCA_IZ] t=25.22 alt=0.326 off_n=-0.0878 off_e=+0.0006 nose_z=+0.3829
2026-09-01 09:38:13,655 [INFO] core.mission.gorev3_pickup: [KANCA_IZ] t=25.33 alt=0.328 off_n=-0.0873 off_e=+0.0023 nose_z=+0.3839
QGC port check failed, reporting UNKNOWN: (pid=34118)
2026-09-01 09:38:13,764 [INFO] core.mission.gorev3_pickup: [KANCA_IZ] t=25.44 alt=0.330 off_n=-0.0882 off_e=+0.0023 nose_z=+0.3846
2026-09-01 09:38:13,874 [INFO] core.mission.gorev3_pickup: [KANCA_IZ] t=25.55 alt=0.332 off_n=-0.0898 off_e=+0.0010 nose_z=+0.3851
2026-09-01 09:38:13,984 [INFO] core.mission.gorev3_pickup: [KANCA_IZ] t=25.66 alt=0.332 off_n=-0.0914 off_e=-0.0010 nose_z=+0.3854
2026-09-01 09:38:14,092 [INFO] core.mission.gorev3_pickup: [KANCA_IZ] t=25.76 alt=0.334 off_n=-0.0918 off_e=-0.0022 nose_z=+0.3855
2026-09-01 09:38:14,202 [INFO] core.mission.gorev3_pickup: [KANCA_IZ] t=25.87 alt=0.335 off_n=-0.0912 off_e=-0.0024 nose_z=+0.3855
2026-09-01 09:38:14,312 [INFO] core.mission.gorev3_pickup: [KANCA_IZ] t=25.98 alt=0.336 off_n=-0.0901 off_e=-0.0016 nose_z=+0.3853
2026-09-01 09:38:14,421 [INFO] core.mission.gorev3_pickup: [KANCA_IZ] t=26.09 alt=0.338 off_n=-0.0889 off_e=-0.0002 nose_z=+0.3849
2026-09-01 09:38:14,530 [INFO] core.mission.gorev3_pickup: [KANCA_IZ] t=26.20 alt=0.339 off_n=-0.0886 off_e=+0.0007 nose_z=+0.3843
2026-09-01 09:38:14,640 [INFO] core.mission.gorev3_pickup: [KANCA_IZ] t=26.31 alt=0.340 off_n=-0.0890 off_e=+0.0008 nose_z=+0.3834
2026-09-01 09:38:14,748 [INFO] core.mission.gorev3_pickup: [KANCA_IZ] t=26.42 alt=0.341 off_n=-0.0897 off_e=+0.0002 nose_z=+0.3824
2026-09-01 09:38:14,857 [INFO] core.mission.gorev3_pickup: [KANCA_IZ] t=26.53 alt=0.340 off_n=-0.0906 off_e=-0.0008 nose_z=+0.3811
2026-09-01 09:38:14,967 [INFO] core.mission.gorev3_pickup: [KANCA_IZ] t=26.64 alt=0.339 off_n=-0.0910 off_e=-0.0015 nose_z=+0.3800
2026-09-01 09:38:15,076 [INFO] core.mission.gorev3_pickup: [KANCA_IZ] t=26.75 alt=0.338 off_n=-0.0907 off_e=-0.0017 nose_z=+0.3789
2026-09-01 09:38:15,077 [INFO] core.mission.gorev3_pickup: [SON_DUZELTME] 3/6 yanal 34.8 mm -> (kuzey +0.017, dogu -0.004)  | kanca_ofset=(-0.0907, -0.0017) arac_ned=(118.9913, 3.3482) kanca_mutlak=(118.9006, 3.3465)
2026-09-01 09:38:15,185 [INFO] core.mission.gorev3_pickup: [KANCA_IZ] t=26.86 alt=0.336 off_n=-0.0901 off_e=-0.0012 nose_z=+0.3780
2026-09-01 09:38:15,294 [INFO] core.mission.gorev3_pickup: [KANCA_IZ] t=26.97 alt=0.334 off_n=-0.0895 off_e=-0.0004 nose_z=+0.3774
2026-09-01 09:38:15,403 [INFO] core.mission.gorev3_pickup: [KANCA_IZ] t=27.08 alt=0.333 off_n=-0.0892 off_e=+0.0001 nose_z=+0.3769
2026-09-01 09:38:15,432 [INFO] gz_system.main_gz: Dashboard paint loop: 0.0 FPS (main thread)
2026-09-01 09:38:15,512 [INFO] core.detection.vision_runtime: [VISION] detect() calisiyor -- bu karede 1 tespit: ['KIRMIZI_DIKDORTGEN']
2026-09-01 09:38:15,512 [INFO] core.mission.gorev3_pickup: [KANCA_IZ] t=27.18 alt=0.332 off_n=-0.0894 off_e=+0.0000 nose_z=+0.3767
2026-09-01 09:38:15,621 [INFO] core.mission.gorev3_pickup: [KANCA_IZ] t=27.29 alt=0.330 off_n=-0.0898 off_e=-0.0005 nose_z=+0.3767
QGC port check failed, reporting UNKNOWN: (pid=34118)
2026-09-01 09:38:15,729 [INFO] core.mission.gorev3_pickup: [KANCA_IZ] t=27.40 alt=0.328 off_n=-0.0903 off_e=-0.0010 nose_z=+0.3770
2026-09-01 09:38:15,840 [INFO] core.mission.gorev3_pickup: [KANCA_IZ] t=27.51 alt=0.327 off_n=-0.0905 off_e=-0.0012 nose_z=+0.3776
2026-09-01 09:38:15,949 [INFO] core.mission.gorev3_pickup: [KANCA_IZ] t=27.62 alt=0.327 off_n=-0.0904 off_e=-0.0011 nose_z=+0.3783
2026-09-01 09:38:16,058 [INFO] core.mission.gorev3_pickup: [KANCA_IZ] t=27.73 alt=0.327 off_n=-0.0901 off_e=-0.0006 nose_z=+0.3793
2026-09-01 09:38:16,167 [INFO] core.mission.gorev3_pickup: [KANCA_IZ] t=27.84 alt=0.326 off_n=-0.0898 off_e=-0.0002 nose_z=+0.3802
2026-09-01 09:38:16,276 [INFO] core.mission.gorev3_pickup: [KANCA_IZ] t=27.95 alt=0.327 off_n=-0.0897 off_e=-0.0000 nose_z=+0.3814
2026-09-01 09:38:16,385 [INFO] core.mission.gorev3_pickup: [KANCA_IZ] t=28.06 alt=0.328 off_n=-0.0897 off_e=-0.0001 nose_z=+0.3823
2026-09-01 09:38:16,495 [INFO] core.mission.gorev3_pickup: [KANCA_IZ] t=28.17 alt=0.331 off_n=-0.0899 off_e=-0.0005 nose_z=+0.3833
2026-09-01 09:38:16,605 [INFO] core.mission.gorev3_pickup: [KANCA_IZ] t=28.28 alt=0.333 off_n=-0.0902 off_e=-0.0008 nose_z=+0.3840
2026-09-01 09:38:16,713 [INFO] core.mission.gorev3_pickup: [KANCA_IZ] t=28.39 alt=0.334 off_n=-0.0903 off_e=-0.0009 nose_z=+0.3846
2026-09-01 09:38:16,822 [INFO] core.mission.gorev3_pickup: [KANCA_IZ] t=28.49 alt=0.335 off_n=-0.0902 off_e=-0.0008 nose_z=+0.3849
2026-09-01 09:38:16,930 [INFO] core.mission.gorev3_pickup: [KANCA_IZ] t=28.60 alt=0.336 off_n=-0.0900 off_e=-0.0005 nose_z=+0.3850
2026-09-01 09:38:17,039 [INFO] core.mission.gorev3_pickup: [KANCA_IZ] t=28.71 alt=0.336 off_n=-0.0899 off_e=-0.0002 nose_z=+0.3850
2026-09-01 09:38:17,150 [INFO] core.mission.gorev3_pickup: [KANCA_IZ] t=28.82 alt=0.337 off_n=-0.0898 off_e=-0.0001 nose_z=+0.3848
2026-09-01 09:38:17,259 [INFO] core.mission.gorev3_pickup: [KANCA_IZ] t=28.93 alt=0.336 off_n=-0.0898 off_e=-0.0002 nose_z=+0.3846
2026-09-01 09:38:17,368 [INFO] core.mission.gorev3_pickup: [KANCA_IZ] t=29.04 alt=0.334 off_n=-0.0900 off_e=-0.0004 nose_z=+0.3843
2026-09-01 09:38:17,477 [INFO] core.mission.gorev3_pickup: [KANCA_IZ] t=29.15 alt=0.333 off_n=-0.0901 off_e=-0.0006 nose_z=+0.3843
2026-09-01 09:38:17,587 [INFO] core.mission.gorev3_pickup: [KANCA_IZ] t=29.26 alt=0.331 off_n=-0.0902 off_e=-0.0008 nose_z=+0.3844
2026-09-01 09:38:17,587 [INFO] core.mission.gorev3_pickup: [SON_DUZELTME] 4/6 yanal 11.3 mm -> (kuzey +0.005, dogu +0.002)  | kanca_ofset=(-0.0902, -0.0008) arac_ned=(119.0140, 3.3347) kanca_mutlak=(118.9238, 3.3339)
QGC port check failed, reporting UNKNOWN: (pid=34118)
2026-09-01 09:38:17,695 [INFO] core.mission.gorev3_pickup: [KANCA_IZ] t=29.37 alt=0.326 off_n=-0.0901 off_e=-0.0007 nose_z=+0.3850
2026-09-01 09:38:17,806 [INFO] core.mission.gorev3_pickup: [KANCA_IZ] t=29.48 alt=0.324 off_n=-0.0898 off_e=-0.0007 nose_z=+0.3858
2026-09-01 09:38:17,916 [INFO] core.mission.gorev3_pickup: [KANCA_IZ] t=29.59 alt=0.323 off_n=-0.0898 off_e=-0.0005 nose_z=+0.3872
2026-09-01 09:38:18,024 [INFO] core.mission.gorev3_pickup: [KANCA_IZ] t=29.70 alt=0.323 off_n=-0.0898 off_e=-0.0004 nose_z=+0.3887
2026-09-01 09:38:18,134 [INFO] core.mission.gorev3_pickup: [KANCA_IZ] t=29.81 alt=0.323 off_n=-0.0900 off_e=-0.0003 nose_z=+0.3906
2026-09-01 09:38:18,243 [INFO] core.mission.gorev3_pickup: [KANCA_IZ] t=29.92 alt=0.324 off_n=-0.0901 off_e=-0.0003 nose_z=+0.3922
2026-09-01 09:38:18,352 [INFO] core.mission.gorev3_pickup: [KANCA_IZ] t=30.02 alt=0.324 off_n=-0.0901 off_e=-0.0005 nose_z=+0.3941
2026-09-01 09:38:18,461 [INFO] core.mission.gorev3_pickup: [KANCA_IZ] t=30.13 alt=0.324 off_n=-0.0900 off_e=-0.0007 nose_z=+0.3958
2026-09-01 09:38:18,570 [INFO] core.detection.vision_runtime: [VISION] detect() calisiyor -- bu karede 1 tespit: ['KIRMIZI_DIKDORTGEN']
2026-09-01 09:38:18,570 [INFO] core.mission.gorev3_pickup: [KANCA_IZ] t=30.24 alt=0.324 off_n=-0.0899 off_e=-0.0008 nose_z=+0.3978
2026-09-01 09:38:18,679 [INFO] core.mission.gorev3_pickup: [KANCA_IZ] t=30.35 alt=0.325 off_n=-0.0898 off_e=-0.0008 nose_z=+0.3994
2026-09-01 09:38:18,789 [INFO] core.mission.gorev3_pickup: [KANCA_IZ] t=30.46 alt=0.325 off_n=-0.0898 off_e=-0.0007 nose_z=+0.4014
2026-09-01 09:38:18,898 [INFO] core.mission.gorev3_pickup: [KANCA_IZ] t=30.57 alt=0.328 off_n=-0.0898 off_e=-0.0005 nose_z=+0.4030
2026-09-01 09:38:19,007 [INFO] core.mission.gorev3_pickup: [KANCA_IZ] t=30.68 alt=0.329 off_n=-0.0899 off_e=-0.0004 nose_z=+0.4048
2026-09-01 09:38:19,117 [INFO] core.mission.gorev3_pickup: [KANCA_IZ] t=30.79 alt=0.330 off_n=-0.0900 off_e=-0.0004 nose_z=+0.4062
2026-09-01 09:38:19,225 [INFO] core.mission.gorev3_pickup: [KANCA_IZ] t=30.90 alt=0.331 off_n=-0.0900 off_e=-0.0005 nose_z=+0.4078
2026-09-01 09:38:19,334 [INFO] core.mission.gorev3_pickup: [KANCA_IZ] t=31.01 alt=0.332 off_n=-0.0900 off_e=-0.0006 nose_z=+0.4089
2026-09-01 09:38:19,443 [INFO] core.mission.gorev3_pickup: [KANCA_IZ] t=31.12 alt=0.333 off_n=-0.0899 off_e=-0.0007 nose_z=+0.4102
2026-09-01 09:38:19,552 [INFO] core.mission.gorev3_pickup: [KANCA_IZ] t=31.22 alt=0.334 off_n=-0.0898 off_e=-0.0007 nose_z=+0.4110
2026-09-01 09:38:19,661 [INFO] core.mission.gorev3_pickup: [KANCA_IZ] t=31.33 alt=0.334 off_n=-0.0898 off_e=-0.0005 nose_z=+0.4120
QGC port check failed, reporting UNKNOWN: (pid=34118)
2026-09-01 09:38:19,770 [INFO] core.mission.gorev3_pickup: [KANCA_IZ] t=31.44 alt=0.335 off_n=-0.0899 off_e=-0.0004 nose_z=+0.4126
2026-09-01 09:38:19,879 [INFO] core.mission.gorev3_pickup: [KANCA_IZ] t=31.55 alt=0.336 off_n=-0.0900 off_e=-0.0003 nose_z=+0.4133
2026-09-01 09:38:19,989 [INFO] core.mission.gorev3_pickup: [KANCA_IZ] t=31.66 alt=0.336 off_n=-0.0900 off_e=-0.0003 nose_z=+0.4138
2026-09-01 09:38:20,098 [INFO] core.mission.gorev3_pickup: [KANCA_IZ] t=31.77 alt=0.334 off_n=-0.0900 off_e=-0.0005 nose_z=+0.4143
2026-09-01 09:38:20,098 [INFO] core.mission.gorev3_pickup: [SON_DUZELTME] 5/6 yanal 20.9 mm -> (kuzey +0.008, dogu +0.007)  | kanca_ofset=(-0.0900, -0.0005) arac_ned=(119.0090, 3.3244) kanca_mutlak=(118.9190, 3.3239)
2026-09-01 09:38:20,208 [INFO] core.mission.gorev3_pickup: [KANCA_IZ] t=31.88 alt=0.333 off_n=-0.0899 off_e=-0.0006 nose_z=+0.4149
2026-09-01 09:38:20,320 [INFO] core.mission.gorev3_pickup: [KANCA_IZ] t=31.99 alt=0.332 off_n=-0.0898 off_e=-0.0008 nose_z=+0.4155
2026-09-01 09:38:20,429 [INFO] core.mission.gorev3_pickup: [KANCA_IZ] t=32.10 alt=0.332 off_n=-0.0898 off_e=-0.0007 nose_z=+0.4166
2026-09-01 09:38:20,432 [INFO] gz_system.main_gz: Dashboard paint loop: 0.0 FPS (main thread)
2026-09-01 09:38:20,537 [INFO] core.mission.gorev3_pickup: [KANCA_IZ] t=32.21 alt=0.332 off_n=-0.0899 off_e=-0.0006 nose_z=+0.4177
2026-09-01 09:38:20,646 [INFO] core.mission.gorev3_pickup: [KANCA_IZ] t=32.32 alt=0.334 off_n=-0.0900 off_e=-0.0006 nose_z=+0.4186
2026-09-01 09:38:20,755 [INFO] core.mission.gorev3_pickup: [KANCA_IZ] t=32.43 alt=0.336 off_n=-0.0901 off_e=-0.0005 nose_z=+0.4196
2026-09-01 09:38:20,865 [INFO] core.mission.gorev3_pickup: [KANCA_IZ] t=32.54 alt=0.338 off_n=-0.0901 off_e=-0.0005 nose_z=+0.4203
2026-09-01 09:38:20,974 [INFO] core.mission.gorev3_pickup: [KANCA_IZ] t=32.65 alt=0.341 off_n=-0.0901 off_e=-0.0005 nose_z=+0.4207
2026-09-01 09:38:21,084 [INFO] core.mission.gorev3_pickup: [KANCA_IZ] t=32.76 alt=0.343 off_n=-0.0901 off_e=-0.0006 nose_z=+0.4206
2026-09-01 09:38:21,194 [INFO] core.mission.gorev3_pickup: [KANCA_IZ] t=32.87 alt=0.344 off_n=-0.0901 off_e=-0.0006 nose_z=+0.4203
2026-09-01 09:38:21,303 [INFO] core.mission.gorev3_pickup: [KANCA_IZ] t=32.98 alt=0.344 off_n=-0.0901 off_e=-0.0006 nose_z=+0.4199
2026-09-01 09:38:21,412 [INFO] core.mission.gorev3_pickup: [KANCA_IZ] t=33.09 alt=0.344 off_n=-0.0900 off_e=-0.0006 nose_z=+0.4193
2026-09-01 09:38:21,521 [INFO] core.mission.gorev3_pickup: [KANCA_IZ] t=33.19 alt=0.345 off_n=-0.0901 off_e=-0.0006 nose_z=+0.4187
2026-09-01 09:38:21,631 [INFO] core.detection.vision_runtime: [VISION] detect() calisiyor -- bu karede 1 tespit: ['KIRMIZI_DIKDORTGEN']
2026-09-01 09:38:21,631 [INFO] core.mission.gorev3_pickup: [KANCA_IZ] t=33.30 alt=0.347 off_n=-0.0902 off_e=-0.0006 nose_z=+0.4178
QGC port check failed, reporting UNKNOWN: (pid=34118)
2026-09-01 09:38:21,741 [INFO] core.mission.gorev3_pickup: [KANCA_IZ] t=33.41 alt=0.349 off_n=-0.0902 off_e=-0.0006 nose_z=+0.4169
2026-09-01 09:38:21,850 [INFO] core.mission.gorev3_pickup: [KANCA_IZ] t=33.52 alt=0.351 off_n=-0.0903 off_e=-0.0006 nose_z=+0.4153
2026-09-01 09:38:21,961 [INFO] core.mission.gorev3_pickup: [KANCA_IZ] t=33.63 alt=0.352 off_n=-0.0902 off_e=-0.0006 nose_z=+0.4138
2026-09-01 09:38:22,071 [INFO] core.mission.gorev3_pickup: [KANCA_IZ] t=33.74 alt=0.352 off_n=-0.0902 off_e=-0.0006 nose_z=+0.4118
2026-09-01 09:38:22,181 [INFO] core.mission.gorev3_pickup: [KANCA_IZ] t=33.85 alt=0.353 off_n=-0.0901 off_e=-0.0005 nose_z=+0.4099
2026-09-01 09:38:22,291 [INFO] core.mission.gorev3_pickup: [KANCA_IZ] t=33.96 alt=0.354 off_n=-0.0901 off_e=-0.0005 nose_z=+0.4077
2026-09-01 09:38:22,400 [INFO] core.mission.gorev3_pickup: [KANCA_IZ] t=34.07 alt=0.355 off_n=-0.0901 off_e=-0.0004 nose_z=+0.4052
2026-09-01 09:38:22,509 [INFO] core.mission.gorev3_pickup: [KANCA_IZ] t=34.18 alt=0.356 off_n=-0.0901 off_e=-0.0003 nose_z=+0.4029
2026-09-01 09:38:22,618 [INFO] core.mission.gorev3_pickup: [KANCA_IZ] t=34.29 alt=0.356 off_n=-0.0900 off_e=-0.0003 nose_z=+0.4002
2026-09-01 09:38:22,618 [INFO] core.mission.gorev3_pickup: [SON_DUZELTME] 6/6 yanal 25.7 mm -> (kuzey -0.002, dogu +0.013)  | kanca_ofset=(-0.0900, -0.0003) arac_ned=(119.0290, 3.3131) kanca_mutlak=(118.9390, 3.3128)
2026-09-01 09:38:22,728 [INFO] core.mission.gorev3_pickup: [KANCA_IZ] t=34.40 alt=0.356 off_n=-0.0900 off_e=-0.0004 nose_z=+0.3978
2026-09-01 09:38:22,836 [INFO] core.mission.gorev3_pickup: [KANCA_IZ] t=34.51 alt=0.356 off_n=-0.0898 off_e=-0.0006 nose_z=+0.3946
2026-09-01 09:38:22,945 [INFO] core.mission.gorev3_pickup: [KANCA_IZ] t=34.62 alt=0.356 off_n=-0.0899 off_e=-0.0006 nose_z=+0.3919
2026-09-01 09:38:23,055 [INFO] core.mission.gorev3_pickup: [KANCA_IZ] t=34.73 alt=0.355 off_n=-0.0902 off_e=-0.0005 nose_z=+0.3884
2026-09-01 09:38:23,163 [INFO] core.mission.gorev3_pickup: [KANCA_IZ] t=34.84 alt=0.355 off_n=-0.0904 off_e=-0.0004 nose_z=+0.3855
2026-09-01 09:38:23,271 [INFO] core.mission.gorev3_pickup: [KANCA_IZ] t=34.94 alt=0.354 off_n=-0.0903 off_e=-0.0003 nose_z=+0.3819
2026-09-01 09:38:23,381 [INFO] core.mission.gorev3_pickup: [KANCA_IZ] t=35.05 alt=0.353 off_n=-0.0901 off_e=-0.0003 nose_z=+0.3791
2026-09-01 09:38:23,491 [INFO] core.mission.gorev3_pickup: [KANCA_IZ] t=35.16 alt=0.352 off_n=-0.0897 off_e=-0.0003 nose_z=+0.3756
2026-09-01 09:38:23,599 [INFO] core.mission.gorev3_pickup: [KANCA_IZ] t=35.27 alt=0.351 off_n=-0.0896 off_e=-0.0003 nose_z=+0.3727
QGC port check failed, reporting UNKNOWN: (pid=34118)
2026-09-01 09:38:23,709 [INFO] core.mission.gorev3_pickup: [KANCA_IZ] t=35.38 alt=0.351 off_n=-0.0896 off_e=-0.0004 nose_z=+0.3695
2026-09-01 09:38:23,817 [INFO] core.mission.gorev3_pickup: [KANCA_IZ] t=35.49 alt=0.350 off_n=-0.0898 off_e=-0.0004 nose_z=+0.3668
2026-09-01 09:38:23,926 [INFO] core.mission.gorev3_pickup: [KANCA_IZ] t=35.60 alt=0.348 off_n=-0.0900 off_e=-0.0005 nose_z=+0.3637
2026-09-01 09:38:24,034 [INFO] core.mission.gorev3_pickup: [KANCA_IZ] t=35.71 alt=0.346 off_n=-0.0901 off_e=-0.0005 nose_z=+0.3608
2026-09-01 09:38:24,143 [INFO] core.mission.gorev3_pickup: [KANCA_IZ] t=35.82 alt=0.344 off_n=-0.0900 off_e=-0.0005 nose_z=+0.3586
2026-09-01 09:38:24,252 [INFO] core.mission.gorev3_pickup: [KANCA_IZ] t=35.92 alt=0.343 off_n=-0.0898 off_e=-0.0005 nose_z=+0.3563
2026-09-01 09:38:24,361 [INFO] core.mission.gorev3_pickup: [KANCA_IZ] t=36.03 alt=0.341 off_n=-0.0898 off_e=-0.0004 nose_z=+0.3546
2026-09-01 09:38:24,470 [INFO] core.mission.gorev3_pickup: [KANCA_IZ] t=36.14 alt=0.339 off_n=-0.0898 off_e=-0.0003 nose_z=+0.3528
2026-09-01 09:38:24,580 [INFO] core.mission.gorev3_pickup: [KANCA_IZ] t=36.25 alt=0.338 off_n=-0.0899 off_e=-0.0003 nose_z=+0.3514
2026-09-01 09:38:24,690 [INFO] core.detection.vision_runtime: [VISION] detect() calisiyor -- bu karede 1 tespit: ['KIRMIZI_DIKDORTGEN']
2026-09-01 09:38:24,690 [INFO] core.mission.gorev3_pickup: [KANCA_IZ] t=36.36 alt=0.334 off_n=-0.0900 off_e=-0.0004 nose_z=+0.3502
2026-09-01 09:38:24,799 [INFO] core.mission.gorev3_pickup: [KANCA_IZ] t=36.47 alt=0.333 off_n=-0.0900 off_e=-0.0005 nose_z=+0.3492
2026-09-01 09:38:24,908 [INFO] core.mission.gorev3_pickup: [KANCA_IZ] t=36.58 alt=0.332 off_n=-0.0900 off_e=-0.0005 nose_z=+0.3484
2026-09-01 09:38:25,017 [INFO] core.mission.gorev3_pickup: [KANCA_IZ] t=36.69 alt=0.332 off_n=-0.0899 off_e=-0.0005 nose_z=+0.3478
2026-09-01 09:38:25,125 [INFO] core.mission.gorev3_pickup: [KANCA_IZ] t=36.80 alt=0.331 off_n=-0.0897 off_e=-0.0005 nose_z=+0.3472
2026-09-01 09:38:25,125 [WARNING] core.mission.gorev3_pickup: [SON_DUZELTME] butce doldu; son yanal 25.7 mm
2026-09-01 09:38:25,125 [INFO] core.mission.gorev3_pickup: [YENIDEN_HIZA] deneme 2 icin yeni yanal: 25.7 mm
2026-09-01 09:38:25,125 [INFO] gz_system.gz_payload_actuator: [HOOK] alma denemesi 2/3
2026-09-01 09:38:25,125 [INFO] gz_system.gz_payload_actuator: [HOOK] vinc salimi: 0.377 m  (irtifa=0.347 m, guverte=0.070, zincir ofseti=0.060, pay=0.040)
2026-09-01 09:38:25,125 [INFO] gz_system.gz_payload_actuator: [HOOK] vinc -> 0.38 m
I0901 09:38:25.126071 13398734 fork_posix.cc:71] Other threads are currently calling into gRPC, skipping fork() handlers
2026-09-01 09:38:25,236 [INFO] core.mission.gorev3_pickup: [KANCA_IZ] t=36.91 alt=0.331 off_n=-0.0898 off_e=-0.0005 nose_z=+0.3468
2026-09-01 09:38:25,345 [INFO] core.mission.gorev3_pickup: [KANCA_IZ] t=37.02 alt=0.332 off_n=-0.0901 off_e=-0.0005 nose_z=+0.3461
2026-09-01 09:38:25,432 [INFO] gz_system.main_gz: Dashboard paint loop: 0.0 FPS (main thread)
2026-09-01 09:38:25,453 [INFO] core.mission.gorev3_pickup: [KANCA_IZ] t=37.13 alt=0.332 off_n=-0.0902 off_e=-0.0005 nose_z=+0.3456
2026-09-01 09:38:25,561 [INFO] core.mission.gorev3_pickup: [KANCA_IZ] t=37.23 alt=0.332 off_n=-0.0900 off_e=-0.0004 nose_z=+0.3449
2026-09-01 09:38:25,671 [INFO] core.mission.gorev3_pickup: [KANCA_IZ] t=37.34 alt=0.332 off_n=-0.0898 off_e=-0.0004 nose_z=+0.3444
QGC port check failed, reporting UNKNOWN: (pid=34118)
2026-09-01 09:38:25,778 [INFO] core.mission.gorev3_pickup: [KANCA_IZ] t=37.45 alt=0.332 off_n=-0.0897 off_e=-0.0004 nose_z=+0.3438
2026-09-01 09:38:25,887 [INFO] core.mission.gorev3_pickup: [KANCA_IZ] t=37.56 alt=0.330 off_n=-0.0897 off_e=-0.0005 nose_z=+0.3434
2026-09-01 09:38:25,994 [INFO] core.mission.gorev3_pickup: [KANCA_IZ] t=37.67 alt=0.328 off_n=-0.0900 off_e=-0.0007 nose_z=+0.3432
2026-09-01 09:38:26,071 [INFO] gz_system.gz_payload_actuator: [HOOK] APPROACHING  lat=  51.2mm ins= -267.2mm tilt=  0.2deg v=  infm/s age=0.01s  [lateral(51.2mm>10.2mm), too_high(-267.2mm<-4.0mm), rel_speed(inf>0.05m/s)]
2026-09-01 09:38:26,102 [INFO] core.mission.gorev3_pickup: [KANCA_IZ] t=37.77 alt=0.327 off_n=-0.0901 off_e=-0.0008 nose_z=+0.3373
2026-09-01 09:38:26,210 [INFO] core.mission.gorev3_pickup: [KANCA_IZ] t=37.88 alt=0.327 off_n=-0.0903 off_e=-0.0007 nose_z=+0.2782
2026-09-01 09:38:26,318 [INFO] core.mission.gorev3_pickup: [KANCA_IZ] t=37.99 alt=0.328 off_n=-0.0908 off_e=-0.0005 nose_z=+0.2286
2026-09-01 09:38:26,426 [INFO] core.mission.gorev3_pickup: [KANCA_IZ] t=38.10 alt=0.328 off_n=-0.0909 off_e=-0.0002 nose_z=+0.1789
2026-09-01 09:38:26,534 [INFO] core.mission.gorev3_pickup: [KANCA_IZ] t=38.21 alt=0.327 off_n=-0.0905 off_e=+0.0001 nose_z=+0.1192
2026-09-01 09:38:26,642 [INFO] core.mission.gorev3_pickup: [KANCA_IZ] t=38.31 alt=0.327 off_n=-0.0898 off_e=+0.0003 nose_z=+0.0695
2026-09-01 09:38:26,750 [INFO] core.mission.gorev3_pickup: [KANCA_IZ] t=38.42 alt=0.326 off_n=-0.0890 off_e=+0.0003 nose_z=+0.0199
2026-09-01 09:38:26,857 [INFO] core.mission.gorev3_pickup: [KANCA_IZ] t=38.53 alt=0.326 off_n=-0.0869 off_e=+0.0007 nose_z=+0.0059
2026-09-01 09:38:26,966 [INFO] core.mission.gorev3_pickup: [KANCA_IZ] t=38.64 alt=0.327 off_n=-0.0830 off_e=+0.0019 nose_z=+0.0064
2026-09-01 09:38:27,075 [INFO] core.mission.gorev3_pickup: [KANCA_IZ] t=38.75 alt=0.332 off_n=-0.0861 off_e=+0.0011 nose_z=+0.0094
2026-09-01 09:38:27,075 [INFO] gz_system.gz_payload_actuator: [HOOK] APPROACHING  lat=  47.1mm ins=  +66.6mm tilt=  1.0deg v=0.046m/s age=0.01s  [lateral(47.1mm>10.2mm), too_deep(+66.6mm>+19.9mm)]
2026-09-01 09:38:27,185 [INFO] core.mission.gorev3_pickup: [KANCA_IZ] t=38.86 alt=0.335 off_n=-0.0912 off_e=-0.0002 nose_z=+0.0098
2026-09-01 09:38:27,293 [INFO] core.mission.gorev3_pickup: [KANCA_IZ] t=38.97 alt=0.335 off_n=-0.0946 off_e=-0.0016 nose_z=+0.0094
2026-09-01 09:38:27,402 [INFO] core.mission.gorev3_pickup: [KANCA_IZ] t=39.08 alt=0.334 off_n=-0.0940 off_e=-0.0016 nose_z=+0.0087
2026-09-01 09:38:27,511 [INFO] core.mission.gorev3_pickup: [KANCA_IZ] t=39.18 alt=0.334 off_n=-0.0912 off_e=+0.0005 nose_z=+0.0079
2026-09-01 09:38:27,620 [INFO] core.mission.gorev3_pickup: [KANCA_IZ] t=39.29 alt=0.334 off_n=-0.0887 off_e=+0.0024 nose_z=+0.0072
QGC port check failed, reporting UNKNOWN: (pid=34118)
2026-09-01 09:38:27,729 [INFO] core.detection.vision_runtime: [VISION] detect() calisiyor -- bu karede 1 tespit: ['KIRMIZI_DIKDORTGEN']
2026-09-01 09:38:27,729 [INFO] core.mission.gorev3_pickup: [KANCA_IZ] t=39.40 alt=0.334 off_n=-0.0858 off_e=+0.0047 nose_z=+0.0064
2026-09-01 09:38:27,839 [INFO] core.mission.gorev3_pickup: [KANCA_IZ] t=39.51 alt=0.335 off_n=-0.0832 off_e=+0.0063 nose_z=+0.0064
2026-09-01 09:38:27,947 [INFO] core.mission.gorev3_pickup: [KANCA_IZ] t=39.62 alt=0.337 off_n=-0.0803 off_e=+0.0083 nose_z=+0.0066
2026-09-01 09:38:28,057 [INFO] core.mission.gorev3_pickup: [KANCA_IZ] t=39.73 alt=0.339 off_n=-0.0780 off_e=+0.0101 nose_z=+0.0066
2026-09-01 09:38:28,108 [INFO] gz_system.gz_payload_actuator: [HOOK] APPROACHING  lat=  38.4mm ins=  +69.3mm tilt=  2.7deg v=0.003m/s age=0.02s  [lateral(38.4mm>10.2mm), too_deep(+69.3mm>+19.9mm)]
2026-09-01 09:38:28,165 [INFO] core.mission.gorev3_pickup: [KANCA_IZ] t=39.84 alt=0.340 off_n=-0.0755 off_e=+0.0123 nose_z=+0.0067
2026-09-01 09:38:28,275 [INFO] core.mission.gorev3_pickup: [KANCA_IZ] t=39.95 alt=0.342 off_n=-0.0736 off_e=+0.0142 nose_z=+0.0067
2026-09-01 09:38:28,383 [INFO] core.mission.gorev3_pickup: [KANCA_IZ] t=40.06 alt=0.343 off_n=-0.0718 off_e=+0.0167 nose_z=+0.0067
2026-09-01 09:38:28,492 [INFO] core.mission.gorev3_pickup: [KANCA_IZ] t=40.16 alt=0.347 off_n=-0.0707 off_e=+0.0186 nose_z=+0.0067
2026-09-01 09:38:28,601 [INFO] core.mission.gorev3_pickup: [KANCA_IZ] t=40.27 alt=0.348 off_n=-0.0696 off_e=+0.0208 nose_z=+0.0066
2026-09-01 09:38:28,710 [INFO] core.mission.gorev3_pickup: [KANCA_IZ] t=40.38 alt=0.349 off_n=-0.0689 off_e=+0.0223 nose_z=+0.0064
2026-09-01 09:38:28,819 [INFO] core.mission.gorev3_pickup: [KANCA_IZ] t=40.49 alt=0.350 off_n=-0.0682 off_e=+0.0241 nose_z=+0.0063
2026-09-01 09:38:28,928 [INFO] core.mission.gorev3_pickup: [KANCA_IZ] t=40.60 alt=0.351 off_n=-0.0676 off_e=+0.0254 nose_z=+0.0062
2026-09-01 09:38:29,037 [INFO] core.mission.gorev3_pickup: [KANCA_IZ] t=40.71 alt=0.351 off_n=-0.0670 off_e=+0.0266 nose_z=+0.0061
2026-09-01 09:38:29,146 [INFO] core.mission.gorev3_pickup: [KANCA_IZ] t=40.82 alt=0.351 off_n=-0.0663 off_e=+0.0274 nose_z=+0.0059
2026-09-01 09:38:29,146 [INFO] gz_system.gz_payload_actuator: [HOOK] APPROACHING  lat=  38.2mm ins=  +70.1mm tilt=  0.0deg v=0.002m/s age=0.03s  [lateral(38.2mm>10.2mm), too_deep(+70.1mm>+19.9mm)]
2026-09-01 09:38:29,256 [INFO] core.mission.gorev3_pickup: [KANCA_IZ] t=40.93 alt=0.350 off_n=-0.0654 off_e=+0.0280 nose_z=+0.0058
2026-09-01 09:38:29,366 [INFO] core.mission.gorev3_pickup: [KANCA_IZ] t=41.04 alt=0.349 off_n=-0.0647 off_e=+0.0281 nose_z=+0.0057
2026-09-01 09:38:29,474 [INFO] core.mission.gorev3_pickup: [KANCA_IZ] t=41.15 alt=0.347 off_n=-0.0637 off_e=+0.0275 nose_z=+0.0057
2026-09-01 09:38:29,584 [INFO] core.mission.gorev3_pickup: [KANCA_IZ] t=41.26 alt=0.346 off_n=-0.0627 off_e=+0.0263 nose_z=+0.0056
2026-09-01 09:38:29,693 [INFO] core.mission.gorev3_pickup: [KANCA_IZ] t=41.37 alt=0.343 off_n=-0.0614 off_e=+0.0244 nose_z=+0.0056
QGC port check failed, reporting UNKNOWN: (pid=34118)
2026-09-01 09:38:29,802 [INFO] core.mission.gorev3_pickup: [KANCA_IZ] t=41.47 alt=0.343 off_n=-0.0604 off_e=+0.0226 nose_z=+0.0056
2026-09-01 09:38:29,911 [INFO] core.mission.gorev3_pickup: [KANCA_IZ] t=41.58 alt=0.343 off_n=-0.0590 off_e=+0.0203 nose_z=+0.0056
2026-09-01 09:38:30,021 [INFO] core.mission.gorev3_pickup: [KANCA_IZ] t=41.69 alt=0.343 off_n=-0.0579 off_e=+0.0187 nose_z=+0.0056
2026-09-01 09:38:30,130 [INFO] core.mission.gorev3_pickup: [KANCA_IZ] t=41.80 alt=0.343 off_n=-0.0565 off_e=+0.0173 nose_z=+0.0057
2026-09-01 09:38:30,180 [INFO] gz_system.gz_payload_actuator: [HOOK] APPROACHING  lat=  38.2mm ins=  +70.3mm tilt=  0.0deg v=0.001m/s age=0.01s  [lateral(38.2mm>10.2mm), too_deep(+70.3mm>+19.9mm)]
2026-09-01 09:38:30,239 [INFO] core.mission.gorev3_pickup: [KANCA_IZ] t=41.91 alt=0.343 off_n=-0.0552 off_e=+0.0165 nose_z=+0.0058
2026-09-01 09:38:30,348 [INFO] core.mission.gorev3_pickup: [KANCA_IZ] t=42.02 alt=0.343 off_n=-0.0535 off_e=+0.0161 nose_z=+0.0059
2026-09-01 09:38:30,456 [INFO] core.mission.gorev3_pickup: [KANCA_IZ] t=42.13 alt=0.344 off_n=-0.0519 off_e=+0.0162 nose_z=+0.0059
2026-09-01 09:38:30,466 [INFO] gz_system.main_gz: Dashboard paint loop: 0.0 FPS (main thread)
2026-09-01 09:38:30,565 [INFO] core.mission.gorev3_pickup: [KANCA_IZ] t=42.24 alt=0.344 off_n=-0.0497 off_e=+0.0167 nose_z=+0.0061
2026-09-01 09:38:30,674 [INFO] core.mission.gorev3_pickup: [KANCA_IZ] t=42.35 alt=0.343 off_n=-0.0478 off_e=+0.0174 nose_z=+0.0062
2026-09-01 09:38:30,783 [INFO] core.detection.vision_runtime: [VISION] detect() calisiyor -- bu karede 1 tespit: ['KIRMIZI_DIKDORTGEN']
2026-09-01 09:38:30,783 [INFO] core.mission.gorev3_pickup: [KANCA_IZ] t=42.46 alt=0.342 off_n=-0.0456 off_e=+0.0183 nose_z=+0.0063
2026-09-01 09:38:30,891 [INFO] core.mission.gorev3_pickup: [KANCA_IZ] t=42.56 alt=0.340 off_n=-0.0437 off_e=+0.0192 nose_z=+0.0065
2026-09-01 09:38:31,000 [INFO] core.mission.gorev3_pickup: [KANCA_IZ] t=42.67 alt=0.340 off_n=-0.0414 off_e=+0.0202 nose_z=+0.0067
2026-09-01 09:38:31,109 [INFO] core.mission.gorev3_pickup: [KANCA_IZ] t=42.78 alt=0.338 off_n=-0.0396 off_e=+0.0210 nose_z=+0.0070
2026-09-01 09:38:31,217 [INFO] core.mission.gorev3_pickup: [KANCA_IZ] t=42.89 alt=0.336 off_n=-0.0375 off_e=+0.0219 nose_z=+0.0073
2026-09-01 09:38:31,217 [INFO] gz_system.gz_payload_actuator: [HOOK] APPROACHING  lat=  38.1mm ins=  +68.7mm tilt=  5.7deg v=0.016m/s age=0.01s  [lateral(38.1mm>10.2mm), too_deep(+68.7mm>+19.9mm)]
2026-09-01 09:38:31,326 [INFO] core.mission.gorev3_pickup: [KANCA_IZ] t=43.00 alt=0.335 off_n=-0.0360 off_e=+0.0227 nose_z=+0.0077
2026-09-01 09:38:31,435 [INFO] core.mission.gorev3_pickup: [KANCA_IZ] t=43.11 alt=0.335 off_n=-0.0346 off_e=+0.0236 nose_z=+0.0081
2026-09-01 09:38:31,544 [INFO] core.mission.gorev3_pickup: [KANCA_IZ] t=43.22 alt=0.334 off_n=-0.0336 off_e=+0.0244 nose_z=+0.0085
2026-09-01 09:38:31,653 [INFO] core.mission.gorev3_pickup: [KANCA_IZ] t=43.33 alt=0.335 off_n=-0.0328 off_e=+0.0254 nose_z=+0.0089
QGC port check failed, reporting UNKNOWN: (pid=34118)
2026-09-01 09:38:31,762 [INFO] core.mission.gorev3_pickup: [KANCA_IZ] t=43.43 alt=0.335 off_n=-0.0317 off_e=+0.0270 nose_z=+0.0092
2026-09-01 09:38:31,871 [INFO] core.mission.gorev3_pickup: [KANCA_IZ] t=43.54 alt=0.335 off_n=-0.0308 off_e=+0.0282 nose_z=+0.0095
2026-09-01 09:38:31,979 [INFO] core.mission.gorev3_pickup: [KANCA_IZ] t=43.65 alt=0.335 off_n=-0.0295 off_e=+0.0300 nose_z=+0.0098
2026-09-01 09:38:32,089 [INFO] core.mission.gorev3_pickup: [KANCA_IZ] t=43.76 alt=0.336 off_n=-0.0283 off_e=+0.0318 nose_z=+0.0099
2026-09-01 09:38:32,199 [INFO] core.mission.gorev3_pickup: [KANCA_IZ] t=43.87 alt=0.338 off_n=-0.0267 off_e=+0.0344 nose_z=+0.0101
2026-09-01 09:38:32,250 [INFO] gz_system.gz_payload_actuator: [HOOK] APPROACHING  lat=  38.2mm ins=  +65.8mm tilt= 18.8deg v=0.008m/s age=0.01s  [lateral(38.2mm>10.2mm), too_deep(+65.8mm>+19.9mm), tilt(18.8deg>15.0deg)]
2026-09-01 09:38:32,308 [INFO] core.mission.gorev3_pickup: [KANCA_IZ] t=43.98 alt=0.338 off_n=-0.0254 off_e=+0.0370 nose_z=+0.0103
2026-09-01 09:38:32,418 [INFO] core.mission.gorev3_pickup: [KANCA_IZ] t=44.09 alt=0.339 off_n=-0.0239 off_e=+0.0406 nose_z=+0.0104
2026-09-01 09:38:32,527 [INFO] core.mission.gorev3_pickup: [KANCA_IZ] t=44.20 alt=0.339 off_n=-0.0231 off_e=+0.0439 nose_z=+0.0105
2026-09-01 09:38:32,636 [INFO] core.mission.gorev3_pickup: [KANCA_IZ] t=44.31 alt=0.338 off_n=-0.0228 off_e=+0.0482 nose_z=+0.0106
2026-09-01 09:38:32,745 [INFO] core.mission.gorev3_pickup: [KANCA_IZ] t=44.42 alt=0.337 off_n=-0.0231 off_e=+0.0516 nose_z=+0.0106
2026-09-01 09:38:32,854 [INFO] core.mission.gorev3_pickup: [KANCA_IZ] t=44.53 alt=0.336 off_n=-0.0241 off_e=+0.0559 nose_z=+0.0105
2026-09-01 09:38:32,963 [INFO] core.mission.gorev3_pickup: [KANCA_IZ] t=44.64 alt=0.334 off_n=-0.0257 off_e=+0.0588 nose_z=+0.0104
2026-09-01 09:38:33,072 [INFO] core.mission.gorev3_pickup: [KANCA_IZ] t=44.74 alt=0.333 off_n=-0.0284 off_e=+0.0615 nose_z=+0.0102
2026-09-01 09:38:33,180 [INFO] core.mission.gorev3_pickup: [KANCA_IZ] t=44.85 alt=0.331 off_n=-0.0310 off_e=+0.0632 nose_z=+0.0101
2026-09-01 09:38:33,289 [INFO] core.mission.gorev3_pickup: [KANCA_IZ] t=44.96 alt=0.330 off_n=-0.0341 off_e=+0.0645 nose_z=+0.0098
2026-09-01 09:38:33,290 [INFO] gz_system.gz_payload_actuator: [HOOK] APPROACHING  lat=  40.0mm ins=  +66.2mm tilt= 17.2deg v=0.012m/s age=0.03s  [lateral(40.0mm>10.2mm), too_deep(+66.2mm>+19.9mm), tilt(17.2deg>15.0deg)]
QGC port check failed, reporting UNKNOWN: (pid=34118)
2026-09-01 09:38:33,836 [INFO] core.detection.vision_runtime: [VISION] detect() calisiyor -- bu karede 1 tespit: ['KIRMIZI_DIKDORTGEN']
2026-09-01 09:38:34,322 [INFO] gz_system.gz_payload_actuator: [HOOK] APPROACHING  lat=  40.6mm ins=  +68.0mm tilt=  8.7deg v=0.009m/s age=0.01s  [lateral(40.6mm>10.2mm), too_deep(+68.0mm>+19.9mm)]
2026-09-01 09:38:35,361 [INFO] gz_system.gz_payload_actuator: [HOOK] APPROACHING  lat=  40.6mm ins=  +68.4mm tilt=  6.8deg v=0.007m/s age=0.02s  [lateral(40.6mm>10.2mm), too_deep(+68.4mm>+19.9mm)]
2026-09-01 09:38:35,470 [INFO] gz_system.main_gz: Dashboard paint loop: 0.0 FPS (main thread)
QGC port check failed, reporting UNKNOWN: (pid=34118)
2026-09-01 09:38:36,392 [INFO] gz_system.gz_payload_actuator: [HOOK] APPROACHING  lat=  40.7mm ins=  +68.4mm tilt=  6.9deg v=0.007m/s age=0.00s  [lateral(40.7mm>10.2mm), too_deep(+68.4mm>+19.9mm)]
2026-09-01 09:38:36,890 [INFO] core.detection.vision_runtime: [VISION] detect() calisiyor -- bu karede 1 tespit: ['KIRMIZI_DIKDORTGEN']
2026-09-01 09:38:37,435 [INFO] gz_system.gz_payload_actuator: [HOOK] APPROACHING  lat=  41.9mm ins=  +60.5mm tilt= 14.0deg v=0.018m/s age=0.01s  [lateral(41.9mm>10.2mm), too_deep(+60.5mm>+19.9mm)]
QGC port check failed, reporting UNKNOWN: (pid=34118)
2026-09-01 09:38:38,091 [INFO] gz_system.gz_payload_actuator: [KANCA_DENGE] oturma penceresi ortalama kanca_ofset=(-0.0635, +0.0286)  (221 ornek)
2026-09-01 09:38:38,091 [WARNING] gz_system.gz_payload_actuator: [HOOK] OTURMADI (12.0 s). En iyi ESZAMANLI ornek: lat=  38.0mm ins=  +67.3mm tilt=  1.1deg v=0.020m/s age=0.02s (2 kapi ihlali). CAPTURE_CANDIDATE ornegi: 0/221. Kapi retleri: lateral=221, too_deep=209, tilt=40, rel_speed=16, too_high=11. Sinirlar: yanal<=10.2 mm, dwell 0.30 s.
2026-09-01 09:38:38,091 [WARNING] gz_system.gz_payload_actuator: [HOOK] oturma dogrulanmadi (12.0s) -- /hook/attach YAYINLANMADI, vinc cekiliyor, tekrar denenecek
2026-09-01 09:38:38,091 [INFO] gz_system.gz_payload_actuator: [HOOK] vinc -> 0.00 m
I0901 09:38:38.091688 13398734 fork_posix.cc:71] Other threads are currently calling into gRPC, skipping fork() handlers
QGC port check failed, reporting UNKNOWN: (pid=34118)
2026-09-01 09:38:39,945 [INFO] core.detection.vision_runtime: [VISION] detect() calisiyor -- bu karede 1 tespit: ['KIRMIZI_DIKDORTGEN']
2026-09-01 09:38:40,078 [INFO] core.mission.gorev3_pickup: [YENIDEN_HIZA] deneme 3 oncesi, kanca havada -- duzeltme yeniden kosuluyor
2026-09-01 09:38:40,078 [INFO] core.mission.gorev3_pickup: [SON_DUZELTME] 1/6 yanal 34.6 mm -> (kuzey +0.013, dogu +0.012)  | kanca_ofset=(-0.1048, -0.0065) arac_ned=(119.0139, 3.3211) kanca_mutlak=(118.9091, 3.3145)
2026-09-01 09:38:40,496 [INFO] gz_system.main_gz: Dashboard paint loop: 0.0 FPS (main thread)
QGC port check failed, reporting UNKNOWN: (pid=34118)
2026-09-01 09:38:43,002 [INFO] core.detection.vision_runtime: [VISION] detect() calisiyor -- bu karede 1 tespit: ['KIRMIZI_DIKDORTGEN']
2026-09-01 09:38:43,427 [INFO] core.mission.gorev3_pickup: [SON_DUZELTME] 2/6 yanal 5.4 mm -- hedefin icinde.
2026-09-01 09:38:43,427 [INFO] core.mission.gorev3_pickup: [YENIDEN_HIZA] deneme 3 icin yeni yanal: 5.4 mm
2026-09-01 09:38:43,427 [INFO] gz_system.gz_payload_actuator: [HOOK] alma denemesi 3/3
2026-09-01 09:38:43,427 [INFO] gz_system.gz_payload_actuator: [HOOK] vinc salimi: 0.377 m  (irtifa=0.347 m, guverte=0.070, zincir ofseti=0.060, pay=0.040)
2026-09-01 09:38:43,427 [INFO] gz_system.gz_payload_actuator: [HOOK] vinc -> 0.38 m
I0901 09:38:43.427928 13398734 fork_posix.cc:71] Other threads are currently calling into gRPC, skipping fork() handlers
QGC port check failed, reporting UNKNOWN: (pid=34118)
2026-09-01 09:38:44,347 [INFO] gz_system.gz_payload_actuator: [HOOK] APPROACHING  lat=  40.5mm ins= -285.9mm tilt=  0.1deg v=  infm/s age=0.02s  [lateral(40.5mm>10.2mm), too_high(-285.9mm<-4.0mm), rel_speed(inf>0.05m/s)]
2026-09-01 09:38:45,348 [INFO] gz_system.gz_payload_actuator: [HOOK] APPROACHING  lat=  29.2mm ins=   +3.6mm tilt= 33.0deg v=0.018m/s age=0.01s  [lateral(29.2mm>10.2mm), tilt(33.0deg>15.0deg)]
2026-09-01 09:38:45,504 [INFO] gz_system.main_gz: Dashboard paint loop: 0.0 FPS (main thread)
QGC port check failed, reporting UNKNOWN: (pid=34244)
2026-09-01 09:38:46,066 [INFO] core.detection.vision_runtime: [VISION] detect() calisiyor -- bu karede 1 tespit: ['KIRMIZI_DIKDORTGEN']
2026-09-01 09:38:46,396 [INFO] gz_system.gz_payload_actuator: [HOOK] APPROACHING  lat=  29.5mm ins=   +1.3mm tilt= 14.0deg v=0.014m/s age=0.02s  [lateral(29.5mm>10.2mm)]
2026-09-01 09:38:47,443 [INFO] gz_system.gz_payload_actuator: [HOOK] APPROACHING  lat=  29.5mm ins=   +1.5mm tilt= 16.2deg v=0.015m/s age=0.02s  [lateral(29.5mm>10.2mm), tilt(16.2deg>15.0deg)]
QGC port check failed, reporting UNKNOWN: (pid=34273)
2026-09-01 09:38:48,492 [INFO] gz_system.gz_payload_actuator: [HOOK] APPROACHING  lat=  29.8mm ins=   +2.9mm tilt= 29.8deg v=0.011m/s age=0.01s  [lateral(29.8mm>10.2mm), tilt(29.8deg>15.0deg)]
2026-09-01 09:38:49,146 [INFO] core.detection.vision_runtime: [VISION] detect() calisiyor -- bu karede 1 tespit: ['KIRMIZI_DIKDORTGEN']
2026-09-01 09:38:49,528 [INFO] gz_system.gz_payload_actuator: [HOOK] APPROACHING  lat=  29.5mm ins=   +3.1mm tilt= 34.6deg v=0.008m/s age=0.02s  [lateral(29.5mm>10.2mm), tilt(34.6deg>15.0deg)]
QGC port check failed, reporting UNKNOWN: (pid=34273)
2026-09-01 09:38:50,529 [INFO] gz_system.main_gz: Dashboard paint loop: 0.0 FPS (main thread)
2026-09-01 09:38:50,580 [INFO] gz_system.gz_payload_actuator: [HOOK] APPROACHING  lat=  29.7mm ins=   +3.9mm tilt= 40.4deg v=0.001m/s age=0.02s  [lateral(29.7mm>10.2mm), tilt(40.4deg>15.0deg)]
2026-09-01 09:38:51,580 [INFO] gz_system.gz_payload_actuator: [HOOK] APPROACHING  lat=  30.6mm ins=   +3.5mm tilt= 32.0deg v=0.012m/s age=0.02s  [lateral(30.6mm>10.2mm), tilt(32.0deg>15.0deg)]
QGC port check failed, reporting UNKNOWN: (pid=34273)
2026-09-01 09:38:52,238 [INFO] core.detection.vision_runtime: [VISION] detect() calisiyor -- bu karede 1 tespit: ['KIRMIZI_DIKDORTGEN']
2026-09-01 09:38:52,619 [INFO] gz_system.gz_payload_actuator: [HOOK] APPROACHING  lat=  30.9mm ins=   +2.9mm tilt= 25.9deg v=0.004m/s age=0.01s  [lateral(30.9mm>10.2mm), tilt(25.9deg>15.0deg)]
2026-09-01 09:38:53,640 [INFO] gz_system.gz_payload_actuator: [HOOK] APPROACHING  lat=  30.8mm ins=   +2.4mm tilt= 22.2deg v=0.004m/s age=0.01s  [lateral(30.8mm>10.2mm), tilt(22.2deg>15.0deg)]
QGC port check failed, reporting UNKNOWN: (pid=34273)
2026-09-01 09:38:54,685 [INFO] gz_system.gz_payload_actuator: [HOOK] APPROACHING  lat=  30.7mm ins=   +2.2mm tilt= 19.6deg v=0.002m/s age=0.02s  [lateral(30.7mm>10.2mm), tilt(19.6deg>15.0deg)]
2026-09-01 09:38:55,243 [INFO] core.detection.vision_runtime: [VISION] detect() calisiyor -- bu karede 1 tespit: ['KIRMIZI_DIKDORTGEN']
2026-09-01 09:38:55,544 [INFO] gz_system.main_gz: Dashboard paint loop: 0.0 FPS (main thread)
QGC port check failed, reporting UNKNOWN: (pid=34273)
2026-09-01 09:38:55,736 [INFO] gz_system.gz_payload_actuator: [HOOK] APPROACHING  lat=  30.4mm ins=   +2.3mm tilt= 21.1deg v=0.006m/s age=0.01s  [lateral(30.4mm>10.2mm), tilt(21.1deg>15.0deg)]
2026-09-01 09:38:56,395 [INFO] gz_system.gz_payload_actuator: [KANCA_DENGE] oturma penceresi ortalama kanca_ofset=(-0.0951, -0.0054)  (219 ornek)
2026-09-01 09:38:56,395 [WARNING] gz_system.gz_payload_actuator: [HOOK] OTURMADI (12.0 s). En iyi ESZAMANLI ornek: lat=  29.5mm ins=   +1.1mm tilt= 12.0deg v=0.010m/s age=0.02s (1 kapi ihlali). CAPTURE_CANDIDATE ornegi: 0/219. Kapi retleri: lateral=219, tilt=187, rel_speed=17, too_high=12. Sinirlar: yanal<=10.2 mm, dwell 0.30 s.
2026-09-01 09:38:56,395 [WARNING] gz_system.gz_payload_actuator: [HOOK] oturma dogrulanmadi (12.0s) -- /hook/attach YAYINLANMADI, vinc cekiliyor, tekrar denenecek
2026-09-01 09:38:56,395 [INFO] gz_system.gz_payload_actuator: [HOOK] vinc -> 0.00 m
I0901 09:38:56.489432 13398734 fork_posix.cc:71] Other threads are currently calling into gRPC, skipping fork() handlers
QGC port check failed, reporting UNKNOWN: (pid=34273)
2026-09-01 09:38:58,255 [INFO] core.detection.vision_runtime: [VISION] detect() calisiyor -- bu karede 1 tespit: ['KIRMIZI_DIKDORTGEN']
2026-09-01 09:38:58,437 [INFO] gz_system.gz_payload_actuator: [HOOK] son deneme (3/3) -- yeniden hizalama atlandi, arkasindan deneme gelmeyecek
2026-09-01 09:38:58,437 [ERROR] gz_system.gz_payload_actuator: [HOOK] 3 denemede yuk OTURMADI -- hicbir /hook/attach yayinlanmadi.
2026-09-01 09:38:58,437 [INFO] gz_system.gz_payload_actuator: [HOOK] vinc -> 0.00 m
I0901 09:38:58.476592 13398734 fork_posix.cc:71] Other threads are currently calling into gRPC, skipping fork() handlers
2026-09-01 09:38:59,402 [ERROR] core.mission.gorev3_pickup: Yük alma mekanizması yükü alamadı -- Görev 3 Faz 1 başarısız.
2026-09-01 09:38:59,402 [ERROR] core.mission.gorev3_orchestrator: GOREV 3 FAZ 1 (ALMA) BASARISIZ
2026-09-01 09:38:59,402 [WARNING] core.mission.master_fsm: GOREV 2 TAMAMLANDI ANCAK GOREV 3 BASARISIZ - yalnizca Gorev 2 puani gecerli olabilir
2026-09-01 09:38:59,402 [INFO] core.mission.master_fsm: RETURNING_TO_START_FINISH (dist=119.0 m) -- hedef (47.3977460, 8.5461637) @ 15.0m, sebep: gorev3_failed
2026-09-01 09:38:59,402 [INFO] core.navigation.centering_controller: Kayitli GPS konumuna gidiliyor: lat=47.397746, lon=8.5461637, alt=15.0m
QGC port check failed, reporting UNKNOWN: (pid=34273)
2026-09-01 09:39:00,561 [INFO] gz_system.main_gz: Dashboard paint loop: 0.0 FPS (main thread)
2026-09-01 09:39:01,328 [INFO] core.detection.vision_runtime: [VISION] detect() calisiyor -- bu karede 0 tespit: []
QGC port check failed, reporting UNKNOWN: (pid=34273)
QGC port check failed, reporting UNKNOWN: (pid=34273)
2026-09-01 09:39:04,381 [INFO] core.detection.vision_runtime: [VISION] detect() calisiyor -- bu karede 1 tespit: ['KIRMIZI_UCGEN']
2026-09-01 09:39:05,601 [INFO] gz_system.main_gz: Dashboard paint loop: 0.0 FPS (main thread)
QGC port check failed, reporting UNKNOWN: (pid=34273)
2026-09-01 09:39:07,447 [INFO] core.detection.vision_runtime: [VISION] detect() calisiyor -- bu karede 2 tespit: ['KIRMIZI_DIKDORTGEN', 'MAVI_DIKDORTGEN']
QGC port check failed, reporting UNKNOWN: (pid=34329)
QGC port check failed, reporting UNKNOWN: (pid=34329)
2026-09-01 09:39:10,506 [INFO] core.detection.vision_runtime: [VISION] detect() calisiyor -- bu karede 0 tespit: []
2026-09-01 09:39:10,624 [INFO] gz_system.main_gz: Dashboard paint loop: 0.0 FPS (main thread)
QGC port check failed, reporting UNKNOWN: (pid=34329)
2026-09-01 09:39:13,535 [INFO] core.detection.vision_runtime: [VISION] detect() calisiyor -- bu karede 0 tespit: []
QGC port check failed, reporting UNKNOWN: (pid=34329)
2026-09-01 09:39:13,861 [INFO] core.mission.master_fsm: Baslangic/bitis noktasina ulasildi -- checkpoint'e uzaklik 0.7 m. Inis baslatiliyor.
2026-09-01 09:39:13,861 [INFO] core.mission.master_fsm: Son iniş gerçekleştiriliyor...
2026-09-01 09:39:13,861 [INFO] mavsdk_common.mavsdk_backend_base: İniş yapılıyor...
2026-09-01 09:39:13,889 [INFO] core.detection.detection_publisher: [DETECTION_PUB] yayin kapatiliyor (gonderilen=3684, atlanan=0).
2026-09-01 09:39:13,889 [INFO] core.detection.vision_runtime: [VISION] pipeline durduruldu.
[CAMERA_CLIENT] Stopping client...
[CAMERA_CLIENT] Shutdown complete.
I0901 09:39:13.909362 13398736 fork_posix.cc:71] Other threads are currently calling into gRPC, skipping fork() handlers
[CAMERA_SERVICE_MANAGER] Stopping (PID: 33255)...
I0901 09:39:13.914864 13398736 fork_posix.cc:71] Other threads are currently calling into gRPC, skipping fork() handlers
I0901 09:39:13.918851 13398736 fork_posix.cc:71] Other threads are currently calling into gRPC, skipping fork() handlers
[CAMERA_SERVICE_MANAGER] Stopped.
